Workbook
Name __123Graph_A: [1]Base_série!#REF!
Name __123Graph_A: [1]Base_série!#REF!
Name __123Graph_A: [1]Base_série!#REF!
Name __123Graph_A: [1]Base_série!#REF!
Name __123Graph_A: [1]Base_série!#REF!
Name __123Graph_AFacture: [1]Base_série!#REF!
Name __123Graph_AFacture: [1]Base_série!#REF!
Name __123Graph_AFacture: [1]Base_série!#REF!
Name __123Graph_AFacture: [1]Base_série!#REF!
Name __123Graph_APrix: [1]Base_série!#REF!
Name __123Graph_APrix: [1]Base_série!#REF!
Name __123Graph_APrix_brut: [1]Base_série!#REF!
Name __123Graph_APrix_brut: [1]Base_série!#REF!
Name __123Graph_B: [1]Base_série!#REF!
Name __123Graph_B: [1]Base_série!#REF!
Name __123Graph_BFacture: [1]Base_série!#REF!
Name __123Graph_BFacture: [1]Base_série!#REF!
Name __123Graph_BPrix: [1]Base_série!#REF!
Name __123Graph_BPrix: [1]Base_série!#REF!
Name __123Graph_BPrix_brut: [1]Base_série!#REF!
Name __123Graph_BPrix_brut: [1]Base_série!#REF!
Name __123Graph_C: [1]Base_série!#REF!
Name __123Graph_C: [1]Base_série!#REF!
Name __123Graph_CFacture: [1]Base_série!#REF!
Name __123Graph_CFacture: [1]Base_série!#REF!
Name __123Graph_CPrix: [1]Base_série!#REF!
Name __123Graph_CPrix: [1]Base_série!#REF!
Name __123Graph_CPrix_brut: [1]Base_série!#REF!
Name __123Graph_CPrix_brut: [1]Base_série!#REF!
Name __123Graph_DFacture: [1]Base_série!#REF!
Name __123Graph_DFacture: [1]Base_série!#REF!
Name __123Graph_DPrix: [1]Base_série!#REF!
Name __123Graph_DPrix: [1]Base_série!#REF!
Name __123Graph_EFacture: [1]Base_série!#REF!
Name __123Graph_EFacture: [1]Base_série!#REF!
Name __123Graph_FFacture: [1]Base_série!#REF!
Name __123Graph_FFacture: [1]Base_série!#REF!
Name __123Graph_X: [1]Base_série!#REF!
Name __123Graph_X: [1]Base_série!#REF!
Name __123Graph_XFacture: [1]Base_série!#REF!
Name __123Graph_XFacture: [1]Base_série!#REF!
Name __123Graph_XPrix: [1]Base_série!#REF!
Name __123Graph_XPrix: [1]Base_série!#REF!
Name __123Graph_XPrix_brut: [1]Base_série!#REF!
Name __123Graph_XPrix_brut: [1]Base_série!#REF!
Name a: #REF!
Name a: #REF!
Name a: #REF!
Name Annees: #REF!
Name Branche_usage: #REF!
Name Branche_usage: #REF!
Name Branche_usage: #REF!
Name Brut_imp_qu: #REF!
Name Brut_imp_qu: #REF!
Name Brut_imp_qu: #REF!
Name CMS_imp_qu: #REF!
Name CMS_imp_qu: #REF!
Name CMS_imp_qu: #REF!
Name Code_série: #REF!
Name communes: #REF!

Sheet Cibles THREEME
B1: 2015 | C1: 2020 | D1: 2023 | E1: 2025 | F1: 2028 | G1: 2030 | H1: 2033 | I1: 2035 | J1: 2038 | K1: 2040 | L1: 2045 | M1: 2050 | R1: 2015 | S1: 2020 | T1: 2023 | U1: 2025 | V1: 2028 | W1: 2030 | X1: 2033 | Y1: 2035 | Z1: 2038 | AA1: 2040 | AB1: 2045 | AC1: 2050 | AF1: 2015 | AG1: 2020 | AH1: 2023 | AI1: 2025 | AJ1: 2028 | AK1: 2030 | AL1: 2033 | AM1: 2035 | AN1: 2038 | AO1: 2040 | AP1: 2045 | AQ1: 2050 | AT1: 2015 | AU1: 2020 | AV1: 2023 | AW1: 2025 | AX1: 2028 | AY1: 2030 | AZ1: 2033 | BA1: 2035 | BB1: 2038 | BC1: 2040 | BD1: 2045 | BE1: 2050
A2: Total | B2: =B3+B9+B28+B38 -> 255.89472 | C2: =C3+C9+C28+C38 -> 2559.78 | D2: =D3+D9+D28+D38 -> 2530.4302 | E2: =E3+E9+E28+E38 -> 2724.2957 | F2: =F3+F9+F28+F38 -> 2678.5123 | G2: =G3+G9+G28+G38 -> 2645.6935 | H2: =H3+H9+H28+H38 -> 2557.1578 | I2: =I3+I9+I28+I38 -> 2498.2261 | ... M2: =M3+M9+M28+M38 -> 2161.9321 | N2: =C2-'Bilan 2020'!$C$5 -> 0 | O2: =G2-'Bilan 2030'!$C$5 -> 0 | P2: =M2-'Bilan 2050'!$C$5 -> 0 | Q2: Total primaire, export et conso non énergétique incluses | R2: =R3+R7+R16+R23 -> 255.90472 | S2: =S3+S7+S16+S23 -> 2559.79 | T2: =T3+T7+T16+T23 -> 2530.4402 | U2: =U3+U7+U16+U23 -> 2724.3058 | V2: =V3+V7+V16+V23 -> 2678.5224 | W2: =W3+W7+W16+W23 -> 2645.7036 | X2: =X3+X7+X16+X23 -> 2557.1679 | Y2: =Y3+Y7+Y16+Y23 -> 2498.2362 | ... AC2: =AC3+AC7+AC16+AC23 -> 2161.9423 | AE2: Total final hors conso non énergétique | AF2: =AF3+AF8+AF18+AF27 -> 138.33585 | AG2: =AG3+AG8+AG18+AG27 -> 1463.325 | AH2: =AH3+AH8+AH18+AH27 -> 1494.1459 | AI2: =AI3+AI8+AI18+AI27 -> 1507.8024 | AJ2: =AJ3+AJ8+AJ18+AJ27 -> 1462.5806 | AK2: =AK3+AK8+AK18+AK27 -> 1432.475 | AL2: =AL3+AL8+AL18+AL27 -> 1409.9429 | AM2: =AM3+AM8+AM18+AM27 -> 1394.8737 | ... AQ2: =AQ3+AQ8+AQ18+AQ27 -> 1337.3206 | AS2: Total final conso non énergétique incluses | AT2: =AT3+AT8+AT18+AT27 -> 155.11476 | AU2: =AU3+AU8+AU18+AU27 -> 1633.6423 | AV2: =AV3+AV8+AV18+AV27 -> 1654.8166 | AW2: =AW3+AW8+AW18+AW27 -> 1689.5031 | AX2: =AX3+AX8+AX18+AX27 -> 1638.9269 | AY2: =AY3+AY8+AY18+AY27 -> 1605.2455 | AZ2: =AZ3+AZ8+AZ18+AZ27 -> 1579.5552 | BA2: =BA3+BA8+BA18+BA27 -> 1562.3714 | ... BE2: =BE3+BE8+BE18+BE27 -> 1492.0979 | BF2: =BE2-('Bilan 2050'!Q5+SUM('Bilan 2050'!E52:E57)) -> 1.7113099
A3: Produits pétroliers et biocarburants | B3: =SUM(B4:B5) -> 72.689475 | C3: =SUM(C4:C5) -> 711.27843 | D3: =SUM(D4:D5) -> 735.07689 | E3: =SUM(E4:E5) -> 733.06474 | F3: =SUM(F4:F5) -> 673.75374 | G3: =SUM(G4:G5) -> 634.13189 | H3: =SUM(H4:H5) -> 586.47864 | I3: =SUM(I4:I5) -> 554.66248 | ... M3: =SUM(M4:M5) -> 420.4664 | N3: =C3-'Bilan 2020'!$C$33-'Bilan 2020'!$C$41-'Bilan 2020'!$C$42-'Bilan 2020'!$C$43 -> 0 | O3: =G3-'Bilan 2030'!$C$33-'Bilan 2030'!$C$41-'Bilan 2030'!$C$42-'Bilan 2030'!$C$43 -> 0 | P3: =M3-'Bilan 2050'!$C$33-'Bilan 2050'!$C$41-'Bilan 2050'!$C$42-'Bilan 2050'!$C$43 -> 0 | Q3: Produits pétroliers et biocarburants | R3: =SUM(R4:R6) -> 72.689475 | S3: =SUM(S4:S6) -> 711.27843 | T3: =SUM(T4:T6) -> 735.07689 | U3: =SUM(U4:U6) -> 733.06474 | V3: =SUM(V4:V6) -> 673.75374 | W3: =SUM(W4:W6) -> 634.13189 | X3: =SUM(X4:X6) -> 586.47864 | Y3: =SUM(Y4:Y6) -> 554.66248 | ... AC3: =SUM(AC4:AC6) -> 420.4664 | AE3: Produits pétroliers et biocarburants | AF3: =SUM(AF4:AF7) -> 57.95773 | AG3: =SUM(AG4:AG7) -> 566.67043 | AH3: =SUM(AH4:AH7) -> 619.10865 | AI3: =SUM(AI4:AI7) -> 575.35059 | AJ3: =SUM(AJ4:AJ7) -> 520.45028 | AK3: =SUM(AK4:AK7) -> 483.77338 | AL3: =SUM(AL4:AL7) -> 440.38619 | AM3: =SUM(AM4:AM7) -> 411.42147 | ... AQ3: =SUM(AQ4:AQ7) -> 296.17625 | AS3: Produits pétroliers et biocarburants | AT3: =SUM(AT4:AT7) -> 70.41073 | AU3: =SUM(AU4:AU7) -> 697.15455 | AV3: =SUM(AV4:AV7) -> 732.20926 | AW3: =SUM(AW4:AW7) -> 702.60194 | AX3: =SUM(AX4:AX7) -> 643.65698 | AY3: =SUM(AY4:AY7) -> 604.27915 | AZ3: =SUM(AZ4:AZ7) -> 557.46349 | BA3: =SUM(BA4:BA7) -> 526.20573 | ... BE3: =SUM(BE4:BE7) -> 396.23141 | BF3: =BE3-(SUM('Bilan 2050'!G41:G43)-'Bilan 2050'!L41-'Bilan 2050'!I54-'Bilan 2050'!E56) -> 0 | BG3: Coefficient d'autoconsommation | BH3: 2020 | BI3: 2020 | BJ3: 2023 | BK3: 2025 | BL3: 2028 | BM3: 2030 | BN3: 2033 | BO3: 2035 | BP3: 2038 | BQ3: 2040 | BR3: 2045 | BS3: 2050 | BU3: Autoconsommation | BV3: 2015 | BW3: 2020 | BX3: 2023 | BY3: 2025 | BZ3: 2028 | CA3: 2030 | CB3: 2033 | CC3: 2035 | CD3: 2038 | CE3: 2040 | CF3: 2045 | CG3: 2050 | CJ3: coefficient de perte de reseaux et de distribution | CK3: 2015 | CL3: 2020 | CM3: 2023 | CN3: 2025 | CO3: 2028 | CP3: 2030 | CQ3: 2033 | CR3: 2035 | CS3: 2038 | CT3: 2040 | CU3: 2045 | CV3: 2050 | CY3: Pertes de reseaux et de distribution | CZ3: QMtep_losses_losses | DA3: 2015 | DB3: 2020 | DC3: 2023 | DD3: 2025 | DE3: 2028 | DF3: 2030 | DG3: 2033 | DH3: 2035 | DI3: 2038 | DJ3: 2040 | DK3: 2045 | DL3: 2050
A4: Produits pétroliers | B4: ='Bilan 2015'!$C$33+'Bilan 2015'!$C$42+'Bilan 2015'!$C$43 -> 69.569 | C4: ='Bilan 2020'!$C$33+'Bilan 2020'!$C$42+'Bilan 2020'!$C$43 -> 677.547 | D4: ='Bilan 2023 réel'!$C$33+'Bilan 2023 réel'!$C$42+'Bilan 2023 réel'!$C$43 -> 714.42945 | E4: ='Bilan 2025'!$C$33+'Bilan 2025'!$C$42+'Bilan 2025'!$C$43 -> 691.74732 | F4: ='Bilan 2028'!$C$33+'Bilan 2028'!$C$42+'Bilan 2028'!$C$43 -> 635.72622 | G4: ='Bilan 2030'!$C$33+'Bilan 2030'!$C$42+'Bilan 2030'!$C$43 -> 598.27946 | H4: ='Bilan 2033'!$C$33+'Bilan 2033'!$C$42+'Bilan 2033'!$C$43 -> 553.73432 | I4: ='Bilan 2035'!$C$33+'Bilan 2035'!$C$42+'Bilan 2035'!$C$43 -> 523.98391 | J4: ='Bilan 2038'!$C$33+'Bilan 2038'!$C$42+'Bilan 2038'!$C$43 -> 486.93215 | K4: ='Bilan 2040'!$C$33+'Bilan 2040'!$C$42+'Bilan 2040'!$C$43 -> 462.24944 | L4: ='Bilan 2045'!$C$33+'Bilan 2045'!$C$42+'Bilan 2045'!$C$43 -> 420.3522 | M4: ='Bilan 2050'!$C$33+'Bilan 2050'!$C$42+'Bilan 2050'!$C$43 -> 397.39751 | Q4: Produits pétroliers | R4: =B4 -> 69.569 | S4: =C4 -> 677.547 | T4: =D4 -> 714.42945 | U4: =E4 -> 691.74732 | V4: =F4 -> 635.72622 | W4: =G4 -> 598.27946 | X4: =H4 -> 553.73432 | Y4: =I4 -> 523.98391 | ... AC4: =M4 -> 397.39751 | AD4: =2201 -> 2201 | AE4: Produits pétroliers | AF4: ='Bilan 2015'!$G$42+'Bilan 2015'!$G$43-'Bilan 2015'!$E$54+'Bilan 2015'!$G$33*(1-SUM('Bilan 2015'!$K$26:$P$34)/'Bilan 2015'!$H$30)-AF6 -> 39.418884 | AG4: ='Bilan 2020'!$G$42+'Bilan 2020'!$G$43-'Bilan 2020'!$E$54+'Bilan 2020'!$G$33*(1-SUM('Bilan 2020'!$K$26:$P$34)/'Bilan 2020'!$H$30)-AG6 -> 384.22485 | AH4: ='Bilan 2023 réel'!$G$42+'Bilan 2023 réel'!$G$43-'Bilan 2023 réel'!$E$54+'Bilan 2023 réel'!$G$33*(1-SUM('Bilan 2023 réel'!$K$26:$P$34)/'Bilan 2023 réel'!$H$30)-AH6 -> 454.24007 | AI4: ='Bilan 2025'!$G$42+'Bilan 2025'!$G$43-'Bilan 2025'!$E$54+'Bilan 2025'!$G$33*(1-SUM('Bilan 2025'!$K$26:$P$34)/'Bilan 2025'!$H$30)-AI6 -> 408.63289 | AJ4: ='Bilan 2028'!$G$42+'Bilan 2028'!$G$43-'Bilan 2028'!$E$54+'Bilan 2028'!$G$33*(1-SUM('Bilan 2028'!$K$26:$P$34)/'Bilan 2028'!$H$30)-AJ6 -> 369.95523 | AK4: ='Bilan 2030'!$G$42+'Bilan 2030'!$G$43-'Bilan 2030'!$E$54+'Bilan 2030'!$G$33*(1-SUM('Bilan 2030'!$K$26:$P$34)/'Bilan 2030'!$H$30)-AK6 -> 344.17012 | AL4: ='Bilan 2033'!$G$42+'Bilan 2033'!$G$43-'Bilan 2033'!$E$54+'Bilan 2033'!$G$33*(1-SUM('Bilan 2033'!$K$26:$P$34)/'Bilan 2033'!$H$30)-AL6 -> 312.50053 | AM4: ='Bilan 2035'!$G$42+'Bilan 2035'!$G$43-'Bilan 2035'!$E$54+'Bilan 2035'!$G$33*(1-SUM('Bilan 2035'!$K$26:$P$34)/'Bilan 2035'!$H$30)-AM6 -> 291.38746 | AN4: ='Bilan 2038'!$G$42+'Bilan 2038'!$G$43-'Bilan 2038'!$E$54+'Bilan 2038'!$G$33*(1-SUM('Bilan 2038'!$K$26:$P$34)/'Bilan 2038'!$H$30)-AN6 -> 266.09529 | AO4: ='Bilan 2040'!$G$42+'Bilan 2040'!$G$43-'Bilan 2040'!$E$54+'Bilan 2040'!$G$33*(1-SUM('Bilan 2040'!$K$26:$P$34)/'Bilan 2040'!$H$30)-AO6 -> 249.23385 | AP4: ='Bilan 2045'!$G$42+'Bilan 2045'!$G$43-'Bilan 2045'!$E$54+'Bilan 2045'!$G$33*(1-SUM('Bilan 2045'!$K$26:$P$34)/'Bilan 2045'!$H$30)-AP6 -> 225.72325 | AQ4: ='Bilan 2050'!$G$42+'Bilan 2050'!$G$43-'Bilan 2050'!$E$54+'Bilan 2050'!$G$33*(1-SUM('Bilan 2050'!$K$26:$P$34)/'Bilan 2050'!$H$30)-AQ6 -> 216.87515 | AS4: Carburants pétroliers | AT4: ='Bilan 2015'!$G$42+'Bilan 2015'!$G$43-'Bilan 2015'!$E$54+'Bilan 2015'!$G$33*(1-SUM('Bilan 2015'!$K$26:$P$34)/'Bilan 2015'!$H$30)+'Bilan 2015'!$E$54-AT6 -> 51.871884 | AU4: ='Bilan 2020'!$G$42+'Bilan 2020'!$G$43-'Bilan 2020'!$E$54+'Bilan 2020'!$G$33*(1-SUM('Bilan 2020'!$K$26:$P$34)/'Bilan 2020'!$H$30)+'Bilan 2020'!$E$54-AU6 -> 514.70897 | AV4: ='Bilan 2023 réel'!$G$42+'Bilan 2023 réel'!$G$43-'Bilan 2023 réel'!$E$54+'Bilan 2023 réel'!$G$33*(1-SUM('Bilan 2023 réel'!$K$26:$P$34)/'Bilan 2023 réel'!$H$30)+'Bilan 2023 réel'!$E$54-AV6 -> 567.34069 | AW4: ='Bilan 2025'!$G$42+'Bilan 2025'!$G$43-'Bilan 2025'!$E$54+'Bilan 2025'!$G$33*(1-SUM('Bilan 2025'!$K$26:$P$34)/'Bilan 2025'!$H$30)+'Bilan 2025'!$E$54-AW6 -> 535.88425 | AX4: ='Bilan 2028'!$G$42+'Bilan 2028'!$G$43-'Bilan 2028'!$E$54+'Bilan 2028'!$G$33*(1-SUM('Bilan 2028'!$K$26:$P$34)/'Bilan 2028'!$H$30)+'Bilan 2028'!$E$54-AX6 -> 493.16193 | AY4: ='Bilan 2030'!$G$42+'Bilan 2030'!$G$43-'Bilan 2030'!$E$54+'Bilan 2030'!$G$33*(1-SUM('Bilan 2030'!$K$26:$P$34)/'Bilan 2030'!$H$30)+'Bilan 2030'!$E$54-AY6 -> 464.6759 | AZ4: ='Bilan 2033'!$G$42+'Bilan 2033'!$G$43-'Bilan 2033'!$E$54+'Bilan 2033'!$G$33*(1-SUM('Bilan 2033'!$K$26:$P$34)/'Bilan 2033'!$H$30)+'Bilan 2033'!$E$54-AZ6 -> 429.57783 | BA4: ='Bilan 2035'!$G$42+'Bilan 2035'!$G$43-'Bilan 2035'!$E$54+'Bilan 2035'!$G$33*(1-SUM('Bilan 2035'!$K$26:$P$34)/'Bilan 2035'!$H$30)+'Bilan 2035'!$E$54-BA6 -> 406.17172 | BB4: ='Bilan 2038'!$G$42+'Bilan 2038'!$G$43-'Bilan 2038'!$E$54+'Bilan 2038'!$G$33*(1-SUM('Bilan 2038'!$K$26:$P$34)/'Bilan 2038'!$H$30)+'Bilan 2038'!$E$54-BB6 -> 377.83249 | BC4: ='Bilan 2040'!$G$42+'Bilan 2040'!$G$43-'Bilan 2040'!$E$54+'Bilan 2040'!$G$33*(1-SUM('Bilan 2040'!$K$26:$P$34)/'Bilan 2040'!$H$30)+'Bilan 2040'!$E$54-BC6 -> 358.92693 | BD4: ='Bilan 2045'!$G$42+'Bilan 2045'!$G$43-'Bilan 2045'!$E$54+'Bilan 2045'!$G$33*(1-SUM('Bilan 2045'!$K$26:$P$34)/'Bilan 2045'!$H$30)+'Bilan 2045'!$E$54-BD6 -> 330.63328 | BE4: ='Bilan 2050'!$G$42+'Bilan 2050'!$G$43-'Bilan 2050'!$E$54+'Bilan 2050'!$G$33*(1-SUM('Bilan 2050'!$K$26:$P$34)/'Bilan 2050'!$H$30)+'Bilan 2050'!$E$54-BE6 -> 316.93031 | BG4: Carburants pétroliers | BH4: =IF(AT4>0,BV4/AT4,0) -> 0.043279708 | BI4: =IF(AU4>0,BW4/AU4,0) -> 0.027361945 | BJ4: =IF(AV4>0,BX4/AV4,0) -> 0.039926619 | BK4: =IF(AW4>0,BY4/AW4,0) -> 0.059527953 | BL4: =IF(AX4>0,BZ4/AX4,0) -> 0.063327687 | BM4: =IF(AY4>0,CA4/AY4,0) -> 0.066249643 | BN4: =IF(AZ4>0,CB4/AZ4,0) -> 0.070104467 | BO4: =IF(BA4>0,CC4/BA4,0) -> 0.073045788 | ... BS4: =IF(BE4>0,CG4/BE4,0) -> 0.083055152 | BU4: Carburants pétroliers | BV4: ='Bilan 2015'!$E$42 -> 2.245 | BW4: ='Bilan 2020'!$E$42 -> 14.083438 | BX4: ='Bilan 2023 réel'!$E$42 -> 22.651995 | BY4: ='Bilan 2025'!$E$42 -> 31.900092 | BZ4: ='Bilan 2028'!$E$42 -> 31.230804 | CA4: ='Bilan 2030'!$E$42 -> 30.784613 | CB4: ='Bilan 2033'!$E$42 -> 30.115325 | CC4: ='Bilan 2035'!$E$42 -> 29.669133 | CD4: ='Bilan 2038'!$E$42 -> 28.999846 | CE4: ='Bilan 2040'!$E$42 -> 28.553654 | CF4: ='Bilan 2045'!$E$42 -> 27.438174 | CG4: ='Bilan 2050'!$E$42 -> 26.322695 | CJ4: Carburants pétroliers | CK4: =IF(AT4>0,DA4/AT4,0) -> 0 | CL4: =IF(AU4>0,DB4/AU4,0) -> 0 | CM4: =IF(AV4>0,DC4/AV4,0) -> 0 | CN4: =IF(AW4>0,DD4/AW4,0) -> 0 | CO4: =IF(AX4>0,DE4/AX4,0) -> 0 | CP4: =IF(AY4>0,DF4/AY4,0) -> 0 | CQ4: =IF(AZ4>0,DG4/AZ4,0) -> 0 | CR4: =IF(BA4>0,DH4/BA4,0) -> 0 | ... CV4: =IF(BE4>0,DL4/BE4,0) -> 0 | CX4: =2201 -> 2201 | CY4: Carburants pétroliers | CZ4: QMtep_losses_2201 | DA4: 0 | DB4: =DA4 -> 0 | DC4: =DB4 -> 0 | DD4: =DC4 -> 0 | DE4: =DD4 -> 0 | DF4: =DE4 -> 0 | DG4: =DF4 -> 0 | DH4: =DG4 -> 0 | DI4: =DH4 -> 0 | ... DL4: =DK4 -> 0
A5: Biocarburants liquides et gazeux | B5: ='Bilan 2015'!$C$41 -> 3.1204748 | C5: ='Bilan 2020'!$C$41 -> 33.73143 | D5: ='Bilan 2023 réel'!$C$41 -> 20.647434 | E5: ='Bilan 2025'!$C$41 -> 41.317421 | F5: ='Bilan 2028'!$C$41 -> 38.027521 | G5: ='Bilan 2030'!$C$41 -> 35.852434 | H5: ='Bilan 2033'!$C$41 -> 32.744325 | I5: ='Bilan 2035'!$C$41 -> 30.678568 | J5: ='Bilan 2038'!$C$41 -> 28.189429 | K5: ='Bilan 2040'!$C$41 -> 26.520712 | L5: ='Bilan 2045'!$C$41 -> 24.110477 | M5: ='Bilan 2050'!$C$41 -> 23.068884 | Q5: Biocarburants liquides et gazeux | R5: =B5 -> 3.1204748 | S5: =C5 -> 33.73143 | T5: =D5 -> 20.647434 | U5: =E5 -> 41.317421 | V5: =F5 -> 38.027521 | W5: =G5 -> 35.852434 | X5: =H5 -> 32.744325 | Y5: =I5 -> 30.678568 | ... AC5: =M5 -> 23.068884 | AD5: =AD4+1 -> 2202 | AE5: Biocarburants liquides et gazeux | AF5: ='Bilan 2015'!$G$41-'Bilan 2015'!$E$56-'Bilan 2015'!$L$41-AF7 -> 2.9416968 | AG5: ='Bilan 2020'!$G$41-'Bilan 2020'!$E$56-'Bilan 2020'!$L$41-AG7 -> 30.751352 | AH5: ='Bilan 2023 réel'!$G$41-'Bilan 2023 réel'!$E$56-'Bilan 2023 réel'!$L$41-AH7 -> 37.852872 | AI5: ='Bilan 2025'!$G$41-'Bilan 2025'!$E$56-'Bilan 2025'!$L$41-AI7 -> 39.661036 | AJ5: ='Bilan 2028'!$G$41-'Bilan 2028'!$E$56-'Bilan 2028'!$L$41-AJ7 -> 35.944972 | AK5: ='Bilan 2030'!$G$41-'Bilan 2030'!$E$56-'Bilan 2030'!$L$41-AK7 -> 33.467596 | AL5: ='Bilan 2033'!$G$41-'Bilan 2033'!$E$56-'Bilan 2033'!$L$41-AL7 -> 30.354491 | AM5: ='Bilan 2035'!$G$41-'Bilan 2035'!$E$56-'Bilan 2035'!$L$41-AM7 -> 28.279088 | AN5: ='Bilan 2038'!$G$41-'Bilan 2038'!$E$56-'Bilan 2038'!$L$41-AN7 -> 25.786282 | AO5: ='Bilan 2040'!$G$41-'Bilan 2040'!$E$56-'Bilan 2040'!$L$41-AO7 -> 24.124412 | AP5: ='Bilan 2045'!$G$41-'Bilan 2045'!$E$56-'Bilan 2045'!$L$41-AP7 -> 21.777537 | AQ5: ='Bilan 2050'!$G$41-'Bilan 2050'!$E$56-'Bilan 2050'!$L$41-AQ7 -> 20.88662 | AS5: Biocarburants liquides et gazeux | AT5: ='Bilan 2015'!$G$41-'Bilan 2015'!$E$56-'Bilan 2015'!$L$41+'Bilan 2015'!$E$56-AT7 -> 2.9416968 | AU5: ='Bilan 2020'!$G$41-'Bilan 2020'!$E$56-'Bilan 2020'!$L$41+'Bilan 2020'!$E$56-AU7 -> 30.751352 | AV5: ='Bilan 2023 réel'!$G$41-'Bilan 2023 réel'!$E$56-'Bilan 2023 réel'!$L$41+'Bilan 2023 réel'!$E$56-AV7 -> 37.852872 | AW5: ='Bilan 2025'!$G$41-'Bilan 2025'!$E$56-'Bilan 2025'!$L$41+'Bilan 2025'!$E$56-AW7 -> 39.661036 | AX5: ='Bilan 2028'!$G$41-'Bilan 2028'!$E$56-'Bilan 2028'!$L$41+'Bilan 2028'!$E$56-AX7 -> 35.944972 | AY5: ='Bilan 2030'!$G$41-'Bilan 2030'!$E$56-'Bilan 2030'!$L$41+'Bilan 2030'!$E$56-AY7 -> 33.467596 | AZ5: ='Bilan 2033'!$G$41-'Bilan 2033'!$E$56-'Bilan 2033'!$L$41+'Bilan 2033'!$E$56-AZ7 -> 30.354491 | BA5: ='Bilan 2035'!$G$41-'Bilan 2035'!$E$56-'Bilan 2035'!$L$41+'Bilan 2035'!$E$56-BA7 -> 28.279088 | BB5: ='Bilan 2038'!$G$41-'Bilan 2038'!$E$56-'Bilan 2038'!$L$41+'Bilan 2038'!$E$56-BB7 -> 25.786282 | BC5: ='Bilan 2040'!$G$41-'Bilan 2040'!$E$56-'Bilan 2040'!$L$41+'Bilan 2040'!$E$56-BC7 -> 24.124412 | BD5: ='Bilan 2045'!$G$41-'Bilan 2045'!$E$56-'Bilan 2045'!$L$41+'Bilan 2045'!$E$56-BD7 -> 21.777537 | BE5: ='Bilan 2050'!$G$41-'Bilan 2050'!$E$56-'Bilan 2050'!$L$41+'Bilan 2050'!$E$56-BE7 -> 20.88662 | BG5: Biocarburants liquides et gazeux | BH5: =IF(AT5>0,BV5/AT5,0) -> 0 | BI5: =IF(AU5>0,BW5/AU5,0) -> 0 | BJ5: =IF(AV5>0,BX5/AV5,0) -> 0 | BK5: =IF(AW5>0,BY5/AW5,0) -> 0 | BL5: =IF(AX5>0,BZ5/AX5,0) -> 0 | BM5: =IF(AY5>0,CA5/AY5,0) -> 0 | BN5: =IF(AZ5>0,CB5/AZ5,0) -> 0 | BO5: =IF(BA5>0,CC5/BA5,0) -> 0 | ... BS5: =IF(BE5>0,CG5/BE5,0) -> 0 | BU5: Biocarburants liquides et gazeux | BV5: ='Bilan 2015'!$E$41*'Bilan 2015'!$X$41/SUM('Bilan 2015'!$T$41:$X$41) -> 0 | BW5: ='Bilan 2020'!$E$41*'Bilan 2020'!$X$41/SUM('Bilan 2020'!$T$41:$X$41) -> 0 | BX5: ='Bilan 2023 réel'!$E$41*'Bilan 2023 réel'!$X$41/SUM('Bilan 2023 réel'!$T$41:$X$41) -> 0 | BY5: ='Bilan 2025'!$E$41*'Bilan 2025'!$X$41/SUM('Bilan 2025'!$T$41:$X$41) -> 0 | BZ5: ='Bilan 2028'!$E$41*'Bilan 2028'!$X$41/SUM('Bilan 2028'!$T$41:$X$41) -> 0 | CA5: ='Bilan 2030'!$E$41*'Bilan 2030'!$X$41/SUM('Bilan 2030'!$T$41:$X$41) -> 0 | CB5: ='Bilan 2033'!$E$41*'Bilan 2033'!$X$41/SUM('Bilan 2033'!$T$41:$X$41) -> 0 | CC5: ='Bilan 2035'!$E$41*'Bilan 2035'!$X$41/SUM('Bilan 2035'!$T$41:$X$41) -> 0 | CD5: ='Bilan 2038'!$E$41*'Bilan 2038'!$X$41/SUM('Bilan 2038'!$T$41:$X$41) -> 0 | CE5: ='Bilan 2040'!$E$41*'Bilan 2040'!$X$41/SUM('Bilan 2040'!$T$41:$X$41) -> 0 | CF5: ='Bilan 2045'!$E$41*'Bilan 2045'!$X$41/SUM('Bilan 2045'!$T$41:$X$41) -> 0 | CG5: ='Bilan 2050'!$E$41*'Bilan 2050'!$X$41/SUM('Bilan 2050'!$T$41:$X$41) -> 0 | CJ5: Biocarburants liquides et gazeux | CK5: =IF(AT5>0,DA5/AT5,0) -> 0 | CL5: =IF(AU5>0,DB5/AU5,0) -> 0 | CM5: =IF(AV5>0,DC5/AV5,0) -> 0 | CN5: =IF(AW5>0,DD5/AW5,0) -> 0 | CO5: =IF(AX5>0,DE5/AX5,0) -> 0 | CP5: =IF(AY5>0,DF5/AY5,0) -> 0 | CQ5: =IF(AZ5>0,DG5/AZ5,0) -> 0 | CR5: =IF(BA5>0,DH5/BA5,0) -> 0 | ... CV5: =IF(BE5>0,DL5/BE5,0) -> 0 | CX5: =CX4+1 -> 2202 | CY5: Biocarburants liquides et gazeux | CZ5: QMtep_losses_2202 | DA5: 0 | DB5: =DA5 -> 0 | DC5: =DB5 -> 0 | DD5: =DC5 -> 0 | DE5: =DD5 -> 0 | DF5: =DE5 -> 0 | DG5: =DF5 -> 0 | DH5: =DG5 -> 0 | DI5: =DH5 -> 0 | ... DL5: =DK5 -> 0
A6: Biocarburants liquides | AE6: Fioul chaleur fossile | AF6: =SUM('Bilan 2015'!$T$43:$W$43) -> 15.418371 | AG6: =SUM('Bilan 2020'!$T$43:$W$43) -> 148.71415 | AH6: =SUM('Bilan 2023 réel'!$T$43:$W$43) -> 124.01531 | AI6: =SUM('Bilan 2025'!$T$43:$W$43) -> 123.96298 | AJ6: =SUM('Bilan 2028'!$T$43:$W$43) -> 111.33348 | AK6: =SUM('Bilan 2030'!$T$43:$W$43) -> 102.81895 | AL6: =SUM('Bilan 2033'!$T$43:$W$43) -> 94.04116 | AM6: =SUM('Bilan 2035'!$T$43:$W$43) -> 88.143061 | AN6: =SUM('Bilan 2038'!$T$43:$W$43) -> 80.099813 | AO6: =SUM('Bilan 2040'!$T$43:$W$43) -> 74.768857 | AP6: =SUM('Bilan 2045'!$T$43:$W$43) -> 62.280747 | AQ6: =SUM('Bilan 2050'!$T$43:$W$43) -> 54.144514 | AS6: Fioul chaleur fossile | AT6: =SUM('Bilan 2015'!$T$43:$W$43) -> 15.418371 | AU6: =SUM('Bilan 2020'!$T$43:$W$43) -> 148.71415 | AV6: =SUM('Bilan 2023 réel'!$T$43:$W$43) -> 124.01531 | AW6: =SUM('Bilan 2025'!$T$43:$W$43) -> 123.96298 | AX6: =SUM('Bilan 2028'!$T$43:$W$43) -> 111.33348 | AY6: =SUM('Bilan 2030'!$T$43:$W$43) -> 102.81895 | AZ6: =SUM('Bilan 2033'!$T$43:$W$43) -> 94.04116 | BA6: =SUM('Bilan 2035'!$T$43:$W$43) -> 88.143061 | BB6: =SUM('Bilan 2038'!$T$43:$W$43) -> 80.099813 | BC6: =SUM('Bilan 2040'!$T$43:$W$43) -> 74.768857 | BD6: =SUM('Bilan 2045'!$T$43:$W$43) -> 62.280747 | BE6: =SUM('Bilan 2050'!$T$43:$W$43) -> 54.144514 | BG6: Fioul chaleur fossile | BH6: =IF(AT6>0,BV6/AT6,0) -> 0.0010274938 | BI6: =IF(AU6>0,BW6/AU6,0) -> 0.00016652658 | BJ6: =IF(AV6>0,BX6/AV6,0) -> 0.0019222205 | BK6: =IF(AW6>0,BY6/AW6,0) -> 0 | BL6: =IF(AX6>0,BZ6/AX6,0) -> 0 | BM6: =IF(AY6>0,CA6/AY6,0) -> 0 | BN6: =IF(AZ6>0,CB6/AZ6,0) -> 0 | BO6: =IF(BA6>0,CC6/BA6,0) -> 0 | ... BS6: =IF(BE6>0,CG6/BE6,0) -> 0 | BU6: Fioul chaleur fossile | BV6: ='Bilan 2015'!$E$43+'Bilan 2015'!$E$33 -> 0.015842281 | BW6: ='Bilan 2020'!$E$43+'Bilan 2020'!$E$33 -> 0.024764858 | BX6: ='Bilan 2023 réel'!$E$43+'Bilan 2023 réel'!$E$33 -> 0.23838477 | BY6: ='Bilan 2025'!$E$43+'Bilan 2025'!$E$33 -> 0 | BZ6: ='Bilan 2028'!$E$43+'Bilan 2028'!$E$33 -> 0 | CA6: ='Bilan 2030'!$E$43+'Bilan 2030'!$E$33 -> 0 | CB6: ='Bilan 2033'!$E$43+'Bilan 2033'!$E$33 -> 0 | CC6: ='Bilan 2035'!$E$43+'Bilan 2035'!$E$33 -> 0 | CD6: ='Bilan 2038'!$E$43+'Bilan 2038'!$E$33 -> 0 | CE6: ='Bilan 2040'!$E$43+'Bilan 2040'!$E$33 -> 0 | CF6: ='Bilan 2045'!$E$43+'Bilan 2045'!$E$33 -> 0 | CG6: ='Bilan 2050'!$E$43+'Bilan 2050'!$E$33 -> 0 | CJ6: Fioul chaleur fossile | CK6: =IF(AT6>0,DA6/AT6,0) -> 0.0007769186 | CL6: =IF(AU6>0,DB6/AU6,0) -> 0.00010543234 | CM6: =IF(AV6>0,DC6/AV6,0) -> 0.0014762614 | CN6: =IF(AW6>0,DD6/AW6,0) -> 0 | CO6: =IF(AX6>0,DE6/AX6,0) -> 0 | CP6: =IF(AY6>0,DF6/AY6,0) -> 0 | CQ6: =IF(AZ6>0,DG6/AZ6,0) -> 0 | CR6: =IF(BA6>0,DH6/BA6,0) -> 0 | ... CV6: =IF(BE6>0,DL6/BE6,0) -> 0 | CY6: Fioul chaleur fossile | DA6: ='Bilan 2015'!$K$30*'Bilan 2015'!$G$33/'Bilan 2015'!$H$30 -> 0.011978819 | DB6: ='Bilan 2020'!$K$30*'Bilan 2020'!$G$33/'Bilan 2020'!$H$30 -> 0.015679281 | DC6: ='Bilan 2023 réel'!$K$30*'Bilan 2023 réel'!$G$33/'Bilan 2023 réel'!$H$30 -> 0.18307901 | DD6: ='Bilan 2025'!$K$30*'Bilan 2025'!$G$33/'Bilan 2025'!$H$30 -> 0 | DE6: ='Bilan 2028'!$K$30*'Bilan 2028'!$G$33/'Bilan 2028'!$H$30 -> 0 | DF6: ='Bilan 2030'!$K$30*'Bilan 2030'!$G$33/'Bilan 2030'!$H$30 -> 0 | DG6: ='Bilan 2033'!$K$30*'Bilan 2033'!$G$33/'Bilan 2033'!$H$30 -> 0 | DH6: ='Bilan 2035'!$K$30*'Bilan 2035'!$G$33/'Bilan 2035'!$H$30 -> 0 | DI6: ='Bilan 2038'!$K$30*'Bilan 2038'!$G$33/'Bilan 2038'!$H$30 -> 0 | DJ6: ='Bilan 2040'!$K$30*'Bilan 2040'!$G$33/'Bilan 2040'!$H$30 -> 0 | DK6: ='Bilan 2045'!$K$30*'Bilan 2045'!$G$33/'Bilan 2045'!$H$30 -> 0 | DL6: ='Bilan 2050'!$K$30*'Bilan 2050'!$G$33/'Bilan 2050'!$H$30 -> 0
A7: Biocarburants gazeux | Q7: Electricité | R7: =SUM(R8:R15) -> 132.33104 | S7: =SUM(S8:S15) -> 1284.6691 | T7: =SUM(T8:T15) -> 1256.7448 | U7: =SUM(U8:U15) -> 1420.9156 | V7: =SUM(V8:V15) -> 1438.1293 | W7: =SUM(W8:W15) -> 1446.9192 | X7: =SUM(X8:X15) -> 1401.3128 | Y7: =SUM(Y8:Y15) -> 1370.9712 | ... AC7: =SUM(AC8:AC15) -> 1168.9599 | AE7: Biofuel chaleur renouvelable | AF7: =SUM('Bilan 2015'!$T$41:$W$41) -> 0.17877806 | AG7: =SUM('Bilan 2020'!$T$41:$W$41) -> 2.9800775 | AH7: =SUM('Bilan 2023 réel'!$T$41:$W$41) -> 3.0003986 | AI7: =SUM('Bilan 2025'!$T$41:$W$41) -> 3.0936817 | AJ7: =SUM('Bilan 2028'!$T$41:$W$41) -> 3.2165908 | AK7: =SUM('Bilan 2030'!$T$41:$W$41) -> 3.31671 | AL7: =SUM('Bilan 2033'!$T$41:$W$41) -> 3.4900106 | AM7: =SUM('Bilan 2035'!$T$41:$W$41) -> 3.6118596 | AN7: =SUM('Bilan 2038'!$T$41:$W$41) -> 3.800258 | AO7: =SUM('Bilan 2040'!$T$41:$W$41) -> 3.916566 | AP7: =SUM('Bilan 2045'!$T$41:$W$41) -> 4.1544557 | AQ7: =SUM('Bilan 2050'!$T$41:$W$41) -> 4.2699665 | AS7: Biofuel chaleur renouvelable | AT7: =SUM('Bilan 2015'!$T$41:$W$41) -> 0.17877806 | AU7: =SUM('Bilan 2020'!$T$41:$W$41) -> 2.9800775 | AV7: =SUM('Bilan 2023 réel'!$T$41:$W$41) -> 3.0003986 | AW7: =SUM('Bilan 2025'!$T$41:$W$41) -> 3.0936817 | AX7: =SUM('Bilan 2028'!$T$41:$W$41) -> 3.2165908 | AY7: =SUM('Bilan 2030'!$T$41:$W$41) -> 3.31671 | AZ7: =SUM('Bilan 2033'!$T$41:$W$41) -> 3.4900106 | BA7: =SUM('Bilan 2035'!$T$41:$W$41) -> 3.6118596 | BB7: =SUM('Bilan 2038'!$T$41:$W$41) -> 3.800258 | BC7: =SUM('Bilan 2040'!$T$41:$W$41) -> 3.916566 | BD7: =SUM('Bilan 2045'!$T$41:$W$41) -> 4.1544557 | BE7: =SUM('Bilan 2050'!$T$41:$W$41) -> 4.2699665 | BG7: Biofuel chaleur renouvelable | BH7: =IF(AT7>0,BV7/AT7,0) -> 0 | BI7: =IF(AU7>0,BW7/AU7,0) -> 0 | BJ7: =IF(AV7>0,BX7/AV7,0) -> 0 | BK7: =IF(AW7>0,BY7/AW7,0) -> 0 | BL7: =IF(AX7>0,BZ7/AX7,0) -> 0 | BM7: =IF(AY7>0,CA7/AY7,0) -> 0 | BN7: =IF(AZ7>0,CB7/AZ7,0) -> 0 | BO7: =IF(BA7>0,CC7/BA7,0) -> 0 | ... BS7: =IF(BE7>0,CG7/BE7,0) -> 0 | BU7: Biofuel chaleur renouvelable | BV7: ='Bilan 2015'!$E$41*SUM('Bilan 2015'!$T$41:$W$41)/SUM('Bilan 2015'!$T$41:$X$41) -> 0 | BW7: ='Bilan 2020'!$E$41*SUM('Bilan 2020'!$T$41:$W$41)/SUM('Bilan 2020'!$T$41:$X$41) -> 0 | BX7: ='Bilan 2023 réel'!$E$41*SUM('Bilan 2023 réel'!$T$41:$W$41)/SUM('Bilan 2023 réel'!$T$41:$X$41) -> 0 | BY7: ='Bilan 2025'!$E$41*SUM('Bilan 2025'!$T$41:$W$41)/SUM('Bilan 2025'!$T$41:$X$41) -> 0 | BZ7: ='Bilan 2028'!$E$41*SUM('Bilan 2028'!$T$41:$W$41)/SUM('Bilan 2028'!$T$41:$X$41) -> 0 | CA7: ='Bilan 2030'!$E$41*SUM('Bilan 2030'!$T$41:$W$41)/SUM('Bilan 2030'!$T$41:$X$41) -> 0 | CB7: ='Bilan 2033'!$E$41*SUM('Bilan 2033'!$T$41:$W$41)/SUM('Bilan 2033'!$T$41:$X$41) -> 0 | CC7: ='Bilan 2035'!$E$41*SUM('Bilan 2035'!$T$41:$W$41)/SUM('Bilan 2035'!$T$41:$X$41) -> 0 | CD7: ='Bilan 2038'!$E$41*SUM('Bilan 2038'!$T$41:$W$41)/SUM('Bilan 2038'!$T$41:$X$41) -> 0 | CE7: ='Bilan 2040'!$E$41*SUM('Bilan 2040'!$T$41:$W$41)/SUM('Bilan 2040'!$T$41:$X$41) -> 0 | CF7: ='Bilan 2045'!$E$41*SUM('Bilan 2045'!$T$41:$W$41)/SUM('Bilan 2045'!$T$41:$X$41) -> 0 | CG7: ='Bilan 2050'!$E$41*SUM('Bilan 2050'!$T$41:$W$41)/SUM('Bilan 2050'!$T$41:$X$41) -> 0 | CJ7: Biofuel chaleur renouvelable | CK7: =IF(AT7>0,DA7/AT7,0) -> 0 | CL7: =IF(AU7>0,DB7/AU7,0) -> 0 | CM7: =IF(AV7>0,DC7/AV7,0) -> 0 | CN7: =IF(AW7>0,DD7/AW7,0) -> 0 | CO7: =IF(AX7>0,DE7/AX7,0) -> 0 | CP7: =IF(AY7>0,DF7/AY7,0) -> 0 | CQ7: =IF(AZ7>0,DG7/AZ7,0) -> 0 | CR7: =IF(BA7>0,DH7/BA7,0) -> 0 | ... CV7: =IF(BE7>0,DL7/BE7,0) -> 0 | CY7: Biofuel chaleur renouvelable | DA7: 0 | DB7: 0 | DC7: =DB7 -> 0 | DD7: =DC7 -> 0 | DE7: =DD7 -> 0 | DF7: =DE7 -> 0 | DG7: =DF7 -> 0 | DH7: =DG7 -> 0 | DI7: =DH7 -> 0 | DJ7: =DI7 -> 0 | ... DL7: =DK7 -> 0
A8: GNV | Q8: Nucléaire | R8: =B10 -> 114.07243 | S8: =C10 -> 1068.7282 | T8: =D10 -> 1024.8554 | U8: =E10 -> 1190.9091 | V8: =F10 -> 1190.8538 | W8: =G10 -> 1190.8368 | X8: =H10 -> 1121.1895 | Y8: =I10 -> 1074.7551 | ... AC8: =M10 -> 726.54022 | AD8: 2301 | AE8: Electricité | AF8: =SUM(AF9:AF17) -> 38.082514 | AG8: =SUM(AG9:AG17) -> 404.64507 | AH8: =SUM(AH9:AH17) -> 400.85872 | AI8: =SUM(AI9:AI17) -> 436.18192 | AJ8: =SUM(AJ9:AJ17) -> 447.36659 | AK8: =SUM(AK9:AK17) -> 454.71078 | AL8: =SUM(AL9:AL17) -> 471.00003 | AM8: =SUM(AM9:AM17) -> 481.7813 | ... AQ8: =SUM(AQ9:AQ17) -> 541.9072 | AS8: Electricité | AT8: =SUM(AT9:AT17) -> 38.082514 | AU8: =SUM(AU9:AU17) -> 404.64507 | AV8: =SUM(AV9:AV17) -> 400.85872 | AW8: =SUM(AW9:AW17) -> 436.18192 | AX8: =SUM(AX9:AX17) -> 447.36659 | AY8: =SUM(AY9:AY17) -> 454.71078 | AZ8: =SUM(AZ9:AZ17) -> 471.00003 | BA8: =SUM(BA9:BA17) -> 481.7813 | ... BE8: =SUM(BE9:BE17) -> 541.9072 | BG8: Nucléaire | BH8: =IF(AT9>0,BV8/AT9,0) -> 2.6091413 | BI8: =IF(AU9>0,BW8/AU9,0) -> 2.6076964 | BJ8: =IF(AV9>0,BX8/AV9,0) -> 2.6162289 | BK8: =IF(AW9>0,BY8/AW9,0) -> 2.741711 | BL8: =IF(AX9>0,BZ8/AX9,0) -> 2.7766517 | BM8: =IF(AY9>0,CA8/AY9,0) -> 2.7869633 | BN8: =IF(AZ9>0,CB8/AZ9,0) -> 2.6983136 | BO8: =IF(BA9>0,CC8/BA9,0) -> 2.6431355 | ... BS8: =IF(BE9>0,CG8/BE9,0) -> 2.4852161 | BU8: Nucléaire | BV8: ='Bilan 2015'!$E10+'Bilan 2015'!$I$13*'Bilan 2015'!$G$10/'Bilan 2015'!$H$13 -> 77.10988 | BW8: ='Bilan 2020'!$E10+'Bilan 2020'!$I$13*'Bilan 2020'!$G$10/'Bilan 2020'!$H$13 -> 732.38827 | BX8: ='Bilan 2023 réel'!$E10+'Bilan 2023 réel'!$I$13*'Bilan 2023 réel'!$G$10/'Bilan 2023 réel'!$H$13 -> 700.09324 | BY8: ='Bilan 2025'!$E10+'Bilan 2025'!$I$13*'Bilan 2025'!$G$10/'Bilan 2025'!$H$13 -> 820.69122 | BZ8: ='Bilan 2028'!$E10+'Bilan 2028'!$I$13*'Bilan 2028'!$G$10/'Bilan 2028'!$H$13 -> 821.26987 | CA8: ='Bilan 2030'!$E10+'Bilan 2030'!$I$13*'Bilan 2030'!$G$10/'Bilan 2030'!$H$13 -> 821.77976 | CB8: ='Bilan 2033'!$E10+'Bilan 2033'!$I$13*'Bilan 2033'!$G$10/'Bilan 2033'!$H$13 -> 772.82879 | CC8: ='Bilan 2035'!$E10+'Bilan 2035'!$I$13*'Bilan 2035'!$G$10/'Bilan 2035'!$H$13 -> 740.27947 | CD8: ='Bilan 2038'!$E10+'Bilan 2038'!$I$13*'Bilan 2038'!$G$10/'Bilan 2038'!$H$13 -> 693.52996 | CE8: ='Bilan 2040'!$E10+'Bilan 2040'!$I$13*'Bilan 2040'!$G$10/'Bilan 2040'!$H$13 -> 662.45518 | CF8: ='Bilan 2045'!$E10+'Bilan 2045'!$I$13*'Bilan 2045'!$G$10/'Bilan 2045'!$H$13 -> 581.9005 | CG8: ='Bilan 2050'!$E10+'Bilan 2050'!$I$13*'Bilan 2050'!$G$10/'Bilan 2050'!$H$13 -> 502.34541 | CJ8: Nucléaire | CK8: =IF(AT9>0,DA8/AT9,0) -> 0.07992104 | CL8: =IF(AU9>0,DB8/AU9,0) -> 0.087045 | CM8: =IF(AV9>0,DC8/AV9,0) -> 0.08870692 | CN8: =IF(AW9>0,DD8/AW9,0) -> 0.089854061 | CO8: =IF(AX9>0,DE8/AX9,0) -> 0.089671267 | CP8: =IF(AY9>0,DF8/AY9,0) -> 0.089556555 | CQ8: =IF(AZ9>0,DG8/AZ9,0) -> 0.089042391 | CR8: =IF(BA9>0,DH8/BA9,0) -> 0.088721272 | ... CV8: =IF(BE9>0,DL8/BE9,0) -> 0.086973825 | CX8: 2301 | CY8: Nucléaire | CZ8: QMtep_losses_2301 | DA8: ='Bilan 2015'!$K$13*'Bilan 2015'!$G$10/SUM('Bilan 2015'!$G$7:$G$19) -> 2.3619655 | DB8: ='Bilan 2020'!$K$13*'Bilan 2020'!$G$10/SUM('Bilan 2020'!$G$7:$G$19) -> 24.447147 | DC8: ='Bilan 2023 réel'!$K$13*'Bilan 2023 réel'!$G$10/SUM('Bilan 2023 réel'!$G$7:$G$19) -> 23.737646 | DD8: ='Bilan 2025'!$K$13*'Bilan 2025'!$G$10/SUM('Bilan 2025'!$G$7:$G$19) -> 26.896504 | DE8: ='Bilan 2028'!$K$13*'Bilan 2028'!$G$10/SUM('Bilan 2028'!$G$7:$G$19) -> 26.522704 | DF8: ='Bilan 2030'!$K$13*'Bilan 2030'!$G$10/SUM('Bilan 2030'!$G$7:$G$19) -> 26.407152 | DG8: ='Bilan 2033'!$K$13*'Bilan 2033'!$G$10/SUM('Bilan 2033'!$G$7:$G$19) -> 25.502789 | DH8: ='Bilan 2035'!$K$13*'Bilan 2035'!$G$10/SUM('Bilan 2035'!$G$7:$G$19) -> 24.848721 | DI8: ='Bilan 2038'!$K$13*'Bilan 2038'!$G$10/SUM('Bilan 2038'!$G$7:$G$19) -> 23.582963 | DJ8: ='Bilan 2040'!$K$13*'Bilan 2040'!$G$10/SUM('Bilan 2040'!$G$7:$G$19) -> 22.689985 | DK8: ='Bilan 2045'!$K$13*'Bilan 2045'!$G$10/SUM('Bilan 2045'!$G$7:$G$19) -> 20.371405 | DL8: ='Bilan 2050'!$K$13*'Bilan 2050'!$G$10/SUM('Bilan 2050'!$G$7:$G$19) -> 17.580323
A9: Electricité | B9: =SUM(B10:B19) -> 132.32104 | C9: =SUM(C10:C19) -> 1284.6591 | D9: =SUM(D10:D19) -> 1256.7348 | E9: =SUM(E10:E19) -> 1420.9055 | F9: =SUM(F10:F19) -> 1438.1192 | G9: =SUM(G10:G19) -> 1446.9091 | H9: =SUM(H10:H19) -> 1401.3027 | I9: =SUM(I10:I19) -> 1370.9611 | ... M9: =SUM(M10:M19) -> 1168.9497 | N9: =C9-('Bilan 2020'!$D$13-SUM('Bilan 2020'!$M$13:$P$13)) -> 0 | O9: =G9-('Bilan 2030'!$D$13-SUM('Bilan 2030'!$M$13:$P$13)) -> 0 | P9: =M9-('Bilan 2050'!$D$13-SUM('Bilan 2050'!$M$13:$P$13)) -> 0 | Q9: Fioul | R9: =B11+0.01 -> 0.712 | S9: =C11+0.01 -> 3.4306184 | T9: =D11+0.01 -> 8.1195694 | U9: =E11+0.01 -> 7.8309554 | V9: =F11+0.01 -> 7.6564888 | W9: =G11+0.01 -> 7.5403124 | X9: =H11+0.01 -> 7.8029014 | Y9: =I11+0.01 -> 7.9778577 | ... AC9: =M11+0.01 -> 8.0617926 | AD9: =AD8+1 -> 2302 | AE9: Nucléaire | AF9: ='Bilan 2015'!$S$13*'Bilan 2015'!$G$10/SUM('Bilan 2015'!$G$7:$G$19) -> 29.553739 | AG9: ='Bilan 2020'!$S$13*'Bilan 2020'!$G$10/SUM('Bilan 2020'!$G$7:$G$19) -> 280.85642 | AH9: ='Bilan 2023 réel'!$S$13*'Bilan 2023 réel'!$G$10/SUM('Bilan 2023 réel'!$G$7:$G$19) -> 267.59632 | AI9: ='Bilan 2025'!$S$13*'Bilan 2025'!$G$10/SUM('Bilan 2025'!$G$7:$G$19) -> 299.33543 | AJ9: ='Bilan 2028'!$S$13*'Bilan 2028'!$G$10/SUM('Bilan 2028'!$G$7:$G$19) -> 295.77706 | AK9: ='Bilan 2030'!$S$13*'Bilan 2030'!$G$10/SUM('Bilan 2030'!$G$7:$G$19) -> 294.86566 | AL9: ='Bilan 2033'!$S$13*'Bilan 2033'!$G$10/SUM('Bilan 2033'!$G$7:$G$19) -> 286.41178 | AM9: ='Bilan 2035'!$S$13*'Bilan 2035'!$G$10/SUM('Bilan 2035'!$G$7:$G$19) -> 280.07625 | AN9: ='Bilan 2038'!$S$13*'Bilan 2038'!$G$10/SUM('Bilan 2038'!$G$7:$G$19) -> 267.13215 | AO9: ='Bilan 2040'!$S$13*'Bilan 2040'!$G$10/SUM('Bilan 2040'!$G$7:$G$19) -> 257.82317 | AP9: ='Bilan 2045'!$S$13*'Bilan 2045'!$G$10/SUM('Bilan 2045'!$G$7:$G$19) -> 233.09896 | AQ9: ='Bilan 2050'!$S$13*'Bilan 2050'!$G$10/SUM('Bilan 2050'!$G$7:$G$19) -> 202.13349 | AS9: Nucléaire | AT9: ='Bilan 2015'!$S$13*'Bilan 2015'!$G$10/SUM('Bilan 2015'!$G$7:$G$19) -> 29.553739 | AU9: ='Bilan 2020'!$S$13*'Bilan 2020'!$G$10/SUM('Bilan 2020'!$G$7:$G$19) -> 280.85642 | AV9: ='Bilan 2023 réel'!$S$13*'Bilan 2023 réel'!$G$10/SUM('Bilan 2023 réel'!$G$7:$G$19) -> 267.59632 | AW9: ='Bilan 2025'!$S$13*'Bilan 2025'!$G$10/SUM('Bilan 2025'!$G$7:$G$19) -> 299.33543 | AX9: ='Bilan 2028'!$S$13*'Bilan 2028'!$G$10/SUM('Bilan 2028'!$G$7:$G$19) -> 295.77706 | AY9: ='Bilan 2030'!$S$13*'Bilan 2030'!$G$10/SUM('Bilan 2030'!$G$7:$G$19) -> 294.86566 | AZ9: ='Bilan 2033'!$S$13*'Bilan 2033'!$G$10/SUM('Bilan 2033'!$G$7:$G$19) -> 286.41178 | BA9: ='Bilan 2035'!$S$13*'Bilan 2035'!$G$10/SUM('Bilan 2035'!$G$7:$G$19) -> 280.07625 | BB9: ='Bilan 2038'!$S$13*'Bilan 2038'!$G$10/SUM('Bilan 2038'!$G$7:$G$19) -> 267.13215 | BC9: ='Bilan 2040'!$S$13*'Bilan 2040'!$G$10/SUM('Bilan 2040'!$G$7:$G$19) -> 257.82317 | BD9: ='Bilan 2045'!$S$13*'Bilan 2045'!$G$10/SUM('Bilan 2045'!$G$7:$G$19) -> 233.09896 | BE9: ='Bilan 2050'!$S$13*'Bilan 2050'!$G$10/SUM('Bilan 2050'!$G$7:$G$19) -> 202.13349 | BG9: Fioul | BH9: =IF(AT10>0,BV9/AT10,0) -> 1.7578309 | BI9: =IF(AU10>0,BW9/AU10,0) -> 1.7088159 | BJ9: =IF(AV10>0,BX9/AV10,0) -> 1.8178904 | BK9: =IF(AW10>0,BY9/AW10,0) -> 1.7631997 | BL9: =IF(AX10>0,BZ9/AX10,0) -> 1.7749333 | BM9: =IF(AY10>0,CA9/AY10,0) -> 1.7746797 | BN9: =IF(AZ10>0,CB9/AZ10,0) -> 1.7158907 | BO9: =IF(BA10>0,CC9/BA10,0) -> 1.6791788 | ... BS9: =IF(BE10>0,CG9/BE10,0) -> 1.525832 | BU9: Fioul | BV9: ='Bilan 2015'!$E17+'Bilan 2015'!$I$13*'Bilan 2015'!$G$17/'Bilan 2015'!$H$13 -> 0.41016749 | BW9: ='Bilan 2020'!$E17+'Bilan 2020'!$I$13*'Bilan 2020'!$G$17/'Bilan 2020'!$H$13 -> 2.011173 | BX9: ='Bilan 2023 AMS'!$E17+'Bilan 2023 AMS'!$I$13*'Bilan 2023 AMS'!$G$17/'Bilan 2023 AMS'!$H$13 -> 4.7570322 | BY9: ='Bilan 2025'!$E17+'Bilan 2025'!$I$13*'Bilan 2025'!$G$17/'Bilan 2025'!$H$13 -> 4.5966369 | BZ9: ='Bilan 2028'!$E17+'Bilan 2028'!$I$13*'Bilan 2028'!$G$17/'Bilan 2028'!$H$13 -> 4.4873332 | CA9: ='Bilan 2030'!$E17+'Bilan 2030'!$I$13*'Bilan 2030'!$G$17/'Bilan 2030'!$H$13 -> 4.4158422 | CB9: ='Bilan 2033'!$E17+'Bilan 2033'!$I$13*'Bilan 2033'!$G$17/'Bilan 2033'!$H$13 -> 4.5601065 | CC9: ='Bilan 2035'!$E17+'Bilan 2035'!$I$13*'Bilan 2035'!$G$17/'Bilan 2035'!$H$13 -> 4.6559445 | CD9: ='Bilan 2038'!$E17+'Bilan 2038'!$I$13*'Bilan 2038'!$G$17/'Bilan 2038'!$H$13 -> 4.4890054 | CE9: ='Bilan 2040'!$E17+'Bilan 2040'!$I$13*'Bilan 2040'!$G$17/'Bilan 2040'!$H$13 -> 4.3781376 | CF9: ='Bilan 2045'!$E17+'Bilan 2045'!$I$13*'Bilan 2045'!$G$17/'Bilan 2045'!$H$13 -> 4.5950215 | CG9: ='Bilan 2050'!$E17+'Bilan 2050'!$I$13*'Bilan 2050'!$G$17/'Bilan 2050'!$H$13 -> 4.6608345 | CJ9: Fioul | CK9: =IF(AT10>0,DA9/AT10,0) -> 0.07992104 | CL9: =IF(AU10>0,DB9/AU10,0) -> 0.087045 | CM9: =IF(AV10>0,DC9/AV10,0) -> 0.096511255 | CN9: =IF(AW10>0,DD9/AW10,0) -> 0.089854061 | CO9: =IF(AX10>0,DE9/AX10,0) -> 0.089671267 | CP9: =IF(AY10>0,DF9/AY10,0) -> 0.089556555 | CQ9: =IF(AZ10>0,DG9/AZ10,0) -> 0.089042391 | CR9: =IF(BA10>0,DH9/BA10,0) -> 0.088721272 | ... CV9: =IF(BE10>0,DL9/BE10,0) -> 0.086973825 | CX9: =CX8+1 -> 2302 | CY9: Fioul | CZ9: QMtep_losses_2302 | DA9: ='Bilan 2015'!$K$13*'Bilan 2015'!$G$17/SUM('Bilan 2015'!$G$7:$G$19) -> 0.018648559 | DB9: ='Bilan 2020'!$K$13*'Bilan 2020'!$G$17/SUM('Bilan 2020'!$G$7:$G$19) -> 0.1024467 | DC9: ='Bilan 2023 AMS'!$K$13*'Bilan 2023 AMS'!$G$17/SUM('Bilan 2023 AMS'!$G$7:$G$19) -> 0.25254941 | DD9: ='Bilan 2025'!$K$13*'Bilan 2025'!$G$17/SUM('Bilan 2025'!$G$7:$G$19) -> 0.23424827 | DE9: ='Bilan 2028'!$K$13*'Bilan 2028'!$G$17/SUM('Bilan 2028'!$G$7:$G$19) -> 0.22670421 | DF9: ='Bilan 2030'!$K$13*'Bilan 2030'!$G$17/SUM('Bilan 2030'!$G$7:$G$19) -> 0.22283886 | DG9: ='Bilan 2033'!$K$13*'Bilan 2033'!$G$17/SUM('Bilan 2033'!$G$7:$G$19) -> 0.23663675 | DH9: ='Bilan 2035'!$K$13*'Bilan 2035'!$G$17/SUM('Bilan 2035'!$G$7:$G$19) -> 0.24600199 | DI9: ='Bilan 2038'!$K$13*'Bilan 2038'!$G$17/SUM('Bilan 2038'!$G$7:$G$19) -> 0.24283381 | DJ9: ='Bilan 2040'!$K$13*'Bilan 2040'!$G$17/SUM('Bilan 2040'!$G$7:$G$19) -> 0.24045497 | DK9: ='Bilan 2045'!$K$13*'Bilan 2045'!$G$17/SUM('Bilan 2045'!$G$7:$G$19) -> 0.25947963 | DL9: ='Bilan 2050'!$K$13*'Bilan 2050'!$G$17/SUM('Bilan 2050'!$G$7:$G$19) -> 0.26567185
A10: Nucléaire | B10: ='Bilan 2015'!$C10 -> 114.07243 | C10: ='Bilan 2020'!$C10 -> 1068.7282 | D10: ='Bilan 2023 réel'!$C10*(1-SUM('Bilan 2023 réel'!$M$13:$P$13)/'Bilan 2023 réel'!$D$13) -> 1024.8554 | E10: ='Bilan 2025'!$C10 -> 1190.9091 | F10: ='Bilan 2028'!$C10*(1-SUM('Bilan 2028'!$M$13:$P$13)/'Bilan 2028'!$D$13) -> 1190.8538 | G10: ='Bilan 2030'!$C10*(1-SUM('Bilan 2030'!$M$13:$P$13)/'Bilan 2030'!$D$13) -> 1190.8368 | H10: ='Bilan 2033'!$C10*(1-SUM('Bilan 2033'!$M$13:$P$13)/'Bilan 2033'!$D$13) -> 1121.1895 | I10: ='Bilan 2035'!$C10*(1-SUM('Bilan 2035'!$M$13:$P$13)/'Bilan 2035'!$D$13) -> 1074.7551 | J10: ='Bilan 2038'!$C10*(1-SUM('Bilan 2038'!$M$13:$P$13)/'Bilan 2038'!$D$13) -> 1005.0926 | K10: ='Bilan 2040'!$C10*(1-SUM('Bilan 2040'!$M$13:$P$13)/'Bilan 2040'!$D$13) -> 958.64961 | L10: ='Bilan 2045'!$C10*(1-SUM('Bilan 2045'!$M$13:$P$13)/'Bilan 2045'!$D$13) -> 842.56165 | M10: ='Bilan 2050'!$C10*(1-SUM('Bilan 2050'!$M$13:$P$13)/'Bilan 2050'!$D$13) -> 726.54022 | Q10: Gaz naturel | R10: =B12 -> 3.8621596 | S10: =C12 -> 60.547801 | T10: =D12 -> 52.478364 | U10: =E12 -> 18.968953 | V10: =F12 -> 18.552278 | W10: =G12 -> 18.284948 | X10: =H12 -> 18.050612 | Y10: =I12 -> 17.897866 | ... AC10: =M12 -> 47.558513 | AD10: =AD9+1 -> 2303 | AE10: Fioul | AF10: ='Bilan 2015'!$S$13*'Bilan 2015'!$G$17/SUM('Bilan 2015'!$G$7:$G$19) -> 0.23333729 | AG10: ='Bilan 2020'!$S$13*'Bilan 2020'!$G$17/SUM('Bilan 2020'!$G$7:$G$19) -> 1.1769395 | AH10: ='Bilan 2023 AMS'!$S$13*'Bilan 2023 AMS'!$G$17/SUM('Bilan 2023 AMS'!$G$7:$G$19) -> 2.6167872 | AI10: ='Bilan 2025'!$S$13*'Bilan 2025'!$G$17/SUM('Bilan 2025'!$G$7:$G$19) -> 2.6069859 | AJ10: ='Bilan 2028'!$S$13*'Bilan 2028'!$G$17/SUM('Bilan 2028'!$G$7:$G$19) -> 2.52817 | AK10: ='Bilan 2030'!$S$13*'Bilan 2030'!$G$17/SUM('Bilan 2030'!$G$7:$G$19) -> 2.4882474 | AL10: ='Bilan 2033'!$S$13*'Bilan 2033'!$G$17/SUM('Bilan 2033'!$G$7:$G$19) -> 2.657574 | AM10: ='Bilan 2035'!$S$13*'Bilan 2035'!$G$17/SUM('Bilan 2035'!$G$7:$G$19) -> 2.7727509 | AN10: ='Bilan 2038'!$S$13*'Bilan 2038'!$G$17/SUM('Bilan 2038'!$G$7:$G$19) -> 2.7506602 | AO10: ='Bilan 2040'!$S$13*'Bilan 2040'!$G$17/SUM('Bilan 2040'!$G$7:$G$19) -> 2.7322567 | AP10: ='Bilan 2045'!$S$13*'Bilan 2045'!$G$17/SUM('Bilan 2045'!$G$7:$G$19) -> 2.969085 | AQ10: ='Bilan 2050'!$S$13*'Bilan 2050'!$G$17/SUM('Bilan 2050'!$G$7:$G$19) -> 3.0546184 | AS10: Fioul | AT10: ='Bilan 2015'!$S$13*'Bilan 2015'!$G$17/SUM('Bilan 2015'!$G$7:$G$19) -> 0.23333729 | AU10: ='Bilan 2020'!$S$13*'Bilan 2020'!$G$17/SUM('Bilan 2020'!$G$7:$G$19) -> 1.1769395 | AV10: ='Bilan 2023 AMS'!$S$13*'Bilan 2023 AMS'!$G$17/SUM('Bilan 2023 AMS'!$G$7:$G$19) -> 2.6167872 | AW10: ='Bilan 2025'!$S$13*'Bilan 2025'!$G$17/SUM('Bilan 2025'!$G$7:$G$19) -> 2.6069859 | AX10: ='Bilan 2028'!$S$13*'Bilan 2028'!$G$17/SUM('Bilan 2028'!$G$7:$G$19) -> 2.52817 | AY10: ='Bilan 2030'!$S$13*'Bilan 2030'!$G$17/SUM('Bilan 2030'!$G$7:$G$19) -> 2.4882474 | AZ10: ='Bilan 2033'!$S$13*'Bilan 2033'!$G$17/SUM('Bilan 2033'!$G$7:$G$19) -> 2.657574 | BA10: ='Bilan 2035'!$S$13*'Bilan 2035'!$G$17/SUM('Bilan 2035'!$G$7:$G$19) -> 2.7727509 | BB10: ='Bilan 2038'!$S$13*'Bilan 2038'!$G$17/SUM('Bilan 2038'!$G$7:$G$19) -> 2.7506602 | BC10: ='Bilan 2040'!$S$13*'Bilan 2040'!$G$17/SUM('Bilan 2040'!$G$7:$G$19) -> 2.7322567 | BD10: ='Bilan 2045'!$S$13*'Bilan 2045'!$G$17/SUM('Bilan 2045'!$G$7:$G$19) -> 2.969085 | BE10: ='Bilan 2050'!$S$13*'Bilan 2050'!$G$17/SUM('Bilan 2050'!$G$7:$G$19) -> 3.0546184 | BG10: Gaz naturel | BH10: =IF(AT11>0,BV10/AT11,0) -> 1.2659435 | BI10: =IF(AU11>0,BW10/AU11,0) -> 1.2336304 | BJ10: =IF(AV11>0,BX10/AV11,0) -> 1.2525634 | BK10: =IF(AW11>0,BY10/AW11,0) -> 1.2537659 | BL10: =IF(AX11>0,BZ10/AX11,0) -> 1.2057177 | BM10: =IF(AY11>0,CA10/AY11,0) -> 1.1693726 | BN10: =IF(AZ11>0,CB10/AZ11,0) -> 1.0977686 | BO10: =IF(BA11>0,CC10/BA11,0) -> 1.0532236 | ... BS10: =IF(BE11>0,CG10/BE11,0) -> 0.82220581 | BU10: Gaz naturel | BV10: ='Bilan 2015'!$E19+'Bilan 2015'!$I$13*'Bilan 2015'!$G$19/'Bilan 2015'!$H$13 -> 1.9287506 | BW10: ='Bilan 2020'!$E19+'Bilan 2020'!$I$13*'Bilan 2020'!$G$19/'Bilan 2020'!$H$13 -> 28.129408 | BX10: ='Bilan 2023 réel'!$E19+'Bilan 2023 réel'!$I$13*'Bilan 2023 réel'!$G$19/'Bilan 2023 réel'!$H$13 -> 23.415695 | BY10: ='Bilan 2025'!$E19+'Bilan 2025'!$I$13*'Bilan 2025'!$G$19/'Bilan 2025'!$H$13 -> 9.308265 | BZ10: ='Bilan 2028'!$E19+'Bilan 2028'!$I$13*'Bilan 2028'!$G$19/'Bilan 2028'!$H$13 -> 8.8785711 | CA10: ='Bilan 2030'!$E19+'Bilan 2030'!$I$13*'Bilan 2030'!$G$19/'Bilan 2030'!$H$13 -> 8.6055872 | CB10: ='Bilan 2033'!$E19+'Bilan 2033'!$I$13*'Bilan 2033'!$G$19/'Bilan 2033'!$H$13 -> 8.3368686 | CC10: ='Bilan 2035'!$E19+'Bilan 2035'!$I$13*'Bilan 2035'!$G$19/'Bilan 2035'!$H$13 -> 8.161394 | CD10: ='Bilan 2038'!$E19+'Bilan 2038'!$I$13*'Bilan 2038'!$G$19/'Bilan 2038'!$H$13 -> 7.9034753 | CE10: ='Bilan 2040'!$E19+'Bilan 2040'!$I$13*'Bilan 2040'!$G$19/'Bilan 2040'!$H$13 -> 7.7349715 | CF10: ='Bilan 2045'!$E19+'Bilan 2045'!$I$13*'Bilan 2045'!$G$19/'Bilan 2045'!$H$13 -> 7.3252837 | CG10: ='Bilan 2050'!$E19+'Bilan 2050'!$I$13*'Bilan 2050'!$G$19/'Bilan 2050'!$H$13 -> 19.771615 | CJ10: Gaz naturel | CK10: =IF(AT11>0,DA10/AT11,0) -> 0.07992104 | CL10: =IF(AU11>0,DB10/AU11,0) -> 0.087045 | CM10: =IF(AV11>0,DC10/AV11,0) -> 0.08870692 | CN10: =IF(AW11>0,DD10/AW11,0) -> 0.089854061 | CO10: =IF(AX11>0,DE10/AX11,0) -> 0.089671267 | CP10: =IF(AY11>0,DF10/AY11,0) -> 0.089556555 | CQ10: =IF(AZ11>0,DG10/AZ11,0) -> 0.089042391 | CR10: =IF(BA11>0,DH10/BA11,0) -> 0.088721272 | ... CV10: =IF(BE11>0,DL10/BE11,0) -> 0.086973825 | CX10: =CX9+1 -> 2303 | CY10: Gaz naturel | CZ10: QMtep_losses_2303 | DA10: ='Bilan 2015'!$K$13*'Bilan 2015'!$G$19/SUM('Bilan 2015'!$G$7:$G$19) -> 0.12176511 | DB10: ='Bilan 2020'!$K$13*'Bilan 2020'!$G$19/SUM('Bilan 2020'!$G$7:$G$19) -> 1.9848119 | DC10: ='Bilan 2023 réel'!$K$13*'Bilan 2023 réel'!$G$19/SUM('Bilan 2023 réel'!$G$7:$G$19) -> 1.6583067 | DD10: ='Bilan 2025'!$K$13*'Bilan 2025'!$G$19/SUM('Bilan 2025'!$G$7:$G$19) -> 0.66709853 | DE10: ='Bilan 2028'!$K$13*'Bilan 2028'!$G$19/SUM('Bilan 2028'!$G$7:$G$19) -> 0.66031438 | DF10: ='Bilan 2030'!$K$13*'Bilan 2030'!$G$19/SUM('Bilan 2030'!$G$7:$G$19) -> 0.65906003 | DG10: ='Bilan 2033'!$K$13*'Bilan 2033'!$G$19/SUM('Bilan 2033'!$G$7:$G$19) -> 0.67622148 | DH10: ='Bilan 2035'!$K$13*'Bilan 2035'!$G$19/SUM('Bilan 2035'!$G$7:$G$19) -> 0.68749811 | DI10: ='Bilan 2038'!$K$13*'Bilan 2038'!$G$19/SUM('Bilan 2038'!$G$7:$G$19) -> 0.70233036 | DJ10: ='Bilan 2040'!$K$13*'Bilan 2040'!$G$19/SUM('Bilan 2040'!$G$7:$G$19) -> 0.71201764 | DK10: ='Bilan 2045'!$K$13*'Bilan 2045'!$G$19/SUM('Bilan 2045'!$G$7:$G$19) -> 0.72942854 | DL10: ='Bilan 2050'!$K$13*'Bilan 2050'!$G$19/SUM('Bilan 2050'!$G$7:$G$19) -> 2.0914629
A11: Fioul | B11: ='Bilan 2015'!$C$17 -> 0.702 | C11: ='Bilan 2020'!$C$17 -> 3.4206184 | D11: ='Bilan 2023 AMS'!$C$17*(1-SUM('Bilan 2023 AMS'!$M$13:$P$13)/'Bilan 2023 AMS'!$D$13) -> 8.1095694 | E11: ='Bilan 2025'!$C$17 -> 7.8209554 | F11: ='Bilan 2028'!$C$17*(1-SUM('Bilan 2028'!$M$13:$P$13)/'Bilan 2028'!$D$13) -> 7.6464888 | G11: ='Bilan 2030'!$C$17*(1-SUM('Bilan 2030'!$M$13:$P$13)/'Bilan 2030'!$D$13) -> 7.5303124 | H11: ='Bilan 2033'!$C$17*(1-SUM('Bilan 2033'!$M$13:$P$13)/'Bilan 2033'!$D$13) -> 7.7929014 | I11: ='Bilan 2035'!$C$17*(1-SUM('Bilan 2035'!$M$13:$P$13)/'Bilan 2035'!$D$13) -> 7.9678577 | J11: ='Bilan 2038'!$C$17*(1-SUM('Bilan 2038'!$M$13:$P$13)/'Bilan 2038'!$D$13) -> 7.6981211 | K11: ='Bilan 2040'!$C$17*(1-SUM('Bilan 2040'!$M$13:$P$13)/'Bilan 2040'!$D$13) -> 7.5182459 | L11: ='Bilan 2045'!$C$17*(1-SUM('Bilan 2045'!$M$13:$P$13)/'Bilan 2045'!$D$13) -> 7.9172502 | M11: ='Bilan 2050'!$C$17*(1-SUM('Bilan 2050'!$M$13:$P$13)/'Bilan 2050'!$D$13) -> 8.0517926 | Q11: Charbon | R11: =B13 -> 2.9935125 | S11: =C13 -> 9.3252829 | T11: =D13 -> 8.0663799 | U11: =E13+0.0001 -> 2.830867 | V11: =F13+0.0001 -> 2.8283469 | W11: =G13+0.0001 -> 2.8267141 | X11: =H13+0.0001 -> 2.8264467 | Y11: =I13+0.0001 -> 2.8262417 | Z11: =J13+0.0001 -> 2.825868 | AA11: =K13+0.0001 -> 2.825585 | AB11: =L13+0.0001 -> 2.8248065 | AC11: =M13+0.0001 -> 2.8240385 | AD11: =AD10+1 -> 2304 | AE11: Gaz naturel | AF11: ='Bilan 2015'!$S$13*'Bilan 2015'!$G$19/SUM('Bilan 2015'!$G$7:$G$19) -> 1.5235677 | AG11: ='Bilan 2020'!$S$13*'Bilan 2020'!$G$19/SUM('Bilan 2020'!$G$7:$G$19) -> 22.802136 | AH11: ='Bilan 2023 réel'!$S$13*'Bilan 2023 réel'!$G$19/SUM('Bilan 2023 réel'!$G$7:$G$19) -> 18.69422 | AI11: ='Bilan 2025'!$S$13*'Bilan 2025'!$G$19/SUM('Bilan 2025'!$G$7:$G$19) -> 7.4242446 | AJ11: ='Bilan 2028'!$S$13*'Bilan 2028'!$G$19/SUM('Bilan 2028'!$G$7:$G$19) -> 7.3637231 | AK11: ='Bilan 2030'!$S$13*'Bilan 2030'!$G$19/SUM('Bilan 2030'!$G$7:$G$19) -> 7.359149 | AL11: ='Bilan 2033'!$S$13*'Bilan 2033'!$G$19/SUM('Bilan 2033'!$G$7:$G$19) -> 7.594377 | AM11: ='Bilan 2035'!$S$13*'Bilan 2035'!$G$19/SUM('Bilan 2035'!$G$7:$G$19) -> 7.7489659 | AN11: ='Bilan 2038'!$S$13*'Bilan 2038'!$G$19/SUM('Bilan 2038'!$G$7:$G$19) -> 7.955532 | AO11: ='Bilan 2040'!$S$13*'Bilan 2040'!$G$19/SUM('Bilan 2040'!$G$7:$G$19) -> 8.0905586 | AP11: ='Bilan 2045'!$S$13*'Bilan 2045'!$G$19/SUM('Bilan 2045'!$G$7:$G$19) -> 8.3464561 | AQ11: ='Bilan 2050'!$S$13*'Bilan 2050'!$G$19/SUM('Bilan 2050'!$G$7:$G$19) -> 24.047039 | AS11: Gaz naturel | AT11: ='Bilan 2015'!$S$13*'Bilan 2015'!$G$19/SUM('Bilan 2015'!$G$7:$G$19) -> 1.5235677 | AU11: ='Bilan 2020'!$S$13*'Bilan 2020'!$G$19/SUM('Bilan 2020'!$G$7:$G$19) -> 22.802136 | AV11: ='Bilan 2023 réel'!$S$13*'Bilan 2023 réel'!$G$19/SUM('Bilan 2023 réel'!$G$7:$G$19) -> 18.69422 | AW11: ='Bilan 2025'!$S$13*'Bilan 2025'!$G$19/SUM('Bilan 2025'!$G$7:$G$19) -> 7.4242446 | AX11: ='Bilan 2028'!$S$13*'Bilan 2028'!$G$19/SUM('Bilan 2028'!$G$7:$G$19) -> 7.3637231 | AY11: ='Bilan 2030'!$S$13*'Bilan 2030'!$G$19/SUM('Bilan 2030'!$G$7:$G$19) -> 7.359149 | AZ11: ='Bilan 2033'!$S$13*'Bilan 2033'!$G$19/SUM('Bilan 2033'!$G$7:$G$19) -> 7.594377 | BA11: ='Bilan 2035'!$S$13*'Bilan 2035'!$G$19/SUM('Bilan 2035'!$G$7:$G$19) -> 7.7489659 | BB11: ='Bilan 2038'!$S$13*'Bilan 2038'!$G$19/SUM('Bilan 2038'!$G$7:$G$19) -> 7.955532 | BC11: ='Bilan 2040'!$S$13*'Bilan 2040'!$G$19/SUM('Bilan 2040'!$G$7:$G$19) -> 8.0905586 | BD11: ='Bilan 2045'!$S$13*'Bilan 2045'!$G$19/SUM('Bilan 2045'!$G$7:$G$19) -> 8.3464561 | BE11: ='Bilan 2050'!$S$13*'Bilan 2050'!$G$19/SUM('Bilan 2050'!$G$7:$G$19) -> 24.047039 | BG11: Charbon | BH11: =IF(AT12>0,BV11/AT12,0) -> 2.9105546 | BI11: =IF(AU12>0,BW11/AU12,0) -> 2.8223994 | BJ11: =IF(AV12>0,BX11/AV12,0) -> 2.8642105 | BK11: =IF(AW12>0,BY11/AW12,0) -> 2.9126585 | BL11: =IF(AX12>0,BZ11/AX12,0) -> 2.9338393 | BM11: =IF(AY12>0,CA11/AY12,0) -> 2.9343061 | BN11: =IF(AZ12>0,CB11/AZ12,0) -> 2.8395988 | BO11: =IF(BA12>0,CC11/BA12,0) -> 2.7804693 | ... BS11: =IF(BE12>0,CG11/BE12,0) -> 2.5368189 | BU11: Charbon | BV11: ='Bilan 2015'!$E18+'Bilan 2015'!$I$13*'Bilan 2015'!$G$18/'Bilan 2015'!$H$13 -> 2.0937925 | BW11: ='Bilan 2020'!$E18+'Bilan 2020'!$I$13*'Bilan 2020'!$G$18/'Bilan 2020'!$H$13 -> 6.5472625 | BX11: ='Bilan 2023 réel'!$E18+'Bilan 2023 réel'!$I$13*'Bilan 2023 réel'!$G$18/'Bilan 2023 réel'!$H$13 -> 5.6657013 | BY11: ='Bilan 2025'!$E18+'Bilan 2025'!$I$13*'Bilan 2025'!$G$18/'Bilan 2025'!$H$13 -> 1.9870204 | BZ11: ='Bilan 2028'!$E18+'Bilan 2028'!$I$13*'Bilan 2028'!$G$18/'Bilan 2028'!$H$13 -> 1.9834791 | CA11: ='Bilan 2030'!$E18+'Bilan 2030'!$I$13*'Bilan 2030'!$G$18/'Bilan 2030'!$H$13 -> 1.9814461 | CB11: ='Bilan 2033'!$E18+'Bilan 2033'!$I$13*'Bilan 2033'!$G$18/'Bilan 2033'!$H$13 -> 1.9787839 | CC11: ='Bilan 2035'!$E18+'Bilan 2035'!$I$13*'Bilan 2035'!$G$18/'Bilan 2035'!$H$13 -> 1.9770202 | CD11: ='Bilan 2038'!$E18+'Bilan 2038'!$I$13*'Bilan 2038'!$G$18/'Bilan 2038'!$H$13 -> 1.9743886 | CE11: ='Bilan 2040'!$E18+'Bilan 2040'!$I$13*'Bilan 2040'!$G$18/'Bilan 2040'!$H$13 -> 1.9726452 | CF11: ='Bilan 2045'!$E18+'Bilan 2045'!$I$13*'Bilan 2045'!$G$18/'Bilan 2045'!$H$13 -> 1.968327 | CG11: ='Bilan 2050'!$E18+'Bilan 2050'!$I$13*'Bilan 2050'!$G$18/'Bilan 2050'!$H$13 -> 1.9648927 | CJ11: Charbon | CK11: =IF(AT12>0,DA11/AT12,0) -> 0.07992104 | CL11: =IF(AU12>0,DB11/AU12,0) -> 0.087045 | CM11: =IF(AV12>0,DC11/AV12,0) -> 0.08870692 | CN11: =IF(AW12>0,DD11/AW12,0) -> 0.089854061 | CO11: =IF(AX12>0,DE11/AX12,0) -> 0.089671267 | CP11: =IF(AY12>0,DF11/AY12,0) -> 0.089556555 | CQ11: =IF(AZ12>0,DG11/AZ12,0) -> 0.089042391 | CR11: =IF(BA12>0,DH11/BA12,0) -> 0.088721272 | ... CV11: =IF(BE12>0,DL11/BE12,0) -> 0.086973825 | CX11: =CX10+1 -> 2304 | CY11: Charbon | CZ11: QMtep_losses_2304 | DA11: ='Bilan 2015'!$K$13*'Bilan 2015'!$G$18/SUM('Bilan 2015'!$G$7:$G$19) -> 0.057493534 | DB11: ='Bilan 2020'!$K$13*'Bilan 2020'!$G$18/SUM('Bilan 2020'!$G$7:$G$19) -> 0.20192269 | DC11: ='Bilan 2023 réel'!$K$13*'Bilan 2023 réel'!$G$18/SUM('Bilan 2023 réel'!$G$7:$G$19) -> 0.17547136 | DD11: ='Bilan 2025'!$K$13*'Bilan 2025'!$G$18/SUM('Bilan 2025'!$G$7:$G$19) -> 0.061298588 | DE11: ='Bilan 2028'!$K$13*'Bilan 2028'!$G$18/SUM('Bilan 2028'!$G$7:$G$19) -> 0.060624002 | DF11: ='Bilan 2030'!$K$13*'Bilan 2030'!$G$18/SUM('Bilan 2030'!$G$7:$G$19) -> 0.060474769 | DG11: ='Bilan 2033'!$K$13*'Bilan 2033'!$G$18/SUM('Bilan 2033'!$G$7:$G$19) -> 0.062049489 | DH11: ='Bilan 2035'!$K$13*'Bilan 2035'!$G$18/SUM('Bilan 2035'!$G$7:$G$19) -> 0.063084223 | DI11: ='Bilan 2038'!$K$13*'Bilan 2038'!$G$18/SUM('Bilan 2038'!$G$7:$G$19) -> 0.064445216 | DJ11: ='Bilan 2040'!$K$13*'Bilan 2040'!$G$18/SUM('Bilan 2040'!$G$7:$G$19) -> 0.065334113 | DK11: ='Bilan 2045'!$K$13*'Bilan 2045'!$G$18/SUM('Bilan 2045'!$G$7:$G$19) -> 0.066931722 | DL11: ='Bilan 2050'!$K$13*'Bilan 2050'!$G$18/SUM('Bilan 2050'!$G$7:$G$19) -> 0.067365565
A12: Gaz (naturel + biogaz) | B12: ='Bilan 2015'!$C$11+'Bilan 2015'!$C$19 -> 3.8621596 | C12: ='Bilan 2020'!$C$11+'Bilan 2020'!$C$19 -> 60.547801 | D12: =('Bilan 2023 réel'!$C$11+'Bilan 2023 réel'!$C$19)*(1-SUM('Bilan 2023 réel'!$M$13:$P$13)/'Bilan 2023 réel'!$D$13) -> 52.478364 | E12: ='Bilan 2025'!$C$11+'Bilan 2025'!$C$19 -> 18.968953 | F12: =('Bilan 2028'!$C$11+'Bilan 2028'!$C$19)*(1-SUM('Bilan 2028'!$M$13:$P$13)/'Bilan 2028'!$D$13) -> 18.552278 | G12: =('Bilan 2030'!$C$11+'Bilan 2030'!$C$19)*(1-SUM('Bilan 2030'!$M$13:$P$13)/'Bilan 2030'!$D$13) -> 18.284948 | H12: =('Bilan 2033'!$C$11+'Bilan 2033'!$C$19)*(1-SUM('Bilan 2033'!$M$13:$P$13)/'Bilan 2033'!$D$13) -> 18.050612 | I12: =('Bilan 2035'!$C$11+'Bilan 2035'!$C$19)*(1-SUM('Bilan 2035'!$M$13:$P$13)/'Bilan 2035'!$D$13) -> 17.897866 | J12: =('Bilan 2038'!$C$11+'Bilan 2038'!$C$19)*(1-SUM('Bilan 2038'!$M$13:$P$13)/'Bilan 2038'!$D$13) -> 17.662369 | K12: =('Bilan 2040'!$C$11+'Bilan 2040'!$C$19)*(1-SUM('Bilan 2040'!$M$13:$P$13)/'Bilan 2040'!$D$13) -> 17.508584 | L12: =('Bilan 2045'!$C$11+'Bilan 2045'!$C$19)*(1-SUM('Bilan 2045'!$M$13:$P$13)/'Bilan 2045'!$D$13) -> 17.134781 | M12: =('Bilan 2050'!$C$11+'Bilan 2050'!$C$19)*(1-SUM('Bilan 2050'!$M$13:$P$13)/'Bilan 2050'!$D$13) -> 47.558513 | Q12: Eolien | R12: =B14 -> 2.6944656 | S12: =C14 -> 43.44205 | T12: =D14 -> 50.187689 | U12: =E14 -> 64.725058 | V12: =F14 -> 78.241518 | W12: =G14 -> 84.29705 | X12: =H14 -> 96.490618 | Y12: =I14 -> 104.61652 | ... AC12: =M14 -> 165.52901 | AE12: Charbon | AF12: ='Bilan 2015'!$S$13*'Bilan 2015'!$G$18/SUM('Bilan 2015'!$G$7:$G$19) -> 0.7193792 | AG12: ='Bilan 2020'!$S$13*'Bilan 2020'!$G$18/SUM('Bilan 2020'!$G$7:$G$19) -> 2.3197506 | AH12: ='Bilan 2023 réel'!$S$13*'Bilan 2023 réel'!$G$18/SUM('Bilan 2023 réel'!$G$7:$G$19) -> 1.9781023 | AI12: ='Bilan 2025'!$S$13*'Bilan 2025'!$G$18/SUM('Bilan 2025'!$G$7:$G$19) -> 0.68220165 | AJ12: ='Bilan 2028'!$S$13*'Bilan 2028'!$G$18/SUM('Bilan 2028'!$G$7:$G$19) -> 0.67606943 | AK12: ='Bilan 2030'!$S$13*'Bilan 2030'!$G$18/SUM('Bilan 2030'!$G$7:$G$19) -> 0.67526905 | AL12: ='Bilan 2033'!$S$13*'Bilan 2033'!$G$18/SUM('Bilan 2033'!$G$7:$G$19) -> 0.69685335 | AM12: ='Bilan 2035'!$S$13*'Bilan 2035'!$G$18/SUM('Bilan 2035'!$G$7:$G$19) -> 0.7110383 | AN12: ='Bilan 2038'!$S$13*'Bilan 2038'!$G$18/SUM('Bilan 2038'!$G$7:$G$19) -> 0.72999263 | AO12: ='Bilan 2040'!$S$13*'Bilan 2040'!$G$18/SUM('Bilan 2040'!$G$7:$G$19) -> 0.74238254 | AP12: ='Bilan 2045'!$S$13*'Bilan 2045'!$G$18/SUM('Bilan 2045'!$G$7:$G$19) -> 0.76586347 | AQ12: ='Bilan 2050'!$S$13*'Bilan 2050'!$G$18/SUM('Bilan 2050'!$G$7:$G$19) -> 0.77454987 | AS12: Charbon | AT12: ='Bilan 2015'!$S$13*'Bilan 2015'!$G$18/SUM('Bilan 2015'!$G$7:$G$19) -> 0.7193792 | AU12: ='Bilan 2020'!$S$13*'Bilan 2020'!$G$18/SUM('Bilan 2020'!$G$7:$G$19) -> 2.3197506 | AV12: ='Bilan 2023 réel'!$S$13*'Bilan 2023 réel'!$G$18/SUM('Bilan 2023 réel'!$G$7:$G$19) -> 1.9781023 | AW12: ='Bilan 2025'!$S$13*'Bilan 2025'!$G$18/SUM('Bilan 2025'!$G$7:$G$19) -> 0.68220165 | AX12: ='Bilan 2028'!$S$13*'Bilan 2028'!$G$18/SUM('Bilan 2028'!$G$7:$G$19) -> 0.67606943 | AY12: ='Bilan 2030'!$S$13*'Bilan 2030'!$G$18/SUM('Bilan 2030'!$G$7:$G$19) -> 0.67526905 | AZ12: ='Bilan 2033'!$S$13*'Bilan 2033'!$G$18/SUM('Bilan 2033'!$G$7:$G$19) -> 0.69685335 | BA12: ='Bilan 2035'!$S$13*'Bilan 2035'!$G$18/SUM('Bilan 2035'!$G$7:$G$19) -> 0.7110383 | BB12: ='Bilan 2038'!$S$13*'Bilan 2038'!$G$18/SUM('Bilan 2038'!$G$7:$G$19) -> 0.72999263 | BC12: ='Bilan 2040'!$S$13*'Bilan 2040'!$G$18/SUM('Bilan 2040'!$G$7:$G$19) -> 0.74238254 | BD12: ='Bilan 2045'!$S$13*'Bilan 2045'!$G$18/SUM('Bilan 2045'!$G$7:$G$19) -> 0.76586347 | BE12: ='Bilan 2050'!$S$13*'Bilan 2050'!$G$18/SUM('Bilan 2050'!$G$7:$G$19) -> 0.77454987 | BG12: Methanisation | BH12: =IF(AT13>0,BV12/AT13,0) -> 1.2659435 | BI12: =IF(AU13>0,BW12/AU13,0) -> 1.2336304 | BJ12: =IF(AV13>0,BX12/AV13,0) -> 1.2525634 | BK12: =IF(AW13>0,BY12/AW13,0) -> 1.2537659 | BL12: =IF(AX13>0,BZ12/AX13,0) -> 1.2057177 | BM12: =IF(AY13>0,CA12/AY13,0) -> 1.1693726 | BN12: =IF(AZ13>0,CB12/AZ13,0) -> 1.0977686 | BO12: =IF(BA13>0,CC12/BA13,0) -> 1.0532236 | ... BS12: =IF(BE13>0,CG12/BE13,0) -> 0.82220581 | BU12: Methanisation | BV12: ='Bilan 2015'!$E$11+'Bilan 2015'!$I$13*'Bilan 2015'!$G$11/'Bilan 2015'!$H$13 -> 0.014033925 | BW12: ='Bilan 2020'!$E$11+'Bilan 2020'!$I$13*'Bilan 2020'!$G$11/'Bilan 2020'!$H$13 -> 2.5937613 | BX12: ='Bilan 2023 réel'!$E$11+'Bilan 2023 réel'!$I$13*'Bilan 2023 réel'!$G$11/'Bilan 2023 réel'!$H$13 -> 3.2377513 | BY12: ='Bilan 2025'!$E$11+'Bilan 2025'!$I$13*'Bilan 2025'!$G$11/'Bilan 2025'!$H$13 -> 0.24082301 | BZ12: ='Bilan 2028'!$E$11+'Bilan 2028'!$I$13*'Bilan 2028'!$G$11/'Bilan 2028'!$H$13 -> 0.23175037 | CA12: ='Bilan 2030'!$E$11+'Bilan 2030'!$I$13*'Bilan 2030'!$G$11/'Bilan 2030'!$H$13 -> 0.22596846 | CB12: ='Bilan 2033'!$E$11+'Bilan 2033'!$I$13*'Bilan 2033'!$G$11/'Bilan 2033'!$H$13 -> 0.22524785 | CC12: ='Bilan 2035'!$E$11+'Bilan 2035'!$I$13*'Bilan 2035'!$G$11/'Bilan 2035'!$H$13 -> 0.22472457 | CD12: ='Bilan 2038'!$E$11+'Bilan 2038'!$I$13*'Bilan 2038'!$G$11/'Bilan 2038'!$H$13 -> 0.21869718 | CE12: ='Bilan 2040'!$E$11+'Bilan 2040'!$I$13*'Bilan 2040'!$G$11/'Bilan 2040'!$H$13 -> 0.21474015 | CF12: ='Bilan 2045'!$E$11+'Bilan 2045'!$I$13*'Bilan 2045'!$G$11/'Bilan 2045'!$H$13 -> 0.20487857 | CG12: ='Bilan 2050'!$E$11+'Bilan 2050'!$I$13*'Bilan 2050'!$G$11/'Bilan 2050'!$H$13 -> 0.45726183 | CJ12: Methanisation | CK12: =IF(AT13>0,DA12/AT13,0) -> 0.07992104 | CL12: =IF(AU13>0,DB12/AU13,0) -> 0.087045 | CM12: =IF(AV13>0,DC12/AV13,0) -> 0.08870692 | CN12: =IF(AW13>0,DD12/AW13,0) -> 0.089854061 | CO12: =IF(AX13>0,DE12/AX13,0) -> 0.089671267 | CP12: =IF(AY13>0,DF12/AY13,0) -> 0.089556555 | CQ12: =IF(AZ13>0,DG12/AZ13,0) -> 0.089042391 | CR12: =IF(BA13>0,DH12/BA13,0) -> 0.088721272 | ... CV12: =IF(BE13>0,DL12/BE13,0) -> 0.086973825 | CY12: Méthanisation | DA12: ='Bilan 2015'!$K$13*'Bilan 2015'!$G$11/SUM('Bilan 2015'!$G$7:$G$19) -> 0.00088598412 | DB12: ='Bilan 2020'!$K$13*'Bilan 2020'!$G$11/SUM('Bilan 2020'!$G$7:$G$19) -> 0.18301588 | DC12: ='Bilan 2023 réel'!$K$13*'Bilan 2023 réel'!$G$11/SUM('Bilan 2023 réel'!$G$7:$G$19) -> 0.22929853 | DD12: ='Bilan 2025'!$K$13*'Bilan 2025'!$G$11/SUM('Bilan 2025'!$G$7:$G$19) -> 0.017259143 | DE12: ='Bilan 2028'!$K$13*'Bilan 2028'!$G$11/SUM('Bilan 2028'!$G$7:$G$19) -> 0.017235668 | DF12: ='Bilan 2030'!$K$13*'Bilan 2030'!$G$11/SUM('Bilan 2030'!$G$7:$G$19) -> 0.017305824 | DG12: ='Bilan 2033'!$K$13*'Bilan 2033'!$G$11/SUM('Bilan 2033'!$G$7:$G$19) -> 0.018270341 | DH12: ='Bilan 2035'!$K$13*'Bilan 2035'!$G$11/SUM('Bilan 2035'!$G$7:$G$19) -> 0.01893031 | DI12: ='Bilan 2038'!$K$13*'Bilan 2038'!$G$11/SUM('Bilan 2038'!$G$7:$G$19) -> 0.019434194 | DJ12: ='Bilan 2040'!$K$13*'Bilan 2040'!$G$11/SUM('Bilan 2040'!$G$7:$G$19) -> 0.019767206 | DK12: ='Bilan 2045'!$K$13*'Bilan 2045'!$G$11/SUM('Bilan 2045'!$G$7:$G$19) -> 0.020401158 | DL12: ='Bilan 2050'!$K$13*'Bilan 2050'!$G$11/SUM('Bilan 2050'!$G$7:$G$19) -> 0.048369654
A13: Charbon | B13: ='Bilan 2015'!$C$18 -> 2.9935125 | C13: ='Bilan 2020'!$C$18 -> 9.3252829 | D13: ='Bilan 2023 réel'!$C$18*(1-SUM('Bilan 2023 réel'!$M$13:$P$13)/'Bilan 2023 réel'!$D$13) -> 8.0663799 | E13: ='Bilan 2025'!$C$18 -> 2.830767 | F13: ='Bilan 2028'!$C$18*(1-SUM('Bilan 2028'!$M$13:$P$13)/'Bilan 2028'!$D$13) -> 2.8282469 | G13: ='Bilan 2030'!$C$18*(1-SUM('Bilan 2030'!$M$13:$P$13)/'Bilan 2030'!$D$13) -> 2.8266141 | H13: ='Bilan 2033'!$C$18*(1-SUM('Bilan 2033'!$M$13:$P$13)/'Bilan 2033'!$D$13) -> 2.8263467 | I13: ='Bilan 2035'!$C$18*(1-SUM('Bilan 2035'!$M$13:$P$13)/'Bilan 2035'!$D$13) -> 2.8261417 | J13: ='Bilan 2038'!$C$18*(1-SUM('Bilan 2038'!$M$13:$P$13)/'Bilan 2038'!$D$13) -> 2.825768 | K13: ='Bilan 2040'!$C$18*(1-SUM('Bilan 2040'!$M$13:$P$13)/'Bilan 2040'!$D$13) -> 2.825485 | L13: ='Bilan 2045'!$C$18*(1-SUM('Bilan 2045'!$M$13:$P$13)/'Bilan 2045'!$D$13) -> 2.8247065 | M13: ='Bilan 2050'!$C$18*(1-SUM('Bilan 2050'!$M$13:$P$13)/'Bilan 2050'!$D$13) -> 2.8239385 | Q13: Photovoltaïque | R13: =B17 -> 1.1874648 | S13: =C17 -> 19.145134 | T13: =D17 -> 21.280149 | U13: =E17 -> 26.423369 | V13: =F17 -> 32.482208 | W13: =G17 -> 36.527369 | X13: =H17 -> 49.243348 | Y13: =I17 -> 57.709684 | ... AC13: =M17 -> 110.97142 | AD13: =AD11+1 -> 2305 | AE13: Méthanisation | AF13: ='Bilan 2015'!$S$13*'Bilan 2015'!$G$11/'Bilan 2015'!$H$13 -> 0.011085743 | AG13: ='Bilan 2020'!$S$13*'Bilan 2020'!$G$11/'Bilan 2020'!$H$13 -> 2.1025433 | AH13: ='Bilan 2023 réel'!$S$13*'Bilan 2023 réel'!$G$11/'Bilan 2023 réel'!$H$13 -> 2.5849002 | AI13: ='Bilan 2025'!$S$13*'Bilan 2025'!$G$11/'Bilan 2025'!$H$13 -> 0.19207972 | AJ13: ='Bilan 2028'!$S$13*'Bilan 2028'!$G$11/'Bilan 2028'!$H$13 -> 0.19220948 | AK13: ='Bilan 2030'!$S$13*'Bilan 2030'!$G$11/'Bilan 2030'!$H$13 -> 0.19323906 | AL13: ='Bilan 2033'!$S$13*'Bilan 2033'!$G$11/'Bilan 2033'!$H$13 -> 0.205187 | AM13: ='Bilan 2035'!$S$13*'Bilan 2035'!$G$11/'Bilan 2035'!$H$13 -> 0.21336833 | AN13: ='Bilan 2038'!$S$13*'Bilan 2038'!$G$11/'Bilan 2038'!$H$13 -> 0.22013765 | AO13: ='Bilan 2040'!$S$13*'Bilan 2040'!$G$11/'Bilan 2040'!$H$13 -> 0.22461205 | AP13: ='Bilan 2045'!$S$13*'Bilan 2045'!$G$11/'Bilan 2045'!$H$13 -> 0.23343942 | AQ13: ='Bilan 2050'!$S$13*'Bilan 2050'!$G$11/'Bilan 2050'!$H$13 -> 0.55614035 | AS13: Methanisation | AT13: ='Bilan 2015'!$S$13*'Bilan 2015'!$G$11/'Bilan 2015'!$H$13 -> 0.011085743 | AU13: ='Bilan 2020'!$S$13*'Bilan 2020'!$G$11/'Bilan 2020'!$H$13 -> 2.1025433 | AV13: ='Bilan 2023 réel'!$S$13*'Bilan 2023 réel'!$G$11/'Bilan 2023 réel'!$H$13 -> 2.5849002 | AW13: ='Bilan 2025'!$S$13*'Bilan 2025'!$G$11/'Bilan 2025'!$H$13 -> 0.19207972 | AX13: ='Bilan 2028'!$S$13*'Bilan 2028'!$G$11/'Bilan 2028'!$H$13 -> 0.19220948 | AY13: ='Bilan 2030'!$S$13*'Bilan 2030'!$G$11/'Bilan 2030'!$H$13 -> 0.19323906 | AZ13: ='Bilan 2033'!$S$13*'Bilan 2033'!$G$11/'Bilan 2033'!$H$13 -> 0.205187 | BA13: ='Bilan 2035'!$S$13*'Bilan 2035'!$G$11/'Bilan 2035'!$H$13 -> 0.21336833 | BB13: ='Bilan 2038'!$S$13*'Bilan 2038'!$G$11/'Bilan 2038'!$H$13 -> 0.22013765 | BC13: ='Bilan 2040'!$S$13*'Bilan 2040'!$G$11/'Bilan 2040'!$H$13 -> 0.22461205 | BD13: ='Bilan 2045'!$S$13*'Bilan 2045'!$G$11/'Bilan 2045'!$H$13 -> 0.23343942 | BE13: ='Bilan 2050'!$S$13*'Bilan 2050'!$G$11/'Bilan 2050'!$H$13 -> 0.55614035 | BG13: Eolien | BH13: =IF(AT14>0,BV13/AT14,0) -> 0.073059441 | BI13: =IF(AU14>0,BW13/AU14,0) -> 0.081250264 | BJ13: =IF(AV14>0,BX13/AV14,0) -> 0.08358907 | BK13: =IF(AW14>0,BY13/AW14,0) -> 0.083200243 | BL13: =IF(AX14>0,BZ13/AX14,0) -> 0.081126116 | BM13: =IF(AY14>0,CA13/AY14,0) -> 0.079819738 | BN13: =IF(AZ14>0,CB13/AZ14,0) -> 0.073527203 | BO13: =IF(BA14>0,CC13/BA14,0) -> 0.06957983 | ... BS13: =IF(BE14>0,CG13/BE14,0) -> 0.048217012 | BU13: Eolien | BV13: ='Bilan 2015'!$E7+'Bilan 2015'!$I$13*'Bilan 2015'!$G$7/'Bilan 2015'!$H$13 -> 0.14871108 | BW13: ='Bilan 2020'!$E7+'Bilan 2020'!$I$13*'Bilan 2020'!$G$7/'Bilan 2020'!$H$13 -> 2.7601452 | BX13: ='Bilan 2023 réel'!$E7+'Bilan 2023 réel'!$I$13*'Bilan 2023 réel'!$G$7/'Bilan 2023 réel'!$H$13 -> 3.2339576 | BY13: ='Bilan 2025'!$E7+'Bilan 2025'!$I$13*'Bilan 2025'!$G$7/'Bilan 2025'!$H$13 -> 4.0796532 | BZ13: ='Bilan 2028'!$E7+'Bilan 2028'!$I$13*'Bilan 2028'!$G$7/'Bilan 2028'!$H$13 -> 4.7696827 | CA13: ='Bilan 2030'!$E7+'Bilan 2030'!$I$13*'Bilan 2030'!$G$7/'Bilan 2030'!$H$13 -> 5.0530147 | CB13: ='Bilan 2033'!$E7+'Bilan 2033'!$I$13*'Bilan 2033'!$G$7/'Bilan 2033'!$H$13 -> 5.4987838 | CC13: ='Bilan 2035'!$E7+'Bilan 2035'!$I$13*'Bilan 2035'!$G$7/'Bilan 2035'!$H$13 -> 5.7570533 | CD13: ='Bilan 2038'!$E7+'Bilan 2038'!$I$13*'Bilan 2038'!$G$7/'Bilan 2038'!$H$13 -> 6.086438 | CE13: ='Bilan 2040'!$E7+'Bilan 2040'!$I$13*'Bilan 2040'!$G$7/'Bilan 2040'!$H$13 -> 6.267854 | CF13: ='Bilan 2045'!$E7+'Bilan 2045'!$I$13*'Bilan 2045'!$G$7/'Bilan 2045'!$H$13 -> 6.5896225 | CG13: ='Bilan 2050'!$E7+'Bilan 2050'!$I$13*'Bilan 2050'!$G$7/'Bilan 2050'!$H$13 -> 6.8815477 | CJ13: Eolien | CK13: =IF(AT14>0,DA13/AT14,0) -> 0.07992104 | CL13: =IF(AU14>0,DB13/AU14,0) -> 0.087045 | CM13: =IF(AV14>0,DC13/AV14,0) -> 0.08870692 | CN13: =IF(AW14>0,DD13/AW14,0) -> 0.089854061 | CO13: =IF(AX14>0,DE13/AX14,0) -> 0.089671267 | CP13: =IF(AY14>0,DF13/AY14,0) -> 0.089556555 | CQ13: =IF(AZ14>0,DG13/AZ14,0) -> 0.089042391 | CR13: =IF(BA14>0,DH13/BA14,0) -> 0.088721272 | ... CV13: =IF(BE14>0,DL13/BE14,0) -> 0.086973825 | CX13: =CX11+1 -> 2305 | CY13: Eolien | CZ13: QMtep_losses_2305 | DA13: ='Bilan 2015'!$K$13*'Bilan 2015'!$G$7/SUM('Bilan 2015'!$G$7:$G$19) -> 0.16267774 | DB13: ='Bilan 2020'!$K$13*'Bilan 2020'!$G$7/SUM('Bilan 2020'!$G$7:$G$19) -> 2.9569976 | DC13: ='Bilan 2023 réel'!$K$13*'Bilan 2023 réel'!$G$7/SUM('Bilan 2023 réel'!$G$7:$G$19) -> 3.4319609 | DD13: ='Bilan 2025'!$K$13*'Bilan 2025'!$G$7/SUM('Bilan 2025'!$G$7:$G$19) -> 4.4059175 | DE13: ='Bilan 2028'!$K$13*'Bilan 2028'!$G$7/SUM('Bilan 2028'!$G$7:$G$19) -> 5.2720815 | DF13: ='Bilan 2030'!$K$13*'Bilan 2030'!$G$7/SUM('Bilan 2030'!$G$7:$G$19) -> 5.6694071 | DG13: ='Bilan 2033'!$K$13*'Bilan 2033'!$G$7/SUM('Bilan 2033'!$G$7:$G$19) -> 6.6590982 | DH13: ='Bilan 2035'!$K$13*'Bilan 2035'!$G$7/SUM('Bilan 2035'!$G$7:$G$19) -> 7.3408212 | DI13: ='Bilan 2038'!$K$13*'Bilan 2038'!$G$7/SUM('Bilan 2038'!$G$7:$G$19) -> 8.3736536 | DJ13: ='Bilan 2040'!$K$13*'Bilan 2040'!$G$7/SUM('Bilan 2040'!$G$7:$G$19) -> 9.0801302 | DK13: ='Bilan 2045'!$K$13*'Bilan 2045'!$G$7/SUM('Bilan 2045'!$G$7:$G$19) -> 10.815269 | DL13: ='Bilan 2050'!$K$13*'Bilan 2050'!$G$7/SUM('Bilan 2050'!$G$7:$G$19) -> 12.412933
A14: Eolien | B14: ='Bilan 2015'!$C7+'Bilan 2015'!$C15 -> 2.6944656 | C14: ='Bilan 2020'!$C7+'Bilan 2020'!$C15 -> 43.44205 | D14: =('Bilan 2023 réel'!$C7+'Bilan 2023 réel'!$C15)*(1-SUM('Bilan 2023 réel'!$M$13:$P$13)/'Bilan 2023 réel'!$D$13) -> 50.187689 | E14: ='Bilan 2025'!$C7+'Bilan 2025'!$C15 -> 64.725058 | F14: =('Bilan 2028'!$C7+'Bilan 2028'!$C15)*(1-SUM('Bilan 2028'!$M$13:$P$13)/'Bilan 2028'!$D$13) -> 78.241518 | G14: =('Bilan 2030'!$C7+'Bilan 2030'!$C15)*(1-SUM('Bilan 2030'!$M$13:$P$13)/'Bilan 2030'!$D$13) -> 84.29705 | H14: =('Bilan 2033'!$C7+'Bilan 2033'!$C15)*(1-SUM('Bilan 2033'!$M$13:$P$13)/'Bilan 2033'!$D$13) -> 96.490618 | I14: =('Bilan 2035'!$C7+'Bilan 2035'!$C15)*(1-SUM('Bilan 2035'!$M$13:$P$13)/'Bilan 2035'!$D$13) -> 104.61652 | J14: =('Bilan 2038'!$C7+'Bilan 2038'!$C15)*(1-SUM('Bilan 2038'!$M$13:$P$13)/'Bilan 2038'!$D$13) -> 116.80011 | K14: =('Bilan 2040'!$C7+'Bilan 2040'!$C15)*(1-SUM('Bilan 2040'!$M$13:$P$13)/'Bilan 2040'!$D$13) -> 124.91872 | L14: =('Bilan 2045'!$C7+'Bilan 2045'!$C15)*(1-SUM('Bilan 2045'!$M$13:$P$13)/'Bilan 2045'!$D$13) -> 145.19815 | M14: =('Bilan 2050'!$C7+'Bilan 2050'!$C15)*(1-SUM('Bilan 2050'!$M$13:$P$13)/'Bilan 2050'!$D$13) -> 165.52901 | Q14: Hydroélectricité & énergie marine | R14: =B18 -> 3.292516 | S14: =C18 -> 53.084236 | T14: =D18 -> 60.531248 | U14: =E18 -> 61.993288 | V14: =F18 -> 61.919209 | W14: =G18 -> 61.893597 | X14: =H18 -> 61.807494 | Y14: =I18 -> 61.759486 | ... AC14: =M18 -> 61.538699 | AD14: =AD13+1 -> 2306 | AE14: Eolien | AF14: ='Bilan 2015'!$S$13*('Bilan 2015'!$G$7+'Bilan 2015'!$G$15)/SUM('Bilan 2015'!$G$7:$G$19) -> 2.0354807 | AG14: ='Bilan 2020'!$S$13*('Bilan 2020'!$G$7+'Bilan 2020'!$G$15)/SUM('Bilan 2020'!$G$7:$G$19) -> 33.970907 | AH14: ='Bilan 2023 réel'!$S$13*('Bilan 2023 réel'!$G$7+'Bilan 2023 réel'!$G$15)/SUM('Bilan 2023 réel'!$G$7:$G$19) -> 38.688762 | AI14: ='Bilan 2025'!$S$13*('Bilan 2025'!$G$7+'Bilan 2025'!$G$15)/SUM('Bilan 2025'!$G$7:$G$19) -> 49.034149 | AJ14: ='Bilan 2028'!$S$13*('Bilan 2028'!$G$7+'Bilan 2028'!$G$15)/SUM('Bilan 2028'!$G$7:$G$19) -> 58.793431 | AK14: ='Bilan 2030'!$S$13*('Bilan 2030'!$G$7+'Bilan 2030'!$G$15)/SUM('Bilan 2030'!$G$7:$G$19) -> 63.305328 | AL14: ='Bilan 2033'!$S$13*('Bilan 2033'!$G$7+'Bilan 2033'!$G$15)/SUM('Bilan 2033'!$G$7:$G$19) -> 74.785707 | AM14: ='Bilan 2035'!$S$13*('Bilan 2035'!$G$7+'Bilan 2035'!$G$15)/SUM('Bilan 2035'!$G$7:$G$19) -> 82.740261 | AN14: ='Bilan 2038'!$S$13*('Bilan 2038'!$G$7+'Bilan 2038'!$G$15)/SUM('Bilan 2038'!$G$7:$G$19) -> 94.851189 | AO14: ='Bilan 2040'!$S$13*('Bilan 2040'!$G$7+'Bilan 2040'!$G$15)/SUM('Bilan 2040'!$G$7:$G$19) -> 103.17627 | AP14: ='Bilan 2045'!$S$13*('Bilan 2045'!$G$7+'Bilan 2045'!$G$15)/SUM('Bilan 2045'!$G$7:$G$19) -> 123.75327 | AQ14: ='Bilan 2050'!$S$13*('Bilan 2050'!$G$7+'Bilan 2050'!$G$15)/SUM('Bilan 2050'!$G$7:$G$19) -> 142.72033 | AS14: Eolien | AT14: ='Bilan 2015'!$S$13*('Bilan 2015'!$G$7+'Bilan 2015'!$G$15)/SUM('Bilan 2015'!$G$7:$G$19) -> 2.0354807 | AU14: ='Bilan 2020'!$S$13*('Bilan 2020'!$G$7+'Bilan 2020'!$G$15)/SUM('Bilan 2020'!$G$7:$G$19) -> 33.970907 | AV14: ='Bilan 2023 réel'!$S$13*('Bilan 2023 réel'!$G$7+'Bilan 2023 réel'!$G$15)/SUM('Bilan 2023 réel'!$G$7:$G$19) -> 38.688762 | AW14: ='Bilan 2025'!$S$13*('Bilan 2025'!$G$7+'Bilan 2025'!$G$15)/SUM('Bilan 2025'!$G$7:$G$19) -> 49.034149 | AX14: ='Bilan 2028'!$S$13*('Bilan 2028'!$G$7+'Bilan 2028'!$G$15)/SUM('Bilan 2028'!$G$7:$G$19) -> 58.793431 | AY14: ='Bilan 2030'!$S$13*('Bilan 2030'!$G$7+'Bilan 2030'!$G$15)/SUM('Bilan 2030'!$G$7:$G$19) -> 63.305328 | AZ14: ='Bilan 2033'!$S$13*('Bilan 2033'!$G$7+'Bilan 2033'!$G$15)/SUM('Bilan 2033'!$G$7:$G$19) -> 74.785707 | BA14: ='Bilan 2035'!$S$13*('Bilan 2035'!$G$7+'Bilan 2035'!$G$15)/SUM('Bilan 2035'!$G$7:$G$19) -> 82.740261 | BB14: ='Bilan 2038'!$S$13*('Bilan 2038'!$G$7+'Bilan 2038'!$G$15)/SUM('Bilan 2038'!$G$7:$G$19) -> 94.851189 | BC14: ='Bilan 2040'!$S$13*('Bilan 2040'!$G$7+'Bilan 2040'!$G$15)/SUM('Bilan 2040'!$G$7:$G$19) -> 103.17627 | BD14: ='Bilan 2045'!$S$13*('Bilan 2045'!$G$7+'Bilan 2045'!$G$15)/SUM('Bilan 2045'!$G$7:$G$19) -> 123.75327 | BE14: ='Bilan 2050'!$S$13*('Bilan 2050'!$G$7+'Bilan 2050'!$G$15)/SUM('Bilan 2050'!$G$7:$G$19) -> 142.72033 | BG14: Photovoltaïque | BH14: =IF(AT15>0,BV14/AT15,0) -> 0.073059441 | BI14: =IF(AU15>0,BW14/AU15,0) -> 0.081250264 | BJ14: =IF(AV15>0,BX14/AV15,0) -> 0.08358907 | BK14: =IF(AW15>0,BY14/AW15,0) -> 0.083200243 | BL14: =IF(AX15>0,BZ14/AX15,0) -> 0.081126116 | BM14: =IF(AY15>0,CA14/AY15,0) -> 0.079819738 | BN14: =IF(AZ15>0,CB14/AZ15,0) -> 0.073527203 | BO14: =IF(BA15>0,CC14/BA15,0) -> 0.06957983 | ... BS14: =IF(BE15>0,CG14/BE15,0) -> 0.048217012 | BU14: Photovoltaïque | BV14: ='Bilan 2015'!$E9+'Bilan 2015'!$I$13*'Bilan 2015'!$G$9/'Bilan 2015'!$H$13 -> 0.065537737 | BW14: ='Bilan 2020'!$E9+'Bilan 2020'!$I$13*'Bilan 2020'!$G$9/'Bilan 2020'!$H$13 -> 1.2164101 | BX14: ='Bilan 2023 réel'!$E9+'Bilan 2023 réel'!$I$13*'Bilan 2023 réel'!$G$9/'Bilan 2023 réel'!$H$13 -> 1.3712347 | BY14: ='Bilan 2025'!$E9+'Bilan 2025'!$I$13*'Bilan 2025'!$G$9/'Bilan 2025'!$H$13 -> 1.6654783 | BZ14: ='Bilan 2028'!$E9+'Bilan 2028'!$I$13*'Bilan 2028'!$G$9/'Bilan 2028'!$H$13 -> 1.9801485 | CA14: ='Bilan 2030'!$E9+'Bilan 2030'!$I$13*'Bilan 2030'!$G$9/'Bilan 2030'!$H$13 -> 2.1895586 | CB14: ='Bilan 2033'!$E9+'Bilan 2033'!$I$13*'Bilan 2033'!$G$9/'Bilan 2033'!$H$13 -> 2.8062679 | CC14: ='Bilan 2035'!$E9+'Bilan 2035'!$I$13*'Bilan 2035'!$G$9/'Bilan 2035'!$H$13 -> 3.1757673 | CD14: ='Bilan 2038'!$E9+'Bilan 2038'!$I$13*'Bilan 2038'!$G$9/'Bilan 2038'!$H$13 -> 3.668307 | CE14: ='Bilan 2040'!$E9+'Bilan 2040'!$I$13*'Bilan 2040'!$G$9/'Bilan 2040'!$H$13 -> 3.956082 | CF14: ='Bilan 2045'!$E9+'Bilan 2045'!$I$13*'Bilan 2045'!$G$9/'Bilan 2045'!$H$13 -> 4.5357201 | CG14: ='Bilan 2050'!$E9+'Bilan 2050'!$I$13*'Bilan 2050'!$G$9/'Bilan 2050'!$H$13 -> 4.6134218 | CJ14: Photovoltaïque | CK14: =IF(AT15>0,DA14/AT15,0) -> 0.07992104 | CL14: =IF(AU15>0,DB14/AU15,0) -> 0.087045 | CM14: =IF(AV15>0,DC14/AV15,0) -> 0.08870692 | CN14: =IF(AW15>0,DD14/AW15,0) -> 0.089854061 | CO14: =IF(AX15>0,DE14/AX15,0) -> 0.089671267 | CP14: =IF(AY15>0,DF14/AY15,0) -> 0.089556555 | CQ14: =IF(AZ15>0,DG14/AZ15,0) -> 0.089042391 | CR14: =IF(BA15>0,DH14/BA15,0) -> 0.088721272 | ... CV14: =IF(BE15>0,DL14/BE15,0) -> 0.086973825 | CX14: =CX13+1 -> 2306 | CY14: Photovoltaïque | CZ14: QMtep_losses_2306 | DA14: =+'Bilan 2015'!$K$13*'Bilan 2015'!$G$9/SUM('Bilan 2015'!$G$7:$G$19) -> 0.071692913 | DB14: =+'Bilan 2020'!$K$13*'Bilan 2020'!$G$9/SUM('Bilan 2020'!$G$7:$G$19) -> 1.303164 | DC14: =+'Bilan 2023 réel'!$K$13*'Bilan 2023 réel'!$G$9/SUM('Bilan 2023 réel'!$G$7:$G$19) -> 1.4551903 | DD14: =+'Bilan 2025'!$K$13*'Bilan 2025'!$G$9/SUM('Bilan 2025'!$G$7:$G$19) -> 1.7986725 | DE14: =+'Bilan 2028'!$K$13*'Bilan 2028'!$G$9/SUM('Bilan 2028'!$G$7:$G$19) -> 2.1887209 | DF14: =+'Bilan 2030'!$K$13*'Bilan 2030'!$G$9/SUM('Bilan 2030'!$G$7:$G$19) -> 2.4566521 | DG14: =+'Bilan 2033'!$K$13*'Bilan 2033'!$G$9/SUM('Bilan 2033'!$G$7:$G$19) -> 3.3984267 | DH14: =+'Bilan 2035'!$K$13*'Bilan 2035'!$G$9/SUM('Bilan 2035'!$G$7:$G$19) -> 4.0494223 | DI14: =+'Bilan 2038'!$K$13*'Bilan 2038'!$G$9/SUM('Bilan 2038'!$G$7:$G$19) -> 5.0468158 | DJ14: =+'Bilan 2040'!$K$13*'Bilan 2040'!$G$9/SUM('Bilan 2040'!$G$7:$G$19) -> 5.7311066 | DK14: =+'Bilan 2045'!$K$13*'Bilan 2045'!$G$9/SUM('Bilan 2045'!$G$7:$G$19) -> 7.4442857 | DL14: =+'Bilan 2050'!$K$13*'Bilan 2050'!$G$9/SUM('Bilan 2050'!$G$7:$G$19) -> 8.3216882
A15: Eolien | Q15: Autres (méthanisation, UIOM, bois, géothermie, énergie fatale) | R15: =B19 -> 3.5164878 | S15: =C19 -> 26.96575 | T15: =D19 -> 31.225951 | U15: =E19 -> 47.233969 | V15: =F19 -> 45.595495 | W15: =G19 -> 44.712404 | X15: =H19 -> 43.901829 | Y15: =I19 -> 43.428381 | ... AB15: =L19 -> 45.905763 | AC15: =M19+0.0001 -> 45.936174 | AD15: =AD14+1 -> 2307 | AE15: Photovoltaïque | AF15: ='Bilan 2015'!$S$13*'Bilan 2015'!$G$9/SUM('Bilan 2015'!$G$7:$G$19) -> 0.8970468 | AG15: ='Bilan 2020'!$S$13*'Bilan 2020'!$G$9/SUM('Bilan 2020'!$G$7:$G$19) -> 14.971153 | AH15: ='Bilan 2023 réel'!$S$13*'Bilan 2023 réel'!$G$9/SUM('Bilan 2023 réel'!$G$7:$G$19) -> 16.404473 | AI15: ='Bilan 2025'!$S$13*'Bilan 2025'!$G$9/SUM('Bilan 2025'!$G$7:$G$19) -> 20.01771 | AJ15: ='Bilan 2028'!$S$13*'Bilan 2028'!$G$9/SUM('Bilan 2028'!$G$7:$G$19) -> 24.408275 | AK15: ='Bilan 2030'!$S$13*'Bilan 2030'!$G$9/SUM('Bilan 2030'!$G$7:$G$19) -> 27.431293 | AL15: ='Bilan 2033'!$S$13*'Bilan 2033'!$G$9/SUM('Bilan 2033'!$G$7:$G$19) -> 38.16639 | AM15: ='Bilan 2035'!$S$13*'Bilan 2035'!$G$9/SUM('Bilan 2035'!$G$7:$G$19) -> 45.642068 | AN15: ='Bilan 2038'!$S$13*'Bilan 2038'!$G$9/SUM('Bilan 2038'!$G$7:$G$19) -> 57.166979 | AO15: ='Bilan 2040'!$S$13*'Bilan 2040'!$G$9/SUM('Bilan 2040'!$G$7:$G$19) -> 65.121776 | AP15: ='Bilan 2045'!$S$13*'Bilan 2045'!$G$9/SUM('Bilan 2045'!$G$7:$G$19) -> 85.180933 | AQ15: ='Bilan 2050'!$S$13*'Bilan 2050'!$G$9/SUM('Bilan 2050'!$G$7:$G$19) -> 95.680375 | AS15: Photovoltaïque | AT15: ='Bilan 2015'!$S$13*'Bilan 2015'!$G$9/SUM('Bilan 2015'!$G$7:$G$19) -> 0.8970468 | AU15: ='Bilan 2020'!$S$13*'Bilan 2020'!$G$9/SUM('Bilan 2020'!$G$7:$G$19) -> 14.971153 | AV15: ='Bilan 2023 réel'!$S$13*'Bilan 2023 réel'!$G$9/SUM('Bilan 2023 réel'!$G$7:$G$19) -> 16.404473 | AW15: ='Bilan 2025'!$S$13*'Bilan 2025'!$G$9/SUM('Bilan 2025'!$G$7:$G$19) -> 20.01771 | AX15: ='Bilan 2028'!$S$13*'Bilan 2028'!$G$9/SUM('Bilan 2028'!$G$7:$G$19) -> 24.408275 | AY15: ='Bilan 2030'!$S$13*'Bilan 2030'!$G$9/SUM('Bilan 2030'!$G$7:$G$19) -> 27.431293 | AZ15: ='Bilan 2033'!$S$13*'Bilan 2033'!$G$9/SUM('Bilan 2033'!$G$7:$G$19) -> 38.16639 | BA15: ='Bilan 2035'!$S$13*'Bilan 2035'!$G$9/SUM('Bilan 2035'!$G$7:$G$19) -> 45.642068 | BB15: ='Bilan 2038'!$S$13*'Bilan 2038'!$G$9/SUM('Bilan 2038'!$G$7:$G$19) -> 57.166979 | BC15: ='Bilan 2040'!$S$13*'Bilan 2040'!$G$9/SUM('Bilan 2040'!$G$7:$G$19) -> 65.121776 | BD15: ='Bilan 2045'!$S$13*'Bilan 2045'!$G$9/SUM('Bilan 2045'!$G$7:$G$19) -> 85.180933 | BE15: ='Bilan 2050'!$S$13*'Bilan 2050'!$G$9/SUM('Bilan 2050'!$G$7:$G$19) -> 95.680375 | BG15: Hydroélectricité & énergie marine | BH15: =IF(AT16>0,BV15/AT16,0) -> 0.073059441 | BI15: =IF(AU16>0,BW15/AU16,0) -> 0.081250264 | BJ15: =IF(AV16>0,BX15/AV16,0) -> 0.08358907 | BK15: =IF(AW16>0,BY15/AW16,0) -> 0.083200243 | BL15: =IF(AX16>0,BZ15/AX16,0) -> 0.081126116 | BM15: =IF(AY16>0,CA15/AY16,0) -> 0.079819738 | BN15: =IF(AZ16>0,CB15/AZ16,0) -> 0.073527203 | BO15: =IF(BA16>0,CC15/BA16,0) -> 0.06957983 | ... BS15: =IF(BE16>0,CG15/BE16,0) -> 0.048217012 | BU15: Hydroélectricité & énergie marine | BV15: ='Bilan 2015'!$E$8+'Bilan 2015'!$I$13*'Bilan 2015'!$G$8/'Bilan 2015'!$H$13 -> 0.18171827 | BW15: ='Bilan 2020'!$E$8+'Bilan 2020'!$I$13*'Bilan 2020'!$G$8/'Bilan 2020'!$H$13 -> 3.3727736 | BX15: ='Bilan 2023 réel'!$E$8+'Bilan 2023 réel'!$I$13*'Bilan 2023 réel'!$G$8/'Bilan 2023 réel'!$H$13 -> 3.9004683 | BY15: ='Bilan 2025'!$E$8+'Bilan 2025'!$I$13*'Bilan 2025'!$G$8/'Bilan 2025'!$H$13 -> 3.9074683 | BZ15: ='Bilan 2028'!$E$8+'Bilan 2028'!$I$13*'Bilan 2028'!$G$8/'Bilan 2028'!$H$13 -> 3.7746581 | CA15: ='Bilan 2030'!$E$8+'Bilan 2030'!$I$13*'Bilan 2030'!$G$8/'Bilan 2030'!$H$13 -> 3.7100854 | CB15: ='Bilan 2033'!$E$8+'Bilan 2033'!$I$13*'Bilan 2033'!$G$8/'Bilan 2033'!$H$13 -> 3.5222704 | CC15: ='Bilan 2035'!$E$8+'Bilan 2035'!$I$13*'Bilan 2035'!$G$8/'Bilan 2035'!$H$13 -> 3.3986282 | CD15: ='Bilan 2038'!$E$8+'Bilan 2038'!$I$13*'Bilan 2038'!$G$8/'Bilan 2038'!$H$13 -> 3.2150391 | CE15: ='Bilan 2040'!$E$8+'Bilan 2040'!$I$13*'Bilan 2040'!$G$8/'Bilan 2040'!$H$13 -> 3.093859 | CF15: ='Bilan 2045'!$E$8+'Bilan 2045'!$I$13*'Bilan 2045'!$G$8/'Bilan 2045'!$H$13 -> 2.7947367 | CG15: ='Bilan 2050'!$E$8+'Bilan 2050'!$I$13*'Bilan 2050'!$G$8/'Bilan 2050'!$H$13 -> 2.5583521 | CJ15: Hydroélectricité & énergie marine | CK15: =IF(AT16>0,DA15/AT16,0) -> 0.07992104 | CL15: =IF(AU16>0,DB15/AU16,0) -> 0.087045 | CM15: =IF(AV16>0,DC15/AV16,0) -> 0.08870692 | CN15: =IF(AW16>0,DD15/AW16,0) -> 0.089854061 | CO15: =IF(AX16>0,DE15/AX16,0) -> 0.089671267 | CP15: =IF(AY16>0,DF15/AY16,0) -> 0.089556555 | CQ15: =IF(AZ16>0,DG15/AZ16,0) -> 0.089042391 | CR15: =IF(BA16>0,DH15/BA16,0) -> 0.088721272 | ... CV15: =IF(BE16>0,DL15/BE16,0) -> 0.086973825 | CX15: =CX14+1 -> 2307 | CY15: Hydroélectricité & énergie marine | CZ15: QMtep_losses_2307 | DA15: ='Bilan 2015'!$K$13*'Bilan 2015'!$G$8/SUM('Bilan 2015'!$G$7:$G$19) -> 0.1987849 | DB15: ='Bilan 2020'!$K$13*'Bilan 2020'!$G$8/SUM('Bilan 2020'!$G$7:$G$19) -> 3.6133184 | DC15: ='Bilan 2023 réel'!$K$13*'Bilan 2023 réel'!$G$8/SUM('Bilan 2023 réel'!$G$7:$G$19) -> 4.1392795 | DD15: ='Bilan 2025'!$K$13*'Bilan 2025'!$G$8/SUM('Bilan 2025'!$G$7:$G$19) -> 4.2199624 | DE15: ='Bilan 2028'!$K$13*'Bilan 2028'!$G$8/SUM('Bilan 2028'!$G$7:$G$19) -> 4.1722492 | DF15: ='Bilan 2030'!$K$13*'Bilan 2030'!$G$8/SUM('Bilan 2030'!$G$7:$G$19) -> 4.1626605 | DG15: ='Bilan 2033'!$K$13*'Bilan 2033'!$G$8/SUM('Bilan 2033'!$G$7:$G$19) -> 4.2655149 | DH15: ='Bilan 2035'!$K$13*'Bilan 2035'!$G$8/SUM('Bilan 2035'!$G$7:$G$19) -> 4.3335923 | DI15: ='Bilan 2038'!$K$13*'Bilan 2038'!$G$8/SUM('Bilan 2038'!$G$7:$G$19) -> 4.423215 | DJ15: ='Bilan 2040'!$K$13*'Bilan 2040'!$G$8/SUM('Bilan 2040'!$G$7:$G$19) -> 4.4820193 | DK15: ='Bilan 2045'!$K$13*'Bilan 2045'!$G$8/SUM('Bilan 2045'!$G$7:$G$19) -> 4.5868831 | DL15: ='Bilan 2050'!$K$13*'Bilan 2050'!$G$8/SUM('Bilan 2050'!$G$7:$G$19) -> 4.6147544
A16: Energies marines | Q16: Gaz et chaleur | R16: =SUM(R17:R22) -> 45.352679 | S16: =SUM(S17:S22) -> 514.0122 | T16: =SUM(T17:T22) -> 494.71473 | U16: =SUM(U17:U22) -> 521.21681 | V16: =SUM(V17:V22) -> 519.19539 | W16: =SUM(W17:W22) -> 518.30569 | X16: =SUM(X17:X22) -> 523.20981 | Y16: =SUM(Y17:Y22) -> 526.60209 | ... AC16: =SUM(AC17:AC22) -> 529.2429 | AD16: =AD15+1 -> 2308 | AE16: Hydroélectricité & énergie marine | AF16: ='Bilan 2015'!$S$13*'Bilan 2015'!$G$8/SUM('Bilan 2015'!$G$7:$G$19) -> 2.4872661 | AG16: ='Bilan 2020'!$S$13*'Bilan 2020'!$G$8/SUM('Bilan 2020'!$G$7:$G$19) -> 41.510924 | AH16: ='Bilan 2023 réel'!$S$13*'Bilan 2023 réel'!$G$8/SUM('Bilan 2023 réel'!$G$7:$G$19) -> 46.66242 | AI16: ='Bilan 2025'!$S$13*'Bilan 2025'!$G$8/SUM('Bilan 2025'!$G$7:$G$19) -> 46.964626 | AJ16: ='Bilan 2028'!$S$13*'Bilan 2028'!$G$8/SUM('Bilan 2028'!$G$7:$G$19) -> 46.528273 | AK16: ='Bilan 2030'!$S$13*'Bilan 2030'!$G$8/SUM('Bilan 2030'!$G$7:$G$19) -> 46.480802 | AL16: ='Bilan 2033'!$S$13*'Bilan 2033'!$G$8/SUM('Bilan 2033'!$G$7:$G$19) -> 47.904317 | AM16: ='Bilan 2035'!$S$13*'Bilan 2035'!$G$8/SUM('Bilan 2035'!$G$7:$G$19) -> 48.84502 | AN16: ='Bilan 2038'!$S$13*'Bilan 2038'!$G$8/SUM('Bilan 2038'!$G$7:$G$19) -> 50.103243 | AO16: ='Bilan 2040'!$S$13*'Bilan 2040'!$G$8/SUM('Bilan 2040'!$G$7:$G$19) -> 50.928569 | AP16: ='Bilan 2045'!$S$13*'Bilan 2045'!$G$8/SUM('Bilan 2045'!$G$7:$G$19) -> 52.485221 | AQ16: ='Bilan 2050'!$S$13*'Bilan 2050'!$G$8/SUM('Bilan 2050'!$G$7:$G$19) -> 53.059117 | AS16: Hydroélectricité & énergie marine | AT16: ='Bilan 2015'!$S$13*'Bilan 2015'!$G$8/SUM('Bilan 2015'!$G$7:$G$19) -> 2.4872661 | AU16: ='Bilan 2020'!$S$13*'Bilan 2020'!$G$8/SUM('Bilan 2020'!$G$7:$G$19) -> 41.510924 | AV16: ='Bilan 2023 réel'!$S$13*'Bilan 2023 réel'!$G$8/SUM('Bilan 2023 réel'!$G$7:$G$19) -> 46.66242 | AW16: ='Bilan 2025'!$S$13*'Bilan 2025'!$G$8/SUM('Bilan 2025'!$G$7:$G$19) -> 46.964626 | AX16: ='Bilan 2028'!$S$13*'Bilan 2028'!$G$8/SUM('Bilan 2028'!$G$7:$G$19) -> 46.528273 | AY16: ='Bilan 2030'!$S$13*'Bilan 2030'!$G$8/SUM('Bilan 2030'!$G$7:$G$19) -> 46.480802 | AZ16: ='Bilan 2033'!$S$13*'Bilan 2033'!$G$8/SUM('Bilan 2033'!$G$7:$G$19) -> 47.904317 | BA16: ='Bilan 2035'!$S$13*'Bilan 2035'!$G$8/SUM('Bilan 2035'!$G$7:$G$19) -> 48.84502 | BB16: ='Bilan 2038'!$S$13*'Bilan 2038'!$G$8/SUM('Bilan 2038'!$G$7:$G$19) -> 50.103243 | BC16: ='Bilan 2040'!$S$13*'Bilan 2040'!$G$8/SUM('Bilan 2040'!$G$7:$G$19) -> 50.928569 | BD16: ='Bilan 2045'!$S$13*'Bilan 2045'!$G$8/SUM('Bilan 2045'!$G$7:$G$19) -> 52.485221 | BE16: ='Bilan 2050'!$S$13*'Bilan 2050'!$G$8/SUM('Bilan 2050'!$G$7:$G$19) -> 53.059117 | BG16: Autres (UIOM, bois, géothermie, énergie fatale, PAC aérothermique) | BH16: =IF(AT17>0,BV16/AT17,0) -> 4.4063575 | BI16: =IF(AU17>0,BW16/AU17,0) -> 4.2674127 | BJ16: =IF(AV17>0,BX16/AV17,0) -> 4.3300319 | BK16: =IF(AW17>0,BY16/AW17,0) -> 3.5225323 | BL16: =IF(AX17>0,BZ16/AX17,0) -> 2.8584002 | BM16: =IF(AY17>0,CA16/AY17,0) -> 2.5019958 | BN16: =IF(AZ17>0,CB16/AZ17,0) -> 2.2740499 | BO16: =IF(BA17>0,CC16/BA17,0) -> 2.138204 | ... BS16: =IF(BE17>0,CG16/BE17,0) -> 1.200052 | BU16: Autres (méthanisation, UIOM, bois, géothermie, énergie fatale, PAC aérothermique) | BV16: =SUM('Bilan 2015'!$E$12:$E$16)+'Bilan 2015'!$I$13*SUM('Bilan 2015'!$G$12:$G$16)/'Bilan 2015'!$H$13 -> 2.7390443 | BW16: =SUM('Bilan 2020'!$E$12:$E$16)+'Bilan 2020'!$I$13*SUM('Bilan 2020'!$G$12:$G$16)/'Bilan 2020'!$H$13 -> 21.056677 | BX16: =SUM('Bilan 2023 réel'!$E$12:$E$16)+'Bilan 2023 réel'!$I$13*SUM('Bilan 2023 réel'!$G$12:$G$16)/'Bilan 2023 réel'!$H$13 -> 24.389913 | BY16: =SUM('Bilan 2025'!$E$12:$E$16)+'Bilan 2025'!$I$13*SUM('Bilan 2025'!$G$12:$G$16)/'Bilan 2025'!$H$13 -> 34.959359 | BZ16: =SUM('Bilan 2028'!$E$12:$E$16)+'Bilan 2028'!$I$13*SUM('Bilan 2028'!$G$12:$G$16)/'Bilan 2028'!$H$13 -> 31.726469 | CA16: =SUM('Bilan 2030'!$E$12:$E$16)+'Bilan 2030'!$I$13*SUM('Bilan 2030'!$G$12:$G$16)/'Bilan 2030'!$H$13 -> 29.803265 | CB16: =SUM('Bilan 2033'!$E$12:$E$16)+'Bilan 2033'!$I$13*SUM('Bilan 2033'!$G$12:$G$16)/'Bilan 2033'!$H$13 -> 28.60265 | CC16: =SUM('Bilan 2035'!$E$12:$E$16)+'Bilan 2035'!$I$13*SUM('Bilan 2035'!$G$12:$G$16)/'Bilan 2035'!$H$13 -> 27.864171 | CD16: =SUM('Bilan 2038'!$E$12:$E$16)+'Bilan 2038'!$I$13*SUM('Bilan 2038'!$G$12:$G$16)/'Bilan 2038'!$H$13 -> 27.026495 | CE16: =SUM('Bilan 2040'!$E$12:$E$16)+'Bilan 2040'!$I$13*SUM('Bilan 2040'!$G$12:$G$16)/'Bilan 2040'!$H$13 -> 26.508649 | CF16: =SUM('Bilan 2045'!$E$12:$E$16)+'Bilan 2045'!$I$13*SUM('Bilan 2045'!$G$12:$G$16)/'Bilan 2045'!$H$13 -> 25.098426 | CG16: =SUM('Bilan 2050'!$E$12:$E$16)+'Bilan 2050'!$I$13*SUM('Bilan 2050'!$G$12:$G$16)/'Bilan 2050'!$H$13 -> 23.858882 | CJ16: Autres (UIOM, bois, géothermie, énergie fatale, PAC aérothermique) | CK16: =IF(AT17>0,DA16/AT17,0) -> 0.07992104 | CL16: =IF(AU17>0,DB16/AU17,0) -> 0.087045 | CM16: =IF(AV17>0,DC16/AV17,0) -> 0.08870692 | CN16: =IF(AW17>0,DD16/AW17,0) -> 0.089854061 | CO16: =IF(AX17>0,DE16/AX17,0) -> 0.089671267 | CP16: =IF(AY17>0,DF16/AY17,0) -> 0.089556555 | CQ16: =IF(AZ17>0,DG16/AZ17,0) -> 0.089042391 | CR16: =IF(BA17>0,DH16/BA17,0) -> 0.088721272 | ... CV16: =IF(BE17>0,DL16/BE17,0) -> 0.086973825 | CX16: =CX15+1 -> 2308 | CY16: Autres (UIOM, bois, géothermie, énergie fatale, PAC aérothermique) | CZ16: QMtep_losses_2308 | DA16: ='Bilan 2015'!$K$13*SUM('Bilan 2015'!$G$12:$G$16)/SUM('Bilan 2015'!$G$7:$G$19) -> 0.04967987 | DB16: ='Bilan 2020'!$K$13*SUM('Bilan 2020'!$G$12:$G$16)/SUM('Bilan 2020'!$G$7:$G$19) -> 0.42950579 | DC16: ='Bilan 2023 réel'!$K$13*SUM('Bilan 2023 réel'!$G$12:$G$16)/SUM('Bilan 2023 réel'!$G$7:$G$19) -> 0.49966239 | DD16: ='Bilan 2025'!$K$13*SUM('Bilan 2025'!$G$12:$G$16)/SUM('Bilan 2025'!$G$7:$G$19) -> 0.89175629 | DE16: ='Bilan 2028'!$K$13*SUM('Bilan 2028'!$G$12:$G$16)/SUM('Bilan 2028'!$G$7:$G$19) -> 0.99529543 | DF16: ='Bilan 2030'!$K$13*SUM('Bilan 2030'!$G$12:$G$16)/SUM('Bilan 2030'!$G$7:$G$19) -> 1.0667795 | DG16: ='Bilan 2033'!$K$13*SUM('Bilan 2033'!$G$12:$G$16)/SUM('Bilan 2033'!$G$7:$G$19) -> 1.1199615 | DH16: ='Bilan 2035'!$K$13*SUM('Bilan 2035'!$G$12:$G$16)/SUM('Bilan 2035'!$G$7:$G$19) -> 1.1561782 | DI16: ='Bilan 2038'!$K$13*SUM('Bilan 2038'!$G$12:$G$16)/SUM('Bilan 2038'!$G$7:$G$19) -> 1.3757456 | DJ16: ='Bilan 2040'!$K$13*SUM('Bilan 2040'!$G$12:$G$16)/SUM('Bilan 2040'!$G$7:$G$19) -> 1.5267174 | DK16: ='Bilan 2045'!$K$13*SUM('Bilan 2045'!$G$12:$G$16)/SUM('Bilan 2045'!$G$7:$G$19) -> 1.6249268 | DL16: ='Bilan 2050'!$K$13*SUM('Bilan 2050'!$G$12:$G$16)/SUM('Bilan 2050'!$G$7:$G$19) -> 1.7291736
A17: Photovoltaïque | B17: ='Bilan 2015'!$C9 -> 1.1874648 | C17: ='Bilan 2020'!$C9 -> 19.145134 | D17: ='Bilan 2023 réel'!$C9*(1-SUM('Bilan 2023 réel'!$M$13:$P$13)/'Bilan 2023 réel'!$D$13) -> 21.280149 | E17: ='Bilan 2025'!$C9 -> 26.423369 | F17: ='Bilan 2028'!$C9*(1-SUM('Bilan 2028'!$M$13:$P$13)/'Bilan 2028'!$D$13) -> 32.482208 | G17: ='Bilan 2030'!$C9*(1-SUM('Bilan 2030'!$M$13:$P$13)/'Bilan 2030'!$D$13) -> 36.527369 | H17: ='Bilan 2033'!$C9*(1-SUM('Bilan 2033'!$M$13:$P$13)/'Bilan 2033'!$D$13) -> 49.243348 | I17: ='Bilan 2035'!$C9*(1-SUM('Bilan 2035'!$M$13:$P$13)/'Bilan 2035'!$D$13) -> 57.709684 | J17: ='Bilan 2038'!$C9*(1-SUM('Bilan 2038'!$M$13:$P$13)/'Bilan 2038'!$D$13) -> 70.395633 | K17: ='Bilan 2040'!$C9*(1-SUM('Bilan 2040'!$M$13:$P$13)/'Bilan 2040'!$D$13) -> 78.84496 | L17: ='Bilan 2045'!$C9*(1-SUM('Bilan 2045'!$M$13:$P$13)/'Bilan 2045'!$D$13) -> 99.941718 | M17: ='Bilan 2050'!$C9*(1-SUM('Bilan 2050'!$M$13:$P$13)/'Bilan 2050'!$D$13) -> 110.97142 | Q17: Gaz naturel (réseau de gaz et de chaleur) | R17: =B29 -> 31.150146 | S17: =C29 -> 351.08177 | T17: =D29 -> 296.66981 | U17: =E29 -> 344.97012 | V17: =F29 -> 333.80757 | W17: =G29 -> 326.30781 | X17: =H29 -> 321.42991 | Y17: =I29 -> 318.11286 | ... AC17: =M29 -> 300.43979 | AE17: Autres (UIOM, bois, géothermie, énergie fatale, PAC aérothermique) | AF17: ='Bilan 2015'!$S$13*SUM('Bilan 2015'!$G$12:$G$14,'Bilan 2015'!$G$16)/SUM('Bilan 2015'!$G$7:$G$19) -> 0.62161191 | AG17: ='Bilan 2020'!$S$13*SUM('Bilan 2020'!$G$12:$G$14,'Bilan 2020'!$G$16)/SUM('Bilan 2020'!$G$7:$G$19) -> 4.9342959 | AH17: ='Bilan 2023 réel'!$S$13*SUM('Bilan 2023 réel'!$G$12:$G$14,'Bilan 2023 réel'!$G$16)/SUM('Bilan 2023 réel'!$G$7:$G$19) -> 5.6327329 | AI17: ='Bilan 2025'!$S$13*SUM('Bilan 2025'!$G$12:$G$14,'Bilan 2025'!$G$16)/SUM('Bilan 2025'!$G$7:$G$19) -> 9.9244962 | AJ17: ='Bilan 2028'!$S$13*SUM('Bilan 2028'!$G$12:$G$14,'Bilan 2028'!$G$16)/SUM('Bilan 2028'!$G$7:$G$19) -> 11.09938 | AK17: ='Bilan 2030'!$S$13*SUM('Bilan 2030'!$G$12:$G$14,'Bilan 2030'!$G$16)/SUM('Bilan 2030'!$G$7:$G$19) -> 11.911797 | AL17: ='Bilan 2033'!$S$13*SUM('Bilan 2033'!$G$12:$G$14,'Bilan 2033'!$G$16)/SUM('Bilan 2033'!$G$7:$G$19) -> 12.577846 | AM17: ='Bilan 2035'!$S$13*SUM('Bilan 2035'!$G$12:$G$14,'Bilan 2035'!$G$16)/SUM('Bilan 2035'!$G$7:$G$19) -> 13.031578 | AN17: ='Bilan 2038'!$S$13*SUM('Bilan 2038'!$G$12:$G$14,'Bilan 2038'!$G$16)/SUM('Bilan 2038'!$G$7:$G$19) -> 15.583533 | AO17: ='Bilan 2040'!$S$13*SUM('Bilan 2040'!$G$12:$G$14,'Bilan 2040'!$G$16)/SUM('Bilan 2040'!$G$7:$G$19) -> 17.34788 | AP17: ='Bilan 2045'!$S$13*SUM('Bilan 2045'!$G$12:$G$14,'Bilan 2045'!$G$16)/SUM('Bilan 2045'!$G$7:$G$19) -> 18.593158 | AQ17: ='Bilan 2050'!$S$13*SUM('Bilan 2050'!$G$12:$G$14,'Bilan 2050'!$G$16)/SUM('Bilan 2050'!$G$7:$G$19) -> 19.88154 | AS17: Autres (UIOM, bois, géothermie, énergie fatale, PAC aérothermique) | AT17: ='Bilan 2015'!$S$13*SUM('Bilan 2015'!$G$12:$G$14,'Bilan 2015'!$G$16)/SUM('Bilan 2015'!$G$7:$G$19) -> 0.62161191 | AU17: ='Bilan 2020'!$S$13*SUM('Bilan 2020'!$G$12:$G$14,'Bilan 2020'!$G$16)/SUM('Bilan 2020'!$G$7:$G$19) -> 4.9342959 | AV17: ='Bilan 2023 réel'!$S$13*SUM('Bilan 2023 réel'!$G$12:$G$14,'Bilan 2023 réel'!$G$16)/SUM('Bilan 2023 réel'!$G$7:$G$19) -> 5.6327329 | AW17: ='Bilan 2025'!$S$13*SUM('Bilan 2025'!$G$12:$G$14,'Bilan 2025'!$G$16)/SUM('Bilan 2025'!$G$7:$G$19) -> 9.9244962 | AX17: ='Bilan 2028'!$S$13*SUM('Bilan 2028'!$G$12:$G$14,'Bilan 2028'!$G$16)/SUM('Bilan 2028'!$G$7:$G$19) -> 11.09938 | AY17: ='Bilan 2030'!$S$13*SUM('Bilan 2030'!$G$12:$G$14,'Bilan 2030'!$G$16)/SUM('Bilan 2030'!$G$7:$G$19) -> 11.911797 | AZ17: ='Bilan 2033'!$S$13*SUM('Bilan 2033'!$G$12:$G$14,'Bilan 2033'!$G$16)/SUM('Bilan 2033'!$G$7:$G$19) -> 12.577846 | BA17: ='Bilan 2035'!$S$13*SUM('Bilan 2035'!$G$12:$G$14,'Bilan 2035'!$G$16)/SUM('Bilan 2035'!$G$7:$G$19) -> 13.031578 | BB17: ='Bilan 2038'!$S$13*SUM('Bilan 2038'!$G$12:$G$14,'Bilan 2038'!$G$16)/SUM('Bilan 2038'!$G$7:$G$19) -> 15.583533 | BC17: ='Bilan 2040'!$S$13*SUM('Bilan 2040'!$G$12:$G$14,'Bilan 2040'!$G$16)/SUM('Bilan 2040'!$G$7:$G$19) -> 17.34788 | BD17: ='Bilan 2045'!$S$13*SUM('Bilan 2045'!$G$12:$G$14,'Bilan 2045'!$G$16)/SUM('Bilan 2045'!$G$7:$G$19) -> 18.593158 | BE17: ='Bilan 2050'!$S$13*SUM('Bilan 2050'!$G$12:$G$14,'Bilan 2050'!$G$16)/SUM('Bilan 2050'!$G$7:$G$19) -> 19.88154 | BG17: Gaz naturel (réseau de gaz et de chaleur) | BH17: =IF(AT19>0,BV17/AT19,0) -> 0.037010102 | BI17: =IF(AU19>0,BW17/AU19,0) -> 0.024778777 | BJ17: =IF(AV19>0,BX17/AV19,0) -> 0.022924905 | BK17: =IF(AW19>0,BY17/AW19,0) -> 0.022778493 | BL17: =IF(AX19>0,BZ17/AX19,0) -> 0.022550332 | BM17: =IF(AY19>0,CA17/AY19,0) -> 0.022431549 | BN17: =IF(AZ19>0,CB17/AZ19,0) -> 0.022292087 | BO17: =IF(BA19>0,CC17/BA19,0) -> 0.022205284 | ... BS17: =IF(BE19>0,CG17/BE19,0) -> 0.021215699 | BU17: Gaz naturel (réseau de gaz et de chaleur) | BV17: ='Bilan 2015'!$E$24+'Bilan 2015'!$E32+'Bilan 2015'!$E$45 -> 1.0912391 | BW17: ='Bilan 2020'!$E$24+'Bilan 2020'!$E32+'Bilan 2020'!$E$45 -> 8.3578458 | BX17: ='Bilan 2023 réel'!$E$24+'Bilan 2023 réel'!$E32+'Bilan 2023 réel'!$E$45 -> 6.5343831 | BY17: ='Bilan 2025'!$E$24+'Bilan 2025'!$E32+'Bilan 2025'!$E$45 -> 7.5530646 | BZ17: ='Bilan 2028'!$E$24+'Bilan 2028'!$E32+'Bilan 2028'!$E$45 -> 7.2296544 | CA17: ='Bilan 2030'!$E$24+'Bilan 2030'!$E32+'Bilan 2030'!$E$45 -> 7.0264757 | CB17: ='Bilan 2033'!$E$24+'Bilan 2033'!$E32+'Bilan 2033'!$E$45 -> 6.8489997 | CC17: ='Bilan 2035'!$E$24+'Bilan 2035'!$E32+'Bilan 2035'!$E$45 -> 6.7318515 | CD17: ='Bilan 2038'!$E$24+'Bilan 2038'!$E32+'Bilan 2038'!$E$45 -> 6.5656295 | CE17: ='Bilan 2040'!$E$24+'Bilan 2040'!$E32+'Bilan 2040'!$E$45 -> 6.455635 | CF17: ='Bilan 2045'!$E$24+'Bilan 2045'!$E32+'Bilan 2045'!$E$45 -> 6.1876653 | CG17: ='Bilan 2050'!$E$24+'Bilan 2050'!$E32+'Bilan 2050'!$E$45 -> 5.928347 | CJ17: Gaz naturel (réseau de gaz et de chaleur) | CK17: =IF(AT19>0,DA17/AT19,0) -> 0.019467833 | CL17: =IF(AU19>0,DB17/AU19,0) -> 0.016084753 | CM17: =IF(AV19>0,DC17/AV19,0) -> 0.017896722 | CN17: =IF(AW19>0,DD17/AW19,0) -> 0.016027396 | CO17: =IF(AX19>0,DE17/AX19,0) -> 0.016014963 | CP17: =IF(AY19>0,DF17/AY19,0) -> 0.016009432 | CQ17: =IF(AZ19>0,DG17/AZ19,0) -> 0.016084765 | CR17: =IF(BA19>0,DH17/BA19,0) -> 0.016138233 | ... CV17: =IF(BE19>0,DL17/BE19,0) -> 0.017933219 | CX17: 2401 | CY17: Gaz naturel (réseau de gaz et de chaleur) | CZ17: QMtep_losses_2401 | DA17: ='Bilan 2015'!$K$24+'Bilan 2015'!$K$30*'Bilan 2015'!$G$32/'Bilan 2015'!$H$30 -> 0.57400711 | DB17: ='Bilan 2020'!$K$24+'Bilan 2020'!$K$30*'Bilan 2020'!$G$32/'Bilan 2020'!$H$30 -> 5.425364 | DC17: ='Bilan 2023 réel'!$K$24+'Bilan 2023 réel'!$K$30*'Bilan 2023 réel'!$G$32/'Bilan 2023 réel'!$H$30 -> 5.1011787 | DD17: ='Bilan 2025'!$K$24+'Bilan 2025'!$K$30*'Bilan 2025'!$G$32/'Bilan 2025'!$H$30 -> 5.3144847 | DE17: ='Bilan 2028'!$K$24+'Bilan 2028'!$K$30*'Bilan 2028'!$G$32/'Bilan 2028'!$H$30 -> 5.13441 | DF17: ='Bilan 2030'!$K$24+'Bilan 2030'!$K$30*'Bilan 2030'!$G$32/'Bilan 2030'!$H$30 -> 5.014807 | DG17: ='Bilan 2033'!$K$24+'Bilan 2033'!$K$30*'Bilan 2033'!$G$32/'Bilan 2033'!$H$30 -> 4.9418679 | DH17: ='Bilan 2035'!$K$24+'Bilan 2035'!$K$30*'Bilan 2035'!$G$32/'Bilan 2035'!$H$30 -> 4.8925375 | DI17: ='Bilan 2038'!$K$24+'Bilan 2038'!$K$30*'Bilan 2038'!$G$32/'Bilan 2038'!$H$30 -> 4.8740588 | DJ17: ='Bilan 2040'!$K$24+'Bilan 2040'!$K$30*'Bilan 2040'!$G$32/'Bilan 2040'!$H$30 -> 4.8607336 | DK17: ='Bilan 2045'!$K$24+'Bilan 2045'!$K$30*'Bilan 2045'!$G$32/'Bilan 2045'!$H$30 -> 4.7770927 | DL17: ='Bilan 2050'!$K$24+'Bilan 2050'!$K$30*'Bilan 2050'!$G$32/'Bilan 2050'!$H$30 -> 5.0111169
A18: Hydroélectricité & énergie marine | B18: ='Bilan 2015'!$C8 -> 3.292516 | C18: ='Bilan 2020'!$C8 -> 53.084236 | D18: ='Bilan 2023 réel'!$C8*(1-SUM('Bilan 2023 réel'!$M$13:$P$13)/'Bilan 2023 réel'!$D$13) -> 60.531248 | E18: ='Bilan 2025'!$C8 -> 61.993288 | F18: ='Bilan 2028'!$C8*(1-SUM('Bilan 2028'!$M$13:$P$13)/'Bilan 2028'!$D$13) -> 61.919209 | G18: ='Bilan 2030'!$C8*(1-SUM('Bilan 2030'!$M$13:$P$13)/'Bilan 2030'!$D$13) -> 61.893597 | H18: ='Bilan 2033'!$C8*(1-SUM('Bilan 2033'!$M$13:$P$13)/'Bilan 2033'!$D$13) -> 61.807494 | I18: ='Bilan 2035'!$C8*(1-SUM('Bilan 2035'!$M$13:$P$13)/'Bilan 2035'!$D$13) -> 61.759486 | J18: ='Bilan 2038'!$C8*(1-SUM('Bilan 2038'!$M$13:$P$13)/'Bilan 2038'!$D$13) -> 61.697322 | K18: ='Bilan 2040'!$C8*(1-SUM('Bilan 2040'!$M$13:$P$13)/'Bilan 2040'!$D$13) -> 61.660802 | L18: ='Bilan 2045'!$C8*(1-SUM('Bilan 2045'!$M$13:$P$13)/'Bilan 2045'!$D$13) -> 61.580251 | M18: ='Bilan 2050'!$C8*(1-SUM('Bilan 2050'!$M$13:$P$13)/'Bilan 2050'!$D$13) -> 61.538699 | Q18: Bois énergie direct et réseau chaleur | R18: =B30 -> 7.8830797 | S18: =C30 -> 97.138026 | T18: =D30 -> 101.94648 | U18: =E30 -> 109.80664 | V18: =F30 -> 113.30866 | W18: =G30 -> 115.72167 | X18: =H30 -> 121.08025 | Y18: =I30 -> 124.68537 | ... AC18: =M30 -> 129.09463 | AD18: 2401 | AE18: Gaz et chaleur | AF18: =SUM(AF19:AF26) -> 41.069671 | AG18: =SUM(AG19:AG26) -> 481.16126 | AH18: =SUM(AH19:AH26) -> 465.90466 | AI18: =SUM(AI19:AI26) -> 489.08439 | AJ18: =SUM(AJ19:AJ26) -> 487.99425 | AK18: =SUM(AK19:AK26) -> 487.48754 | AL18: =SUM(AL19:AL26) -> 492.20905 | AM18: =SUM(AM19:AM26) -> 495.47069 | ... AQ18: =SUM(AQ19:AQ26) -> 495.56377 | AS18: Gaz et chaleur | AT18: =SUM(AT19:AT26) -> 42.181257 | AU18: =SUM(AU19:AU26) -> 493.1992 | AV18: =SUM(AV19:AV26) -> 475.93032 | AW18: =SUM(AW19:AW26) -> 501.63303 | AX18: =SUM(AX19:AX26) -> 500.46799 | AY18: =SUM(AY19:AY26) -> 499.90883 | AZ18: =SUM(AZ19:AZ26) -> 504.92504 | BA18: =SUM(BA19:BA26) -> 508.38389 | ... BE18: =SUM(BE19:BE26) -> 510.68616 | BG18: Bois énergie direct et réseau chaleur | BH18: =IF(AT20>0,BV18/AT20,0) -> 0.01117113 | BI18: =IF(AU20>0,BW18/AU20,0) -> 0.010046591 | BJ18: =IF(AV20>0,BX18/AV20,0) -> 0.012639778 | BK18: =IF(AW20>0,BY18/AW20,0) -> 0.015277912 | BL18: =IF(AX20>0,BZ18/AX20,0) -> 0.013158983 | BM18: =IF(AY20>0,CA18/AY20,0) -> 0.011915238 | BN18: =IF(AZ20>0,CB18/AZ20,0) -> 0.010857976 | BO18: =IF(BA20>0,CC18/BA20,0) -> 0.010215753 | ... BS18: =IF(BE20>0,CG18/BE20,0) -> 0.0081305236 | BU18: Bois énergie direct et réseau chaleur | BV18: ='Bilan 2015'!$E29+'Bilan 2015'!$E37 -> 0.086368536 | BW18: ='Bilan 2020'!$E29+'Bilan 2020'!$E37 -> 0.96015245 | BX18: ='Bilan 2023 réel'!$E29+'Bilan 2023 réel'!$E37 -> 1.2604143 | BY18: ='Bilan 2025'!$E29+'Bilan 2025'!$E37 -> 1.6373251 | BZ18: ='Bilan 2028'!$E29+'Bilan 2028'!$E37 -> 1.4591863 | CA18: ='Bilan 2030'!$E29+'Bilan 2030'!$E37 -> 1.3515924 | CB18: ='Bilan 2033'!$E29+'Bilan 2033'!$E37 -> 1.2907077 | CC18: ='Bilan 2035'!$E29+'Bilan 2035'!$E37 -> 1.2517158 | CD18: ='Bilan 2038'!$E29+'Bilan 2038'!$E37 -> 1.2019908 | CE18: ='Bilan 2040'!$E29+'Bilan 2040'!$E37 -> 1.1700556 | CF18: ='Bilan 2045'!$E29+'Bilan 2045'!$E37 -> 1.0975144 | CG18: ='Bilan 2050'!$E29+'Bilan 2050'!$E37 -> 1.0341983 | CJ18: Bois énergie direct et réseau chaleur | CK18: =IF(AT20>0,DA18/AT20,0) -> 0.0084468233 | CL18: =IF(AU20>0,DB18/AU20,0) -> 0.0063607599 | CM18: =IF(AV20>0,DC18/AV20,0) -> 0.0097073239 | CN18: =IF(AW20>0,DD18/AW20,0) -> 0.0093136469 | CO18: =IF(AX20>0,DE18/AX20,0) -> 0.0086617373 | CP18: =IF(AY20>0,DF18/AY20,0) -> 0.0082526836 | CQ18: =IF(AZ20>0,DG18/AZ20,0) -> 0.00772 | CR18: =IF(BA20>0,DH18/BA20,0) -> 0.0073913994 | ... CV18: =IF(BE20>0,DL18/BE20,0) -> 0.0067685669 | CX18: =CX17+1 -> 2402 | CY18: Bois énergie direct et réseau chaleur | CZ18: QMtep_losses_2402 | DA18: ='Bilan 2015'!$K$30*'Bilan 2015'!$G$29/'Bilan 2015'!$H$30 -> 0.065305814 | DB18: ='Bilan 2020'!$K$30*'Bilan 2020'!$G$29/'Bilan 2020'!$H$30 -> 0.60789767 | DC18: ='Bilan 2023 réel'!$K$30*'Bilan 2023 réel'!$G$29/'Bilan 2023 réel'!$H$30 -> 0.96799563 | DD18: ='Bilan 2025'!$K$30*'Bilan 2025'!$G$29/'Bilan 2025'!$H$30 -> 0.9981382 | DE18: ='Bilan 2028'!$K$30*'Bilan 2028'!$G$29/'Bilan 2028'!$H$30 -> 0.96049126 | DF18: ='Bilan 2030'!$K$30*'Bilan 2030'!$G$29/'Bilan 2030'!$H$30 -> 0.93613448 | DG18: ='Bilan 2033'!$K$30*'Bilan 2033'!$G$29/'Bilan 2033'!$H$30 -> 0.91769072 | DH18: ='Bilan 2035'!$K$30*'Bilan 2035'!$G$29/'Bilan 2035'!$H$30 -> 0.90565339 | DI18: ='Bilan 2038'!$K$30*'Bilan 2038'!$G$29/'Bilan 2038'!$H$30 -> 0.89417246 | DJ18: ='Bilan 2040'!$K$30*'Bilan 2040'!$G$29/'Bilan 2040'!$H$30 -> 0.88662903 | DK18: ='Bilan 2045'!$K$30*'Bilan 2045'!$G$29/'Bilan 2045'!$H$30 -> 0.8714741 | DL18: ='Bilan 2050'!$K$30*'Bilan 2050'!$G$29/'Bilan 2050'!$H$30 -> 0.86095817
A19: Autres (UIOM, bois, géothermie, énergie fatale) | B19: ='Bilan 2015'!$C$12+'Bilan 2015'!$C$13+'Bilan 2015'!$C$14+'Bilan 2015'!$C$16 -> 3.5164878 | C19: ='Bilan 2020'!$C$12+'Bilan 2020'!$C$13+'Bilan 2020'!$C$14+'Bilan 2020'!$C$16 -> 26.96575 | D19: =('Bilan 2023 réel'!$C$12+'Bilan 2023 réel'!$C$13+'Bilan 2023 réel'!$C$14+'Bilan 2023 réel'!$C$16)*(1-SUM('Bilan 2023 réel'!$M$13:$P$13)/'Bilan 2023 réel'!$D$13) -> 31.225951 | E19: ='Bilan 2025'!$C$12+'Bilan 2025'!$C$13+'Bilan 2025'!$C$14+'Bilan 2025'!$C$16 -> 47.233969 | F19: =('Bilan 2028'!$C$12+'Bilan 2028'!$C$13+'Bilan 2028'!$C$14+'Bilan 2028'!$C$16)*(1-SUM('Bilan 2028'!$M$13:$P$13)/'Bilan 2028'!$D$13) -> 45.595495 | G19: =('Bilan 2030'!$C$12+'Bilan 2030'!$C$13+'Bilan 2030'!$C$14+'Bilan 2030'!$C$16)*(1-SUM('Bilan 2030'!$M$13:$P$13)/'Bilan 2030'!$D$13) -> 44.712404 | H19: =('Bilan 2033'!$C$12+'Bilan 2033'!$C$13+'Bilan 2033'!$C$14+'Bilan 2033'!$C$16)*(1-SUM('Bilan 2033'!$M$13:$P$13)/'Bilan 2033'!$D$13) -> 43.901829 | I19: =('Bilan 2035'!$C$12+'Bilan 2035'!$C$13+'Bilan 2035'!$C$14+'Bilan 2035'!$C$16)*(1-SUM('Bilan 2035'!$M$13:$P$13)/'Bilan 2035'!$D$13) -> 43.428381 | J19: =('Bilan 2038'!$C$12+'Bilan 2038'!$C$13+'Bilan 2038'!$C$14+'Bilan 2038'!$C$16)*(1-SUM('Bilan 2038'!$M$13:$P$13)/'Bilan 2038'!$D$13) -> 45.206779 | K19: =('Bilan 2040'!$C$12+'Bilan 2040'!$C$13+'Bilan 2040'!$C$14+'Bilan 2040'!$C$16)*(1-SUM('Bilan 2040'!$M$13:$P$13)/'Bilan 2040'!$D$13) -> 46.446689 | L19: =('Bilan 2045'!$C$12+'Bilan 2045'!$C$13+'Bilan 2045'!$C$14+'Bilan 2045'!$C$16)*(1-SUM('Bilan 2045'!$M$13:$P$13)/'Bilan 2045'!$D$13) -> 45.905763 | M19: =('Bilan 2050'!$C$12+'Bilan 2050'!$C$13+'Bilan 2050'!$C$14+'Bilan 2050'!$C$16)*(1-SUM('Bilan 2050'!$M$13:$P$13)/'Bilan 2050'!$D$13) -> 45.936074 | Q19: Biogaz, biométhane, BtG et réseau de chaleur | R19: =B31 -> 0.24671249 | S19: =C31 -> 5.9336589 | T19: =D31 -> 14.494868 | U19: =E31 -> 7.7668115 | V19: =F31 -> 7.4175122 | W19: =G31 -> 7.428259 | X19: =H31 -> 7.1795612 | Y19: =I31 -> 7.0158785 | ... AC19: =M31 -> 6.0528296 | AD19: =AD18+1 -> 2402 | AE19: Gaz naturel (réseau de gaz et de chaleur) | AF19: ='Bilan 2015'!$G$24-SUM('Bilan 2015'!$K$24:$P$24)+'Bilan 2015'!$G$32*(1-SUM('Bilan 2015'!$K$30:$P$30)/'Bilan 2015'!$H$30)+'Bilan 2015'!$G$45-'Bilan 2015'!$E$53 -> 28.383313 | AG19: ='Bilan 2020'!$G$24-SUM('Bilan 2020'!$K$24:$P$24)+'Bilan 2020'!$G$32*(1-SUM('Bilan 2020'!$K$30:$P$30)/'Bilan 2020'!$H$30)+'Bilan 2020'!$G$45-'Bilan 2020'!$E$53 -> 325.27062 | AH19: ='Bilan 2023 réel'!$G$24-SUM('Bilan 2023 réel'!$K$24:$P$24)+'Bilan 2023 réel'!$G$32*(1-SUM('Bilan 2023 réel'!$K$30:$P$30)/'Bilan 2023 réel'!$H$30)+'Bilan 2023 réel'!$G$45-'Bilan 2023 réel'!$E$53 -> 275.01858 | AI19: ='Bilan 2025'!$G$24-SUM('Bilan 2025'!$K$24:$P$24)+'Bilan 2025'!$G$32*(1-SUM('Bilan 2025'!$K$30:$P$30)/'Bilan 2025'!$H$30)+'Bilan 2025'!$G$45-'Bilan 2025'!$E$53 -> 319.04891 | AJ19: ='Bilan 2028'!$G$24-SUM('Bilan 2028'!$K$24:$P$24)+'Bilan 2028'!$G$32*(1-SUM('Bilan 2028'!$K$30:$P$30)/'Bilan 2028'!$H$30)+'Bilan 2028'!$G$45-'Bilan 2028'!$E$53 -> 308.13705 | AK19: ='Bilan 2030'!$G$24-SUM('Bilan 2030'!$K$24:$P$24)+'Bilan 2030'!$G$32*(1-SUM('Bilan 2030'!$K$30:$P$30)/'Bilan 2030'!$H$30)+'Bilan 2030'!$G$45-'Bilan 2030'!$E$53 -> 300.82948 | AL19: ='Bilan 2033'!$G$24-SUM('Bilan 2033'!$K$24:$P$24)+'Bilan 2033'!$G$32*(1-SUM('Bilan 2033'!$K$30:$P$30)/'Bilan 2033'!$H$30)+'Bilan 2033'!$G$45-'Bilan 2033'!$E$53 -> 295.05371 | AM19: ='Bilan 2035'!$G$24-SUM('Bilan 2035'!$K$24:$P$24)+'Bilan 2035'!$G$32*(1-SUM('Bilan 2035'!$K$30:$P$30)/'Bilan 2035'!$H$30)+'Bilan 2035'!$G$45-'Bilan 2035'!$E$53 -> 291.13568 | AN19: ='Bilan 2038'!$G$24-SUM('Bilan 2038'!$K$24:$P$24)+'Bilan 2038'!$G$32*(1-SUM('Bilan 2038'!$K$30:$P$30)/'Bilan 2038'!$H$30)+'Bilan 2038'!$G$45-'Bilan 2038'!$E$53 -> 289.13553 | AO19: ='Bilan 2040'!$G$24-SUM('Bilan 2040'!$K$24:$P$24)+'Bilan 2040'!$G$32*(1-SUM('Bilan 2040'!$K$30:$P$30)/'Bilan 2040'!$H$30)+'Bilan 2040'!$G$45-'Bilan 2040'!$E$53 -> 287.7155 | AP19: ='Bilan 2045'!$G$24-SUM('Bilan 2045'!$K$24:$P$24)+'Bilan 2045'!$G$32*(1-SUM('Bilan 2045'!$K$30:$P$30)/'Bilan 2045'!$H$30)+'Bilan 2045'!$G$45-'Bilan 2045'!$E$53 -> 279.82651 | AQ19: ='Bilan 2050'!$G$24-SUM('Bilan 2050'!$K$24:$P$24)+'Bilan 2050'!$G$32*(1-SUM('Bilan 2050'!$K$30:$P$30)/'Bilan 2050'!$H$30)+'Bilan 2050'!$G$45-'Bilan 2050'!$E$53 -> 268.23513 | AS19: Gaz naturel (réseau de gaz et de chaleur) | AT19: ='Bilan 2015'!$G$24-SUM('Bilan 2015'!$K$24:$P$24)+'Bilan 2015'!$G$32*(1-SUM('Bilan 2015'!$K$30:$P$30)/'Bilan 2015'!$H$30)+'Bilan 2015'!$G$45 -> 29.4849 | AU19: ='Bilan 2020'!$G$24-SUM('Bilan 2020'!$K$24:$P$24)+'Bilan 2020'!$G$32*(1-SUM('Bilan 2020'!$K$30:$P$30)/'Bilan 2020'!$H$30)+'Bilan 2020'!$G$45 -> 337.29856 | AV19: ='Bilan 2023 réel'!$G$24-SUM('Bilan 2023 réel'!$K$24:$P$24)+'Bilan 2023 réel'!$G$32*(1-SUM('Bilan 2023 réel'!$K$30:$P$30)/'Bilan 2023 réel'!$H$30)+'Bilan 2023 réel'!$G$45 -> 285.03425 | AW19: ='Bilan 2025'!$G$24-SUM('Bilan 2025'!$K$24:$P$24)+'Bilan 2025'!$G$32*(1-SUM('Bilan 2025'!$K$30:$P$30)/'Bilan 2025'!$H$30)+'Bilan 2025'!$G$45 -> 331.58754 | AX19: ='Bilan 2028'!$G$24-SUM('Bilan 2028'!$K$24:$P$24)+'Bilan 2028'!$G$32*(1-SUM('Bilan 2028'!$K$30:$P$30)/'Bilan 2028'!$H$30)+'Bilan 2028'!$G$45 -> 320.60079 | AY19: ='Bilan 2030'!$G$24-SUM('Bilan 2030'!$K$24:$P$24)+'Bilan 2030'!$G$32*(1-SUM('Bilan 2030'!$K$30:$P$30)/'Bilan 2030'!$H$30)+'Bilan 2030'!$G$45 -> 313.24077 | AZ19: ='Bilan 2033'!$G$24-SUM('Bilan 2033'!$K$24:$P$24)+'Bilan 2033'!$G$32*(1-SUM('Bilan 2033'!$K$30:$P$30)/'Bilan 2033'!$H$30)+'Bilan 2033'!$G$45 -> 307.23905 | BA19: ='Bilan 2035'!$G$24-SUM('Bilan 2035'!$K$24:$P$24)+'Bilan 2035'!$G$32*(1-SUM('Bilan 2035'!$K$30:$P$30)/'Bilan 2035'!$H$30)+'Bilan 2035'!$G$45 -> 303.16439 | BB19: ='Bilan 2038'!$G$24-SUM('Bilan 2038'!$K$24:$P$24)+'Bilan 2038'!$G$32*(1-SUM('Bilan 2038'!$K$30:$P$30)/'Bilan 2038'!$H$30)+'Bilan 2038'!$G$45 -> 301.01423 | BC19: ='Bilan 2040'!$G$24-SUM('Bilan 2040'!$K$24:$P$24)+'Bilan 2040'!$G$32*(1-SUM('Bilan 2040'!$K$30:$P$30)/'Bilan 2040'!$H$30)+'Bilan 2040'!$G$45 -> 299.48168 | BD19: ='Bilan 2045'!$G$24-SUM('Bilan 2045'!$K$24:$P$24)+'Bilan 2045'!$G$32*(1-SUM('Bilan 2045'!$K$30:$P$30)/'Bilan 2045'!$H$30)+'Bilan 2045'!$G$45 -> 291.33217 | BE19: ='Bilan 2050'!$G$24-SUM('Bilan 2050'!$K$24:$P$24)+'Bilan 2050'!$G$32*(1-SUM('Bilan 2050'!$K$30:$P$30)/'Bilan 2050'!$H$30)+'Bilan 2050'!$G$45 -> 279.43208 | BG19: Biogaz, biométhane, BtG et réseau de chaleur | BH19: =IF(AT21>0,BV19/AT21,0) -> 0.53260052 | BI19: =IF(AU21>0,BW19/AU21,0) -> 0.071695154 | BJ19: =IF(AV21>0,BX19/AV21,0) -> 0.021132037 | BK19: =IF(AW21>0,BY19/AW21,0) -> 0.16922911 | BL19: =IF(AX21>0,BZ19/AX21,0) -> 0.15731746 | BM19: =IF(AY21>0,CA19/AY21,0) -> 0.18737701 | BN19: =IF(AZ21>0,CB19/AZ21,0) -> 0.16959037 | BO19: =IF(BA21>0,CC19/BA21,0) -> 0.15796726 | ... BS19: =IF(BE21>0,CG19/BE21,0) -> 0.080618009 | BU19: Biogaz, biométhane, BtG et réseau de chaleur | BV19: ='Bilan 2015'!$E21+'Bilan 2015'!$E22+'Bilan 2015'!$E$26+'Bilan 2015'!$E$36 -> 0.067895489 | BW19: ='Bilan 2020'!$E21+'Bilan 2020'!$E22+'Bilan 2020'!$E$26+'Bilan 2020'!$E$36 -> 0.38082486 | BX19: ='Bilan 2023 réel'!$E21+'Bilan 2023 réel'!$E22+'Bilan 2023 réel'!$E$26+'Bilan 2023 réel'!$E$36 -> 0.29527423 | BY19: ='Bilan 2025'!$E21+'Bilan 2025'!$E22+'Bilan 2025'!$E$26+'Bilan 2025'!$E$36 -> 1.1067908 | BZ19: ='Bilan 2028'!$E21+'Bilan 2028'!$E22+'Bilan 2028'!$E$26+'Bilan 2028'!$E$36 -> 0.99391856 | CA19: ='Bilan 2030'!$E21+'Bilan 2030'!$E22+'Bilan 2030'!$E$26+'Bilan 2030'!$E$36 -> 1.1559398 | CB19: ='Bilan 2033'!$E21+'Bilan 2033'!$E22+'Bilan 2033'!$E$26+'Bilan 2033'!$E$36 -> 1.0262737 | CC19: ='Bilan 2035'!$E21+'Bilan 2035'!$E22+'Bilan 2035'!$E$26+'Bilan 2035'!$E$36 -> 0.94333718 | CD19: ='Bilan 2038'!$E21+'Bilan 2038'!$E22+'Bilan 2038'!$E$26+'Bilan 2038'!$E$36 -> 0.83320794 | CE19: ='Bilan 2040'!$E21+'Bilan 2040'!$E22+'Bilan 2040'!$E$26+'Bilan 2040'!$E$36 -> 0.76165789 | CF19: ='Bilan 2045'!$E21+'Bilan 2045'!$E22+'Bilan 2045'!$E$26+'Bilan 2045'!$E$36 -> 0.58312947 | CG19: ='Bilan 2050'!$E21+'Bilan 2050'!$E22+'Bilan 2050'!$E$26+'Bilan 2050'!$E$36 -> 0.4438505 | CJ19: Biogaz, biométhane, BtG et réseau de chaleur | CK19: =IF(AT21>0,DA19/AT21,0) -> 0.40271506 | CL19: =IF(AU21>0,DB19/AU21,0) -> 0.04539208 | CM19: =IF(AV21>0,DC19/AV21,0) -> 0.016229361 | CN19: =IF(AW21>0,DD19/AW21,0) -> 0.016714633 | CO19: =IF(AX21>0,DE19/AX21,0) -> 0.016726634 | CP19: =IF(AY21>0,DF19/AY21,0) -> 0.016738418 | CQ19: =IF(AZ21>0,DG19/AZ21,0) -> 0.016822634 | CR19: =IF(BA21>0,DH19/BA21,0) -> 0.016882112 | ... CV19: =IF(BE21>0,DL19/BE21,0) -> 0.018777114 | CX19: =CX18+1 -> 2403 | CY19: Biogaz, biométhane, BtG et réseau de chaleur | CZ19: QMtep_losses_2403 | DA19: ='Bilan 2015'!$K$21+'Bilan 2015'!$K$30*'Bilan 2015'!$G$26/'Bilan 2015'!$H$30 -> 0.051337795 | DB19: ='Bilan 2020'!$K$21+'Bilan 2020'!$K$30*'Bilan 2020'!$G$26/'Bilan 2020'!$H$30 -> 0.2411102 | DC19: ='Bilan 2023 réel'!$K$21+'Bilan 2023 réel'!$K$22+'Bilan 2023 réel'!$K$30*'Bilan 2023 réel'!$G$26/'Bilan 2023 réel'!$H$30 -> 0.22677 | DD19: ='Bilan 2025'!$K$21+'Bilan 2025'!$K$30*'Bilan 2025'!$G$26/'Bilan 2025'!$H$30 -> 0.1093169 | DE19: ='Bilan 2028'!$K$21+'Bilan 2028'!$K$30*'Bilan 2028'!$G$26/'Bilan 2028'!$H$30 -> 0.10567747 | DF19: ='Bilan 2030'!$K$21+'Bilan 2030'!$K$30*'Bilan 2030'!$G$26/'Bilan 2030'!$H$30 -> 0.10326029 | DG19: ='Bilan 2033'!$K$21+'Bilan 2033'!$K$30*'Bilan 2033'!$G$26/'Bilan 2033'!$H$30 -> 0.10180192 | DH19: ='Bilan 2035'!$K$21+'Bilan 2035'!$K$30*'Bilan 2035'!$G$26/'Bilan 2035'!$H$30 -> 0.10081535 | DI19: ='Bilan 2038'!$K$21+'Bilan 2038'!$K$30*'Bilan 2038'!$G$26/'Bilan 2038'!$H$30 -> 0.10046865 | DJ19: ='Bilan 2040'!$K$21+'Bilan 2040'!$K$30*'Bilan 2040'!$G$26/'Bilan 2040'!$H$30 -> 0.10021701 | DK19: ='Bilan 2045'!$K$21+'Bilan 2045'!$K$30*'Bilan 2045'!$G$26/'Bilan 2045'!$H$30 -> 0.098557405 | DL19: ='Bilan 2050'!$K$21+'Bilan 2050'!$K$30*'Bilan 2050'!$G$26/'Bilan 2050'!$H$30 -> 0.10337928
A20: Méthanisation | Q20: UIOM et déchets directs | R20: =B32 -> 0.81249408 | S20: =C32 -> 22.303126 | T20: =D32 -> 23.661663 | U20: =E32 -> 14.477217 | V20: =F32 -> 14.356779 | W20: =G32 -> 14.270786 | X20: =H32 -> 14.093404 | Y20: =I32 -> 13.974888 | ... AC20: =M32 -> 13.627669 | AD20: =AD19+1 -> 2403 | AE20: Bois énergie direct et réseau chaleur | AF20: ='Bilan 2015'!$G$29*(1-SUM('Bilan 2015'!$K$26:$P$34)/'Bilan 2015'!$H$30)+'Bilan 2015'!$G$37 -> 7.7314053 | AG20: ='Bilan 2020'!$G$29*(1-SUM('Bilan 2020'!$K$26:$P$34)/'Bilan 2020'!$H$30)+'Bilan 2020'!$G$37 -> 95.569976 | AH20: ='Bilan 2023 réel'!$G$29*(1-SUM('Bilan 2023 réel'!$K$26:$P$34)/'Bilan 2023 réel'!$H$30)+'Bilan 2023 réel'!$G$37-'Bilan 2023 réel'!$E$58 -> 99.718072 | AI20: ='Bilan 2025'!$G$29*(1-SUM('Bilan 2025'!$K$26:$P$34)/'Bilan 2025'!$H$30)+'Bilan 2025'!$G$37 -> 107.16943 | AJ20: ='Bilan 2028'!$G$29*(1-SUM('Bilan 2028'!$K$26:$P$34)/'Bilan 2028'!$H$30)+'Bilan 2028'!$G$37 -> 110.88898 | AK20: ='Bilan 2030'!$G$29*(1-SUM('Bilan 2030'!$K$26:$P$34)/'Bilan 2030'!$H$30)+'Bilan 2030'!$G$37 -> 113.43395 | AL20: ='Bilan 2033'!$G$29*(1-SUM('Bilan 2033'!$K$26:$P$34)/'Bilan 2033'!$H$30)+'Bilan 2033'!$G$37 -> 118.87185 | AM20: ='Bilan 2035'!$G$29*(1-SUM('Bilan 2035'!$K$26:$P$34)/'Bilan 2035'!$H$30)+'Bilan 2035'!$G$37 -> 122.528 | AN20: ='Bilan 2038'!$G$29*(1-SUM('Bilan 2038'!$K$26:$P$34)/'Bilan 2038'!$H$30)+'Bilan 2038'!$G$37 -> 124.14039 | AO20: ='Bilan 2040'!$G$29*(1-SUM('Bilan 2040'!$K$26:$P$34)/'Bilan 2040'!$H$30)+'Bilan 2040'!$G$37 -> 125.18396 | AP20: ='Bilan 2045'!$G$29*(1-SUM('Bilan 2045'!$K$26:$P$34)/'Bilan 2045'!$H$30)+'Bilan 2045'!$G$37 -> 128.27428 | AQ20: ='Bilan 2050'!$G$29*(1-SUM('Bilan 2050'!$K$26:$P$34)/'Bilan 2050'!$H$30)+'Bilan 2050'!$G$37 -> 127.19948 | AS20: Bois énergie direct et réseau chaleur | AT20: ='Bilan 2015'!$G$29*(1-SUM('Bilan 2015'!$K$26:$P$34)/'Bilan 2015'!$H$30)+'Bilan 2015'!$G$37 -> 7.7314053 | AU20: ='Bilan 2020'!$G$29*(1-SUM('Bilan 2020'!$K$26:$P$34)/'Bilan 2020'!$H$30)+'Bilan 2020'!$G$37 -> 95.569976 | AV20: ='Bilan 2023 réel'!$G$29*(1-SUM('Bilan 2023 réel'!$K$26:$P$34)/'Bilan 2023 réel'!$H$30)+'Bilan 2023 réel'!$G$37 -> 99.718072 | AW20: ='Bilan 2025'!$G$29*(1-SUM('Bilan 2025'!$K$26:$P$34)/'Bilan 2025'!$H$30)+'Bilan 2025'!$G$37 -> 107.16943 | AX20: ='Bilan 2028'!$G$29*(1-SUM('Bilan 2028'!$K$26:$P$34)/'Bilan 2028'!$H$30)+'Bilan 2028'!$G$37 -> 110.88898 | AY20: ='Bilan 2030'!$G$29*(1-SUM('Bilan 2030'!$K$26:$P$34)/'Bilan 2030'!$H$30)+'Bilan 2030'!$G$37 -> 113.43395 | AZ20: ='Bilan 2033'!$G$29*(1-SUM('Bilan 2033'!$K$26:$P$34)/'Bilan 2033'!$H$30)+'Bilan 2033'!$G$37 -> 118.87185 | BA20: ='Bilan 2035'!$G$29*(1-SUM('Bilan 2035'!$K$26:$P$34)/'Bilan 2035'!$H$30)+'Bilan 2035'!$G$37 -> 122.528 | BB20: ='Bilan 2038'!$G$29*(1-SUM('Bilan 2038'!$K$26:$P$34)/'Bilan 2038'!$H$30)+'Bilan 2038'!$G$37 -> 124.14039 | BC20: ='Bilan 2040'!$G$29*(1-SUM('Bilan 2040'!$K$26:$P$34)/'Bilan 2040'!$H$30)+'Bilan 2040'!$G$37 -> 125.18396 | BD20: ='Bilan 2045'!$G$29*(1-SUM('Bilan 2045'!$K$26:$P$34)/'Bilan 2045'!$H$30)+'Bilan 2045'!$G$37 -> 128.27428 | BE20: ='Bilan 2050'!$G$29*(1-SUM('Bilan 2050'!$K$26:$P$34)/'Bilan 2050'!$H$30)+'Bilan 2050'!$G$37 -> 127.19948 | BG20: Hydrogene | BH20: =IF(AT22>0,BV20/AT22,0) -> 0 | BI20: =IF(AU22>0,BW20/AU22,0) -> 0 | BJ20: =IF(AV22>0,BX20/AV22,0) -> 0 | BK20: =IF(AW22>0,BY20/AW22,0) -> 0.43571429 | BL20: =IF(AX22>0,BZ20/AX22,0) -> 0.4367033 | BM20: =IF(AY22>0,CA20/AY22,0) -> 0.43736264 | BN20: =IF(AZ22>0,CB20/AZ22,0) -> 0.43591868 | BO20: =IF(BA22>0,CC20/BA22,0) -> 0.43483146 | ... BS20: =IF(BE22>0,CG20/BE22,0) -> 0.42380952 | BU20: Hydrogene | BV20: ='Bilan 2015'!$E$23+'Bilan 2015'!$E$47 -> 0 | BW20: ='Bilan 2020'!$E$23+'Bilan 2020'!$E$47 -> 0 | BX20: ='Bilan 2023 réel'!$E$23+'Bilan 2023 réel'!$E$47 -> 0 | BY20: ='Bilan 2025'!$E$23+'Bilan 2025'!$E$47 -> 0.17260396 | BZ20: ='Bilan 2028'!$E$23+'Bilan 2028'!$E$47 -> 0.25615209 | CA20: ='Bilan 2030'!$E$23+'Bilan 2030'!$E$47 -> 0.31211802 | CB20: ='Bilan 2033'!$E$23+'Bilan 2033'!$E$47 -> 0.72859353 | CC20: ='Bilan 2035'!$E$23+'Bilan 2035'!$E$47 -> 1.007376 | CD20: ='Bilan 2038'!$E$23+'Bilan 2038'!$E$47 -> 1.4618473 | CE20: ='Bilan 2040'!$E$23+'Bilan 2040'!$E$47 -> 1.7674237 | CF20: ='Bilan 2045'!$E$23+'Bilan 2045'!$E$47 -> 2.4607305 | CG20: ='Bilan 2050'!$E$23+'Bilan 2050'!$E$47 -> 2.9969001 | CJ20: Hydrogene | CK20: =IF(AT22>0,DA20/AT22,0) -> 0 | CL20: =IF(AU22>0,DB20/AU22,0) -> 0 | CM20: =IF(AV22>0,DC20/AV22,0) -> 0 | CN20: =IF(AW22>0,DD20/AW22,0) -> 0 | CO20: =IF(AX22>0,DE20/AX22,0) -> 0 | CP20: =IF(AY22>0,DF20/AY22,0) -> 0 | CQ20: =IF(AZ22>0,DG20/AZ22,0) -> 0 | CR20: =IF(BA22>0,DH20/BA22,0) -> 0 | ... CV20: =IF(BE22>0,DL20/BE22,0) -> 0 | CY20: Hydrogène | DA20: ='Bilan 2015'!$K$23 -> 0 | DB20: ='Bilan 2020'!$K$23 -> 0 | DC20: ='Bilan 2023 réel'!$K$23 -> 0 | DD20: ='Bilan 2025'!$K$23 -> 0 | DE20: ='Bilan 2028'!$K$23 -> 0 | DF20: ='Bilan 2030'!$K$23 -> 0 | DG20: ='Bilan 2033'!$K$23 -> 0 | DH20: ='Bilan 2035'!$K$23 -> 0 | DI20: ='Bilan 2038'!$K$23 -> 0 | DJ20: ='Bilan 2040'!$K$23 -> 0 | DK20: ='Bilan 2045'!$K$23 -> 0 | DL20: ='Bilan 2050'!$K$23 -> 0
A21: UIOM | Q21: Géothermie et PAC géothermique | R21: =B33 -> 0.056427753 | S21: =C33 -> 3.6793582 | T21: =D33 -> 4.6370517 | U21: =E33 -> 2.3429154 | V21: =F33 -> 2.2649222 | W21: =G33 -> 2.2134919 | X21: =H33 -> 2.1765155 | Y21: =I33 -> 2.1521575 | ... AC21: =M33 -> 2.0817719 | AE21: Biogaz, biométhane, BtG et réseau de chaleur | AF21: ='Bilan 2015'!$G$21-SUM('Bilan 2015'!$K$21:$P$21)+'Bilan 2015'!$G$26*(1-SUM('Bilan 2015'!$K$26:$P$34)/'Bilan 2015'!$H$30)+'Bilan 2015'!$G$36-'Bilan 2015'!$E$55 -> 0.1274792 | AG21: ='Bilan 2020'!$G$21-SUM('Bilan 2020'!$K$21:$P$21)+'Bilan 2020'!$G$26*(1-SUM('Bilan 2020'!$K$26:$P$34)/'Bilan 2020'!$H$30)+'Bilan 2020'!$G$36-'Bilan 2020'!$E$55 -> 5.3117239 | AH21: ='Bilan 2023 réel'!$G$22-SUM('Bilan 2023 réel'!$K$22:$P$22)+'Bilan 2023 réel'!$G$21-SUM('Bilan 2023 réel'!$K$21:$P$21)+'Bilan 2023 réel'!$G$26*(1-SUM('Bilan 2023 réel'!$K$26:$P$34)/'Bilan 2023 réel'!$H$30)+'Bilan 2023 réel'!$G$36-'Bilan 2023 réel'!$E$55 -> 13.972824 | AI21: ='Bilan 2025'!$G$21-SUM('Bilan 2025'!$K$21:$P$21)+'Bilan 2025'!$G$26*(1-SUM('Bilan 2025'!$K$26:$P$34)/'Bilan 2025'!$H$30)+'Bilan 2025'!$G$36-'Bilan 2025'!$E$55 -> 6.5401916 | AJ21: ='Bilan 2028'!$G$21-SUM('Bilan 2028'!$K$21:$P$21)+'Bilan 2028'!$G$26*(1-SUM('Bilan 2028'!$K$26:$P$34)/'Bilan 2028'!$H$30)+'Bilan 2028'!$G$36-'Bilan 2028'!$E$55 -> 6.3179162 | AK21: ='Bilan 2030'!$G$21-SUM('Bilan 2030'!$K$21:$P$21)+'Bilan 2030'!$G$26*(1-SUM('Bilan 2030'!$K$26:$P$34)/'Bilan 2030'!$H$30)+'Bilan 2030'!$G$36-'Bilan 2030'!$E$55 -> 6.1690589 | AL21: ='Bilan 2033'!$G$21-SUM('Bilan 2033'!$K$21:$P$21)+'Bilan 2033'!$G$26*(1-SUM('Bilan 2033'!$K$26:$P$34)/'Bilan 2033'!$H$30)+'Bilan 2033'!$G$36-'Bilan 2033'!$E$55 -> 6.0514856 | AM21: ='Bilan 2035'!$G$21-SUM('Bilan 2035'!$K$21:$P$21)+'Bilan 2035'!$G$26*(1-SUM('Bilan 2035'!$K$26:$P$34)/'Bilan 2035'!$H$30)+'Bilan 2035'!$G$36-'Bilan 2035'!$E$55 -> 5.971726 | AN21: ='Bilan 2038'!$G$21-SUM('Bilan 2038'!$K$21:$P$21)+'Bilan 2038'!$G$26*(1-SUM('Bilan 2038'!$K$26:$P$34)/'Bilan 2038'!$H$30)+'Bilan 2038'!$G$36-'Bilan 2038'!$E$55 -> 5.9312088 | AO21: ='Bilan 2040'!$G$21-SUM('Bilan 2040'!$K$21:$P$21)+'Bilan 2040'!$G$26*(1-SUM('Bilan 2040'!$K$26:$P$34)/'Bilan 2040'!$H$30)+'Bilan 2040'!$G$36-'Bilan 2040'!$E$55 -> 5.9024303 | AP21: ='Bilan 2045'!$G$21-SUM('Bilan 2045'!$K$21:$P$21)+'Bilan 2045'!$G$26*(1-SUM('Bilan 2045'!$K$26:$P$34)/'Bilan 2045'!$H$30)+'Bilan 2045'!$G$36-'Bilan 2045'!$E$55 -> 5.7418317 | AQ21: ='Bilan 2050'!$G$21-SUM('Bilan 2050'!$K$21:$P$21)+'Bilan 2050'!$G$26*(1-SUM('Bilan 2050'!$K$26:$P$34)/'Bilan 2050'!$H$30)+'Bilan 2050'!$G$36-'Bilan 2050'!$E$55 -> 5.5055999 | AS21: Biogaz, biométhane, BtG et réseau de chaleur | AT21: ='Bilan 2015'!$G$21-SUM('Bilan 2015'!$K$21:$P$21)+'Bilan 2015'!$G$26*(1-SUM('Bilan 2015'!$K$26:$P$34)/'Bilan 2015'!$H$30)+'Bilan 2015'!$G$36 -> 0.1274792 | AU21: ='Bilan 2020'!$G$21-SUM('Bilan 2020'!$K$21:$P$21)+'Bilan 2020'!$G$26*(1-SUM('Bilan 2020'!$K$26:$P$34)/'Bilan 2020'!$H$30)+'Bilan 2020'!$G$36 -> 5.3117239 | AV21: ='Bilan 2023 réel'!$G$22-SUM('Bilan 2023 réel'!$K$22:$P$22)+'Bilan 2023 réel'!$G$21-SUM('Bilan 2023 réel'!$K$21:$P$21)+'Bilan 2023 réel'!$G$26*(1-SUM('Bilan 2023 réel'!$K$26:$P$34)/'Bilan 2023 réel'!$H$30)+'Bilan 2023 réel'!$G$36 -> 13.972824 | AW21: ='Bilan 2025'!$G$21-SUM('Bilan 2025'!$K$21:$P$21)+'Bilan 2025'!$G$26*(1-SUM('Bilan 2025'!$K$26:$P$34)/'Bilan 2025'!$H$30)+'Bilan 2025'!$G$36 -> 6.5401916 | AX21: ='Bilan 2028'!$G$21-SUM('Bilan 2028'!$K$21:$P$21)+'Bilan 2028'!$G$26*(1-SUM('Bilan 2028'!$K$26:$P$34)/'Bilan 2028'!$H$30)+'Bilan 2028'!$G$36 -> 6.3179162 | AY21: ='Bilan 2030'!$G$21-SUM('Bilan 2030'!$K$21:$P$21)+'Bilan 2030'!$G$26*(1-SUM('Bilan 2030'!$K$26:$P$34)/'Bilan 2030'!$H$30)+'Bilan 2030'!$G$36 -> 6.1690589 | AZ21: ='Bilan 2033'!$G$21-SUM('Bilan 2033'!$K$21:$P$21)+'Bilan 2033'!$G$26*(1-SUM('Bilan 2033'!$K$26:$P$34)/'Bilan 2033'!$H$30)+'Bilan 2033'!$G$36 -> 6.0514856 | BA21: ='Bilan 2035'!$G$21-SUM('Bilan 2035'!$K$21:$P$21)+'Bilan 2035'!$G$26*(1-SUM('Bilan 2035'!$K$26:$P$34)/'Bilan 2035'!$H$30)+'Bilan 2035'!$G$36 -> 5.971726 | BB21: ='Bilan 2038'!$G$21-SUM('Bilan 2038'!$K$21:$P$21)+'Bilan 2038'!$G$26*(1-SUM('Bilan 2038'!$K$26:$P$34)/'Bilan 2038'!$H$30)+'Bilan 2038'!$G$36 -> 5.9312088 | BC21: ='Bilan 2040'!$G$21-SUM('Bilan 2040'!$K$21:$P$21)+'Bilan 2040'!$G$26*(1-SUM('Bilan 2040'!$K$26:$P$34)/'Bilan 2040'!$H$30)+'Bilan 2040'!$G$36 -> 5.9024303 | BD21: ='Bilan 2045'!$G$21-SUM('Bilan 2045'!$K$21:$P$21)+'Bilan 2045'!$G$26*(1-SUM('Bilan 2045'!$K$26:$P$34)/'Bilan 2045'!$H$30)+'Bilan 2045'!$G$36 -> 5.7418317 | BE21: ='Bilan 2050'!$G$21-SUM('Bilan 2050'!$K$21:$P$21)+'Bilan 2050'!$G$26*(1-SUM('Bilan 2050'!$K$26:$P$34)/'Bilan 2050'!$H$30)+'Bilan 2050'!$G$36 -> 5.5055999 | BG21: UIOM et déchets directs | BH21: =IF(AT23>0,BV21/AT23,0) -> 0.34306887 | BI21: =IF(AU23>0,BW21/AU23,0) -> 0.12730619 | BJ21: =IF(AV23>0,BX21/AV23,0) -> 0.10028808 | BK21: =IF(AW23>0,BY21/AW23,0) -> 0.11834124 | BL21: =IF(AX23>0,BZ21/AX23,0) -> 0.10925461 | BM21: =IF(AY23>0,CA21/AY23,0) -> 0.10360949 | BN21: =IF(AZ23>0,CB21/AZ23,0) -> 0.10076872 | BO21: =IF(BA23>0,CC21/BA23,0) -> 0.098933463 | ... BS21: =IF(BE23>0,CG21/BE23,0) -> 0.086406428 | BU21: UIOM et déchets directs | BV21: ='Bilan 2015'!$E27 -> 0.17394449 | BW21: ='Bilan 2020'!$E27 -> 2.3506163 | BX21: ='Bilan 2023 réel'!$E27 -> 2.0155987 | BY21: ='Bilan 2025'!$E27 -> 1.4389691 | BZ21: ='Bilan 2028'!$E27 -> 1.327958 | CA21: ='Bilan 2030'!$E27 -> 1.2579763 | CB21: ='Bilan 2033'!$E27 -> 1.2113238 | CC21: ='Bilan 2035'!$E27 -> 1.1811761 | CD21: ='Bilan 2038'!$E27 -> 1.1439421 | CE21: ='Bilan 2040'!$E27 -> 1.1197771 | CF21: ='Bilan 2045'!$E27 -> 1.0648788 | CG21: ='Bilan 2050'!$E27 -> 1.0165577 | CJ21: UIOM et déchets directs | CK21: =IF(AT23>0,DA21/AT23,0) -> 0.25940456 | CL21: =IF(AU23>0,DB21/AU23,0) -> 0.080600885 | CM21: =IF(AV23>0,DC21/AV23,0) -> 0.077021041 | CN21: =IF(AW23>0,DD21/AW23,0) -> 0.072142618 | CO21: =IF(AX23>0,DE21/AX23,0) -> 0.071915488 | CP21: =IF(AY23>0,DF21/AY23,0) -> 0.071761588 | CQ21: =IF(AZ23>0,DG21/AZ23,0) -> 0.071646363 | CR21: =IF(BA23>0,DH21/BA23,0) -> 0.071581287 | ... CV21: =IF(BE23>0,DL21/BE23,0) -> 0.071932352 | CX21: =CX19+1 -> 2404 | CY21: UIOM et déchets directs | CZ21: QMtep_losses_2404 | DA21: ='Bilan 2015'!$K$30*'Bilan 2015'!$G$27/'Bilan 2015'!$H$30 -> 0.13152459 | DB21: ='Bilan 2020'!$K$30*'Bilan 2020'!$G$27/'Bilan 2020'!$H$30 -> 1.4882368 | DC21: ='Bilan 2023 réel'!$K$30*'Bilan 2023 réel'!$G$27/'Bilan 2023 réel'!$H$30 -> 1.5479757 | DD21: ='Bilan 2025'!$K$30*'Bilan 2025'!$G$27/'Bilan 2025'!$H$30 -> 0.87721742 | DE21: ='Bilan 2028'!$K$30*'Bilan 2028'!$G$27/'Bilan 2028'!$H$30 -> 0.87411184 | DF21: ='Bilan 2030'!$K$30*'Bilan 2030'!$G$27/'Bilan 2030'!$H$30 -> 0.87129443 | DG21: ='Bilan 2033'!$K$30*'Bilan 2033'!$G$27/'Bilan 2033'!$H$30 -> 0.86124887 | DH21: ='Bilan 2035'!$K$30*'Bilan 2035'!$G$27/'Bilan 2035'!$H$30 -> 0.85461587 | DI21: ='Bilan 2038'!$K$30*'Bilan 2038'!$G$27/'Bilan 2038'!$H$30 -> 0.85098947 | DJ21: ='Bilan 2040'!$K$30*'Bilan 2040'!$G$27/'Bilan 2040'!$H$30 -> 0.84852971 | DK21: ='Bilan 2045'!$K$30*'Bilan 2045'!$G$27/'Bilan 2045'!$H$30 -> 0.84556002 | DL21: ='Bilan 2050'!$K$30*'Bilan 2050'!$G$27/'Bilan 2050'!$H$30 -> 0.84627251
A22: Bois | Q22: Autres (solaire thermique, chaleur fatale, PAC aéro, cogé nucléaire) | R22: =B34 -> 5.2038188 | S22: =C34 -> 33.876258 | T22: =D34 -> 53.304861 | U22: =E34 -> 41.853108 | V22: =F34 -> 48.039942 | W22: =G34 -> 52.363669 | X22: =H34 -> 57.250163 | Y22: =I34 -> 60.66093 | ... AC22: =M34 -> 77.946216 | AD22: =AD20+1 -> 2404 | AE22: Hydrogène | AF22: ='Bilan 2015'!$G$23-SUM('Bilan 2015'!$K$23:$P$23)+'Bilan 2015'!$G$47-'Bilan 2015'!$E$57 -> 0 | AG22: ='Bilan 2020'!$G$23-SUM('Bilan 2020'!$K$23:$P$23)+'Bilan 2020'!$G$47-'Bilan 2020'!$E$57 -> 0 | AH22: ='Bilan 2023 réel'!$G$23-SUM('Bilan 2023 réel'!$K$23:$P$23)+'Bilan 2023 réel'!$G$47-'Bilan 2023 réel'!$E$57 -> 0 | AI22: ='Bilan 2025'!$G$23-SUM('Bilan 2025'!$K$23:$P$23)+'Bilan 2025'!$G$47-'Bilan 2025'!$E$57 -> 0.39614023 | AJ22: ='Bilan 2028'!$G$23-SUM('Bilan 2028'!$K$23:$P$23)+'Bilan 2028'!$G$47-'Bilan 2028'!$E$57 -> 0.58655864 | AK22: ='Bilan 2030'!$G$23-SUM('Bilan 2030'!$K$23:$P$23)+'Bilan 2030'!$G$47-'Bilan 2030'!$E$57 -> 0.71363667 | AL22: ='Bilan 2033'!$G$23-SUM('Bilan 2033'!$K$23:$P$23)+'Bilan 2033'!$G$47-'Bilan 2033'!$E$57 -> 1.150747 | AM22: ='Bilan 2035'!$G$23-SUM('Bilan 2035'!$K$23:$P$23)+'Bilan 2035'!$G$47-'Bilan 2035'!$E$57 -> 1.4422145 | AN22: ='Bilan 2038'!$G$23-SUM('Bilan 2038'!$K$23:$P$23)+'Bilan 2038'!$G$47-'Bilan 2038'!$E$57 -> 1.9451541 | AO22: ='Bilan 2040'!$G$23-SUM('Bilan 2040'!$K$23:$P$23)+'Bilan 2040'!$G$47-'Bilan 2040'!$E$57 -> 2.2805072 | AP22: ='Bilan 2045'!$G$23-SUM('Bilan 2045'!$K$23:$P$23)+'Bilan 2045'!$G$47-'Bilan 2045'!$E$57 -> 2.9190856 | AQ22: ='Bilan 2050'!$G$23-SUM('Bilan 2050'!$K$23:$P$23)+'Bilan 2050'!$G$47-'Bilan 2050'!$E$57 -> 3.1559026 | AS22: Hydrogene | AT22: ='Bilan 2015'!$G$23-SUM('Bilan 2015'!$K$23:$P$23)+'Bilan 2015'!$G$47 -> 0 | AU22: ='Bilan 2020'!$G$23-SUM('Bilan 2020'!$K$23:$P$23)+'Bilan 2020'!$G$47 -> 0 | AV22: ='Bilan 2023 réel'!$G$23-SUM('Bilan 2023 réel'!$K$23:$P$23)+'Bilan 2023 réel'!$G$47 -> 0 | AW22: ='Bilan 2025'!$G$23-SUM('Bilan 2025'!$K$23:$P$23)+'Bilan 2025'!$G$47 -> 0.39614023 | AX22: ='Bilan 2028'!$G$23-SUM('Bilan 2028'!$K$23:$P$23)+'Bilan 2028'!$G$47 -> 0.58655864 | AY22: ='Bilan 2030'!$G$23-SUM('Bilan 2030'!$K$23:$P$23)+'Bilan 2030'!$G$47 -> 0.71363667 | AZ22: ='Bilan 2033'!$G$23-SUM('Bilan 2033'!$K$23:$P$23)+'Bilan 2033'!$G$47 -> 1.6713978 | BA22: ='Bilan 2035'!$G$23-SUM('Bilan 2035'!$K$23:$P$23)+'Bilan 2035'!$G$47 -> 2.3167044 | BB22: ='Bilan 2038'!$G$23-SUM('Bilan 2038'!$K$23:$P$23)+'Bilan 2038'!$G$47 -> 3.3759231 | BC22: ='Bilan 2040'!$G$23-SUM('Bilan 2040'!$K$23:$P$23)+'Bilan 2040'!$G$47 -> 4.0941046 | BD22: ='Bilan 2045'!$G$23-SUM('Bilan 2045'!$K$23:$P$23)+'Bilan 2045'!$G$47 -> 5.7492064 | BE22: ='Bilan 2050'!$G$23-SUM('Bilan 2050'!$K$23:$P$23)+'Bilan 2050'!$G$47 -> 7.0713374 | BG22: Géothermie et PAC géothermique | BH22: =IF(AT24>0,BV22/AT24,0) -> 0.062959172 | BI22: =IF(AU24>0,BW22/AU24,0) -> 0.099654327 | BJ22: =IF(AV24>0,BX22/AV24,0) -> 0.067325804 | BK22: =IF(AW24>0,BY22/AW24,0) -> 0.059391345 | BL22: =IF(AX24>0,BZ22/AX24,0) -> 0.051980875 | BM22: =IF(AY24>0,CA22/AY24,0) -> 0.047568452 | BN22: =IF(AZ24>0,CB22/AZ24,0) -> 0.046027576 | BO22: =IF(BA24>0,CC22/BA24,0) -> 0.045025632 | ... BS22: =IF(BE24>0,CG22/BE24,0) -> 0.03841522 | BU22: Géothermie et PAC géothermique | BV22: ='Bilan 2015'!$E$39+'Bilan 2015'!$E$30+'Bilan 2015'!$E$31 -> 0.013951322 | BW22: ='Bilan 2020'!$E$39+'Bilan 2020'!$E$30+'Bilan 2020'!$E$31 -> 0.46163061 | BX22: ='Bilan 2023 réel'!$E$39+'Bilan 2023 réel'!$E$30+'Bilan 2023 réel'!$E$31 -> 0.47783885 | BY22: ='Bilan 2025'!$E$39+'Bilan 2025'!$E$30+'Bilan 2025'!$E$31 -> 0.26435063 | BZ22: ='Bilan 2028'!$E$39+'Bilan 2028'!$E$30+'Bilan 2028'!$E$31 -> 0.23870788 | CA22: ='Bilan 2030'!$E$39+'Bilan 2030'!$E$30+'Bilan 2030'!$E$31 -> 0.22288447 | CB22: ='Bilan 2033'!$E$39+'Bilan 2033'!$E$30+'Bilan 2033'!$E$31 -> 0.21406073 | CC22: ='Bilan 2035'!$E$39+'Bilan 2035'!$E$30+'Bilan 2035'!$E$31 -> 0.20835964 | CD22: ='Bilan 2038'!$E$39+'Bilan 2038'!$E$30+'Bilan 2038'!$E$31 -> 0.20133126 | CE22: ='Bilan 2040'!$E$39+'Bilan 2040'!$E$30+'Bilan 2040'!$E$31 -> 0.1967701 | CF22: ='Bilan 2045'!$E$39+'Bilan 2045'!$E$30+'Bilan 2045'!$E$31 -> 0.18644344 | CG22: ='Bilan 2050'!$E$39+'Bilan 2050'!$E$30+'Bilan 2050'!$E$31 -> 0.17744235 | CJ22: Géothermie et PAC géothermique | CK22: =IF(AT24>0,DA22/AT24,0) -> 0.047605299 | CL22: =IF(AU24>0,DB22/AU24,0) -> 0.063093766 | CM22: =IF(AV24>0,DC22/AV24,0) -> 0.051706079 | CN22: =IF(AW24>0,DD22/AW24,0) -> 0.036205865 | CO22: =IF(AX24>0,DE22/AX24,0) -> 0.034215765 | CP22: =IF(AY24>0,DF22/AY24,0) -> 0.032946669 | CQ22: =IF(AZ24>0,DG22/AZ24,0) -> 0.032725518 | CR22: =IF(BA24>0,DH22/BA24,0) -> 0.032577376 | ... CV22: =IF(BE24>0,DL22/BE24,0) -> 0.031980226 | CX22: =CX21+1 -> 2405 | CY22: Géothermie et PAC géothermique | CZ22: QMtep_losses_2405 | DA22: ='Bilan 2015'!$K$30*('Bilan 2015'!$G$30/'Bilan 2015'!$H$30) -> 0.010549009 | DB22: ='Bilan 2020'!$K$30*('Bilan 2020'!$G$30/'Bilan 2020'!$H$30) -> 0.29227044 | DC22: ='Bilan 2023 réel'!$K$30*('Bilan 2023 réel'!$G$30/'Bilan 2023 réel'!$H$30) -> 0.36697926 | DD22: ='Bilan 2025'!$K$30*('Bilan 2025'!$G$30/'Bilan 2025'!$H$30) -> 0.16115215 | DE22: ='Bilan 2028'!$K$30*('Bilan 2028'!$G$30/'Bilan 2028'!$H$30) -> 0.1571265 | DF22: ='Bilan 2030'!$K$30*('Bilan 2030'!$G$30/'Bilan 2030'!$H$30) -> 0.15437334 | DG22: ='Bilan 2033'!$K$30*('Bilan 2033'!$G$30/'Bilan 2033'!$H$30) -> 0.15219677 | DH22: ='Bilan 2035'!$K$30*('Bilan 2035'!$G$30/'Bilan 2035'!$H$30) -> 0.15075436 | DI22: ='Bilan 2038'!$K$30*('Bilan 2038'!$G$30/'Bilan 2038'!$H$30) -> 0.14977226 | DJ22: ='Bilan 2040'!$K$30*('Bilan 2040'!$G$30/'Bilan 2040'!$H$30) -> 0.14910581 | DK22: ='Bilan 2045'!$K$30*('Bilan 2045'!$G$30/'Bilan 2045'!$H$30) -> 0.14804419 | DL22: ='Bilan 2050'!$K$30*('Bilan 2050'!$G$30/'Bilan 2050'!$H$30) -> 0.14771871
A23: Géothermie | Q23: Charbon | R23: =B38 -> 5.531523 | S23: =C38 -> 49.830275 | T23: =D38 -> 43.903847 | U23: =E38 -> 49.108672 | V23: =F38 -> 47.443922 | W23: =G38 -> 46.346776 | X23: =H38 -> 46.166678 | Y23: =I38 -> 46.00048 | ... AC23: =M38 -> 43.273106 | AD23: =AD22+1 -> 2405 | AE23: UIOM et déchets directs | AF23: ='Bilan 2015'!$G$27*(1-SUM('Bilan 2015'!$K$26:$P$34)/'Bilan 2015'!$H$30)+'Bilan 2015'!$G$44 -> 0.50702499 | AG23: ='Bilan 2020'!$G$27*(1-SUM('Bilan 2020'!$K$26:$P$34)/'Bilan 2020'!$H$30)+'Bilan 2020'!$G$44 -> 18.464273 | AH23: ='Bilan 2023 réel'!$G$27*(1-SUM('Bilan 2023 réel'!$K$26:$P$34)/'Bilan 2023 réel'!$H$30)+'Bilan 2023 réel'!$G$44 -> 20.098089 | AI23: ='Bilan 2025'!$G$27*(1-SUM('Bilan 2025'!$K$26:$P$34)/'Bilan 2025'!$H$30)+'Bilan 2025'!$G$44 -> 12.15949 | AJ23: ='Bilan 2028'!$G$27*(1-SUM('Bilan 2028'!$K$26:$P$34)/'Bilan 2028'!$H$30)+'Bilan 2028'!$G$44 -> 12.154709 | AK23: ='Bilan 2030'!$G$27*(1-SUM('Bilan 2030'!$K$26:$P$34)/'Bilan 2030'!$H$30)+'Bilan 2030'!$G$44 -> 12.141515 | AL23: ='Bilan 2033'!$G$27*(1-SUM('Bilan 2033'!$K$26:$P$34)/'Bilan 2033'!$H$30)+'Bilan 2033'!$G$44 -> 12.020832 | AM23: ='Bilan 2035'!$G$27*(1-SUM('Bilan 2035'!$K$26:$P$34)/'Bilan 2035'!$H$30)+'Bilan 2035'!$G$44 -> 11.939096 | AN23: ='Bilan 2038'!$G$27*(1-SUM('Bilan 2038'!$K$26:$P$34)/'Bilan 2038'!$H$30)+'Bilan 2038'!$G$44 -> 11.888652 | AO23: ='Bilan 2040'!$G$27*(1-SUM('Bilan 2040'!$K$26:$P$34)/'Bilan 2040'!$H$30)+'Bilan 2040'!$G$44 -> 11.852412 | AP23: ='Bilan 2045'!$G$27*(1-SUM('Bilan 2045'!$K$26:$P$34)/'Bilan 2045'!$H$30)+'Bilan 2045'!$G$44 -> 11.792205 | AQ23: ='Bilan 2050'!$G$27*(1-SUM('Bilan 2050'!$K$26:$P$34)/'Bilan 2050'!$H$30)+'Bilan 2050'!$G$44 -> 11.764839 | AS23: UIOM et déchets directs | AT23: ='Bilan 2015'!$G$27*(1-SUM('Bilan 2015'!$K$26:$P$34)/'Bilan 2015'!$H$30)+'Bilan 2015'!$G$44 -> 0.50702499 | AU23: ='Bilan 2020'!$G$27*(1-SUM('Bilan 2020'!$K$26:$P$34)/'Bilan 2020'!$H$30)+'Bilan 2020'!$G$44 -> 18.464273 | AV23: ='Bilan 2023 réel'!$G$27*(1-SUM('Bilan 2023 réel'!$K$26:$P$34)/'Bilan 2023 réel'!$H$30)+'Bilan 2023 réel'!$G$44 -> 20.098089 | AW23: ='Bilan 2025'!$G$27*(1-SUM('Bilan 2025'!$K$26:$P$34)/'Bilan 2025'!$H$30)+'Bilan 2025'!$G$44 -> 12.15949 | AX23: ='Bilan 2028'!$G$27*(1-SUM('Bilan 2028'!$K$26:$P$34)/'Bilan 2028'!$H$30)+'Bilan 2028'!$G$44 -> 12.154709 | AY23: ='Bilan 2030'!$G$27*(1-SUM('Bilan 2030'!$K$26:$P$34)/'Bilan 2030'!$H$30)+'Bilan 2030'!$G$44 -> 12.141515 | AZ23: ='Bilan 2033'!$G$27*(1-SUM('Bilan 2033'!$K$26:$P$34)/'Bilan 2033'!$H$30)+'Bilan 2033'!$G$44 -> 12.020832 | BA23: ='Bilan 2035'!$G$27*(1-SUM('Bilan 2035'!$K$26:$P$34)/'Bilan 2035'!$H$30)+'Bilan 2035'!$G$44 -> 11.939096 | BB23: ='Bilan 2038'!$G$27*(1-SUM('Bilan 2038'!$K$26:$P$34)/'Bilan 2038'!$H$30)+'Bilan 2038'!$G$44 -> 11.888652 | BC23: ='Bilan 2040'!$G$27*(1-SUM('Bilan 2040'!$K$26:$P$34)/'Bilan 2040'!$H$30)+'Bilan 2040'!$G$44 -> 11.852412 | BD23: ='Bilan 2045'!$G$27*(1-SUM('Bilan 2045'!$K$26:$P$34)/'Bilan 2045'!$H$30)+'Bilan 2045'!$G$44 -> 11.792205 | BE23: ='Bilan 2050'!$G$27*(1-SUM('Bilan 2050'!$K$26:$P$34)/'Bilan 2050'!$H$30)+'Bilan 2050'!$G$44 -> 11.764839 | BG23: Cogénération | BH23: =IF(AT25>0,BV23/AT25,0) -> 0.43333686 | BI23: =IF(AU25>0,BW23/AU25,0) -> 0 | BJ23: =IF(AV25>0,BX23/AV25,0) -> 0 | BK23: =IF(AW25>0,BY23/AW25,0) -> 0 | BL23: =IF(AX25>0,BZ23/AX25,0) -> 0 | BM23: =IF(AY25>0,CA23/AY25,0) -> 0 | BN23: =IF(AZ25>0,CB23/AZ25,0) -> 0 | BO23: =IF(BA25>0,CC23/BA25,0) -> 0 | ... BS23: =IF(BE25>0,CG23/BE25,0) -> 0 | BU23: Cogénération | BV23: ='Bilan 2015'!$E$28 -> 0.52120198 | BW23: ='Bilan 2020'!$E$28 -> 0 | BX23: ='Bilan 2023 réel'!$E$28 -> 0 | BY23: ='Bilan 2025'!$E$28 -> 0 | BZ23: ='Bilan 2028'!$E$28 -> 0 | CA23: ='Bilan 2030'!$E$28 -> 0 | CB23: ='Bilan 2033'!$E$28 -> 0 | CC23: ='Bilan 2035'!$E$28 -> 0 | CD23: ='Bilan 2038'!$E$28 -> 0 | CE23: ='Bilan 2040'!$E$28 -> 0 | CF23: ='Bilan 2045'!$E$28 -> 0 | CG23: ='Bilan 2050'!$E$28 -> 0 | CJ23: Cogénération | CK23: =IF(AT25>0,DA23/AT25,0) -> 0.32765887 | CL23: =IF(AU25>0,DB23/AU25,0) -> 0 | CM23: =IF(AV25>0,DC23/AV25,0) -> 0 | CN23: =IF(AW25>0,DD23/AW25,0) -> 0 | CO23: =IF(AX25>0,DE23/AX25,0) -> 0 | CP23: =IF(AY25>0,DF23/AY25,0) -> 0 | CQ23: =IF(AZ25>0,DG23/AZ25,0) -> 0 | CR23: =IF(BA25>0,DH23/BA25,0) -> 0 | ... CV23: =IF(BE25>0,DL23/BE25,0) -> 0 | CY23: Cogénération | DA23: ='Bilan 2015'!$K$30*'Bilan 2015'!$G$28/'Bilan 2015'!$H$30 -> 0.39409629 | DB23: ='Bilan 2020'!$K$30*'Bilan 2020'!$G$28/'Bilan 2020'!$H$30 -> 0 | DC23: ='Bilan 2023 réel'!$K$30*'Bilan 2023 réel'!$G$28/'Bilan 2023 réel'!$H$30 -> 0 | DD23: ='Bilan 2025'!$K$30*'Bilan 2025'!$G$28/'Bilan 2025'!$H$30 -> 0 | DE23: ='Bilan 2028'!$K$30*'Bilan 2028'!$G$28/'Bilan 2028'!$H$30 -> 0 | DF23: ='Bilan 2030'!$K$30*'Bilan 2030'!$G$28/'Bilan 2030'!$H$30 -> 0 | DG23: ='Bilan 2033'!$K$30*'Bilan 2033'!$G$28/'Bilan 2033'!$H$30 -> 0 | DH23: ='Bilan 2035'!$K$30*'Bilan 2035'!$G$28/'Bilan 2035'!$H$30 -> 0 | DI23: ='Bilan 2038'!$K$30*'Bilan 2038'!$G$28/'Bilan 2038'!$H$30 -> 0 | DJ23: ='Bilan 2040'!$K$30*'Bilan 2040'!$G$28/'Bilan 2040'!$H$30 -> 0 | DK23: ='Bilan 2045'!$K$30*'Bilan 2045'!$G$28/'Bilan 2045'!$H$30 -> 0 | DL23: ='Bilan 2050'!$K$30*'Bilan 2050'!$G$28/'Bilan 2050'!$H$30 -> 0
AE24: Géothermie et PAC géothermique | AF24: ='Bilan 2015'!$G$39+'Bilan 2015'!$G$30*(1-SUM('Bilan 2015'!$K$26:$P$34)/'Bilan 2015'!$H$30) -> 0.22159317 | AG24: ='Bilan 2020'!$G$39+'Bilan 2020'!$G$30*(1-SUM('Bilan 2020'!$K$26:$P$34)/'Bilan 2020'!$H$30) -> 4.6323188 | AH24: ='Bilan 2023 réel'!$G$39+'Bilan 2023 réel'!$G$30*(1-SUM('Bilan 2023 réel'!$K$26:$P$34)/'Bilan 2023 réel'!$H$30) -> 7.0974102 | AI24: ='Bilan 2025'!$G$39+'Bilan 2025'!$G$30*(1-SUM('Bilan 2025'!$K$26:$P$34)/'Bilan 2025'!$H$30) -> 4.4509958 | AJ24: ='Bilan 2028'!$G$39+'Bilan 2028'!$G$30*(1-SUM('Bilan 2028'!$K$26:$P$34)/'Bilan 2028'!$H$30) -> 4.5922252 | AK24: ='Bilan 2030'!$G$39+'Bilan 2030'!$G$30*(1-SUM('Bilan 2030'!$K$26:$P$34)/'Bilan 2030'!$H$30) -> 4.6855523 | AL24: ='Bilan 2033'!$G$39+'Bilan 2033'!$G$30*(1-SUM('Bilan 2033'!$K$26:$P$34)/'Bilan 2033'!$H$30) -> 4.6507062 | AM24: ='Bilan 2035'!$G$39+'Bilan 2035'!$G$30*(1-SUM('Bilan 2035'!$K$26:$P$34)/'Bilan 2035'!$H$30) -> 4.6275785 | AN24: ='Bilan 2038'!$G$39+'Bilan 2038'!$G$30*(1-SUM('Bilan 2038'!$K$26:$P$34)/'Bilan 2038'!$H$30) -> 4.6185721 | AO24: ='Bilan 2040'!$G$39+'Bilan 2040'!$G$30*(1-SUM('Bilan 2040'!$K$26:$P$34)/'Bilan 2040'!$H$30) -> 4.6124284 | AP24: ='Bilan 2045'!$G$39+'Bilan 2045'!$G$30*(1-SUM('Bilan 2045'!$K$26:$P$34)/'Bilan 2045'!$H$30) -> 4.6159834 | AQ24: ='Bilan 2050'!$G$39+'Bilan 2050'!$G$30*(1-SUM('Bilan 2050'!$K$26:$P$34)/'Bilan 2050'!$H$30) -> 4.6190638 | AS24: Géothermie et PAC géothermique | AT24: ='Bilan 2015'!$G$39+'Bilan 2015'!$G$30*(1-SUM('Bilan 2015'!$K$26:$P$34)/'Bilan 2015'!$H$30) -> 0.22159317 | AU24: ='Bilan 2020'!$G$39+'Bilan 2020'!$G$30*(1-SUM('Bilan 2020'!$K$26:$P$34)/'Bilan 2020'!$H$30) -> 4.6323188 | AV24: ='Bilan 2023 réel'!$G$39+'Bilan 2023 réel'!$G$30*(1-SUM('Bilan 2023 réel'!$K$26:$P$34)/'Bilan 2023 réel'!$H$30) -> 7.0974102 | AW24: ='Bilan 2025'!$G$39+'Bilan 2025'!$G$30*(1-SUM('Bilan 2025'!$K$26:$P$34)/'Bilan 2025'!$H$30) -> 4.4509958 | AX24: ='Bilan 2028'!$G$39+'Bilan 2028'!$G$30*(1-SUM('Bilan 2028'!$K$26:$P$34)/'Bilan 2028'!$H$30) -> 4.5922252 | AY24: ='Bilan 2030'!$G$39+'Bilan 2030'!$G$30*(1-SUM('Bilan 2030'!$K$26:$P$34)/'Bilan 2030'!$H$30) -> 4.6855523 | AZ24: ='Bilan 2033'!$G$39+'Bilan 2033'!$G$30*(1-SUM('Bilan 2033'!$K$26:$P$34)/'Bilan 2033'!$H$30) -> 4.6507062 | BA24: ='Bilan 2035'!$G$39+'Bilan 2035'!$G$30*(1-SUM('Bilan 2035'!$K$26:$P$34)/'Bilan 2035'!$H$30) -> 4.6275785 | BB24: ='Bilan 2038'!$G$39+'Bilan 2038'!$G$30*(1-SUM('Bilan 2038'!$K$26:$P$34)/'Bilan 2038'!$H$30) -> 4.6185721 | BC24: ='Bilan 2040'!$G$39+'Bilan 2040'!$G$30*(1-SUM('Bilan 2040'!$K$26:$P$34)/'Bilan 2040'!$H$30) -> 4.6124284 | BD24: ='Bilan 2045'!$G$39+'Bilan 2045'!$G$30*(1-SUM('Bilan 2045'!$K$26:$P$34)/'Bilan 2045'!$H$30) -> 4.6159834 | BE24: ='Bilan 2050'!$G$39+'Bilan 2050'!$G$30*(1-SUM('Bilan 2050'!$K$26:$P$34)/'Bilan 2050'!$H$30) -> 4.6190638 | BG24: Autres (solaire thermique, chaleur fatale, PAC aéro, cogé nucléaire) | BH24: =IF(AT26>0,BV24/AT26,0) -> 0 | BI24: =IF(AU26>0,BW24/AU26,0) -> 0.0080549114 | BJ24: =IF(AV26>0,BX24/AV26,0) -> 0 | BK24: =IF(AW26>0,BY24/AW26,0) -> 0 | BL24: =IF(AX26>0,BZ24/AX26,0) -> 0 | BM24: =IF(AY26>0,CA24/AY26,0) -> 0 | BN24: =IF(AZ26>0,CB24/AZ26,0) -> 0 | BO24: =IF(BA26>0,CC24/BA26,0) -> 0 | ... BS24: =IF(BE26>0,CG24/BE26,0) -> 0 | BU24: Autres (solaire thermique, chaleur fatale, PAC aéro, cogé nucléaire) | BV24: =+'Bilan 2015'!$E$40 -> 0 | BW24: =+'Bilan 2020'!$E$40 -> 0.25705111 | BX24: =+'Bilan 2023 réel'!$E$40 -> 0 | BY24: =+'Bilan 2025'!$E$40 -> 0 | BZ24: =+'Bilan 2028'!$E$40 -> 0 | CA24: =+'Bilan 2030'!$E$40 -> 0 | CB24: =+'Bilan 2033'!$E$40 -> 0 | CC24: =+'Bilan 2035'!$E$40 -> 0 | CD24: =+'Bilan 2038'!$E$40 -> 0 | CE24: =+'Bilan 2040'!$E$40 -> 0 | CF24: =+'Bilan 2045'!$E$40 -> 0 | CG24: =+'Bilan 2050'!$E$40 -> 0 | CJ24: Autres (solaire thermique, chaleur fatale, PAC aéro, cogé nucléaire) | CK24: =IF(AT26>0,DA24/AT26,0) -> 0 | CL24: =IF(AU26>0,DB24/AU26,0) -> 0 | CM24: =IF(AV26>0,DC24/AV26,0) -> 0 | CN24: =IF(AW26>0,DD24/AW26,0) -> 0 | CO24: =IF(AX26>0,DE24/AX26,0) -> 0 | CP24: =IF(AY26>0,DF24/AY26,0) -> 0 | CQ24: =IF(AZ26>0,DG24/AZ26,0) -> 0 | CR24: =IF(BA26>0,DH24/BA26,0) -> 0 | ... CV24: =IF(BE26>0,DL24/BE26,0) -> 0 | CX24: =CX22+1 -> 2406 | CY24: Autres (solaire thermique, chaleur fatale, PAC aéro, cogé nucléaire) | CZ24: QMtep_losses_2406 | DA24: ='Bilan 2015'!$K$30*'Bilan 2015'!$G$31/'Bilan 2015'!$H$30 -> 0 | DB24: ='Bilan 2020'!$K$30*'Bilan 2020'!$G$31/'Bilan 2020'!$H$30 -> 0 | DC24: ='Bilan 2023 réel'!$K$30*'Bilan 2023 réel'!$G$31/'Bilan 2023 réel'!$H$30 -> 0 | DD24: ='Bilan 2025'!$K$30*'Bilan 2025'!$G$31/'Bilan 2025'!$H$30 -> 0 | DE24: ='Bilan 2028'!$K$30*'Bilan 2028'!$G$31/'Bilan 2028'!$H$30 -> 0 | DF24: ='Bilan 2030'!$K$30*'Bilan 2030'!$G$31/'Bilan 2030'!$H$30 -> 0 | DG24: ='Bilan 2033'!$K$30*'Bilan 2033'!$G$31/'Bilan 2033'!$H$30 -> 0 | DH24: ='Bilan 2035'!$K$30*'Bilan 2035'!$G$31/'Bilan 2035'!$H$30 -> 0 | DI24: ='Bilan 2038'!$K$30*'Bilan 2038'!$G$31/'Bilan 2038'!$H$30 -> 0 | DJ24: ='Bilan 2040'!$K$30*'Bilan 2040'!$G$31/'Bilan 2040'!$H$30 -> 0 | DK24: ='Bilan 2045'!$K$30*'Bilan 2045'!$G$31/'Bilan 2045'!$H$30 -> 0 | DL24: ='Bilan 2050'!$K$30*'Bilan 2050'!$G$31/'Bilan 2050'!$H$30 -> 0
A25: Energie fatale | R25: =R2-'Bilan 2015'!$C$5 -> 0.015924046 | S25: =S2-'Bilan 2020'!$C$5 -> 0.01 | T25: =T2-'Bilan 2023'!$C$5 -> -99.561878 | U25: =U2-'Bilan 2025'!$C$5 -> 0.0101 | V25: =V2-'Bilan 2028'!$C$5 -> 0.0101 | W25: =W2-'Bilan 2030'!$C$5 -> 0.0101 | X25: =X2-'Bilan 2033'!$C$5 -> 0.0101 | Y25: =Y2-'Bilan 2035'!$C$5 -> 0.0101 | Z25: =Z2-'Bilan 2038'!$C$5 -> 0.0101 | AA25: =AA2-'Bilan 2040'!$C$5 -> 0.0101 | AB25: =AB2-'Bilan 2045'!$C$5 -> 0.0101 | AC25: =AC2-'Bilan 2050'!$C$5 -> 0.0102 | AD25: =AD23+1 -> 2406 | AE25: Cogénération | AF25: =+'Bilan 2015'!$G$28*(1-SUM('Bilan 2015'!$K$26:$P$34)/'Bilan 2015'!$H$30) -> 1.192764 | AG25: =+'Bilan 2020'!$G$28*(1-SUM('Bilan 2020'!$K$26:$P$34)/'Bilan 2020'!$H$30) -> 0 | AH25: =+'Bilan 2023 réel'!$G$28*(1-SUM('Bilan 2023 réel'!$K$26:$P$34)/'Bilan 2023 réel'!$H$30) -> 0 | AI25: =+'Bilan 2025'!$G$28*(1-SUM('Bilan 2025'!$K$26:$P$34)/'Bilan 2025'!$H$30) -> 0 | AJ25: =+'Bilan 2028'!$G$28*(1-SUM('Bilan 2028'!$K$26:$P$34)/'Bilan 2028'!$H$30) -> 0 | AK25: =+'Bilan 2030'!$G$28*(1-SUM('Bilan 2030'!$K$26:$P$34)/'Bilan 2030'!$H$30) -> 0 | AL25: =+'Bilan 2033'!$G$28*(1-SUM('Bilan 2033'!$K$26:$P$34)/'Bilan 2033'!$H$30) -> 0 | AM25: =+'Bilan 2035'!$G$28*(1-SUM('Bilan 2035'!$K$26:$P$34)/'Bilan 2035'!$H$30) -> 0 | AN25: =+'Bilan 2038'!$G$28*(1-SUM('Bilan 2038'!$K$26:$P$34)/'Bilan 2038'!$H$30) -> 0 | AO25: =+'Bilan 2040'!$G$28*(1-SUM('Bilan 2040'!$K$26:$P$34)/'Bilan 2040'!$H$30) -> 0 | AP25: =+'Bilan 2045'!$G$28*(1-SUM('Bilan 2045'!$K$26:$P$34)/'Bilan 2045'!$H$30) -> 0 | AQ25: =+'Bilan 2050'!$G$28*(1-SUM('Bilan 2050'!$K$26:$P$34)/'Bilan 2050'!$H$30) -> 0 | AS25: Cogénération | AT25: =+'Bilan 2015'!$G$28*(1-SUM('Bilan 2015'!$K$26:$P$34)/'Bilan 2015'!$H$30)+0.01 -> 1.202764 | AU25: =+'Bilan 2020'!$G$28*(1-SUM('Bilan 2020'!$K$26:$P$34)/'Bilan 2020'!$H$30)+0.01 -> 0.01 | AV25: =+'Bilan 2023 réel'!$G$28*(1-SUM('Bilan 2023 réel'!$K$26:$P$34)/'Bilan 2023 réel'!$H$30)+0.01 -> 0.01 | AW25: =+'Bilan 2025'!$G$28*(1-SUM('Bilan 2025'!$K$26:$P$34)/'Bilan 2025'!$H$30)+0.01 -> 0.01 | AX25: =+'Bilan 2028'!$G$28*(1-SUM('Bilan 2028'!$K$26:$P$34)/'Bilan 2028'!$H$30)+0.01 -> 0.01 | AY25: =+'Bilan 2030'!$G$28*(1-SUM('Bilan 2030'!$K$26:$P$34)/'Bilan 2030'!$H$30)+0.01 -> 0.01 | AZ25: =+'Bilan 2033'!$G$28*(1-SUM('Bilan 2033'!$K$26:$P$34)/'Bilan 2033'!$H$30)+0.01 -> 0.01 | BA25: =+'Bilan 2035'!$G$28*(1-SUM('Bilan 2035'!$K$26:$P$34)/'Bilan 2035'!$H$30)+0.01 -> 0.01 | BB25: =+'Bilan 2038'!$G$28*(1-SUM('Bilan 2038'!$K$26:$P$34)/'Bilan 2038'!$H$30)+0.01 -> 0.01 | BC25: =+'Bilan 2040'!$G$28*(1-SUM('Bilan 2040'!$K$26:$P$34)/'Bilan 2040'!$H$30)+0.01 -> 0.01 | BD25: =+'Bilan 2045'!$G$28*(1-SUM('Bilan 2045'!$K$26:$P$34)/'Bilan 2045'!$H$30)+0.01 -> 0.01 | BE25: =+'Bilan 2050'!$G$28*(1-SUM('Bilan 2050'!$K$26:$P$34)/'Bilan 2050'!$H$30)+0.01 -> 0.01 | BG25: Charbon | BH25: =BV25/AT27 -> 0.0093073144 | BI25: =BW25/AU27 -> 0.0051069005 | BJ25: =BX25/AV27 -> 0.0025596441 | BK25: =BY25/AW27 -> 0.00028385727 | BL25: =BZ25/AX27 -> 0.00010973046 | BM25: =CA25/AY27 -> 0 | BN25: =CB25/AZ27 -> 0 | BO25: =CC25/BA27 -> 0 | ... BS25: =CG25/BE27 -> 0 | BU25: Charbon | BV25: ='Bilan 2015'!$E$34+'Bilan 2015'!$E$46 -> 0.041326852 | BW25: ='Bilan 2020'!$E$34+'Bilan 2020'!$E$46 -> 0.19734849 | BX25: ='Bilan 2023 réel'!$E$34+'Bilan 2023 réel'!$E$46 -> 0.11727843 | BY25: ='Bilan 2025'!$E$34+'Bilan 2025'!$E$46 -> 0.013933483 | BZ25: ='Bilan 2028'!$E$34+'Bilan 2028'!$E$46 -> 0.0052050962 | CA25: ='Bilan 2030'!$E$34+'Bilan 2030'!$E$46 -> 0 | CB25: ='Bilan 2033'!$E$34+'Bilan 2033'!$E$46 -> 0 | CC25: ='Bilan 2035'!$E$34+'Bilan 2035'!$E$46 -> 0 | CD25: ='Bilan 2038'!$E$34+'Bilan 2038'!$E$46 -> 0 | CE25: ='Bilan 2040'!$E$34+'Bilan 2040'!$E$46 -> 0 | CF25: ='Bilan 2045'!$E$34+'Bilan 2045'!$E$46 -> 0 | CG25: ='Bilan 2050'!$E$34+'Bilan 2050'!$E$46 -> 0 | CJ25: Charbon | CK25: =IF(AT27>0,DA22/AT27,0) -> 0.0023757663 | CL25: =IF(AU27>0,DB22/AU27,0) -> 0.0075632505 | CM25: =IF(AV27>0,DC22/AV27,0) -> 0.0080094551 | CN25: =IF(AW27>0,DD22/AW27,0) -> 0.003283042 | CO25: =IF(AX27>0,DE22/AX27,0) -> 0.0033124388 | CP25: =IF(AY27>0,DF22/AY27,0) -> 0.0033308323 | CQ25: =IF(AZ27>0,DG22/AZ27,0) -> 0.0032966802 | CR25: =IF(BA27>0,DH22/BA27,0) -> 0.0032772346 | ... CV25: =IF(BE27>0,DL22/BE27,0) -> 0.0034136378 | CX25: dont | CY25: charbon | CZ25: QMtep_losses_21 | DA25: ='Bilan 2015'!$K$30*'Bilan 2015'!$G$34/'Bilan 2015'!$H$30 -> 0.03124846 | DB25: ='Bilan 2020'!$K$30*'Bilan 2020'!$G$34/'Bilan 2020'!$H$30 -> 0.1249465 | DC25: ='Bilan 2023 réel'!$K$30*'Bilan 2023 réel'!$G$34/'Bilan 2023 réel'!$H$30 -> 0.090069591 | DD25: ='Bilan 2025'!$K$30*'Bilan 2025'!$G$34/'Bilan 2025'!$H$30 -> 0.0084940627 | DE25: ='Bilan 2028'!$K$30*'Bilan 2028'!$G$34/'Bilan 2028'!$H$30 -> 0.0034261899 | DF25: ='Bilan 2030'!$K$30*'Bilan 2030'!$G$34/'Bilan 2030'!$H$30 -> 0 | DG25: ='Bilan 2033'!$K$30*'Bilan 2033'!$G$34/'Bilan 2033'!$H$30 -> 0 | DH25: ='Bilan 2035'!$K$30*'Bilan 2035'!$G$34/'Bilan 2035'!$H$30 -> 0 | DI25: ='Bilan 2038'!$K$30*'Bilan 2038'!$G$34/'Bilan 2038'!$H$30 -> 0 | DJ25: ='Bilan 2040'!$K$30*'Bilan 2040'!$G$34/'Bilan 2040'!$H$30 -> 0 | DK25: ='Bilan 2045'!$K$30*'Bilan 2045'!$G$34/'Bilan 2045'!$H$30 -> 0 | DL25: ='Bilan 2050'!$K$30*'Bilan 2050'!$G$34/'Bilan 2050'!$H$30 -> 0
A26: Biométhane | AE26: Autres (solaire thermique, chaleur fatale, PAC aéro, cogé nucléaire) | AF26: ='Bilan 2015'!$G$40+'Bilan 2015'!$G$38+'Bilan 2015'!$G$31*(1-SUM('Bilan 2015'!$K$26:$P$34)/'Bilan 2015'!$H$30) -> 2.9060908 | AG26: ='Bilan 2020'!$G$40+'Bilan 2020'!$G$38+'Bilan 2020'!$G$31*(1-SUM('Bilan 2020'!$K$26:$P$34)/'Bilan 2020'!$H$30) -> 31.912345 | AH26: ='Bilan 2023 réel'!$G$40+'Bilan 2023 réel'!$G$38+'Bilan 2023 réel'!$G$31*(1-SUM('Bilan 2023 réel'!$K$26:$P$34)/'Bilan 2023 réel'!$H$30) -> 49.999685 | AI26: ='Bilan 2025'!$G$40+'Bilan 2025'!$G$38+'Bilan 2025'!$G$31*(1-SUM('Bilan 2025'!$K$26:$P$34)/'Bilan 2025'!$H$30) -> 39.319242 | AJ26: ='Bilan 2028'!$G$40+'Bilan 2028'!$G$38+'Bilan 2028'!$G$31*(1-SUM('Bilan 2028'!$K$26:$P$34)/'Bilan 2028'!$H$30) -> 45.316804 | AK26: ='Bilan 2030'!$G$40+'Bilan 2030'!$G$38+'Bilan 2030'!$G$31*(1-SUM('Bilan 2030'!$K$26:$P$34)/'Bilan 2030'!$H$30) -> 49.514351 | AL26: ='Bilan 2033'!$G$40+'Bilan 2033'!$G$38+'Bilan 2033'!$G$31*(1-SUM('Bilan 2033'!$K$26:$P$34)/'Bilan 2033'!$H$30) -> 54.409714 | AM26: ='Bilan 2035'!$G$40+'Bilan 2035'!$G$38+'Bilan 2035'!$G$31*(1-SUM('Bilan 2035'!$K$26:$P$34)/'Bilan 2035'!$H$30) -> 57.826395 | AN26: ='Bilan 2038'!$G$40+'Bilan 2038'!$G$38+'Bilan 2038'!$G$31*(1-SUM('Bilan 2038'!$K$26:$P$34)/'Bilan 2038'!$H$30) -> 60.832905 | AO26: ='Bilan 2040'!$G$40+'Bilan 2040'!$G$38+'Bilan 2040'!$G$31*(1-SUM('Bilan 2040'!$K$26:$P$34)/'Bilan 2040'!$H$30) -> 62.897832 | AP26: ='Bilan 2045'!$G$40+'Bilan 2045'!$G$38+'Bilan 2045'!$G$31*(1-SUM('Bilan 2045'!$K$26:$P$34)/'Bilan 2045'!$H$30) -> 67.964408 | AQ26: ='Bilan 2050'!$G$40+'Bilan 2050'!$G$38+'Bilan 2050'!$G$31*(1-SUM('Bilan 2050'!$K$26:$P$34)/'Bilan 2050'!$H$30) -> 75.083763 | AS26: Autres (solaire thermique, chaleur fatale, PAC aéro, cogé nucléaire) | AT26: ='Bilan 2015'!$G$40+'Bilan 2015'!$G$38+'Bilan 2015'!$G$31*(1-SUM('Bilan 2015'!$K$26:$P$34)/'Bilan 2015'!$H$30) -> 2.9060908 | AU26: ='Bilan 2020'!$G$40+'Bilan 2020'!$G$38+'Bilan 2020'!$G$31*(1-SUM('Bilan 2020'!$K$26:$P$34)/'Bilan 2020'!$H$30) -> 31.912345 | AV26: ='Bilan 2023 réel'!$G$40+'Bilan 2023 réel'!$G$38+'Bilan 2023 réel'!$G$31*(1-SUM('Bilan 2023 réel'!$K$26:$P$34)/'Bilan 2023 réel'!$H$30) -> 49.999685 | AW26: ='Bilan 2025'!$G$40+'Bilan 2025'!$G$38+'Bilan 2025'!$G$31*(1-SUM('Bilan 2025'!$K$26:$P$34)/'Bilan 2025'!$H$30) -> 39.319242 | AX26: ='Bilan 2028'!$G$40+'Bilan 2028'!$G$38+'Bilan 2028'!$G$31*(1-SUM('Bilan 2028'!$K$26:$P$34)/'Bilan 2028'!$H$30) -> 45.316804 | AY26: ='Bilan 2030'!$G$40+'Bilan 2030'!$G$38+'Bilan 2030'!$G$31*(1-SUM('Bilan 2030'!$K$26:$P$34)/'Bilan 2030'!$H$30) -> 49.514351 | AZ26: ='Bilan 2033'!$G$40+'Bilan 2033'!$G$38+'Bilan 2033'!$G$31*(1-SUM('Bilan 2033'!$K$26:$P$34)/'Bilan 2033'!$H$30) -> 54.409714 | BA26: ='Bilan 2035'!$G$40+'Bilan 2035'!$G$38+'Bilan 2035'!$G$31*(1-SUM('Bilan 2035'!$K$26:$P$34)/'Bilan 2035'!$H$30) -> 57.826395 | BB26: ='Bilan 2038'!$G$40+'Bilan 2038'!$G$38+'Bilan 2038'!$G$31*(1-SUM('Bilan 2038'!$K$26:$P$34)/'Bilan 2038'!$H$30) -> 60.832905 | BC26: ='Bilan 2040'!$G$40+'Bilan 2040'!$G$38+'Bilan 2040'!$G$31*(1-SUM('Bilan 2040'!$K$26:$P$34)/'Bilan 2040'!$H$30) -> 62.897832 | BD26: ='Bilan 2045'!$G$40+'Bilan 2045'!$G$38+'Bilan 2045'!$G$31*(1-SUM('Bilan 2045'!$K$26:$P$34)/'Bilan 2045'!$H$30) -> 67.964408 | BE26: ='Bilan 2050'!$G$40+'Bilan 2050'!$G$38+'Bilan 2050'!$G$31*(1-SUM('Bilan 2050'!$K$26:$P$34)/'Bilan 2050'!$H$30) -> 75.083763 | BV26: =SUM(BV4:BV25)-SUM('Bilan 2015'!$E$7:$E$48)-'Bilan 2015'!$I$13 -> 1.4210855e-14 | BW26: =SUM(BW4:BW25)-SUM('Bilan 2020'!$E$7:$E$48)-'Bilan 2020'!$I$13 -> 0 | BX26: =SUM(BX4:BX25)-SUM('Bilan 2023 réel'!$E$7:$E$48)-'Bilan 2023 réel'!$I$13 -> -3.5106277 | BY26: =SUM(BY4:BY25)-SUM('Bilan 2025'!$E$7:$E$48)-'Bilan 2025'!$I$13 -> -1.2789769e-13 | BZ26: =SUM(BZ4:BZ25)-SUM('Bilan 2028'!$E$7:$E$48)-'Bilan 2028'!$I$13 -> 2.344791e-13 | CA26: =SUM(CA4:CA25)-SUM('Bilan 2030'!$E$7:$E$48)-'Bilan 2030'!$I$13 -> 0 | CB26: =SUM(CB4:CB25)-SUM('Bilan 2033'!$E$7:$E$48)-'Bilan 2033'!$I$13 -> 0 | CC26: =SUM(CC4:CC25)-SUM('Bilan 2035'!$E$7:$E$48)-'Bilan 2035'!$I$13 -> -9.2370556e-14 | CD26: =SUM(CD4:CD25)-SUM('Bilan 2038'!$E$7:$E$48)-'Bilan 2038'!$I$13 -> 2.8421709e-14 | CE26: =SUM(CE4:CE25)-SUM('Bilan 2040'!$E$7:$E$48)-'Bilan 2040'!$I$13 -> -1.1723955e-13 | CF26: =SUM(CF4:CF25)-SUM('Bilan 2045'!$E$7:$E$48)-'Bilan 2045'!$I$13 -> -1.8829382e-13 | CG26: =SUM(CG4:CG25)-SUM('Bilan 2050'!$E$7:$E$48)-'Bilan 2050'!$I$13 -> 1.3855583e-13
A27: BtG | R27: 2015 | S27: 2020 | T27: 2023 | U27: 2025 | V27: 2028 | W27: 2030 | X27: 2033 | Y27: 2035 | Z27: 2038 | AA27: 2040 | AB27: 2045 | AC27: 2050 | AE27: Charbon | AF27: =SUM('Bilan 2015'!$S$46:$W$46)+'Bilan 2015'!$G$34*(1-SUM('Bilan 2015'!$K$26:$P$34)/'Bilan 2015'!$H$30) -> 1.2259365 | AG27: =SUM('Bilan 2020'!$S$46:$W$46)+'Bilan 2020'!$G$34*(1-SUM('Bilan 2020'!$K$26:$P$34)/'Bilan 2020'!$H$30) -> 10.848285 | AH27: =SUM('Bilan 2023 réel'!$S$46:$W$46)+'Bilan 2023 réel'!$G$34*(1-SUM('Bilan 2023 réel'!$K$26:$P$34)/'Bilan 2023 réel'!$H$30) -> 8.2739146 | AI27: =SUM('Bilan 2025'!$S$46:$W$46)+'Bilan 2025'!$G$34*(1-SUM('Bilan 2025'!$K$26:$P$34)/'Bilan 2025'!$H$30) -> 7.185448 | AJ27: =SUM('Bilan 2028'!$S$46:$W$46)+'Bilan 2028'!$G$34*(1-SUM('Bilan 2028'!$K$26:$P$34)/'Bilan 2028'!$H$30) -> 6.7695295 | AK27: =SUM('Bilan 2030'!$S$46:$W$46)+'Bilan 2030'!$G$34*(1-SUM('Bilan 2030'!$K$26:$P$34)/'Bilan 2030'!$H$30) -> 6.5032742 | AL27: =SUM('Bilan 2033'!$S$46:$W$46)+'Bilan 2033'!$G$34*(1-SUM('Bilan 2033'!$K$26:$P$34)/'Bilan 2033'!$H$30) -> 6.3476756 | AM27: =SUM('Bilan 2035'!$S$46:$W$46)+'Bilan 2035'!$G$34*(1-SUM('Bilan 2035'!$K$26:$P$34)/'Bilan 2035'!$H$30) -> 6.2002081 | AN27: =SUM('Bilan 2038'!$S$46:$W$46)+'Bilan 2038'!$G$34*(1-SUM('Bilan 2038'!$K$26:$P$34)/'Bilan 2038'!$H$30) -> 5.7766123 | AO27: =SUM('Bilan 2040'!$S$46:$W$46)+'Bilan 2040'!$G$34*(1-SUM('Bilan 2040'!$K$26:$P$34)/'Bilan 2040'!$H$30) -> 5.4657298 | AP27: =SUM('Bilan 2045'!$S$46:$W$46)+'Bilan 2045'!$G$34*(1-SUM('Bilan 2045'!$K$26:$P$34)/'Bilan 2045'!$H$30) -> 4.6398194 | AQ27: =SUM('Bilan 2050'!$S$46:$W$46)+'Bilan 2050'!$G$34*(1-SUM('Bilan 2050'!$K$26:$P$34)/'Bilan 2050'!$H$30) -> 3.6733928 | AS27: Charbon | AT27: =SUM('Bilan 2015'!$S$46:$W$46)+'Bilan 2015'!$G$34*(1-SUM('Bilan 2015'!$K$26:$P$34)/'Bilan 2015'!$H$30)+'Bilan 2015'!$E$52 -> 4.4402553 | AU27: =SUM('Bilan 2020'!$S$46:$W$46)+'Bilan 2020'!$G$34*(1-SUM('Bilan 2020'!$K$26:$P$34)/'Bilan 2020'!$H$30)+'Bilan 2020'!$E$52 -> 38.643495 | AV27: =SUM('Bilan 2023 réel'!$S$46:$W$46)+'Bilan 2023 réel'!$G$34*(1-SUM('Bilan 2023 réel'!$K$26:$P$34)/'Bilan 2023 réel'!$H$30)+'Bilan 2023 réel'!$E$52 -> 45.818255 | AW27: =SUM('Bilan 2025'!$S$46:$W$46)+'Bilan 2025'!$G$34*(1-SUM('Bilan 2025'!$K$26:$P$34)/'Bilan 2025'!$H$30)+'Bilan 2025'!$E$52 -> 49.086229 | AX27: =SUM('Bilan 2028'!$S$46:$W$46)+'Bilan 2028'!$G$34*(1-SUM('Bilan 2028'!$K$26:$P$34)/'Bilan 2028'!$H$30)+'Bilan 2028'!$E$52 -> 47.435291 | AY27: =SUM('Bilan 2030'!$S$46:$W$46)+'Bilan 2030'!$G$34*(1-SUM('Bilan 2030'!$K$26:$P$34)/'Bilan 2030'!$H$30)+'Bilan 2030'!$E$52 -> 46.346776 | AZ27: =SUM('Bilan 2033'!$S$46:$W$46)+'Bilan 2033'!$G$34*(1-SUM('Bilan 2033'!$K$26:$P$34)/'Bilan 2033'!$H$30)+'Bilan 2033'!$E$52 -> 46.166678 | BA27: =SUM('Bilan 2035'!$S$46:$W$46)+'Bilan 2035'!$G$34*(1-SUM('Bilan 2035'!$K$26:$P$34)/'Bilan 2035'!$H$30)+'Bilan 2035'!$E$52 -> 46.00048 | BB27: =SUM('Bilan 2038'!$S$46:$W$46)+'Bilan 2038'!$G$34*(1-SUM('Bilan 2038'!$K$26:$P$34)/'Bilan 2038'!$H$30)+'Bilan 2038'!$E$52 -> 45.545216 | BC27: =SUM('Bilan 2040'!$S$46:$W$46)+'Bilan 2040'!$G$34*(1-SUM('Bilan 2040'!$K$26:$P$34)/'Bilan 2040'!$H$30)+'Bilan 2040'!$E$52 -> 45.210855 | BD27: =SUM('Bilan 2045'!$S$46:$W$46)+'Bilan 2045'!$G$34*(1-SUM('Bilan 2045'!$K$26:$P$34)/'Bilan 2045'!$H$30)+'Bilan 2045'!$E$52 -> 44.318034 | BE27: =SUM('Bilan 2050'!$S$46:$W$46)+'Bilan 2050'!$G$34*(1-SUM('Bilan 2050'!$K$26:$P$34)/'Bilan 2050'!$H$30)+'Bilan 2050'!$E$52 -> 43.273106 | DA27: =SUM(DA4:DA24,DA25)-SUM('Bilan 2015'!$K$7:$K$47) -> 0 | DB27: =SUM(DB4:DB24,DB25)-SUM('Bilan 2020'!$K$7:$K$47) -> 0 | DC27: =SUM(DC4:DC24,DC25)-SUM('Bilan 2023 réel'!$K$7:$K$47) -> -0.17025828 | DD27: =SUM(DD4:DD24,DD25)-SUM('Bilan 2025'!$K$7:$K$47) -> 0 | DE27: =SUM(DE4:DE24,DE25)-SUM('Bilan 2028'!$K$7:$K$47) -> 0 | DF27: =SUM(DF4:DF24,DF25)-SUM('Bilan 2030'!$K$7:$K$47) -> 0 | DG27: =SUM(DG4:DG24,DG25)-SUM('Bilan 2033'!$K$7:$K$47) -> 0 | DH27: =SUM(DH4:DH24,DH25)-SUM('Bilan 2035'!$K$7:$K$47) -> 0 | DI27: =SUM(DI4:DI24,DI25)-SUM('Bilan 2038'!$K$7:$K$47) -> 0 | DJ27: =SUM(DJ4:DJ24,DJ25)-SUM('Bilan 2040'!$K$7:$K$47) -> 0 | DK27: =SUM(DK4:DK24,DK25)-SUM('Bilan 2045'!$K$7:$K$47) -> 0 | DL27: =SUM(DL4:DL24,DL25)-SUM('Bilan 2050'!$K$7:$K$47) -> 0
A28: Gaz et chaleur | B28: =SUM(B29:B34) -> 45.352679 | C28: =SUM(C29:C34) -> 514.0122 | D28: =SUM(D29:D34) -> 494.71473 | E28: =SUM(E29:E34) -> 521.21681 | F28: =SUM(F29:F34) -> 519.19539 | G28: =SUM(G29:G34) -> 518.30569 | H28: =SUM(H29:H34) -> 523.20981 | I28: =SUM(I29:I34) -> 526.60209 | ... M28: =SUM(M29:M34) -> 529.2429 | N28: {=C28-SUM('Bilan 2020'!$C$21:$C$32,'Bilan 2020'!$C$36:$C$40,'Bilan 2020'!$C$44:$C$45,'Bilan 2020'!$C$47,-'Bilan 2020'!$M$21:$P$24,-'Bilan 2020'!$M$26:$P$34)} -> 0 | O28: {=G28-SUM('Bilan 2030'!$C$21:$C$32,'Bilan 2030'!$C$36:$C$40,'Bilan 2030'!$C$44:$C$45,'Bilan 2030'!$C$47,-'Bilan 2030'!$M$21:$P$24,-'Bilan 2030'!$M$26:$P$34)} -> 0 | P28: {=M28-SUM('Bilan 2050'!$C$21:$C$32,'Bilan 2050'!$C$36:$C$40,'Bilan 2050'!$C$44:$C$45,'Bilan 2050'!$C$47,-'Bilan 2050'!$M$21:$P$24,-'Bilan 2050'!$M$26:$P$34)} -> 0 | Q28: Production énergétique en pourcentage de la production énergétique primaire de chaque vecteur | AF28: =AF2-'Bilan 2015'!$S$5 -> -2.7739851 | AG28: =AG2-'Bilan 2020'!$S$5 -> 0.042949056 | AH28: =AH2-'Bilan 2023 réel'!$S$5 -> -2.0327256 | AI28: =AI2-'Bilan 2025'!$S$5 -> 0.0047640222 | AJ28: =AJ2-'Bilan 2028'!$S$5 -> 0.0023130955 | AK28: =AK2-'Bilan 2030'!$S$5 -> 0.00067914441 | AL28: =AL2-'Bilan 2033'!$S$5 -> -0.00030088543 | AM28: =AM2-'Bilan 2035'!$S$5 -> -0.00095423865 | AN28: =AN2-'Bilan 2038'!$S$5 -> -0.0012009757 | AO28: =AO2-'Bilan 2040'!$S$5 -> -0.0013654671 | AP28: =AP2-'Bilan 2045'!$S$5 -> 0.00018022759 | AQ28: =AQ2-'Bilan 2050'!$S$5 -> -0.0099720733 | AT28: =AT2-'Bilan 2015'!$S$5-SUM('Bilan 2015'!$E$52:$E$57) -> -2.7639851 | AU28: =AU2-'Bilan 2020'!$S$5-SUM('Bilan 2020'!$E$52:$E$57) -> 0.052949056 | AV28: =AV2-'Bilan 2023 réel'!$S$5-SUM('Bilan 2023 réel'!$E$52:$E$58) -> -2.0227256 | AW28: =AW2-'Bilan 2025'!$S$5-SUM('Bilan 2025'!$E$52:$E$57) -> 0.014764022 | AX28: =AX2-'Bilan 2028'!$S$5-SUM('Bilan 2028'!$E$52:$E$57) -> 0.012313096 | AY28: =AY2-'Bilan 2030'!$S$5-SUM('Bilan 2030'!$E$52:$E$57) -> 0.010679144 | AZ28: =AZ2-'Bilan 2033'!$S$5-SUM('Bilan 2033'!$E$52:$E$57) -> 0.0096991146 | BA28: =BA2-'Bilan 2035'!$S$5-SUM('Bilan 2035'!$E$52:$E$57) -> 0.0090457614 | BB28: =BB2-'Bilan 2038'!$S$5-SUM('Bilan 2038'!$E$52:$E$57) -> 0.0087990243 | BC28: =BC2-'Bilan 2040'!$S$5-SUM('Bilan 2040'!$E$52:$E$57) -> 0.0086345329 | BD28: =BD2-'Bilan 2045'!$S$5-SUM('Bilan 2045'!$E$52:$E$57) -> 0.010180228 | BE28: =BE2-'Bilan 2050'!$S$5-SUM('Bilan 2050'!$E$52:$E$57) -> 2.7926662e-05 | BW28: =SUM(BW$17:BW$25)-SUM('Bilan 2020'!$E$21:$E$32)-'Bilan 2020'!$E$40-'Bilan 2020'!$E$34 -> -6.3837824e-16 | BX28: =SUM(BX$17:BX$25)-SUM('Bilan 2023 réel'!$E$21:$E$32)-'Bilan 2023 réel'!$E$40-'Bilan 2023 réel'!$E$34 -> 8.4654506e-16 | BY28: =SUM(BY$17:BY$25)-SUM('Bilan 2025'!$E$21:$E$32)-'Bilan 2025'!$E$40-'Bilan 2025'!$E$34 -> 1.3183898e-16 | BZ28: =SUM(BZ$17:BZ$25)-SUM('Bilan 2028'!$E$21:$E$32)-'Bilan 2028'!$E$40-'Bilan 2028'!$E$34 -> 3.5908776e-16 | CA28: =SUM(CA$17:CA$25)-SUM('Bilan 2030'!$E$21:$E$32)-'Bilan 2030'!$E$40-'Bilan 2030'!$E$34 -> 0 | CB28: =SUM(CB$17:CB$25)-SUM('Bilan 2033'!$E$21:$E$32)-'Bilan 2033'!$E$40-'Bilan 2033'!$E$34 -> -1.7763568e-15 | CC28: =SUM(CC$17:CC$25)-SUM('Bilan 2035'!$E$21:$E$32)-'Bilan 2035'!$E$40-'Bilan 2035'!$E$34 -> 0 | CD28: =SUM(CD$17:CD$25)-SUM('Bilan 2038'!$E$21:$E$32)-'Bilan 2038'!$E$40-'Bilan 2038'!$E$34 -> 1.7763568e-15 | CE28: =SUM(CE$17:CE$25)-SUM('Bilan 2040'!$E$21:$E$32)-'Bilan 2040'!$E$40-'Bilan 2040'!$E$34 -> 0 | CF28: =SUM(CF$17:CF$25)-SUM('Bilan 2045'!$E$21:$E$32)-'Bilan 2045'!$E$40-'Bilan 2045'!$E$34 -> 0 | CG28: =SUM(CG$17:CG$25)-SUM('Bilan 2050'!$E$21:$E$32)-'Bilan 2050'!$E$40-'Bilan 2050'!$E$34 -> 0
A29: Gaz naturel (réseau de gaz et de chaleur) | B29: ='Bilan 2015'!$C$23-SUM('Bilan 2015'!$M$23:$P$23)+'Bilan 2015'!$C$24-SUM('Bilan 2015'!$M$24:$P$24)+'Bilan 2015'!$C$32*(1-SUM('Bilan 2015'!$M$26:$P$34)/'Bilan 2015'!$D$30)+'Bilan 2015'!$C$45+'Bilan 2015'!$C$47 -> 31.150146 | C29: ='Bilan 2020'!$C$23-SUM('Bilan 2020'!$M$23:$P$23)+'Bilan 2020'!$C$24-SUM('Bilan 2020'!$M$24:$P$24)+'Bilan 2020'!$C$32*(1-SUM('Bilan 2020'!$M$26:$P$34)/'Bilan 2020'!$D$30)+'Bilan 2020'!$C$45+'Bilan 2020'!$C$47 -> 351.08177 | D29: ='Bilan 2023 réel'!$C$22+'Bilan 2023 réel'!$C$23-SUM('Bilan 2023 réel'!$M$23:$P$23)+'Bilan 2023 réel'!$C$24-SUM('Bilan 2023 réel'!$M$24:$P$24)+'Bilan 2023 réel'!$C$32*(1-SUM('Bilan 2023 réel'!$M$26:$P$34)/'Bilan 2023 réel'!$D$30)+'Bilan 2023 réel'!$C$45+'Bilan 2023 réel'!$C$47 -> 296.66981 | E29: ='Bilan 2025'!$C$24-'Bilan 2025'!$C$19+'Bilan 2025'!$C$45 -> 344.97012 | F29: ='Bilan 2028'!$C$23-SUM('Bilan 2028'!$M$23:$P$23)+'Bilan 2028'!$C$24-SUM('Bilan 2028'!$M$24:$P$24)+'Bilan 2028'!$C$32*(1-SUM('Bilan 2028'!$M$26:$P$34)/'Bilan 2028'!$D$30)+'Bilan 2028'!$C$45+'Bilan 2028'!$C$47 -> 333.80757 | G29: ='Bilan 2030'!$C$23-SUM('Bilan 2030'!$M$23:$P$23)+'Bilan 2030'!$C$24-SUM('Bilan 2030'!$M$24:$P$24)+'Bilan 2030'!$C$32*(1-SUM('Bilan 2030'!$M$26:$P$34)/'Bilan 2030'!$D$30)+'Bilan 2030'!$C$45+'Bilan 2030'!$C$47 -> 326.30781 | H29: ='Bilan 2033'!$C$23-SUM('Bilan 2033'!$M$23:$P$23)+'Bilan 2033'!$C$24-SUM('Bilan 2033'!$M$24:$P$24)+'Bilan 2033'!$C$32*(1-SUM('Bilan 2033'!$M$26:$P$34)/'Bilan 2033'!$D$30)+'Bilan 2033'!$C$45+'Bilan 2033'!$C$47 -> 321.42991 | I29: ='Bilan 2035'!$C$23-SUM('Bilan 2035'!$M$23:$P$23)+'Bilan 2035'!$C$24-SUM('Bilan 2035'!$M$24:$P$24)+'Bilan 2035'!$C$32*(1-SUM('Bilan 2035'!$M$26:$P$34)/'Bilan 2035'!$D$30)+'Bilan 2035'!$C$45+'Bilan 2035'!$C$47 -> 318.11286 | J29: ='Bilan 2038'!$C$23-SUM('Bilan 2038'!$M$23:$P$23)+'Bilan 2038'!$C$24-SUM('Bilan 2038'!$M$24:$P$24)+'Bilan 2038'!$C$32*(1-SUM('Bilan 2038'!$M$26:$P$34)/'Bilan 2038'!$D$30)+'Bilan 2038'!$C$45+'Bilan 2038'!$C$47 -> 317.29169 | K29: ='Bilan 2040'!$C$23-SUM('Bilan 2040'!$M$23:$P$23)+'Bilan 2040'!$C$24-SUM('Bilan 2040'!$M$24:$P$24)+'Bilan 2040'!$C$32*(1-SUM('Bilan 2040'!$M$26:$P$34)/'Bilan 2040'!$D$30)+'Bilan 2040'!$C$45+'Bilan 2040'!$C$47 -> 316.65957 | L29: ='Bilan 2045'!$C$23-SUM('Bilan 2045'!$M$23:$P$23)+'Bilan 2045'!$C$24-SUM('Bilan 2045'!$M$24:$P$24)+'Bilan 2045'!$C$32*(1-SUM('Bilan 2045'!$M$26:$P$34)/'Bilan 2045'!$D$30)+'Bilan 2045'!$C$45+'Bilan 2045'!$C$47 -> 310.50687 | M29: ='Bilan 2050'!$C$23-SUM('Bilan 2050'!$M$23:$P$23)+'Bilan 2050'!$C$24-SUM('Bilan 2050'!$M$24:$P$24)+'Bilan 2050'!$C$32*(1-SUM('Bilan 2050'!$M$26:$P$34)/'Bilan 2050'!$D$30)+'Bilan 2050'!$C$45+'Bilan 2050'!$C$47 -> 300.43979 | N29: ='Bilan 2020'!$C$24-SUM('Bilan 2020'!$M$24:$P$24)+'Bilan 2020'!$C$32+'Bilan 2020'!$C$45+'Bilan 2020'!$C$23+'Bilan 2020'!$C$47-SUM('Bilan 2020'!$M$23:$P$23)-C29 -> 0 | O29: ='Bilan 2030'!$C$24-SUM('Bilan 2030'!$M$24:$P$24)+'Bilan 2030'!$C$32+'Bilan 2030'!$C$45+'Bilan 2030'!$C$23+'Bilan 2030'!$C$47-SUM('Bilan 2030'!$M$23:$P$23)-G29 -> 0.0035984765 | P29: ='Bilan 2050'!$C$24-SUM('Bilan 2050'!$M$24:$P$24)+'Bilan 2050'!$C$32+'Bilan 2050'!$C$45+'Bilan 2050'!$C$23+'Bilan 2050'!$C$47-SUM('Bilan 2050'!$M$23:$P$23)-M29 -> 0.036154561 | Q29: Produits pétroliers et biocarburants | BW29: =SUM(BW8:BW16)-SUM('Bilan 2020'!$E$7:$E$19)-'Bilan 2020'!$I$13 -> -1.2079227e-13 | BX29: =SUM(BX8:BX16)-SUM('Bilan 2023 réel'!$E$7:$E$19)-'Bilan 2023 réel'!$I$13 -> -3.5106277 | BY29: =SUM(BY8:BY16)-SUM('Bilan 2025'!$E$7:$E$19)-'Bilan 2025'!$I$13 -> 0 | BZ29: =SUM(BZ8:BZ16)-SUM('Bilan 2028'!$E$7:$E$19)-'Bilan 2028'!$I$13 -> 1.2079227e-13 | CA29: =SUM(CA8:CA16)-SUM('Bilan 2030'!$E$7:$E$19)-'Bilan 2030'!$I$13 -> 6.3948846e-14 | CB29: =SUM(CB8:CB16)-SUM('Bilan 2033'!$E$7:$E$19)-'Bilan 2033'!$I$13 -> 0 | CC29: =SUM(CC8:CC16)-SUM('Bilan 2035'!$E$7:$E$19)-'Bilan 2035'!$I$13 -> -9.2370556e-14 | CD29: =SUM(CD8:CD16)-SUM('Bilan 2038'!$E$7:$E$19)-'Bilan 2038'!$I$13 -> 1.4210855e-13 | CE29: =SUM(CE8:CE16)-SUM('Bilan 2040'!$E$7:$E$19)-'Bilan 2040'!$I$13 -> 0 | CF29: =SUM(CF8:CF16)-SUM('Bilan 2045'!$E$7:$E$19)-'Bilan 2045'!$I$13 -> -1.8829382e-13 | CG29: =SUM(CG8:CG16)-SUM('Bilan 2050'!$E$7:$E$19)-'Bilan 2050'!$I$13 -> 0
A30: Bois énergie (direct et réseau chaleur) | B30: ='Bilan 2015'!$C$29*(1-SUM('Bilan 2015'!$M$26:$P$34)/'Bilan 2015'!$D$30)+'Bilan 2015'!$C$37 -> 7.8830797 | C30: ='Bilan 2020'!$C$29*(1-SUM('Bilan 2020'!$M$26:$P$34)/'Bilan 2020'!$D$30)+'Bilan 2020'!$C$37 -> 97.138026 | D30: ='Bilan 2023 réel'!$C$29*(1-SUM('Bilan 2023 réel'!$M$26:$P$34)/'Bilan 2023 réel'!$D$30)+'Bilan 2023 réel'!$C$37 -> 101.94648 | E30: ='Bilan 2025'!$C$29+'Bilan 2025'!$C$37 -> 109.80664 | F30: ='Bilan 2028'!$C$29*(1-SUM('Bilan 2028'!$M$26:$P$34)/'Bilan 2028'!$D$30)+'Bilan 2028'!$C$37 -> 113.30866 | G30: ='Bilan 2030'!$C$29*(1-SUM('Bilan 2030'!$M$26:$P$34)/'Bilan 2030'!$D$30)+'Bilan 2030'!$C$37 -> 115.72167 | H30: ='Bilan 2033'!$C$29*(1-SUM('Bilan 2033'!$M$26:$P$34)/'Bilan 2033'!$D$30)+'Bilan 2033'!$C$37 -> 121.08025 | I30: ='Bilan 2035'!$C$29*(1-SUM('Bilan 2035'!$M$26:$P$34)/'Bilan 2035'!$D$30)+'Bilan 2035'!$C$37 -> 124.68537 | J30: ='Bilan 2038'!$C$29*(1-SUM('Bilan 2038'!$M$26:$P$34)/'Bilan 2038'!$D$30)+'Bilan 2038'!$C$37 -> 126.23656 | K30: ='Bilan 2040'!$C$29*(1-SUM('Bilan 2040'!$M$26:$P$34)/'Bilan 2040'!$D$30)+'Bilan 2040'!$C$37 -> 127.24064 | L30: ='Bilan 2045'!$C$29*(1-SUM('Bilan 2045'!$M$26:$P$34)/'Bilan 2045'!$D$30)+'Bilan 2045'!$C$37 -> 130.24327 | M30: ='Bilan 2050'!$C$29*(1-SUM('Bilan 2050'!$M$26:$P$34)/'Bilan 2050'!$D$30)+'Bilan 2050'!$C$37 -> 129.09463 | N30: ='Bilan 2020'!$C$29+'Bilan 2020'!$C$37-C30 -> 0 | O30: ='Bilan 2030'!$C$29+'Bilan 2030'!$C$37-G30 -> 0.0031111458 | P30: ='Bilan 2050'!$C$29+'Bilan 2050'!$C$37-M30 -> 0.029746007 | Q30: Produits pétroliers | R30: =R4/R$3 -> 0.95707116 | S30: =S4/S$3 -> 0.95257634 | T30: =T4/T$3 -> 0.97191119 | U30: =U4/U$3 -> 0.94363742 | V30: =V4/V$3 -> 0.94355872 | W30: =W4/W$3 -> 0.94346218 | X30: =X4/X$3 -> 0.94416791 | Y30: =Y4/Y$3 -> 0.94468966 | ... AC30: =AC4/AC$3 -> 0.94513501 | AF30: 2015 | AG30: 2020 | AH30: 2023 | AI30: 2025 | AJ30: 2028 | AK30: 2030 | AL30: 2033 | AM30: 2035 | AN30: 2038 | AO30: 2040 | AP30: 2045 | AQ30: 2050 | AT30: 2015 | AU30: 2020 | AV30: 2023 | AW30: 2025 | AX30: 2028 | AY30: 2030 | AZ30: 2033 | BA30: 2035 | BB30: 2038 | BC30: 2040 | BD30: 2045 | BE30: 2050
A31: Biogaz, biométhane, BtG direct et réseau de chaleur | B31: ='Bilan 2015'!$C$21-SUM('Bilan 2015'!$M$21:$P$21)+'Bilan 2015'!$C$26*(1-SUM('Bilan 2015'!$M$26:$P$34)/'Bilan 2015'!$D$30)+'Bilan 2015'!$C$36 -> 0.24671249 | C31: ='Bilan 2020'!$C$21-SUM('Bilan 2020'!$M$21:$P$21)+'Bilan 2020'!$C$26*(1-SUM('Bilan 2020'!$M$26:$P$34)/'Bilan 2020'!$D$30)+'Bilan 2020'!$C$36 -> 5.9336589 | D31: ='Bilan 2023 réel'!$C$21-SUM('Bilan 2023 réel'!$M$21:$P$21)+'Bilan 2023 réel'!$C$26*(1-SUM('Bilan 2023 réel'!$M$26:$P$34)/'Bilan 2023 réel'!$D$30)+'Bilan 2023 réel'!$C$36 -> 14.494868 | E31: ='Bilan 2025'!$C$21-'Bilan 2025'!$C$11 -> 7.7668115 | F31: ='Bilan 2028'!$C$21-SUM('Bilan 2028'!$M$21:$P$21)+'Bilan 2028'!$C$26*(1-SUM('Bilan 2028'!$M$26:$P$34)/'Bilan 2028'!$D$30)+'Bilan 2028'!$C$36 -> 7.4175122 | G31: ='Bilan 2030'!$C$21-SUM('Bilan 2030'!$M$21:$P$21)+'Bilan 2030'!$C$26*(1-SUM('Bilan 2030'!$M$26:$P$34)/'Bilan 2030'!$D$30)+'Bilan 2030'!$C$36 -> 7.428259 | H31: ='Bilan 2033'!$C$21-SUM('Bilan 2033'!$M$21:$P$21)+'Bilan 2033'!$C$26*(1-SUM('Bilan 2033'!$M$26:$P$34)/'Bilan 2033'!$D$30)+'Bilan 2033'!$C$36 -> 7.1795612 | I31: ='Bilan 2035'!$C$21-SUM('Bilan 2035'!$M$21:$P$21)+'Bilan 2035'!$C$26*(1-SUM('Bilan 2035'!$M$26:$P$34)/'Bilan 2035'!$D$30)+'Bilan 2035'!$C$36 -> 7.0158785 | J31: ='Bilan 2038'!$C$21-SUM('Bilan 2038'!$M$21:$P$21)+'Bilan 2038'!$C$26*(1-SUM('Bilan 2038'!$M$26:$P$34)/'Bilan 2038'!$D$30)+'Bilan 2038'!$C$36 -> 6.8648854 | K31: ='Bilan 2040'!$C$21-SUM('Bilan 2040'!$M$21:$P$21)+'Bilan 2040'!$C$26*(1-SUM('Bilan 2040'!$M$26:$P$34)/'Bilan 2040'!$D$30)+'Bilan 2040'!$C$36 -> 6.7643052 | L31: ='Bilan 2045'!$C$21-SUM('Bilan 2045'!$M$21:$P$21)+'Bilan 2045'!$C$26*(1-SUM('Bilan 2045'!$M$26:$P$34)/'Bilan 2045'!$D$30)+'Bilan 2045'!$C$36 -> 6.4235186 | M31: ='Bilan 2050'!$C$21-SUM('Bilan 2050'!$M$21:$P$21)+'Bilan 2050'!$C$26*(1-SUM('Bilan 2050'!$M$26:$P$34)/'Bilan 2050'!$D$30)+'Bilan 2050'!$C$36 -> 6.0528296 | N31: =SUM('Bilan 2020'!$C$21:$C$22)-SUM('Bilan 2020'!$M$21:$P$22)+'Bilan 2020'!$C$26+'Bilan 2020'!$C$28+'Bilan 2020'!$C$36-C31 -> 0 | O31: =SUM('Bilan 2030'!$C$21:$C$22)-SUM('Bilan 2030'!$M$21:$P$22)+'Bilan 2030'!$C$26+'Bilan 2030'!$C$28+'Bilan 2030'!$C$36-G31 -> 7.6486809e-05 | P31: =SUM('Bilan 2050'!$C$21:$C$22)-SUM('Bilan 2050'!$M$21:$P$22)+'Bilan 2050'!$C$26+'Bilan 2050'!$C$28+'Bilan 2050'!$C$36-M31 -> 0.00077625339 | Q31: Biocarburants liquides et gazeux | R31: =R5/R$3 -> 0.04292884 | S31: =S5/S$3 -> 0.047423664 | T31: =T5/T$3 -> 0.028088809 | U31: =U5/U$3 -> 0.056362582 | V31: =V5/V$3 -> 0.056441276 | W31: =W5/W$3 -> 0.056537818 | X31: =X5/X$3 -> 0.055832085 | Y31: =Y5/Y$3 -> 0.055310337 | ... AC31: =AC5/AC$3 -> 0.054864989 | AE31: Production énergétique en pourcentage de la production énergétique finale de chaque vecteur (hors consommation non énergétique) | AS31: Production énergétique en pourcentage de la production énergétique finale de chaque vecteur ( conso non énergétique incluses)
A32: UIOM et déchets directs | B32: ='Bilan 2015'!$C$27*(1-SUM('Bilan 2015'!$M$26:$P$34)/'Bilan 2015'!$D$30)+'Bilan 2015'!$C$44 -> 0.81249408 | C32: ='Bilan 2020'!$C$27*(1-SUM('Bilan 2020'!$M$26:$P$34)/'Bilan 2020'!$D$30)+'Bilan 2020'!$C$44 -> 22.303126 | D32: ='Bilan 2023 réel'!$C$27*(1-SUM('Bilan 2023 réel'!$M$26:$P$34)/'Bilan 2023 réel'!$D$30)+'Bilan 2023 réel'!$C$44 -> 23.661663 | E32: ='Bilan 2025'!$C$27+'Bilan 2025'!$C$44 -> 14.477217 | F32: ='Bilan 2028'!$C$27*(1-SUM('Bilan 2028'!$M$26:$P$34)/'Bilan 2028'!$D$30)+'Bilan 2028'!$C$44 -> 14.356779 | G32: ='Bilan 2030'!$C$27*(1-SUM('Bilan 2030'!$M$26:$P$34)/'Bilan 2030'!$D$30)+'Bilan 2030'!$C$44 -> 14.270786 | H32: ='Bilan 2033'!$C$27*(1-SUM('Bilan 2033'!$M$26:$P$34)/'Bilan 2033'!$D$30)+'Bilan 2033'!$C$44 -> 14.093404 | I32: ='Bilan 2035'!$C$27*(1-SUM('Bilan 2035'!$M$26:$P$34)/'Bilan 2035'!$D$30)+'Bilan 2035'!$C$44 -> 13.974888 | J32: ='Bilan 2038'!$C$27*(1-SUM('Bilan 2038'!$M$26:$P$34)/'Bilan 2038'!$D$30)+'Bilan 2038'!$C$44 -> 13.883584 | K32: ='Bilan 2040'!$C$27*(1-SUM('Bilan 2040'!$M$26:$P$34)/'Bilan 2040'!$D$30)+'Bilan 2040'!$C$44 -> 13.820719 | L32: ='Bilan 2045'!$C$27*(1-SUM('Bilan 2045'!$M$26:$P$34)/'Bilan 2045'!$D$30)+'Bilan 2045'!$C$44 -> 13.702644 | M32: ='Bilan 2050'!$C$27*(1-SUM('Bilan 2050'!$M$26:$P$34)/'Bilan 2050'!$D$30)+'Bilan 2050'!$C$44 -> 13.627669 | N32: ='Bilan 2020'!$C$27+'Bilan 2020'!$C$44-C32 -> 0 | O32: ='Bilan 2030'!$C$27+'Bilan 2030'!$C$44-G32 -> 0.0028956567 | P32: ='Bilan 2050'!$C$27+'Bilan 2050'!$C$44-M32 -> 0.02923862 | Q32: GNV | AE32: Produits pétroliers et biocarburants | AS32: Produits pétroliers et biocarburants
A33: Géothermie | B33: ='Bilan 2015'!$C$30*(1-SUM('Bilan 2015'!$M$26:$P$34)/'Bilan 2015'!$D$30) -> 0.056427753 | C33: ='Bilan 2020'!$C$30*(1-SUM('Bilan 2020'!$M$26:$P$34)/'Bilan 2020'!$D$30) -> 3.6793582 | D33: ='Bilan 2023 réel'!$C$30*(1-SUM('Bilan 2023 réel'!$M$26:$P$34)/'Bilan 2023 réel'!$D$30) -> 4.6370517 | E33: ='Bilan 2025'!$C$30 -> 2.3429154 | F33: ='Bilan 2028'!$C$30*(1-SUM('Bilan 2028'!$M$26:$P$34)/'Bilan 2028'!$D$30) -> 2.2649222 | G33: ='Bilan 2030'!$C$30*(1-SUM('Bilan 2030'!$M$26:$P$34)/'Bilan 2030'!$D$30) -> 2.2134919 | H33: ='Bilan 2033'!$C$30*(1-SUM('Bilan 2033'!$M$26:$P$34)/'Bilan 2033'!$D$30) -> 2.1765155 | I33: ='Bilan 2035'!$C$30*(1-SUM('Bilan 2035'!$M$26:$P$34)/'Bilan 2035'!$D$30) -> 2.1521575 | J33: ='Bilan 2038'!$C$30*(1-SUM('Bilan 2038'!$M$26:$P$34)/'Bilan 2038'!$D$30) -> 2.1323907 | K33: ='Bilan 2040'!$C$30*(1-SUM('Bilan 2040'!$M$26:$P$34)/'Bilan 2040'!$D$30) -> 2.1191862 | L33: ='Bilan 2045'!$C$30*(1-SUM('Bilan 2045'!$M$26:$P$34)/'Bilan 2045'!$D$30) -> 2.0950649 | M33: ='Bilan 2050'!$C$30*(1-SUM('Bilan 2050'!$M$26:$P$34)/'Bilan 2050'!$D$30) -> 2.0817719 | N33: ='Bilan 2020'!$C$30-C33 -> 0 | O33: ='Bilan 2030'!$C$30-G33 -> 0.00051304378 | P33: ='Bilan 2050'!$C$30-M33 -> 0.0051036646 | Q33: Electricité | AE33: Produits pétroliers | AF33: =(AF4+AF6)/AF$3 -> 0.94615947 | AG33: =(AG4+AG6)/AG$3 -> 0.94047434 | AH33: =(AH4+AH6)/AH$3 -> 0.93401276 | AI33: =(AI4+AI6)/AI$3 -> 0.92568928 | AJ33: =(AJ4+AJ6)/AJ$3 -> 0.92475446 | AK33: =(AK4+AK6)/AK$3 -> 0.92396377 | AL33: =(AL4+AL6)/AL$3 -> 0.92314813 | AM33: =(AM4+AM6)/AM$3 -> 0.92248594 | ... AQ33: =(AQ4+AQ6)/AQ$3 -> 0.91506211 | AS33: Produits pétroliers | AT33: =(AT4+AT6)/AT$3 -> 0.95568183 | AU33: =(AU4+AU6)/AU$3 -> 0.95161556 | AV33: =(AV4+AV6)/AV$3 -> 0.94420547 | AW33: =(AW4+AW6)/AW$3 -> 0.93914802 | AX33: =(AX4+AX6)/AX$3 -> 0.93915771 | AY33: =(AY4+AY6)/AY$3 -> 0.93912697 | AZ33: =(AZ4+AZ6)/AZ$3 -> 0.9392884 | BA33: =(BA4+BA6)/BA$3 -> 0.93939453 | ... BE33: =(BE4+BE6)/BE$3 -> 0.93651037
A34: Autres (solaire thermique, chaleur fatale, PAC aéro, cogé nucléaire) | B34: =('Bilan 2015'!$C$28+'Bilan 2015'!$C$31)*(1-SUM('Bilan 2015'!$M$26:$P$34)/'Bilan 2015'!$D$30)+'Bilan 2015'!$C$38+'Bilan 2015'!$C$39+'Bilan 2015'!$C$40 -> 5.2038188 | C34: =('Bilan 2020'!$C$28+'Bilan 2020'!$C$31)*(1-SUM('Bilan 2020'!$M$26:$P$34)/'Bilan 2020'!$D$30)+'Bilan 2020'!$C$38+'Bilan 2020'!$C$39+'Bilan 2020'!$C$40 -> 33.876258 | D34: =('Bilan 2023 réel'!$C$28+'Bilan 2023 réel'!$C$31)*(1-SUM('Bilan 2023 réel'!$M$26:$P$34)/'Bilan 2023 réel'!$D$30)+'Bilan 2023 réel'!$C$38+'Bilan 2023 réel'!$C$39+'Bilan 2023 réel'!$C$40 -> 53.304861 | E34: ='Bilan 2025'!$C$28+'Bilan 2025'!$C$31+'Bilan 2025'!$C$38+'Bilan 2025'!$C$39+'Bilan 2025'!$C$40 -> 41.853108 | F34: =('Bilan 2028'!$C$28+'Bilan 2028'!$C$31)*(1-SUM('Bilan 2028'!$M$26:$P$34)/'Bilan 2028'!$D$30)+'Bilan 2028'!$C$38+'Bilan 2028'!$C$39+'Bilan 2028'!$C$40 -> 48.039942 | G34: =('Bilan 2030'!$C$28+'Bilan 2030'!$C$31)*(1-SUM('Bilan 2030'!$M$26:$P$34)/'Bilan 2030'!$D$30)+'Bilan 2030'!$C$38+'Bilan 2030'!$C$39+'Bilan 2030'!$C$40 -> 52.363669 | H34: =('Bilan 2033'!$C$28+'Bilan 2033'!$C$31)*(1-SUM('Bilan 2033'!$M$26:$P$34)/'Bilan 2033'!$D$30)+'Bilan 2033'!$C$38+'Bilan 2033'!$C$39+'Bilan 2033'!$C$40 -> 57.250163 | I34: =('Bilan 2035'!$C$28+'Bilan 2035'!$C$31)*(1-SUM('Bilan 2035'!$M$26:$P$34)/'Bilan 2035'!$D$30)+'Bilan 2035'!$C$38+'Bilan 2035'!$C$39+'Bilan 2035'!$C$40 -> 60.66093 | J34: =('Bilan 2038'!$C$28+'Bilan 2038'!$C$31)*(1-SUM('Bilan 2038'!$M$26:$P$34)/'Bilan 2038'!$D$30)+'Bilan 2038'!$C$38+'Bilan 2038'!$C$39+'Bilan 2038'!$C$40 -> 63.67019 | K34: =('Bilan 2040'!$C$28+'Bilan 2040'!$C$31)*(1-SUM('Bilan 2040'!$M$26:$P$34)/'Bilan 2040'!$D$30)+'Bilan 2040'!$C$38+'Bilan 2040'!$C$39+'Bilan 2040'!$C$40 -> 65.73695 | L34: =('Bilan 2045'!$C$28+'Bilan 2045'!$C$31)*(1-SUM('Bilan 2045'!$M$26:$P$34)/'Bilan 2045'!$D$30)+'Bilan 2045'!$C$38+'Bilan 2045'!$C$39+'Bilan 2045'!$C$40 -> 70.819814 | M34: =('Bilan 2050'!$C$28+'Bilan 2050'!$C$31)*(1-SUM('Bilan 2050'!$M$26:$P$34)/'Bilan 2050'!$D$30)+'Bilan 2050'!$C$38+'Bilan 2050'!$C$39+'Bilan 2050'!$C$40 -> 77.946216 | N34: ='Bilan 2020'!$C$31+'Bilan 2020'!$C$38+'Bilan 2020'!$C$39+'Bilan 2020'!$C$40-C34 -> 0 | O34: ='Bilan 2030'!$C$31+'Bilan 2030'!$C$38+'Bilan 2030'!$C$39+'Bilan 2030'!$C$40-G34 -> 0 | P34: ='Bilan 2050'!$C$31+'Bilan 2050'!$C$38+'Bilan 2050'!$C$39+'Bilan 2050'!$C$40-M34 -> 0 | Q34: Nucléaire | R34: =R8/R$7 -> 0.86202325 | S34: =S8/S$7 -> 0.83190935 | T34: =T8/T$7 -> 0.81548413 | U34: =U8/U$7 -> 0.83812799 | V34: =V8/V$7 -> 0.82805751 | W34: =W8/W$7 -> 0.82301541 | X34: =X8/X$7 -> 0.80009941 | Y34: =Y8/Y$7 -> 0.78393708 | ... AC34: =AC8/AC$7 -> 0.62152708 | AE34: Biocarburants liquides et gazeux | AF34: =(AF5+AF7)/AF$3 -> 0.053840529 | AG34: =(AG5+AG7)/AG$3 -> 0.059525657 | AH34: =(AH5+AH7)/AH$3 -> 0.06598724 | AI34: =(AI5+AI7)/AI$3 -> 0.074310722 | AJ34: =(AJ5+AJ7)/AJ$3 -> 0.075245541 | AK34: =(AK5+AK7)/AK$3 -> 0.076036235 | AL34: =(AL5+AL7)/AL$3 -> 0.076851869 | AM34: =(AM5+AM7)/AM$3 -> 0.077514057 | ... AQ34: =(AQ5+AQ7)/AQ$3 -> 0.084937891 | AS34: Biocarburants liquides et gazeux | AT34: =(AT5+AT7)/AT$3 -> 0.044318172 | AU34: =(AU5+AU7)/AU$3 -> 0.048384436 | AV34: =(AV5+AV7)/AV$3 -> 0.055794529 | AW34: =(AW5+AW7)/AW$3 -> 0.060851977 | AX34: =(AX5+AX7)/AX$3 -> 0.060842287 | AY34: =(AY5+AY7)/AY$3 -> 0.060873035 | AZ34: =(AZ5+AZ7)/AZ$3 -> 0.060711602 | BA34: =(BA5+BA7)/BA$3 -> 0.060605473 | ... BE34: =(BE5+BE7)/BE$3 -> 0.063489632
Q35: Centrale au fioul | R35: =R9/R$7 -> 0.0053804459 | S35: =S9/S$7 -> 0.0026704296 | T35: =T9/T$7 -> 0.0064607943 | U35: =U9/U$7 -> 0.005511204 | V35: =V9/V$7 -> 0.0053239223 | W35: =W9/W$7 -> 0.0052112878 | X35: =X9/X$7 -> 0.0055682797 | Y35: =Y9/Y$7 -> 0.0058191287 | ... AC35: =AC9/AC$7 -> 0.0068965521 | AE35: GNV | AS35: GNV
Q36: Centrale au gaz naturel | R36: =R10/R$7 -> 0.029185591 | S36: =S10/S$7 -> 0.047131048 | T36: =T10/T$7 -> 0.041757377 | U36: =U10/U$7 -> 0.01334981 | V36: =V10/V$7 -> 0.012900285 | W36: =W10/W$7 -> 0.012637159 | X36: =X10/X$7 -> 0.012881216 | Y36: =Y10/Y$7 -> 0.013054882 | ... AC36: =AC10/AC$7 -> 0.04068447 | AE36: Electricité | AS36: Electricité
Q37: Centrale au charbon | R37: =R11/R$7 -> 0.022621394 | S37: =S11/S$7 -> 0.0072588987 | T37: =T11/T$7 -> 0.0064184712 | U37: =U11/U$7 -> 0.0019922838 | V37: =V11/V$7 -> 0.0019666846 | W37: =W11/W$7 -> 0.0019536088 | X37: =X11/X$7 -> 0.0020169992 | Y37: =Y11/Y$7 -> 0.0020614888 | ... AC37: =AC11/AC$7 -> 0.0024158558 | AE37: Nucléaire | AF37: =AF9/AF$8 -> 0.77604484 | AG37: =AG9/AG$8 -> 0.69408091 | AH37: =AH9/AH$8 -> 0.66755769 | AI37: =AI9/AI$8 -> 0.6862628 | AJ37: =AJ9/AJ$8 -> 0.66115143 | AK37: =AK9/AK$8 -> 0.64846859 | AL37: =AL9/AL$8 -> 0.60809291 | AM37: =AM9/AM$8 -> 0.58133483 | ... AQ37: =AQ9/AQ$8 -> 0.37300389 | AS37: Nucléaire | AT37: =AT9/AT$8 -> 0.77604484 | AU37: =AU9/AU$8 -> 0.69408091 | AV37: =AV9/AV$8 -> 0.66755769 | AW37: =AV9/AV$8 -> 0.66755769 | AX37: =AW9/AW$8 -> 0.6862628 | AY37: =AX9/AX$8 -> 0.66115143 | AZ37: =AY9/AY$8 -> 0.64846859 | BA37: =AZ9/AZ$8 -> 0.60809291 | BB37: =BA9/BA$8 -> 0.58133483 | BC37: =BB9/BB$8 -> 0.53803765 | BD37: =BC9/BC$8 -> 0.50934325 | BE37: =BD9/BD$8 -> 0.44363772
A38: Charbon | B38: ='Bilan 2015'!$C$34*(1-SUM('Bilan 2015'!$M$26:$P$34)/'Bilan 2015'!$D$30)+'Bilan 2015'!$C$46 -> 5.531523 | C38: ='Bilan 2020'!$C$34*(1-SUM('Bilan 2020'!$M$26:$P$34)/'Bilan 2020'!$D$30)+'Bilan 2020'!$C$46 -> 49.830275 | D38: ='Bilan 2023 réel'!$C$34*(1-SUM('Bilan 2023 réel'!$M$26:$P$34)/'Bilan 2023 réel'!$D$30)+'Bilan 2023 réel'!$C$46 -> 43.903847 | E38: ='Bilan 2025'!$C$34+'Bilan 2025'!$C$46 -> 49.108672 | F38: ='Bilan 2028'!$C$34*(1-SUM('Bilan 2028'!$M$26:$P$34)/'Bilan 2028'!$D$30)+'Bilan 2028'!$C$46 -> 47.443922 | G38: ='Bilan 2030'!$C$34*(1-SUM('Bilan 2030'!$M$26:$P$34)/'Bilan 2030'!$D$30)+'Bilan 2030'!$C$46 -> 46.346776 | H38: ='Bilan 2033'!$C$34*(1-SUM('Bilan 2033'!$M$26:$P$34)/'Bilan 2033'!$D$30)+'Bilan 2033'!$C$46 -> 46.166678 | I38: ='Bilan 2035'!$C$34*(1-SUM('Bilan 2035'!$M$26:$P$34)/'Bilan 2035'!$D$30)+'Bilan 2035'!$C$46 -> 46.00048 | J38: ='Bilan 2038'!$C$34*(1-SUM('Bilan 2038'!$M$26:$P$34)/'Bilan 2038'!$D$30)+'Bilan 2038'!$C$46 -> 45.545216 | K38: ='Bilan 2040'!$C$34*(1-SUM('Bilan 2040'!$M$26:$P$34)/'Bilan 2040'!$D$30)+'Bilan 2040'!$C$46 -> 45.210855 | L38: ='Bilan 2045'!$C$34*(1-SUM('Bilan 2045'!$M$26:$P$34)/'Bilan 2045'!$D$30)+'Bilan 2045'!$C$46 -> 44.318034 | M38: ='Bilan 2050'!$C$34*(1-SUM('Bilan 2050'!$M$26:$P$34)/'Bilan 2050'!$D$30)+'Bilan 2050'!$C$46 -> 43.273106 | O38: =G38-'Bilan 2030'!$C$46 -> 0 | P38: =M38-'Bilan 2050'!$C$46 -> 0 | Q38: Eolien | R38: =R12/R$7 -> 0.020361554 | S38: =S12/S$7 -> 0.03381575 | T38: =T12/T$7 -> 0.039934672 | U38: =U12/U$7 -> 0.045551657 | V38: =V12/V$7 -> 0.054405063 | W38: =W12/W$7 -> 0.05825968 | X38: =X12/X$7 -> 0.068857303 | Y38: =Y12/Y$7 -> 0.07630833 | ... AC38: =AC12/AC$7 -> 0.14160367 | AE38: Centrale au fioul | AF38: =AF10/AF$8 -> 0.0061271502 | AG38: =AG10/AG$8 -> 0.0029085725 | AH38: =AH10/AH$8 -> 0.0065279537 | AI38: =AI10/AI$8 -> 0.0059768316 | AJ38: =AJ10/AJ$8 -> 0.0056512266 | AK38: =AK10/AK$8 -> 0.0054721539 | AL38: =AL10/AL$8 -> 0.0056424074 | AM38: =AM10/AM$8 -> 0.0057552067 | ... AQ38: =AQ10/AQ$8 -> 0.0056367925 | AS38: Centrale au fioul | AT38: =AT10/AT$8 -> 0.0061271502 | AU38: =AU10/AU$8 -> 0.0029085725 | AV38: =AV10/AV$8 -> 0.0065279537 | AW38: =AV10/AV$8 -> 0.0065279537 | AX38: =AW10/AW$8 -> 0.0059768316 | AY38: =AX10/AX$8 -> 0.0056512266 | AZ38: =AY10/AY$8 -> 0.0054721539 | BA38: =AZ10/AZ$8 -> 0.0056424074 | BB38: =BA10/BA$8 -> 0.0057552067 | BC38: =BB10/BB$8 -> 0.0055401745 | BD38: =BC10/BC$8 -> 0.005397717 | BE38: =BD10/BD$8 -> 0.0056508106
B39: =B2-'Bilan 2015'!$C$5 -> 0.0059240456 | C39: =C2-'Bilan 2020'!$C$5 -> 0 | D39: =D2-'Bilan 2023 réel'!$C$5 -> -5.942655 | E39: =E2-'Bilan 2025'!$C$5 -> 0 | F39: =F2-'Bilan 2028'!$C$5 -> 0 | G39: =G2-'Bilan 2030'!$C$5 -> 0 | H39: =H2-'Bilan 2033'!$C$5 -> 0 | I39: =I2-'Bilan 2035'!$C$5 -> 0 | J39: =J2-'Bilan 2038'!$C$5 -> 0 | K39: =K2-'Bilan 2040'!$C$5 -> 0 | L39: =L2-'Bilan 2045'!$C$5 -> 0 | M39: =M2-'Bilan 2050'!$C$5 -> 0 | Q39: Photovoltaïque | R39: =R13/R$7 -> 0.0089734412 | S39: =S13/S$7 -> 0.014902775 | T39: =T13/T$7 -> 0.016932753 | U39: =U13/U$7 -> 0.018596016 | V39: =V13/V$7 -> 0.02258643 | W39: =W13/W$7 -> 0.025244926 | X39: =X13/X$7 -> 0.035140869 | Y39: =Y13/Y$7 -> 0.042094018 | ... AC39: =AC13/AC$7 -> 0.094931765 | AE39: Centrale au gaz naturel | AF39: =AF11/AF$8 -> 0.040007014 | AG39: =AG11/AG$8 -> 0.056350955 | AH39: =AH11/AH$8 -> 0.046635432 | AI39: =AI11/AI$8 -> 0.017020982 | AJ39: =AJ11/AJ$8 -> 0.016460154 | AK39: =AK11/AK$8 -> 0.016184241 | AL39: =AL11/AL$8 -> 0.016123942 | AM39: =AM11/AM$8 -> 0.016083991 | ... AQ39: =AQ11/AQ$8 -> 0.044374828 | AS39: Centrale au gaz naturel | AT39: =AT11/AT$8 -> 0.040007014 | AU39: =AU11/AU$8 -> 0.056350955 | AV39: =AV11/AV$8 -> 0.046635432 | AW39: =AV11/AV$8 -> 0.046635432 | AX39: =AW11/AW$8 -> 0.017020982 | AY39: =AX11/AX$8 -> 0.016460154 | AZ39: =AY11/AY$8 -> 0.016184241 | BA39: =AZ11/AZ$8 -> 0.016123942 | BB39: =BA11/BA$8 -> 0.016083991 | BC39: =BB11/BB$8 -> 0.016023439 | BD39: =BC11/BC$8 -> 0.015983324 | BE39: =BD11/BD$8 -> 0.01588511
A40: Vérification | Q40: Hydroélectricité & énergie marine | R40: =R14/R$7 -> 0.024880905 | S40: =S14/S$7 -> 0.04132133 | T40: =T14/T$7 -> 0.048165109 | U40: =U14/U$7 -> 0.043629115 | V40: =V14/V$7 -> 0.043055382 | W40: =W14/W$7 -> 0.042776125 | X40: =X14/X$7 -> 0.044106852 | Y40: =Y14/Y$7 -> 0.045047984 | ... AC40: =AC14/AC$7 -> 0.052643979 | AE40: Centrale au charbon | AF40: =AF12/AF$8 -> 0.018890013 | AG40: =AG12/AG$8 -> 0.0057328033 | AH40: =AH12/AH$8 -> 0.004934662 | AI40: =AI12/AI$8 -> 0.0015640301 | AJ40: =AJ12/AJ$8 -> 0.0015112202 | AK40: =AK12/AK$8 -> 0.0014850518 | AL40: =AL12/AL$8 -> 0.0014795187 | AM40: =AM12/AM$8 -> 0.0014758529 | ... AQ40: =AQ12/AQ$8 -> 0.0014293035 | AS40: Centrale au charbon | AT40: =AT12/AT$8 -> 0.018890013 | AU40: =AU12/AU$8 -> 0.0057328033 | AV40: =AV12/AV$8 -> 0.004934662 | AW40: =AW12/AW$8 -> 0.0015640301 | AX40: =AX12/AX$8 -> 0.0015112202 | AY40: =AY12/AY$8 -> 0.0014850518 | AZ40: =AZ12/AZ$8 -> 0.0014795187 | BA40: =BA12/BA$8 -> 0.0014758529 | ... BE40: =BE12/BE$8 -> 0.0014293035
A41: Conso hors usages énergétiques | B41: =B2-SUM('Bilan 2015'!D51:D55) -> 255.89472 | C41: =C2-SUM('Bilan 2020'!E51:E55) -> 2389.4728 | D41: =D2-SUM('Bilan 2023 réel'!F51:F55) -> 2530.4302 | E41: =E2-SUM('Bilan 2025'!G51:G55) -> 2724.2957 | F41: =F2-SUM('Bilan 2028'!B51:B55) -> 2678.5123 | G41: =G2-SUM('Bilan 2030'!H51:H55) -> 2645.6935 | H41: =H2-SUM('Bilan 2033'!D51:D55) -> 2557.1578 | I41: =I2-SUM('Bilan 2035'!E51:E55) -> 2331.6129 | J41: =J2-SUM('Bilan 2038'!F51:F55) -> 2418.1248 | K41: =K2-SUM('Bilan 2040'!G51:G55) -> 2364.6955 | L41: =L2-SUM('Bilan 2045'!H51:H55) -> 2245.6362 | M41: =M2-SUM('Bilan 2050'!I51:I55) -> 2161.9321 | Q41: Autres (méthanisation, UIOM, bois, géothermie, énergie fatale) | R41: =R15/R$7 -> 0.026573416 | S41: =S15/S$7 -> 0.020990424 | T41: =T15/T$7 -> 0.024846693 | U41: =U15/U$7 -> 0.033241926 | V41: =V15/V$7 -> 0.031704725 | W41: =W15/W$7 -> 0.030901798 | X41: =X15/X$7 -> 0.031329072 | Y41: =Y15/Y$7 -> 0.031677093 | ... AC41: =AC15/AC$7 -> 0.039296622 | AE41: Méthanisation | AG41: =AG13/AG$8 -> 0.0051960186 | AH41: =AH13/AH$8 -> 0.006448407 | AI41: =AI13/AI$8 -> 0.00044036608 | AJ41: =AJ13/AJ$8 -> 0.00042964649 | AK41: =AK13/AK$8 -> 0.00042497136 | AL41: =AL13/AL$8 -> 0.00043564117 | AM41: =AM13/AM$8 -> 0.00044287384 | AN41: =AN13/AN$8 -> 0.00044338483 | ... AQ41: =AQ13/AQ$8 -> 0.0010262649 | AS41: Méthanisation | AU41: =AU13/AU$8 -> 0.0051960186 | AV41: =AV13/AV$8 -> 0.006448407 | AW41: =AW13/AW$8 -> 0.00044036608 | AX41: =AX13/AX$8 -> 0.00042964649 | AY41: =AY13/AY$8 -> 0.00042497136 | AZ41: =AZ13/AZ$8 -> 0.00043564117 | BA41: =BA13/BA$8 -> 0.00044287384 | BB41: =BB13/BB$8 -> 0.00044338483 | ... BE41: =BE13/BE$8 -> 0.0010262649
A42: Matière pour production biocarburants liquides | B42: =('Bilan 2015'!B13) -> Bois énergie | C42: =('Bilan 2020'!C13) -> 15.525267 | D42: =('Bilan 2023 réel'!$C$13) -> 19.774831 | E42: =('Bilan 2025'!$C$13) -> 34.217578 | F42: =('Bilan 2028'!$C$13) -> 32.565744 | G42: =('Bilan 2030'!$C$13) -> 31.567771 | H42: =('Bilan 2033'!$C$13) -> 30.869451 | I42: =('Bilan 2035'!$C$13) -> 30.453553 | J42: =('Bilan 2038'!$C$13) -> 29.951157 | K42: =('Bilan 2040'!$C$13) -> 29.657323 | L42: =('Bilan 2045'!$C$13) -> 28.987176 | M42: =('Bilan 2050'!$C$13) -> 28.452469 | Q42: Gaz et chaleur | AE42: Eolien | AF42: =AF14/AF$8 -> 0.053449221 | AG42: =AG14/AG$8 -> 0.083952357 | AH42: =AH14/AH$8 -> 0.096514706 | AI42: =AI14/AI$8 -> 0.11241674 | AJ42: =AJ14/AJ$8 -> 0.13142115 | AK42: =AK14/AK$8 -> 0.13922108 | AL42: =AL14/AL$8 -> 0.15878068 | AM42: =AM14/AM$8 -> 0.17173822 | ... AQ42: =AQ14/AQ$8 -> 0.26336673 | AS42: Eolien | AT42: =AT14/AT$8 -> 0.053449221 | AU42: =AU14/AU$8 -> 0.083952357 | AV42: =AV14/AV$8 -> 0.096514706 | AW42: =AW14/AW$8 -> 0.11241674 | AX42: =AX14/AX$8 -> 0.13142115 | AY42: =AY14/AY$8 -> 0.13922108 | AZ42: =AZ14/AZ$8 -> 0.15878068 | BA42: =BA14/BA$8 -> 0.17173822 | ... BE42: =BE14/BE$8 -> 0.26336673
A43: PAC aérothermiques | Q43: Gaz naturel (réseau de gaz et de chaleur) | R43: =R17/R$16 -> 0.68684247 | S43: =S17/S$16 -> 0.68302225 | T43: =T17/T$16 -> 0.59967854 | U43: =U17/U$16 -> 0.66185531 | V43: =V17/V$16 -> 0.64293246 | W43: =W17/W$16 -> 0.62956633 | X43: =X17/X$16 -> 0.61434229 | Y43: =Y17/Y$16 -> 0.60408584 | ... AC43: =AC17/AC$16 -> 0.56767844 | AE43: Photovoltaïque | AF43: =AF15/AF$8 -> 0.023555346 | AG43: =AG15/AG$8 -> 0.036998234 | AH43: =AH15/AH$8 -> 0.040923329 | AI43: =AI15/AI$8 -> 0.045893029 | AJ43: =AJ15/AJ$8 -> 0.054559896 | AK43: =AK15/AK$8 -> 0.060326902 | AL43: =AL15/AL$8 -> 0.081032671 | AM43: =AM15/AM$8 -> 0.094736073 | ... AQ43: =AQ15/AQ$8 -> 0.17656229 | AS43: Photovoltaïque | AT43: =AT15/AT$8 -> 0.023555346 | AU43: =AU15/AU$8 -> 0.036998234 | AV43: =AV15/AV$8 -> 0.040923329 | AW43: =AW15/AW$8 -> 0.045893029 | AX43: =AX15/AX$8 -> 0.054559896 | AY43: =AY15/AY$8 -> 0.060326902 | AZ43: =AZ15/AZ$8 -> 0.081032671 | BA43: =BA15/BA$8 -> 0.094736073 | ... BE43: =BE15/BE$8 -> 0.17656229
A44: Chaleur fatale - réseau chaleur | B44: =-'Bilan 2015'!$C26 -> -0.3 | C44: =-'Bilan 2020'!$C26 -> -3.0353079 | D44: =-'Bilan 2023 réel'!$C26 -> -2.8654051 | E44: =-'Bilan 2025'!$C26 -> -0.35468 | F44: =-'Bilan 2028'!$C26 -> -0.33966954 | G44: =-'Bilan 2030'!$C26 -> -0.33007353 | H44: =-'Bilan 2033'!$C26 -> -0.32594257 | I44: =-'Bilan 2035'!$C26 -> -0.32322722 | J44: =-'Bilan 2038'!$C26 -> -0.32133708 | K44: =-'Bilan 2040'!$C26 -> -0.3200747 | L44: =-'Bilan 2045'!$C26 -> -0.31804644 | M44: =-'Bilan 2050'!$C26 -> -0.31740805 | Q44: Bois énergie direct et réseau chaleur | R44: =R18/R$16 -> 0.17381729 | S44: =S18/S$16 -> 0.18898 | T44: =T18/T$16 -> 0.20607125 | U44: =U18/U$16 -> 0.21067364 | V44: =V18/V$16 -> 0.21823896 | W44: =W18/W$16 -> 0.22326916 | X44: =X18/X$16 -> 0.23141816 | Y44: =Y18/Y$16 -> 0.23677341 | ... AC44: =AC18/AC$16 -> 0.24392322 | AE44: Hydroélectricité & énergie marine | AF44: =AF16/AF$8 -> 0.06531255 | AG44: =AG16/AG$8 -> 0.10258601 | AH44: =AH16/AH$8 -> 0.11640615 | AI44: =AI16/AI$8 -> 0.10767211 | AJ44: =AJ16/AJ$8 -> 0.1040048 | AK44: =AK16/AK$8 -> 0.10222058 | AL44: =AL16/AL$8 -> 0.10170767 | AM44: =AM16/AM$8 -> 0.10138422 | ... AQ44: =AQ16/AQ$8 -> 0.097911814 | AS44: Hydroélectricité & énergie marine | AT44: =AT16/AT$8 -> 0.06531255 | AU44: =AU16/AU$8 -> 0.10258601 | AV44: =AV16/AV$8 -> 0.11640615 | AW44: =AW16/AW$8 -> 0.10767211 | AX44: =AX16/AX$8 -> 0.1040048 | AY44: =AY16/AY$8 -> 0.10222058 | AZ44: =AZ16/AZ$8 -> 0.10170767 | BA44: =BA16/BA$8 -> 0.10138422 | ... BE44: =BE16/BE$8 -> 0.097911814
A45: Chaleur fatale - élec | B45: =-'Bilan 2015'!$C16 -> 0 | C45: =-'Bilan 2020'!$C16 -> 0 | D45: =-'Bilan 2023 réel'!$C16 -> 0 | E45: =-'Bilan 2025'!$C16 -> -2.512116 | F45: =-'Bilan 2028'!$C16 -> -2.2465764 | G45: =-'Bilan 2030'!$C16 -> -2.0695499 | H45: =-'Bilan 2033'!$C16 -> -2.2996832 | I45: =-'Bilan 2035'!$C16 -> -2.4531054 | J45: =-'Bilan 2038'!$C16 -> -2.7260809 | K45: =-'Bilan 2040'!$C16 -> -2.9080646 | L45: =-'Bilan 2045'!$C16 -> -3.3436368 | M45: =-'Bilan 2050'!$C16 -> -3.7328951 | Q45: Biogaz, biométhane, BtG et H2 direct et réseau de chaleur | R45: =R19/R$16 -> 0.0054398658 | S45: =S19/S$16 -> 0.01154381 | T45: =T19/T$16 -> 0.029299446 | U45: =U19/U$16 -> 0.014901307 | V45: =V19/V$16 -> 0.014286553 | W45: =W19/W$16 -> 0.014331811 | X45: =X19/X$16 -> 0.013722146 | Y45: =Y19/Y$16 -> 0.013322922 | ... AC45: =AC19/AC$16 -> 0.011436771 | AE45: Autres (méthanisation, UIOM, bois, géothermie, énergie fatale) | AF45: =AF17/AF$8 -> 0.016322764 | AG45: =AG17/AG$8 -> 0.012194133 | AH45: =AH17/AH$8 -> 0.014051666 | AI45: =AI17/AI$8 -> 0.022753112 | AJ45: =AJ17/AJ$8 -> 0.024810479 | AK45: =AK17/AK$8 -> 0.026196424 | AL45: =AL17/AL$8 -> 0.026704556 | AM45: =AM17/AM$8 -> 0.027048742 | ... AQ45: =AQ17/AQ$8 -> 0.036688089 | AS45: Autres (méthanisation, UIOM, bois, géothermie, énergie fatale) | AT45: =AT17/AT$8 -> 0.016322764 | AU45: =AU17/AU$8 -> 0.012194133 | AV45: =AV17/AV$8 -> 0.014051666 | AW45: =AW17/AW$8 -> 0.022753112 | AX45: =AX17/AX$8 -> 0.024810479 | AY45: =AY17/AY$8 -> 0.026196424 | AZ45: =AZ17/AZ$8 -> 0.026704556 | BA45: =BA17/BA$8 -> 0.027048742 | ... BE45: =BE17/BE$8 -> 0.036688089
Q46: UIOM et déchets directs | R46: =R20/R$16 -> 0.017915019 | S46: =S20/S$16 -> 0.043390267 | T46: =T20/T$16 -> 0.047828903 | U46: =U20/U$16 -> 0.027775805 | V46: =V20/V$16 -> 0.027651977 | W46: =W20/W$16 -> 0.027533532 | X46: =X20/X$16 -> 0.02693643 | Y46: =Y20/Y$16 -> 0.026537852 | ... AC46: =AC20/AC$16 -> 0.025749365 | AE46: Gaz et chaleur | AS46: Gaz et chaleur
A47: Total | B47: =B2 -> 255.89472 | C47: =C2 -> 2559.78 | D47: =D2 -> 2530.4302 | E47: =E2 -> 2724.2957 | F47: =F2 -> 2678.5123 | G47: =G2 -> 2645.6935 | H47: =H2 -> 2557.1578 | I47: =I2 -> 2498.2261 | ... M47: =M2 -> 2161.9321 | Q47: Géothermie et PAC géothermique | R47: =R21/R$16 -> 0.0012441989 | S47: =S21/S$16 -> 0.0071581145 | T47: =T21/T$16 -> 0.0093731829 | U47: =U21/U$16 -> 0.004495088 | V47: =V21/V$16 -> 0.0043623697 | W47: =W21/W$16 -> 0.0042706301 | X47: =X21/X$16 -> 0.0041599286 | Y47: =Y21/Y$16 -> 0.0040868762 | ... AC47: =AC21/AC$16 -> 0.0039334904 | AE47: Gaz naturel (réseau de gaz et de chaleur) | AF47: =AF19/AF$18 -> 0.69110155 | AG47: =AG19/AG$18 -> 0.67601166 | AH47: =AH19/AH$18 -> 0.59028939 | AI47: =AI19/AI$18 -> 0.65233917 | AJ47: =AJ19/AJ$18 -> 0.63143582 | AK47: =AK19/AK$18 -> 0.61710188 | AL47: =AL19/AL$18 -> 0.59944795 | AM47: =AM19/AM$18 -> 0.58759415 | ... AQ47: =AQ19/AQ$18 -> 0.54127268 | AS47: Gaz naturel (réseau de gaz et de chaleur) | AT47: =AT19/AT$18 -> 0.69900476 | AU47: =AU19/AU$18 -> 0.68389925 | AV47: =AV19/AV$18 -> 0.59889911 | AW47: =AW19/AW$18 -> 0.66101617 | AX47: =AX19/AX$18 -> 0.64060199 | AY47: =AY19/AY$18 -> 0.62659579 | AZ47: =AZ19/AZ$18 -> 0.60848448 | BA47: =BA19/BA$18 -> 0.59632966 | ... BE47: =BE19/BE$18 -> 0.54716988
A48: Total calculé onglet flux | B48: ='Bilan 2015'!$C$5 -> 255.88879 | C48: ='Bilan 2020'!$C$5 -> 2559.78 | D48: ='Bilan 2023 réel'!$C$5 -> 2536.3729 | E48: ='Bilan 2025'!$C$5 -> 2724.2957 | F48: ='Bilan 2028'!$C$5 -> 2678.5123 | G48: ='Bilan 2030'!$C$5 -> 2645.6935 | H48: ='Bilan 2033'!$C$5 -> 2557.1578 | I48: ='Bilan 2035'!$C$5 -> 2498.2261 | J48: ='Bilan 2038'!$C$5 -> 2418.1248 | K48: ='Bilan 2040'!$C$5 -> 2364.6955 | L48: ='Bilan 2045'!$C$5 -> 2245.6362 | M48: ='Bilan 2050'!$C$5 -> 2161.9321 | Q48: Autres (solaire thermique, chaleur fatale, PAC aéro, cogé nucléaire) | R48: =R22/R$16 -> 0.11474116 | S48: =S22/S$16 -> 0.065905553 | T48: =T22/T$16 -> 0.10774868 | U48: =U22/U$16 -> 0.080298845 | V48: =V22/V$16 -> 0.092527675 | W48: =W22/W$16 -> 0.10102854 | X48: =X22/X$16 -> 0.10942104 | Y48: =Y22/Y$16 -> 0.11519311 | ... AC48: =AC22/AC$16 -> 0.14727872 | AE48: Bois énergie direct et réseau chaleur | AF48: =AF20/AF$18 -> 0.18825097 | AG48: =AG20/AG$18 -> 0.19862359 | AH48: =AH20/AH$18 -> 0.21403107 | AI48: =AI20/AI$18 -> 0.21912257 | AJ48: =AJ20/AJ$18 -> 0.2272342 | AK48: =AK20/AK$18 -> 0.23269097 | AL48: =AL20/AL$18 -> 0.24150685 | AM48: =AM20/AM$18 -> 0.24729616 | ... AQ48: =AQ20/AQ$18 -> 0.2566763 | AS48: Bois énergie direct et réseau chaleur | AT48: =AT20/AT$18 -> 0.18329006 | AU48: =AU20/AU$18 -> 0.19377561 | AV48: =AV20/AV$18 -> 0.20952242 | AW48: =AW20/AW$18 -> 0.21364109 | AX48: =AX20/AX$18 -> 0.22157058 | AY48: =AY20/AY$18 -> 0.22690927 | AZ48: =AZ20/AZ$18 -> 0.23542476 | BA48: =BA20/BA$18 -> 0.24101472 | ... BE48: =BE20/BE$18 -> 0.24907563
Q49: Charbon | AE49: Biogaz, biométhane, BtG et H2 direct et réseau de chaleur | AF49: =AF21/AF$18 -> 0.0031039743 | AG49: =AG21/AG$18 -> 0.011039384 | AH49: =AH21/AH$18 -> 0.029990736 | AI49: =AI21/AI$18 -> 0.013372317 | AJ49: =AJ21/AJ$18 -> 0.012946702 | AK49: =AK21/AK$18 -> 0.012654803 | AL49: =AL21/AL$18 -> 0.012294544 | AM49: =AM21/AM$18 -> 0.012052632 | ... AQ49: =AQ21/AQ$18 -> 0.011109771 | AS49: Biogaz, biométhane, BtG et H2 direct et réseau de chaleur | AT49: =AT21/AT$18 -> 0.0030221764 | AU49: =AU21/AU$18 -> 0.010769936 | AV49: =AV21/AV$18 -> 0.029358969 | AW49: =AW21/AW$18 -> 0.013037801 | AX49: =AX21/AX$18 -> 0.012624017 | AY49: =AY21/AY$18 -> 0.012340368 | AZ49: =AZ21/AZ$18 -> 0.011984919 | BA49: =BA21/BA$18 -> 0.011746489 | ... BE49: =BE21/BE$18 -> 0.010780789
AE50: Hydrogene | AG50: =AG22/AG$18 -> 0 | AH50: =AH22/AH$18 -> 0 | AI50: =AI22/AI$18 -> 0.00080996293 | AJ50: =AJ22/AJ$18 -> 0.0012019786 | AK50: =AK22/AK$18 -> 0.0014639075 | AL50: =AL22/AL$18 -> 0.0023379232 | AM50: =AM22/AM$18 -> 0.0029107968 | AN50: =AN22/AN$18 -> 0.0039020735 | ... AQ50: =AQ22/AQ$18 -> 0.0063683078 | AS50: Hydrogene | AU50: =AU22/AU$18 -> 0 | AV50: =AV22/AV$18 -> 0 | AW50: =AW22/AW$18 -> 0.00078970125 | AX50: =AX22/AX$18 -> 0.0011720203 | AY50: =AY22/AY$18 -> 0.0014275336 | AZ50: =AZ22/AZ$18 -> 0.00331019 | BA50: =BA22/BA$18 -> 0.0045569981 | BB50: =BB22/BB$18 -> 0.0065960233 | ... BE50: =BE22/BE$18 -> 0.013846738
A51: Primaire | AE51: UIOM et déchets directs | AF51: =AF23/AF$18 -> 0.012345485 | AG51: =AG23/AG$18 -> 0.038374397 | AH51: =AH23/AH$18 -> 0.043137771 | AI51: =AI23/AI$18 -> 0.024861741 | AJ51: =AJ23/AJ$18 -> 0.024907484 | AK51: =AK23/AK$18 -> 0.024906309 | AL51: =AL23/AL$18 -> 0.024422208 | AM51: =AM23/AM$18 -> 0.024096473 | ... AQ51: =AQ23/AQ$18 -> 0.023740312 | AS51: UIOM et déchets directs | AT51: =AT23/AT$18 -> 0.012020149 | AU51: =AU23/AU$18 -> 0.03743776 | AV51: =AV23/AV$18 -> 0.042229057 | AW51: =AW23/AW$18 -> 0.024239811 | AX51: =AX23/AX$18 -> 0.024286686 | AY51: =AY23/AY$18 -> 0.024287459 | AZ51: =AZ23/AZ$18 -> 0.023807161 | BA51: =BA23/BA$18 -> 0.023484411 | ... BE51: =BE23/BE$18 -> 0.023037316
AE52: Géothermie et PAC géothermique | AF52: =AF24/AF$18 -> 0.0053955428 | AG52: =AG24/AG$18 -> 0.0096273728 | AH52: =AH24/AH$18 -> 0.015233611 | AI52: =AI24/AI$18 -> 0.0091006702 | AJ52: =AJ24/AJ$18 -> 0.0094104084 | AK52: =AK24/AK$18 -> 0.0096116349 | AL52: =AL24/AL$18 -> 0.0094486403 | AM52: =AM24/AM$18 -> 0.0093397623 | ... AQ52: =AQ24/AQ$18 -> 0.0093208263 | AS52: Géothermie et PAC géothermique | AT52: =AT24/AT$18 -> 0.0052533562 | AU52: =AU24/AU$18 -> 0.0093923892 | AV52: =AV24/AV$18 -> 0.014912709 | AW52: =AW24/AW$18 -> 0.0088730118 | AX52: =AX24/AX$18 -> 0.0091758619 | AY52: =AY24/AY$18 -> 0.0093728135 | AZ52: =AZ24/AZ$18 -> 0.0092106864 | BA52: =BA24/BA$18 -> 0.0091025277 | ... BE52: =BE24/BE$18 -> 0.0090448189
AE53: Cogénération | AG53: =AG25/AG$18 -> 0 | AH53: =AH25/AH$18 -> 0 | AI53: =AI25/AI$18 -> 0 | AJ53: =AJ25/AJ$18 -> 0 | AK53: =AK25/AK$18 -> 0 | AL53: =AL25/AL$18 -> 0 | AM53: =AM25/AM$18 -> 0 | AN53: =AN25/AN$18 -> 0 | ... AQ53: =AQ25/AQ$18 -> 0 | AS53: Cogénération | AU53: =AU25/AU$18 -> 2.0275783e-05 | AV53: =AV25/AV$18 -> 2.1011479e-05 | AW53: =AW25/AW$18 -> 1.9934892e-05 | AX53: =AX25/AX$18 -> 1.9981298e-05 | AY53: =AY25/AY$18 -> 2.0003647e-05 | AZ53: =AZ25/AZ$18 -> 1.980492e-05 | BA53: =BA25/BA$18 -> 1.9670175e-05 | BB53: =BB25/BB$18 -> 1.9538429e-05 | ... BE53: =BE25/BE$18 -> 1.9581498e-05
AE54: Autres (solaire thermique, chaleur fatale, PAC aéro, cogé nucléaire) | AF54: =AF26/AF$18 -> 0.070760021 | AG54: =AG26/AG$18 -> 0.066323596 | AH54: =AH26/AH$18 -> 0.10731742 | AI54: =AI26/AI$18 -> 0.080393573 | AJ54: =AJ26/AJ$18 -> 0.092863398 | AK54: =AK26/AK$18 -> 0.1015705 | AL54: =AL26/AL$18 -> 0.11054188 | AM54: =AM26/AM$18 -> 0.11671002 | ... AQ54: =AQ26/AQ$18 -> 0.15151181 | AS54: Autres (solaire thermique, chaleur fatale, PAC aéro, cogé nucléaire) | AT54: =AT26/AT$18 -> 0.06889531 | AU54: =AU26/AU$18 -> 0.064704779 | AV54: =AV26/AV$18 -> 0.10505673 | AW54: =AW26/AW$18 -> 0.078382483 | AX54: =AX26/AX$18 -> 0.090548856 | AY54: =AY26/AY$18 -> 0.099046762 | AZ54: =AZ26/AZ$18 -> 0.107758 | BA54: =BA26/BA$18 -> 0.11374553 | ... BE54: =BE26/BE$18 -> 0.14702525
AE55: Charbon | AS55: Charbon
AG57: =SUM(AG47:AG54,AG37:AG45,AG33:AG35)-3 -> 0 | AH57: =SUM(AH47:AH54,AH37:AH45,AH33:AH35)-3 -> 0 | AI57: =SUM(AI47:AI54,AI37:AI45,AI33:AI35)-3 -> 0 | AJ57: =SUM(AJ47:AJ54,AJ37:AJ45,AJ33:AJ35)-3 -> 0 | AK57: =SUM(AK47:AK54,AK37:AK45,AK33:AK35)-3 -> 0 | AL57: =SUM(AL47:AL54,AL37:AL45,AL33:AL35)-3 -> 0 | AM57: =SUM(AM47:AM54,AM37:AM45,AM33:AM35)-3 -> 0 | AN57: =SUM(AN47:AN54,AN37:AN45,AN33:AN35)-3 -> 0 | ... AQ57: =SUM(AQ47:AQ54,AQ37:AQ45,AQ33:AQ35)-3 -> 0

Sheet Cibles ThreeME v2 
B2: consommation finale conso non-énergétiques incluses en TWh | D2: 2015 | E2: 2016 | F2: 2017 | G2: 2018 | H2: 2019 | I2: 2020 | J2: 2021 | K2: 2022 | L2: 2023 | M2: 2024 | N2: 2025 | O2: 2026 | P2: 2027 | Q2: 2028 | R2: 2029 | S2: 2030 | T2: 2031 | U2: 2032 | V2: 2033 | W2: 2034 | X2: 2035 | Y2: 2036 | Z2: 2037 | AA2: 2038 | AB2: 2039 | AC2: 2040 | AD2: 2041 | AE2: 2042 | AF2: 2043 | AG2: 2044 | AH2: 2045 | AI2: 2046 | AJ2: 2047 | AK2: 2048 | AL2: 2049 | AM2: 2050
A3: Carburants | B3: Produits pétroliers | C3: 2201 | D3: =('Cibles THREEME'!AT4+'Cibles THREEME'!AT6)*11.64 -> 783.25857 | E3: =D3+(I3-D3)/5 -> 759.29148 | F3: =E3+(I3-D3)/5 -> 735.32439 | G3: =F3+(I3-D3)/5 -> 711.3573 | H3: =G3+(I3-D3)/5 -> 687.39021 | I3: ='Cibles THREEME'!$AU4+'Cibles THREEME'!$AU6 -> 663.42312 | J3: =I3+(L3-I3)/3 -> 672.73408 | K3: =J3+(L3-I3)/3 -> 682.04504 | L3: ='Cibles THREEME'!$AV4+'Cibles THREEME'!$AV6 -> 691.35599 | M3: =(L3+N3)/2 -> 675.60161 | N3: ='Cibles THREEME'!$AW4+'Cibles THREEME'!$AW6 -> 659.84723 | O3: =N3+(Q3-N3)/3 -> 641.39662 | P3: =O3+(Q3-N3)/3 -> 622.94602 | Q3: ='Cibles THREEME'!$AX4+'Cibles THREEME'!$AX6 -> 604.49542 | R3: =(Q3+S3)/2 -> 585.99513 | S3: ='Cibles THREEME'!$AY4+'Cibles THREEME'!$AY6 -> 567.49485 | T3: =S3+(V3-S3)/3 -> 552.86956 | U3: =T3+(V3-S3)/3 -> 538.24428 | V3: ='Cibles THREEME'!$AZ4+'Cibles THREEME'!$AZ6 -> 523.61899 | W3: =(V3+X3)/2 -> 508.96688 | X3: ='Cibles THREEME'!$BA4+'Cibles THREEME'!$BA6 -> 494.31478 | Y3: =X3+(AA3-X3)/3 -> 482.18729 | Z3: =Y3+(AA3-X3)/3 -> 470.05979 | AA3: ='Cibles THREEME'!$BB4+'Cibles THREEME'!$BB6 -> 457.9323 | AB3: =(AA3+AC3)/2 -> 445.81405 | AC3: ='Cibles THREEME'!$BC4+'Cibles THREEME'!$BC6 -> 433.69579 | AD3: =AC3+(AH3-AC3)/5 -> 425.53944 | AE3: =AD3+(AH3-AC3)/5 -> 417.38309 | AF3: =AE3+(AH3-AC3)/5 -> 409.22673 | AG3: =AF3+(AH3-AC3)/5 -> 401.07038 | AH3: ='Cibles THREEME'!$BD4+'Cibles THREEME'!$BD6 -> 392.91403 | AI3: =AH3+(AM3-AH3)/5 -> 388.54619 | AJ3: =AI3+(AM3-AH3)/5 -> 384.17834 | AK3: =AJ3+(AM3-AH3)/5 -> 379.8105 | AL3: =AK3+(AM3-AH3)/5 -> 375.44266 | AM3: ='Cibles THREEME'!$BE4+'Cibles THREEME'!$BE6 -> 371.07482
B4: Biocarburants | C4: 2202 | D4: =('Cibles THREEME'!AT5+'Cibles THREEME'!AT7)*11.64 -> 36.322327 | E4: =D4+(I4-D4)/5 -> 35.804148 | F4: =E4+(I4-D4)/5 -> 35.285968 | G4: =F4+(I4-D4)/5 -> 34.767789 | H4: =G4+(I4-D4)/5 -> 34.249609 | I4: ='Cibles THREEME'!$AU5+'Cibles THREEME'!$AU7 -> 33.73143 | J4: =I4+(L4-I4)/3 -> 36.105377 | K4: =J4+(L4-I4)/3 -> 38.479324 | L4: ='Cibles THREEME'!$AV5+'Cibles THREEME'!$AV7 -> 40.853271 | M4: =(L4+N4)/2 -> 41.803994 | N4: ='Cibles THREEME'!$AW5+'Cibles THREEME'!$AW7 -> 42.754718 | O4: =N4+(Q4-N4)/3 -> 41.556999 | P4: =O4+(Q4-N4)/3 -> 40.359281 | Q4: ='Cibles THREEME'!$AX5+'Cibles THREEME'!$AX7 -> 39.161563 | R4: =(Q4+S4)/2 -> 37.972934 | S4: ='Cibles THREEME'!$AY5+'Cibles THREEME'!$AY7 -> 36.784306 | T4: =S4+(V4-S4)/3 -> 35.804371 | U4: =T4+(V4-S4)/3 -> 34.824436 | V4: ='Cibles THREEME'!$AZ5+'Cibles THREEME'!$AZ7 -> 33.844501 | W4: =(V4+X4)/2 -> 32.867724 | X4: ='Cibles THREEME'!$BA5+'Cibles THREEME'!$BA7 -> 31.890947 | Y4: =X4+(AA4-X4)/3 -> 31.122811 | Z4: =Y4+(AA4-X4)/3 -> 30.354676 | AA4: ='Cibles THREEME'!$BB5+'Cibles THREEME'!$BB7 -> 29.58654 | AB4: =(AA4+AC4)/2 -> 28.813759 | AC4: ='Cibles THREEME'!$BC5+'Cibles THREEME'!$BC7 -> 28.040978 | AD4: =AC4+(AH4-AC4)/5 -> 27.619181 | AE4: =AD4+(AH4-AC4)/5 -> 27.197384 | AF4: =AE4+(AH4-AC4)/5 -> 26.775587 | AG4: =AF4+(AH4-AC4)/5 -> 26.35379 | AH4: ='Cibles THREEME'!$BD5+'Cibles THREEME'!$BD7 -> 25.931993 | AI4: =AH4+(AM4-AH4)/5 -> 25.776911 | AJ4: =AI4+(AM4-AH4)/5 -> 25.62183 | AK4: =AJ4+(AM4-AH4)/5 -> 25.466749 | AL4: =AK4+(AM4-AH4)/5 -> 25.311668 | AM4: ='Cibles THREEME'!$BE5+'Cibles THREEME'!$BE7 -> 25.156586
B5: Nucléaire | C5: 2301 | D5: ='Cibles THREEME'!AT9*11.64 -> 344.00552 | E5: =D5+(I5-D5)/5 -> 331.3757 | F5: =E5+(I5-D5)/5 -> 318.74588 | G5: =F5+(I5-D5)/5 -> 306.11606 | H5: =G5+(I5-D5)/5 -> 293.48624 | I5: ='Cibles THREEME'!$AU9 -> 280.85642 | J5: =I5+(L5-I5)/3 -> 276.43639 | K5: =J5+(L5-I5)/3 -> 272.01636 | L5: ='Cibles THREEME'!$AV9 -> 267.59632 | M5: =(L5+N5)/2 -> 283.46588 | N5: ='Cibles THREEME'!$AW9 -> 299.33543 | O5: =N5+(Q5-N5)/3 -> 298.14931 | P5: =O5+(Q5-N5)/3 -> 296.96318 | Q5: ='Cibles THREEME'!$AX9 -> 295.77706 | R5: =(Q5+S5)/2 -> 295.32136 | S5: ='Cibles THREEME'!$AY9 -> 294.86566 | T5: =S5+(V5-S5)/3 -> 292.0477 | U5: =T5+(V5-S5)/3 -> 289.22974 | V5: ='Cibles THREEME'!$AZ9 -> 286.41178 | W5: =(V5+X5)/2 -> 283.24401 | X5: ='Cibles THREEME'!$BA9 -> 280.07625 | Y5: =X5+(AA5-X5)/3 -> 275.76155 | Z5: =Y5+(AA5-X5)/3 -> 271.44685 | AA5: ='Cibles THREEME'!$BB9 -> 267.13215 | AB5: =(AA5+AC5)/2 -> 262.47766 | AC5: ='Cibles THREEME'!$BC9 -> 257.82317 | AD5: =AC5+(AH5-AC5)/5 -> 252.87833 | AE5: =AD5+(AH5-AC5)/5 -> 247.93349 | AF5: =AE5+(AH5-AC5)/5 -> 242.98865 | AG5: =AF5+(AH5-AC5)/5 -> 238.0438 | AH5: ='Cibles THREEME'!$BD9 -> 233.09896 | AI5: =AH5+(AM5-AH5)/5 -> 226.90587 | AJ5: =AI5+(AM5-AH5)/5 -> 220.71277 | AK5: =AJ5+(AM5-AH5)/5 -> 214.51968 | AL5: =AK5+(AM5-AH5)/5 -> 208.32659 | AM5: ='Cibles THREEME'!$BE9 -> 202.13349
B6: Fioul | C6: =C5+1 -> 2302 | D6: ='Cibles THREEME'!AT10*11.64 -> 2.716046 | E6: =D6+(I6-D6)/5 -> 2.4082247 | F6: =E6+(I6-D6)/5 -> 2.1004034 | G6: =F6+(I6-D6)/5 -> 1.7925821 | H6: =G6+(I6-D6)/5 -> 1.4847608 | I6: ='Cibles THREEME'!$AU10 -> 1.1769395 | J6: =I6+(L6-I6)/3 -> 1.6568887 | K6: =J6+(L6-I6)/3 -> 2.1368379 | L6: ='Cibles THREEME'!$AV10 -> 2.6167872 | M6: =(L6+N6)/2 -> 2.6118865 | N6: ='Cibles THREEME'!$AW10 -> 2.6069859 | O6: =N6+(Q6-N6)/3 -> 2.5807139 | P6: =O6+(Q6-N6)/3 -> 2.554442 | Q6: ='Cibles THREEME'!$AX10 -> 2.52817 | R6: =(Q6+S6)/2 -> 2.5082087 | S6: ='Cibles THREEME'!$AY10 -> 2.4882474 | T6: =S6+(V6-S6)/3 -> 2.5446896 | U6: =T6+(V6-S6)/3 -> 2.6011318 | V6: ='Cibles THREEME'!$AZ10 -> 2.657574 | W6: =(V6+X6)/2 -> 2.7151625 | X6: ='Cibles THREEME'!$BA10 -> 2.7727509 | Y6: =X6+(AA6-X6)/3 -> 2.7653873 | Z6: =Y6+(AA6-X6)/3 -> 2.7580238 | AA6: ='Cibles THREEME'!$BB10 -> 2.7506602 | AB6: =(AA6+AC6)/2 -> 2.7414584 | AC6: ='Cibles THREEME'!$BC10 -> 2.7322567 | AD6: =AC6+(AH6-AC6)/5 -> 2.7796224 | AE6: =AD6+(AH6-AC6)/5 -> 2.826988 | AF6: =AE6+(AH6-AC6)/5 -> 2.8743537 | AG6: =AF6+(AH6-AC6)/5 -> 2.9217193 | AH6: ='Cibles THREEME'!$BD10 -> 2.969085 | AI6: =AH6+(AM6-AH6)/5 -> 2.9861917 | AJ6: =AI6+(AM6-AH6)/5 -> 3.0032984 | AK6: =AJ6+(AM6-AH6)/5 -> 3.020405 | AL6: =AK6+(AM6-AH6)/5 -> 3.0375117 | AM6: ='Cibles THREEME'!$BE10 -> 3.0546184
B7: Gaz naturel | C7: =C6+1 -> 2303 | D7: =('Cibles THREEME'!AT11+'Cibles THREEME'!AT13)*11.64 -> 17.863366 | E7: =D7+(I7-D7)/5 -> 19.271628 | F7: =E7+(I7-D7)/5 -> 20.679891 | G7: =F7+(I7-D7)/5 -> 22.088154 | H7: =G7+(I7-D7)/5 -> 23.496416 | I7: ='Cibles THREEME'!$AU11+'Cibles THREEME'!$AU13 -> 24.904679 | J7: =I7+(L7-I7)/3 -> 23.696159 | K7: =J7+(L7-I7)/3 -> 22.48764 | L7: ='Cibles THREEME'!$AV11+'Cibles THREEME'!$AV13 -> 21.27912 | M7: =(L7+N7)/2 -> 14.447722 | N7: ='Cibles THREEME'!$AW11+'Cibles THREEME'!$AW13 -> 7.6163243 | O7: =N7+(Q7-N7)/3 -> 7.5961937 | P7: =O7+(Q7-N7)/3 -> 7.5760632 | Q7: ='Cibles THREEME'!$AX11+'Cibles THREEME'!$AX13 -> 7.5559326 | R7: =(Q7+S7)/2 -> 7.5541604 | S7: ='Cibles THREEME'!$AY11+'Cibles THREEME'!$AY13 -> 7.5523881 | T7: =S7+(V7-S7)/3 -> 7.6347801 | U7: =T7+(V7-S7)/3 -> 7.717172 | V7: ='Cibles THREEME'!$AZ11+'Cibles THREEME'!$AZ13 -> 7.799564 | W7: =(V7+X7)/2 -> 7.8809491 | X7: ='Cibles THREEME'!$BA11+'Cibles THREEME'!$BA13 -> 7.9623343 | Y7: =X7+(AA7-X7)/3 -> 8.0334461 | Z7: =Y7+(AA7-X7)/3 -> 8.1045579 | AA7: ='Cibles THREEME'!$BB11+'Cibles THREEME'!$BB13 -> 8.1756697 | AB7: =(AA7+AC7)/2 -> 8.2454201 | AC7: ='Cibles THREEME'!$BC11+'Cibles THREEME'!$BC13 -> 8.3151706 | AD7: =AC7+(AH7-AC7)/5 -> 8.3681156 | AE7: =AD7+(AH7-AC7)/5 -> 8.4210606 | AF7: =AE7+(AH7-AC7)/5 -> 8.4740055 | AG7: =AF7+(AH7-AC7)/5 -> 8.5269505 | AH7: ='Cibles THREEME'!$BD11+'Cibles THREEME'!$BD13 -> 8.5798955 | AI7: =AH7+(AM7-AH7)/5 -> 11.784552 | AJ7: =AI7+(AM7-AH7)/5 -> 14.989209 | AK7: =AJ7+(AM7-AH7)/5 -> 18.193866 | AL7: =AK7+(AM7-AH7)/5 -> 21.398522 | AM7: ='Cibles THREEME'!$BE11+'Cibles THREEME'!$BE13 -> 24.603179
A8: Electricité | B8: Charbon | C8: =C7+1 -> 2304 | D8: ='Cibles THREEME'!AT12*11.64 -> 8.3735739 | E8: =D8+(I8-D8)/5 -> 7.1628092 | F8: =E8+(I8-D8)/5 -> 5.9520445 | G8: =F8+(I8-D8)/5 -> 4.7412799 | H8: =G8+(I8-D8)/5 -> 3.5305152 | I8: ='Cibles THREEME'!$AU12 -> 2.3197506 | J8: =I8+(L8-I8)/3 -> 2.2058678 | K8: =J8+(L8-I8)/3 -> 2.0919851 | L8: ='Cibles THREEME'!$AV12 -> 1.9781023 | M8: =(L8+N8)/2 -> 1.330152 | N8: ='Cibles THREEME'!$AW12 -> 0.68220165 | O8: =N8+(Q8-N8)/3 -> 0.68015757 | P8: =O8+(Q8-N8)/3 -> 0.6781135 | Q8: ='Cibles THREEME'!$AX12 -> 0.67606943 | R8: =(Q8+S8)/2 -> 0.67566924 | S8: ='Cibles THREEME'!$AY12 -> 0.67526905 | T8: =S8+(V8-S8)/3 -> 0.68246381 | U8: =T8+(V8-S8)/3 -> 0.68965858 | V8: ='Cibles THREEME'!$AZ12 -> 0.69685335 | W8: =(V8+X8)/2 -> 0.70394583 | X8: ='Cibles THREEME'!$BA12 -> 0.7110383 | Y8: =X8+(AA8-X8)/3 -> 0.71735641 | Z8: =Y8+(AA8-X8)/3 -> 0.72367452 | AA8: ='Cibles THREEME'!$BB12 -> 0.72999263 | AB8: =(AA8+AC8)/2 -> 0.73618758 | AC8: ='Cibles THREEME'!$BC12 -> 0.74238254 | AD8: =AC8+(AH8-AC8)/5 -> 0.74707873 | AE8: =AD8+(AH8-AC8)/5 -> 0.75177491 | AF8: =AE8+(AH8-AC8)/5 -> 0.7564711 | AG8: =AF8+(AH8-AC8)/5 -> 0.76116729 | AH8: ='Cibles THREEME'!$BD12 -> 0.76586347 | AI8: =AH8+(AM8-AH8)/5 -> 0.76760075 | AJ8: =AI8+(AM8-AH8)/5 -> 0.76933803 | AK8: =AJ8+(AM8-AH8)/5 -> 0.77107531 | AL8: =AK8+(AM8-AH8)/5 -> 0.77281259 | AM8: ='Cibles THREEME'!$BE12 -> 0.77454987
B9: Eolien & énergie marine | C9: =C8+1 -> 2305 | D9: ='Cibles THREEME'!AT14*11.64 -> 23.692996 | E9: =D9+(I9-D9)/5 -> 25.748578 | F9: =E9+(I9-D9)/5 -> 27.80416 | G9: =F9+(I9-D9)/5 -> 29.859743 | H9: =G9+(I9-D9)/5 -> 31.915325 | I9: ='Cibles THREEME'!$AU14 -> 33.970907 | J9: =I9+(L9-I9)/3 -> 35.543525 | K9: =J9+(L9-I9)/3 -> 37.116144 | L9: ='Cibles THREEME'!$AV14 -> 38.688762 | M9: =(L9+N9)/2 -> 43.861456 | N9: ='Cibles THREEME'!$AW14 -> 49.034149 | O9: =N9+(Q9-N9)/3 -> 52.287243 | P9: =O9+(Q9-N9)/3 -> 55.540337 | Q9: ='Cibles THREEME'!$AX14 -> 58.793431 | R9: =(Q9+S9)/2 -> 61.04938 | S9: ='Cibles THREEME'!$AY14 -> 63.305328 | T9: =S9+(V9-S9)/3 -> 67.132121 | U9: =T9+(V9-S9)/3 -> 70.958914 | V9: ='Cibles THREEME'!$AZ14 -> 74.785707 | W9: =(V9+X9)/2 -> 78.762984 | X9: ='Cibles THREEME'!$BA14 -> 82.740261 | Y9: =X9+(AA9-X9)/3 -> 86.777237 | Z9: =Y9+(AA9-X9)/3 -> 90.814213 | AA9: ='Cibles THREEME'!$BB14 -> 94.851189 | AB9: =(AA9+AC9)/2 -> 99.01373 | AC9: ='Cibles THREEME'!$BC14 -> 103.17627 | AD9: =AC9+(AH9-AC9)/5 -> 107.29167 | AE9: =AD9+(AH9-AC9)/5 -> 111.40707 | AF9: =AE9+(AH9-AC9)/5 -> 115.52247 | AG9: =AF9+(AH9-AC9)/5 -> 119.63787 | AH9: ='Cibles THREEME'!$BD14 -> 123.75327 | AI9: =AH9+(AM9-AH9)/5 -> 127.54668 | AJ9: =AI9+(AM9-AH9)/5 -> 131.34009 | AK9: =AJ9+(AM9-AH9)/5 -> 135.1335 | AL9: =AK9+(AM9-AH9)/5 -> 138.92691 | AM9: ='Cibles THREEME'!$BE14 -> 142.72033
