Workbook

Sheet Résultats
A1: 1) Copier-coller sorties Eviews en B2 2) veillez à ce que les données commencent en 2004 3) modifier le scénario si besoin en B1 | B1: TEND | C1: 2 | D1: =C1+1 -> 3 | E1: =D1+1 -> 4 | F1: =E1+1 -> 5 | G1: =F1+1 -> 6 | H1: =G1+1 -> 7 | I1: =H1+1 -> 8 | J1: =I1+1 -> 9 | K1: =J1+1 -> 10 | ... AW1: =AV1+1 -> 48
C2: 2004 | D2: 2005 | E2: 2006 | F2: 2007 | G2: 2008 | H2: 2009 | I2: 2010 | J2: 2011 | K2: 2012 | L2: 2013 | M2: 2014 | N2: 2015 | O2: 2016 | P2: 2017 | Q2: 2018 | R2: 2019 | S2: 2020 | T2: 2021 | U2: 2022 | V2: 2023 | W2: 2024 | X2: 2025 | Y2: 2026 | Z2: 2027 | AA2: 2028 | AB2: 2029 | AC2: 2030 | AD2: 2031 | AE2: 2032 | AF2: 2033 | AG2: 2034 | AH2: 2035 | AI2: 2036 | AJ2: 2037 | AK2: 2038 | AL2: 2039 | AM2: 2040 | AN2: 2041 | AO2: 2042 | AP2: 2043 | AQ2: 2044 | AR2: 2045 | AS2: 2046 | AT2: 2047 | AU2: 2048 | AV2: 2049 | AW2: 2050
B3: ER_OIL_1 | C3: 78.155731 | D3: 79.410547 | E3: 80.671203 | F3: 81.230879 | G3: 78.337043 | H3: 76.35819 | I3: 75.168414 | J3: 73.713688 | K3: 71.891901 | L3: 70.627817 | M3: 70.711585 | N3: 71.498434 | O3: 70.101705 | P3: 68.524865 | Q3: 66.192346 | R3: 64.959362 | S3: 63.373763 | T3: 62.700539 | U3: 61.965191 | V3: 61.382814 | W3: 60.625151 | X3: 59.534732 | Y3: 58.915502 | Z3: 58.538522 | AA3: 58.275218 | AB3: 58.080125 | AC3: 57.959791 | AD3: 57.424112 | AE3: 56.882652 | AF3: 56.3449 | AG3: 55.827497 | AH3: 55.317663 | AI3: 54.931604 | AJ3: 54.577974 | AK3: 54.253462 | AL3: 53.953523 | AM3: 53.670863 | AN3: 53.373499 | AO3: 53.070489 | AP3: 52.761079 | AQ3: 52.459196 | AR3: 52.154721 | AS3: 52.04612 | AT3: 51.962466 | AU3: 51.897643 | AV3: 51.841849 | AW3: 51.814351
B4: ER_OIL_2201_1 | C4: 77.477679 | D4: 78.721608 | E4: 80.003737 | F4: 80.228086 | G4: 77.052367 | H4: 74.797652 | I4: 73.329929 | J4: 71.615586 | K4: 69.558933 | L4: 68.055349 | M4: 67.856364 | N4: 68.329788 | O4: 66.944968 | P4: 65.387163 | Q4: 63.107949 | R4: 61.876354 | S4: 60.30747 | T4: 59.506878 | U4: 58.656049 | V4: 57.958113 | W4: 57.092524 | X4: 55.911926 | Y4: 55.330557 | Z4: 54.976704 | AA4: 54.729621 | AB4: 54.545532 | AC4: 54.431603 | AD4: 53.931458 | AE4: 53.425987 | AF4: 52.924111 | AG4: 52.440997 | AH4: 51.96511 | AI4: 51.601013 | AJ4: 51.267325 | AK4: 50.960929 | AL4: 50.678107 | AM4: 50.411466 | AN4: 50.120482 | AO4: 49.823881 | AP4: 49.520938 | AQ4: 49.224708 | AR4: 48.925668 | AS4: 48.808096 | AT4: 48.71363 | AU4: 48.636507 | AV4: 48.567515 | AW4: 48.524677
B5: ER_OIL_2202_1 | C5: 0.67805251 | D5: 0.68893886 | E5: 0.66746538 | F5: 1.0027933 | G5: 1.284676 | H5: 1.5605372 | I5: 1.8384849 | J5: 2.0981018 | K5: 2.3329679 | L5: 2.5724686 | M5: 2.8552211 | N5: 3.1686457 | O5: 3.1567371 | P5: 3.137703 | Q5: 3.0843969 | R5: 3.0830077 | S5: 3.0662927 | T5: 3.193661 | U5: 3.3091416 | V5: 3.4247007 | W5: 3.5326271 | X5: 3.6228062 | Y5: 3.5849455 | Z5: 3.5618178 | AA5: 3.5455976 | AB5: 3.5345924 | AC5: 3.5281884 | AD5: 3.4926537 | AE5: 3.4566645 | AF5: 3.4207891 | AG5: 3.3864998 | AH5: 3.3525531 | AI5: 3.3305909 | AJ5: 3.3106491 | AK5: 3.2925338 | AL5: 3.2754167 | AM5: 3.2593971 | AN5: 3.2530162 | AO5: 3.2466079 | AP5: 3.2401407 | AQ5: 3.2344887 | AR5: 3.2290526 | AS5: 3.2380242 | AT5: 3.2488358 | AU5: 3.261136 | AV5: 3.2743343 | AW5: 3.2896741
B6: ER_ELEC_2301_1 | C6: 28.634797 | D6: 29.094538 | E6: 29.720949 | F6: 30.551326 | G6: 31.268226 | H6: 29.125055 | I6: 30.256846 | J6: 31.323004 | K6: 31.689898 | L6: 31.571325 | M6: 31.465978 | N6: 30.94722 | O6: 29.332225 | P6: 28.892747 | Q6: 28.821975 | R6: 27.86219 | S6: 26.892231 | T6: 26.743234 | U6: 26.690278 | V6: 26.733146 | W6: 27.649655 | X6: 28.608337 | Y6: 28.696213 | Z6: 28.815891 | AA6: 28.954207 | AB6: 29.177098 | AC6: 29.423354 | AD6: 29.127383 | AE6: 28.834691 | AF6: 28.546026 | AG6: 28.233271 | AH6: 27.927478 | AI6: 27.52731 | AJ6: 27.120949 | AK6: 26.710483 | AL6: 26.265914 | AM6: 25.81385 | AN6: 25.331185 | AO6: 24.841389 | AP6: 24.344859 | AQ6: 23.846982 | AR6: 23.345351 | AS6: 22.720492 | AT6: 22.087837 | AU6: 21.459071 | AV6: 20.826056 | AW6: 20.198802
B7: ER_ELEC_2302_1 | C7: 0.3674935 | D7: 0.37339372 | E7: 0.38143295 | F7: 0.37148643 | G7: 0.36022471 | H7: 0.3179028 | I7: 0.31290219 | J7: 0.30690623 | K7: 0.29418498 | L7: 0.27768333 | M7: 0.26221383 | N7: 0.24433932 | O7: 0.21316768 | P7: 0.19039124 | Q7: 0.16877833 | R7: 0.14095614 | S7: 0.11269292 | T7: 0.14899317 | U7: 0.18674726 | V7: 0.22641642 | W7: 0.23767877 | X7: 0.24915704 | Y7: 0.24838803 | Z7: 0.24787086 | AA7: 0.24748761 | AB7: 0.24780548 | AC7: 0.24829132 | AD7: 0.25379467 | AE7: 0.25931923 | AF7: 0.26487451 | AG7: 0.27064268 | AH7: 0.27648165 | AI7: 0.27604891 | AJ7: 0.27556121 | AK7: 0.27503789 | AL7: 0.27433539 | AM7: 0.27355984 | AN7: 0.27843875 | AO7: 0.28324657 | AP7: 0.28797944 | AQ7: 0.29269482 | AR7: 0.2973601 | AS7: 0.29901274 | AT7: 0.30055516 | AU7: 0.30214051 | AV7: 0.3036549 | AW7: 0.305242
B8: ER_ELEC_2303_1 | C8: 1.4676116 | D8: 1.4911746 | E8: 1.5232799 | F8: 1.5681164 | G8: 1.6072472 | H8: 1.4992616 | I8: 1.5597878 | J8: 1.6170984 | K8: 1.6384195 | L8: 1.6346632 | M8: 1.6315782 | N8: 1.6070135 | O8: 1.7058576 | P8: 1.8745305 | Q8: 2.0796826 | R8: 2.2306383 | S8: 2.3846433 | T8: 2.2924332 | U8: 2.20649 | V8: 2.1258058 | W8: 1.4092509 | X8: 0.72791374 | Y8: 0.7311169 | Z8: 0.73514503 | AA8: 0.73966532 | AB8: 0.74633435 | AC8: 0.75361978 | AD8: 0.76145496 | AE8: 0.76936166 | AF8: 0.77736524 | AG8: 0.78555933 | AH8: 0.79395494 | AI8: 0.80192168 | AJ8: 0.8097471 | AK8: 0.81748337 | AL8: 0.82511211 | AM8: 0.83253403 | AN8: 0.83824612 | AO8: 0.84373774 | AP8: 0.84900456 | AQ8: 0.85422109 | AR8: 0.85929457 | AS8: 1.1800084 | AT8: 1.5000455 | AU8: 1.8199889 | AV8: 2.139174 | AW8: 2.4585472
B9: ER_ELEC_2304_1 | C9: 1.4643634 | D9: 1.4878742 | E9: 1.5199084 | F9: 1.4386712 | G9: 1.3558495 | H9: 1.1629251 | I9: 1.1124625 | J9: 1.0604785 | K9: 0.98795248 | L9: 0.90632667 | M9: 0.83178279 | N9: 0.75329847 | O9: 0.63402697 | P9: 0.53952358 | Q9: 0.44640929 | R9: 0.33517036 | S9: 0.22211801 | T9: 0.21340186 | U9: 0.20526583 | V9: 0.19761444 | W9: 0.12974487 | X9: 0.065199948 | Y9: 0.065463667 | Z9: 0.065800899 | AA9: 0.066181785 | AB9: 0.066754628 | AC9: 0.067382145 | AD9: 0.068065544 | AE9: 0.068755352 | AF9: 0.069453828 | AG9: 0.070168098 | AH9: 0.07090036 | AI9: 0.071608579 | AJ9: 0.072304172 | AK9: 0.072991798 | AL9: 0.073669659 | AM9: 0.074329049 | AN9: 0.074835946 | AO9: 0.075323157 | AP9: 0.075790299 | AQ9: 0.076252952 | AR9: 0.076702837 | AS9: 0.076861242 | AT9: 0.076991525 | AU9: 0.07713306 | AV9: 0.077256765 | AW9: 0.077399242
B10: ER_ELEC_2305_1 | C10: 0.29584764 | D10: 0.30059757 | E10: 0.30706949 | F10: 0.65529597 | G10: 0.99168066 | H10: 1.1960421 | I10: 1.4948095 | J10: 1.7726596 | K10: 1.9787878 | L10: 2.1055701 | M10: 2.1709373 | N10: 2.1314552 | O10: 2.2791746 | P10: 2.5203105 | Q10: 2.8114068 | R10: 3.0298895 | S10: 3.2527421 | T10: 3.4385807 | U10: 3.6418406 | V10: 3.8650468 | W10: 4.2783073 | X10: 4.6863329 | Y10: 5.0325319 | Z10: 5.3893694 | AA10: 5.7554063 | AB10: 6.0315438 | AC10: 6.3169618 | AD10: 6.6954236 | AE10: 7.0742324 | AF10: 7.4537255 | AG10: 7.8509575 | AH10: 8.2503493 | AI10: 8.6623532 | AJ10: 9.0734802 | AK10: 9.484149 | AL10: 9.9082188 | AM10: 10.330246 | AN10: 10.74756 | AO10: 11.162293 | AP10: 11.574114 | AQ10: 11.985198 | AR10: 12.39415 | AS10: 12.771478 | AT10: 13.143863 | AU10: 13.517824 | AV10: 13.888288 | AW10: 14.261761
B11: ER_ELEC_2306_1 | C11: 0.066565719 | D11: 0.067634453 | E11: 0.069090635 | F11: 0.094486438 | G11: 0.12865468 | H11: 0.15943071 | I11: 0.22034936 | J11: 0.30348306 | K11: 0.40848376 | L11: 0.54141422 | M11: 0.7178951 | N11: 0.93934323 | O11: 1.0044439 | P11: 1.1107137 | Q11: 1.2390014 | R11: 1.3352878 | S11: 1.4335001 | T11: 1.4945726 | U11: 1.5627298 | V11: 1.6388236 | W11: 1.7763351 | X11: 1.9131493 | Y11: 2.0675212 | Z11: 2.2264494 | AA11: 2.3893747 | AB11: 2.5608174 | AC11: 2.7372487 | AD11: 3.092749 | AE11: 3.448245 | AF11: 3.8039594 | AG11: 4.1769408 | AH11: 4.5511459 | AI11: 4.9396057 | AJ11: 5.3278713 | AK11: 5.7161134 | AL11: 6.1186653 | AM11: 6.5201422 | AN11: 6.9252124 | AO11: 7.3287167 | AP11: 7.7303318 | AQ11: 8.1314367 | AR11: 8.5310495 | AS11: 8.7395854 | AT11: 8.9447769 | AU11: 9.1510886 | AV11: 9.3550826 | AW11: 9.5611513
B12: ER_ELEC_2307_1 | C12: 3.3276745 | D12: 3.3811014 | E12: 3.4538971 | F12: 3.4253584 | G12: 3.3822713 | H12: 3.0394933 | I12: 3.0464027 | J12: 3.0426801 | K12: 2.9699078 | L12: 2.8545928 | M12: 2.7448702 | N12: 2.6045426 | O12: 2.7850491 | P12: 3.0797063 | Q12: 3.435413 | R12: 3.702389 | S12: 3.9747049 | T12: 4.1820071 | U12: 4.4100339 | V12: 4.6616234 | W12: 4.566256 | X12: 4.4885426 | Y12: 4.5062424 | Z12: 4.5289956 | AA12: 4.5547455 | AB12: 4.5945455 | AC12: 4.6381159 | AD12: 4.6830886 | AE12: 4.728504 | AF12: 4.774517 | AG12: 4.821903 | AH12: 4.8705246 | AI12: 4.9177168 | AJ12: 4.9640391 | AK12: 5.009812 | AL12: 5.0550833 | AM12: 5.0990855 | AN12: 5.1327741 | AO12: 5.1651116 | AP12: 5.1960728 | AQ12: 5.2267264 | AR12: 5.2565052 | AS12: 5.2669325 | AT12: 5.275433 | AU12: 5.284705 | AV12: 5.2927557 | AW12: 5.302093
B13: ER_ELEC_2308_1 | C13: 0.21556469 | D13: 0.21902565 | E13: 0.22374131 | F13: 0.25780654 | G13: 0.29576549 | H13: 0.30881003 | I13: 0.35960744 | J13: 0.41730039 | K13: 0.47324562 | L13: 0.52849264 | M13: 0.59042909 | N13: 0.65092138 | O13: 0.59972683 | P13: 0.57242878 | Q13: 0.55125163 | R13: 0.5121329 | S13: 0.47246286 | T13: 0.4998806 | U13: 0.52984087 | V13: 0.56271577 | W13: 0.75873686 | X13: 0.94851227 | Y13: 0.9929042 | Z13: 1.0390292 | AA13: 1.0865404 | AB13: 1.1367267 | AC13: 1.1886261 | AD13: 1.2101661 | AE13: 1.2318116 | AF13: 1.253606 | AG13: 1.2763515 | AH13: 1.2994287 | AI13: 1.3857641 | AJ13: 1.4719999 | AK13: 1.558194 | AL13: 1.6477091 | AM13: 1.7369097 | AN13: 1.7627103 | AO13: 1.788057 | AP13: 1.8129298 | AQ13: 1.8376932 | AR13: 1.8621439 | AS13: 1.8875679 | AT13: 1.9122847 | AU13: 1.9372599 | AV13: 1.9617644 | AW13: 1.9867231
B14: ER_ELEC_1 | C14: 35.839918 | D14: 36.41534 | E14: 37.199368 | F14: 38.362547 | G14: 39.38992 | H14: 36.808921 | I14: 38.363167 | J14: 39.84361 | K14: 40.44088 | L14: 40.420068 | M14: 40.415684 | N14: 39.878134 | O14: 38.553672 | P14: 38.780352 | Q14: 39.553918 | R14: 39.148654 | S14: 38.745095 | T14: 39.013104 | U14: 39.433227 | V14: 40.011193 | W14: 40.805965 | X14: 41.687144 | Y14: 42.340382 | Z14: 43.048551 | AA14: 43.793608 | AB14: 44.561626 | AC14: 45.3736 | AD14: 45.892126 | AE14: 46.41492 | AF14: 46.943528 | AG14: 47.485794 | AH14: 48.040264 | AI14: 48.582329 | AJ14: 49.115952 | AK14: 49.644265 | AL14: 50.168708 | AM14: 50.680656 | AN14: 51.090962 | AO14: 51.487875 | AP14: 51.871081 | AQ14: 52.251205 | AR14: 52.622557 | AS14: 52.941939 | AT14: 53.241787 | AU14: 53.549211 | AV14: 53.844032 | AW14: 54.151719
... B300: KM_TRAVELER_LD_H01_0 | C300: 241047.76 | D300: 244917.86 | E300: 248850.1 | F300: 262898.28 | G300: 272241.58 | H300: 287790.76 | I300: 299414.87 | J300: 315293.48 | K300: 335053.54 | L300: 357361.83 | M300: 382940.68 | N300: 405801.79 | O300: 397150.76 | P300: 389429.72 | Q300: 380440.77 | R300: 367234.37 | S300: 367295.06 | T300: 369726.25 | U300: 370764.53 | V300: 371535.69 | W300: 371853.41 | X300: 371807.57 | Y300: 372051.41 | Z300: 372710.07 | AA300: 373762.64 | AB300: 374944.13 | AC300: 376224.46 | AD300: 377619.6 | AE300: 379035.48 | AF300: 380428.51 | AG300: 381779.74 | AH300: 383095.71 | AI300: 384359.57 | AJ300: 385593.47 | AK300: 386828.81 | AL300: 388088.06 | AM300: 389387.17 | AN300: 390681.6 | AO300: 392042.84 | AP300: 393477.44 | AQ300: 394983.08 | AR300: 396547.2 | AS300: 398153.67 | AT300: 399798.97 | AU300: 401477.56 | AV300: 403184.8 | AW300: 404934.19

Sheet T energie vecteurs
A1: Energie par vecteur énergétique
A3: Energie primaire (Mtep)
A4: =Résultats!B1 -> TEND
E5: 4 | F5: =E5+9 -> 13 | G5: =F5+3 -> 16 | H5: =G5+1 -> 17 | I5: =H5+1 -> 18 | J5: =I5+1 -> 19 | K5: =J5+1 -> 20 | L5: =K5+1 -> 21 | M5: =L5+1 -> 22 | N5: =M5+1 -> 23 | O5: =N5+1 -> 24 | ... S5: =R5+1 -> 28 | T5: =S5+5 -> 33 | U5: =T5+5 -> 38 | V5: =U5+5 -> 43 | W5: =V5+5 -> 48
E6: 2006 | F6: 2015 | G6: 2018 | H6: 2019 | I6: 2020 | J6: 2021 | K6: 2022 | L6: 2023 | M6: 2024 | N6: 2025 | O6: 2026 | P6: 2027 | Q6: 2028 | R6: 2029 | S6: 2030 | T6: 2035 | U6: 2040 | V6: 2045 | W6: 2050 | Z6: Cf. onglet "G énergie"
B7: Refined petroleum products | C7: Total | E7: =SUM(E8:E9) -> #N/A | F7: =SUM(F8:F9) -> #N/A | G7: =SUM(G8:G9) -> #N/A | H7: =SUM(H8:H9) -> #N/A | I7: =SUM(I8:I9) -> #N/A | J7: =SUM(J8:J9) -> #N/A | K7: =SUM(K8:K9) -> #N/A | L7: =SUM(L8:L9) -> #N/A | ... W7: =SUM(W8:W9) -> #N/A | AA7: 2020 | AB7: 2030 | AC7: 2050
C8: Oil | D8: Q_Mtep_ep_2201_0 | E8: =VLOOKUP($D8,Résultats!$B$2:$AX$476,E$5,FALSE) -> #N/A | F8: =VLOOKUP($D8,Résultats!$B$2:$AX$476,F$5,FALSE) -> #N/A | G8: =VLOOKUP($D8,Résultats!$B$2:$AX$476,G$5,FALSE) -> #N/A | H8: =VLOOKUP($D8,Résultats!$B$2:$AX$476,H$5,FALSE) -> #N/A | I8: =VLOOKUP($D8,Résultats!$B$2:$AX$476,I$5,FALSE) -> #N/A | J8: =VLOOKUP($D8,Résultats!$B$2:$AX$476,J$5,FALSE) -> #N/A | K8: =VLOOKUP($D8,Résultats!$B$2:$AX$476,K$5,FALSE) -> #N/A | L8: =VLOOKUP($D8,Résultats!$B$2:$AX$476,L$5,FALSE) -> #N/A | ... W8: =VLOOKUP($D8,Résultats!$B$2:$AX$476,W$5,FALSE) -> #N/A | Z8: Energie primaire | AA8: =I27 -> #N/A | AB8: =S27 -> #N/A | AC8: =W27 -> #N/A
C9: Biofuels | D9: Q_Mtep_ep_2202_0 | E9: =VLOOKUP($D9,Résultats!$B$2:$AX$476,E$5,FALSE) -> #N/A | F9: =VLOOKUP($D9,Résultats!$B$2:$AX$476,F$5,FALSE) -> #N/A | G9: =VLOOKUP($D9,Résultats!$B$2:$AX$476,G$5,FALSE) -> #N/A | H9: =VLOOKUP($D9,Résultats!$B$2:$AX$476,H$5,FALSE) -> #N/A | I9: =VLOOKUP($D9,Résultats!$B$2:$AX$476,I$5,FALSE) -> #N/A | J9: =VLOOKUP($D9,Résultats!$B$2:$AX$476,J$5,FALSE) -> #N/A | K9: =VLOOKUP($D9,Résultats!$B$2:$AX$476,K$5,FALSE) -> #N/A | L9: =VLOOKUP($D9,Résultats!$B$2:$AX$476,L$5,FALSE) -> #N/A | ... W9: =VLOOKUP($D9,Résultats!$B$2:$AX$476,W$5,FALSE) -> #N/A
B10: Electric power generation, transmission and distribution | C10: Total | E10: =SUM(E11:E18) -> #N/A | F10: =SUM(F11:F18) -> #N/A | G10: =SUM(G11:G18) -> #N/A | H10: =SUM(H11:H18) -> #N/A | I10: =SUM(I11:I18) -> #N/A | J10: =SUM(J11:J18) -> #N/A | K10: =SUM(K11:K18) -> #N/A | L10: =SUM(L11:L18) -> #N/A | ... W10: =SUM(W11:W18) -> #N/A
C11: Nuclear | D11: Q_Mtep_ep_2301_0 | E11: =VLOOKUP($D11,Résultats!$B$2:$AX$476,E$5,FALSE) -> #N/A | F11: =VLOOKUP($D11,Résultats!$B$2:$AX$476,F$5,FALSE) -> #N/A | G11: =VLOOKUP($D11,Résultats!$B$2:$AX$476,G$5,FALSE) -> #N/A | H11: =VLOOKUP($D11,Résultats!$B$2:$AX$476,H$5,FALSE) -> #N/A | I11: =VLOOKUP($D11,Résultats!$B$2:$AX$476,I$5,FALSE) -> #N/A | J11: =VLOOKUP($D11,Résultats!$B$2:$AX$476,J$5,FALSE) -> #N/A | K11: =VLOOKUP($D11,Résultats!$B$2:$AX$476,K$5,FALSE) -> #N/A | L11: =VLOOKUP($D11,Résultats!$B$2:$AX$476,L$5,FALSE) -> #N/A | ... W11: =VLOOKUP($D11,Résultats!$B$2:$AX$476,W$5,FALSE) -> #N/A
C12: Fuel | D12: Q_Mtep_ep_2302_0 | E12: =VLOOKUP($D12,Résultats!$B$2:$AX$476,E$5,FALSE) -> #N/A | F12: =VLOOKUP($D12,Résultats!$B$2:$AX$476,F$5,FALSE) -> #N/A | G12: =VLOOKUP($D12,Résultats!$B$2:$AX$476,G$5,FALSE) -> #N/A | H12: =VLOOKUP($D12,Résultats!$B$2:$AX$476,H$5,FALSE) -> #N/A | I12: =VLOOKUP($D12,Résultats!$B$2:$AX$476,I$5,FALSE) -> #N/A | J12: =VLOOKUP($D12,Résultats!$B$2:$AX$476,J$5,FALSE) -> #N/A | K12: =VLOOKUP($D12,Résultats!$B$2:$AX$476,K$5,FALSE) -> #N/A | L12: =VLOOKUP($D12,Résultats!$B$2:$AX$476,L$5,FALSE) -> #N/A | ... W12: =VLOOKUP($D12,Résultats!$B$2:$AX$476,W$5,FALSE) -> #N/A
C13: Combined gas | D13: Q_Mtep_ep_2303_0 | E13: =VLOOKUP($D13,Résultats!$B$2:$AX$476,E$5,FALSE) -> #N/A | F13: =VLOOKUP($D13,Résultats!$B$2:$AX$476,F$5,FALSE) -> #N/A | G13: =VLOOKUP($D13,Résultats!$B$2:$AX$476,G$5,FALSE) -> #N/A | H13: =VLOOKUP($D13,Résultats!$B$2:$AX$476,H$5,FALSE) -> #N/A | I13: =VLOOKUP($D13,Résultats!$B$2:$AX$476,I$5,FALSE) -> #N/A | J13: =VLOOKUP($D13,Résultats!$B$2:$AX$476,J$5,FALSE) -> #N/A | K13: =VLOOKUP($D13,Résultats!$B$2:$AX$476,K$5,FALSE) -> #N/A | L13: =VLOOKUP($D13,Résultats!$B$2:$AX$476,L$5,FALSE) -> #N/A | ... W13: =VLOOKUP($D13,Résultats!$B$2:$AX$476,W$5,FALSE) -> #N/A
C14: Coal | D14: Q_Mtep_ep_2304_0 | E14: =VLOOKUP($D14,Résultats!$B$2:$AX$476,E$5,FALSE) -> #N/A | F14: =VLOOKUP($D14,Résultats!$B$2:$AX$476,F$5,FALSE) -> #N/A | G14: =VLOOKUP($D14,Résultats!$B$2:$AX$476,G$5,FALSE) -> #N/A | H14: =VLOOKUP($D14,Résultats!$B$2:$AX$476,H$5,FALSE) -> #N/A | I14: =VLOOKUP($D14,Résultats!$B$2:$AX$476,I$5,FALSE) -> #N/A | J14: =VLOOKUP($D14,Résultats!$B$2:$AX$476,J$5,FALSE) -> #N/A | K14: =VLOOKUP($D14,Résultats!$B$2:$AX$476,K$5,FALSE) -> #N/A | L14: =VLOOKUP($D14,Résultats!$B$2:$AX$476,L$5,FALSE) -> #N/A | ... W14: =VLOOKUP($D14,Résultats!$B$2:$AX$476,W$5,FALSE) -> #N/A
C15: Wind | D15: Q_Mtep_ep_2305_0 | E15: =VLOOKUP($D15,Résultats!$B$2:$AX$476,E$5,FALSE) -> #N/A | F15: =VLOOKUP($D15,Résultats!$B$2:$AX$476,F$5,FALSE) -> #N/A | G15: =VLOOKUP($D15,Résultats!$B$2:$AX$476,G$5,FALSE) -> #N/A | H15: =VLOOKUP($D15,Résultats!$B$2:$AX$476,H$5,FALSE) -> #N/A | I15: =VLOOKUP($D15,Résultats!$B$2:$AX$476,I$5,FALSE) -> #N/A | J15: =VLOOKUP($D15,Résultats!$B$2:$AX$476,J$5,FALSE) -> #N/A | K15: =VLOOKUP($D15,Résultats!$B$2:$AX$476,K$5,FALSE) -> #N/A | L15: =VLOOKUP($D15,Résultats!$B$2:$AX$476,L$5,FALSE) -> #N/A | ... W15: =VLOOKUP($D15,Résultats!$B$2:$AX$476,W$5,FALSE) -> #N/A
C16: Solar | D16: Q_Mtep_ep_2306_0 | E16: =VLOOKUP($D16,Résultats!$B$2:$AX$476,E$5,FALSE) -> #N/A | F16: =VLOOKUP($D16,Résultats!$B$2:$AX$476,F$5,FALSE) -> #N/A | G16: =VLOOKUP($D16,Résultats!$B$2:$AX$476,G$5,FALSE) -> #N/A | H16: =VLOOKUP($D16,Résultats!$B$2:$AX$476,H$5,FALSE) -> #N/A | I16: =VLOOKUP($D16,Résultats!$B$2:$AX$476,I$5,FALSE) -> #N/A | J16: =VLOOKUP($D16,Résultats!$B$2:$AX$476,J$5,FALSE) -> #N/A | K16: =VLOOKUP($D16,Résultats!$B$2:$AX$476,K$5,FALSE) -> #N/A | L16: =VLOOKUP($D16,Résultats!$B$2:$AX$476,L$5,FALSE) -> #N/A | ... W16: =VLOOKUP($D16,Résultats!$B$2:$AX$476,W$5,FALSE) -> #N/A
C17: Hydraulic | D17: Q_Mtep_ep_2307_0 | E17: =VLOOKUP($D17,Résultats!$B$2:$AX$476,E$5,FALSE) -> #N/A | F17: =VLOOKUP($D17,Résultats!$B$2:$AX$476,F$5,FALSE) -> #N/A | G17: =VLOOKUP($D17,Résultats!$B$2:$AX$476,G$5,FALSE) -> #N/A | H17: =VLOOKUP($D17,Résultats!$B$2:$AX$476,H$5,FALSE) -> #N/A | I17: =VLOOKUP($D17,Résultats!$B$2:$AX$476,I$5,FALSE) -> #N/A | J17: =VLOOKUP($D17,Résultats!$B$2:$AX$476,J$5,FALSE) -> #N/A | K17: =VLOOKUP($D17,Résultats!$B$2:$AX$476,K$5,FALSE) -> #N/A | L17: =VLOOKUP($D17,Résultats!$B$2:$AX$476,L$5,FALSE) -> #N/A | ... W17: =VLOOKUP($D17,Résultats!$B$2:$AX$476,W$5,FALSE) -> #N/A
C18: Cogeneration (CHP) | D18: Q_Mtep_ep_2308_0 | E18: =VLOOKUP($D18,Résultats!$B$2:$AX$476,E$5,FALSE) -> #N/A | F18: =VLOOKUP($D18,Résultats!$B$2:$AX$476,F$5,FALSE) -> #N/A | G18: =VLOOKUP($D18,Résultats!$B$2:$AX$476,G$5,FALSE) -> #N/A | H18: =VLOOKUP($D18,Résultats!$B$2:$AX$476,H$5,FALSE) -> #N/A | I18: =VLOOKUP($D18,Résultats!$B$2:$AX$476,I$5,FALSE) -> #N/A | J18: =VLOOKUP($D18,Résultats!$B$2:$AX$476,J$5,FALSE) -> #N/A | K18: =VLOOKUP($D18,Résultats!$B$2:$AX$476,K$5,FALSE) -> #N/A | L18: =VLOOKUP($D18,Résultats!$B$2:$AX$476,L$5,FALSE) -> #N/A | ... W18: =VLOOKUP($D18,Résultats!$B$2:$AX$476,W$5,FALSE) -> #N/A
B19: Gas and heat | C19: Total | E19: =SUM(E20:E25) -> #N/A | F19: =SUM(F20:F25) -> #N/A | G19: =SUM(G20:G25) -> #N/A | H19: =SUM(H20:H25) -> #N/A | I19: =SUM(I20:I25) -> #N/A | J19: =SUM(J20:J25) -> #N/A | K19: =SUM(K20:K25) -> #N/A | L19: =SUM(L20:L25) -> #N/A | ... W19: =SUM(W20:W25) -> #N/A
C20: Natural gas | D20: Q_Mtep_ep_2401_0 | E20: =VLOOKUP($D20,Résultats!$B$2:$AX$476,E$5,FALSE) -> #N/A | F20: =VLOOKUP($D20,Résultats!$B$2:$AX$476,F$5,FALSE) -> #N/A | G20: =VLOOKUP($D20,Résultats!$B$2:$AX$476,G$5,FALSE) -> #N/A | H20: =VLOOKUP($D20,Résultats!$B$2:$AX$476,H$5,FALSE) -> #N/A | I20: =VLOOKUP($D20,Résultats!$B$2:$AX$476,I$5,FALSE) -> #N/A | J20: =VLOOKUP($D20,Résultats!$B$2:$AX$476,J$5,FALSE) -> #N/A | K20: =VLOOKUP($D20,Résultats!$B$2:$AX$476,K$5,FALSE) -> #N/A | L20: =VLOOKUP($D20,Résultats!$B$2:$AX$476,L$5,FALSE) -> #N/A | ... W20: =VLOOKUP($D20,Résultats!$B$2:$AX$476,W$5,FALSE) -> #N/A
C21: Wood | D21: Q_Mtep_ep_2402_0 | E21: =VLOOKUP($D21,Résultats!$B$2:$AX$476,E$5,FALSE) -> #N/A | F21: =VLOOKUP($D21,Résultats!$B$2:$AX$476,F$5,FALSE) -> #N/A | G21: =VLOOKUP($D21,Résultats!$B$2:$AX$476,G$5,FALSE) -> #N/A | H21: =VLOOKUP($D21,Résultats!$B$2:$AX$476,H$5,FALSE) -> #N/A | I21: =VLOOKUP($D21,Résultats!$B$2:$AX$476,I$5,FALSE) -> #N/A | J21: =VLOOKUP($D21,Résultats!$B$2:$AX$476,J$5,FALSE) -> #N/A | K21: =VLOOKUP($D21,Résultats!$B$2:$AX$476,K$5,FALSE) -> #N/A | L21: =VLOOKUP($D21,Résultats!$B$2:$AX$476,L$5,FALSE) -> #N/A | ... W21: =VLOOKUP($D21,Résultats!$B$2:$AX$476,W$5,FALSE) -> #N/A
C22: Biogas | D22: Q_Mtep_ep_2403_0 | E22: =VLOOKUP($D22,Résultats!$B$2:$AX$476,E$5,FALSE) -> #N/A | F22: =VLOOKUP($D22,Résultats!$B$2:$AX$476,F$5,FALSE) -> #N/A | G22: =VLOOKUP($D22,Résultats!$B$2:$AX$476,G$5,FALSE) -> #N/A | H22: =VLOOKUP($D22,Résultats!$B$2:$AX$476,H$5,FALSE) -> #N/A | I22: =VLOOKUP($D22,Résultats!$B$2:$AX$476,I$5,FALSE) -> #N/A | J22: =VLOOKUP($D22,Résultats!$B$2:$AX$476,J$5,FALSE) -> #N/A | K22: =VLOOKUP($D22,Résultats!$B$2:$AX$476,K$5,FALSE) -> #N/A | L22: =VLOOKUP($D22,Résultats!$B$2:$AX$476,L$5,FALSE) -> #N/A | ... W22: =VLOOKUP($D22,Résultats!$B$2:$AX$476,W$5,FALSE) -> #N/A
C23: Waste incineration | D23: Q_Mtep_ep_2404_0 | E23: =VLOOKUP($D23,Résultats!$B$2:$AX$476,E$5,FALSE) -> #N/A | F23: =VLOOKUP($D23,Résultats!$B$2:$AX$476,F$5,FALSE) -> #N/A | G23: =VLOOKUP($D23,Résultats!$B$2:$AX$476,G$5,FALSE) -> #N/A | H23: =VLOOKUP($D23,Résultats!$B$2:$AX$476,H$5,FALSE) -> #N/A | I23: =VLOOKUP($D23,Résultats!$B$2:$AX$476,I$5,FALSE) -> #N/A | J23: =VLOOKUP($D23,Résultats!$B$2:$AX$476,J$5,FALSE) -> #N/A | K23: =VLOOKUP($D23,Résultats!$B$2:$AX$476,K$5,FALSE) -> #N/A | L23: =VLOOKUP($D23,Résultats!$B$2:$AX$476,L$5,FALSE) -> #N/A | ... W23: =VLOOKUP($D23,Résultats!$B$2:$AX$476,W$5,FALSE) -> #N/A
C24: Geothermal | D24: Q_Mtep_ep_2405_0 | E24: =VLOOKUP($D24,Résultats!$B$2:$AX$476,E$5,FALSE) -> #N/A | F24: =VLOOKUP($D24,Résultats!$B$2:$AX$476,F$5,FALSE) -> #N/A | G24: =VLOOKUP($D24,Résultats!$B$2:$AX$476,G$5,FALSE) -> #N/A | H24: =VLOOKUP($D24,Résultats!$B$2:$AX$476,H$5,FALSE) -> #N/A | I24: =VLOOKUP($D24,Résultats!$B$2:$AX$476,I$5,FALSE) -> #N/A | J24: =VLOOKUP($D24,Résultats!$B$2:$AX$476,J$5,FALSE) -> #N/A | K24: =VLOOKUP($D24,Résultats!$B$2:$AX$476,K$5,FALSE) -> #N/A | L24: =VLOOKUP($D24,Résultats!$B$2:$AX$476,L$5,FALSE) -> #N/A | ... W24: =VLOOKUP($D24,Résultats!$B$2:$AX$476,W$5,FALSE) -> #N/A
C25: Cogeneration (CHP) | D25: Q_Mtep_ep_2406_0 | E25: =VLOOKUP($D25,Résultats!$B$2:$AX$476,E$5,FALSE) -> #N/A | F25: =VLOOKUP($D25,Résultats!$B$2:$AX$476,F$5,FALSE) -> #N/A | G25: =VLOOKUP($D25,Résultats!$B$2:$AX$476,G$5,FALSE) -> #N/A | H25: =VLOOKUP($D25,Résultats!$B$2:$AX$476,H$5,FALSE) -> #N/A | I25: =VLOOKUP($D25,Résultats!$B$2:$AX$476,I$5,FALSE) -> #N/A | J25: =VLOOKUP($D25,Résultats!$B$2:$AX$476,J$5,FALSE) -> #N/A | K25: =VLOOKUP($D25,Résultats!$B$2:$AX$476,K$5,FALSE) -> #N/A | L25: =VLOOKUP($D25,Résultats!$B$2:$AX$476,L$5,FALSE) -> #N/A | ... W25: =VLOOKUP($D25,Résultats!$B$2:$AX$476,W$5,FALSE) -> #N/A
B26: Coal | D26: Q_Mtep_ep_21_0 | E26: =VLOOKUP($D26,Résultats!$B$2:$AX$476,E$5,FALSE) -> #N/A | F26: =VLOOKUP($D26,Résultats!$B$2:$AX$476,F$5,FALSE) -> #N/A | G26: =VLOOKUP($D26,Résultats!$B$2:$AX$476,G$5,FALSE) -> #N/A | H26: =VLOOKUP($D26,Résultats!$B$2:$AX$476,H$5,FALSE) -> #N/A | I26: =VLOOKUP($D26,Résultats!$B$2:$AX$476,I$5,FALSE) -> #N/A | J26: =VLOOKUP($D26,Résultats!$B$2:$AX$476,J$5,FALSE) -> #N/A | K26: =VLOOKUP($D26,Résultats!$B$2:$AX$476,K$5,FALSE) -> #N/A | L26: =VLOOKUP($D26,Résultats!$B$2:$AX$476,L$5,FALSE) -> #N/A | ... W26: =VLOOKUP($D26,Résultats!$B$2:$AX$476,W$5,FALSE) -> #N/A
B27: Total | E27: =E26+E19+E10+E7 -> #N/A | F27: =F26+F19+F10+F7 -> #N/A | G27: =G26+G19+G10+G7 -> #N/A | H27: =H26+H19+H10+H7 -> #N/A | I27: =I26+I19+I10+I7 -> #N/A | J27: =J26+J19+J10+J7 -> #N/A | K27: =K26+K19+K10+K7 -> #N/A | L27: =L26+L19+L10+L7 -> #N/A | ... W27: =W26+W19+W10+W7 -> #N/A
A30: Energie finale (Mtep)
A31: =Résultats!B1 -> TEND | Z31: Cf. onglet "G mix elec" | AE31: Cf. onglet "G mix carb" | AJ31: Cf. onglet "G mix gaz"
E32: 2006 | F32: 2015 | G32: 2018 | H32: 2019 | I32: 2020 | J32: 2021 | K32: 2022 | L32: 2023 | M32: 2024 | N32: 2025 | O32: 2026 | P32: 2027 | Q32: 2028 | R32: 2029 | S32: 2030 | T32: 2035 | U32: 2040 | V32: 2045 | W32: 2050 | AA32: 2020 | AB32: 2030 | AC32: 2050 | AF32: 2020 | AG32: 2030 | AH32: 2050 | AK32: 2020 | AL32: 2030 | AM32: 2050
B33: Refined petroleum products | C33: Total | D33: ER_Oil_0 | E33: =SUM(E34:E35) -> #N/A | F33: =SUM(F34:F35) -> #N/A | G33: =SUM(G34:G35) -> #N/A | H33: =SUM(H34:H35) -> #N/A | I33: =SUM(I34:I35) -> #N/A | J33: =SUM(J34:J35) -> #N/A | K33: =SUM(K34:K35) -> #N/A | L33: =SUM(L34:L35) -> #N/A | ... W33: =SUM(W34:W35) -> #N/A | Z33: charbon | AA33: =(I38+I40)/I36 -> #N/A | AB33: =(S38+S40)/S36 -> #N/A | AC33: =(W38+W40)/W36 -> #N/A | AE33: carburants fossiles | AF33: =I34/I33 -> #N/A | AG33: =S34/S33 -> #N/A | AH33: =W34/W33 -> #N/A | AJ33: gaz naturel | AK33: =I46/(I46+I48) -> #N/A | AL33: =S46/(S46+S48) -> #N/A | AM33: =W46/(W46+W48) -> #N/A
C34: Oil | D34: ER_oil_2201_0 | E34: =VLOOKUP($D34,Résultats!$B$2:$AX$476,E$5,FALSE) -> #N/A | F34: =VLOOKUP($D34,Résultats!$B$2:$AX$476,F$5,FALSE) -> #N/A | G34: =VLOOKUP($D34,Résultats!$B$2:$AX$476,G$5,FALSE) -> #N/A | H34: =VLOOKUP($D34,Résultats!$B$2:$AX$476,H$5,FALSE) -> #N/A | I34: =VLOOKUP($D34,Résultats!$B$2:$AX$476,I$5,FALSE) -> #N/A | J34: =VLOOKUP($D34,Résultats!$B$2:$AX$476,J$5,FALSE) -> #N/A | K34: =VLOOKUP($D34,Résultats!$B$2:$AX$476,K$5,FALSE) -> #N/A | L34: =VLOOKUP($D34,Résultats!$B$2:$AX$476,L$5,FALSE) -> #N/A | ... W34: =VLOOKUP($D34,Résultats!$B$2:$AX$476,W$5,FALSE) -> #N/A | Z34: nucléaire | AA34: =I37/I36 -> #N/A | AB34: =S37/S36 -> #N/A | AC34: =W37/W36 -> #N/A | AE34: biocarburants | AF34: =I35/I33 -> #N/A | AG34: =S35/S33 -> #N/A | AH34: =W35/W33 -> #N/A | AJ34: biogaz | AK34: =I48/(I46+I48) -> #N/A | AL34: =S48/(S46+S48) -> #N/A | AM34: =W48/(W46+W48) -> #N/A
C35: Biofuels | D35: ER_oil_2202_0 | E35: =VLOOKUP($D35,Résultats!$B$2:$AX$476,E$5,FALSE) -> #N/A | F35: =VLOOKUP($D35,Résultats!$B$2:$AX$476,F$5,FALSE) -> #N/A | G35: =VLOOKUP($D35,Résultats!$B$2:$AX$476,G$5,FALSE) -> #N/A | H35: =VLOOKUP($D35,Résultats!$B$2:$AX$476,H$5,FALSE) -> #N/A | I35: =VLOOKUP($D35,Résultats!$B$2:$AX$476,I$5,FALSE) -> #N/A | J35: =VLOOKUP($D35,Résultats!$B$2:$AX$476,J$5,FALSE) -> #N/A | K35: =VLOOKUP($D35,Résultats!$B$2:$AX$476,K$5,FALSE) -> #N/A | L35: =VLOOKUP($D35,Résultats!$B$2:$AX$476,L$5,FALSE) -> #N/A | ... W35: =VLOOKUP($D35,Résultats!$B$2:$AX$476,W$5,FALSE) -> #N/A | Z35: hydraulique | AA35: =I43/I36 -> #N/A | AB35: =S43/S36 -> #N/A | AC35: =W43/W36 -> #N/A | AE35: Total | AF35: =SUM(AF33:AF34) -> #N/A | AG35: =SUM(AG33:AG34) -> #N/A | AH35: =SUM(AH33:AH34) -> #N/A | AJ35: Total | AK35: =SUM(AK33:AK34) -> #N/A | AL35: =SUM(AL33:AL34) -> #N/A | AM35: =SUM(AM33:AM34) -> #N/A
B36: Electric power generation, transmission and distribution | C36: Total | D36: ER_elec_0 | E36: =SUM(E37:E44) -> #N/A | F36: =SUM(F37:F44) -> #N/A | G36: =SUM(G37:G44) -> #N/A | H36: =SUM(H37:H44) -> #N/A | I36: =SUM(I37:I44) -> #N/A | J36: =SUM(J37:J44) -> #N/A | K36: =SUM(K37:K44) -> #N/A | L36: =SUM(L37:L44) -> #N/A | ... W36: =SUM(W37:W44) -> #N/A | Z36: solaire | AA36: =I42/I36 -> #N/A | AB36: =S42/S36 -> #N/A | AC36: =W42/W36 -> #N/A
C37: Nuclear | D37: ER_Elec_2301_0 | E37: =VLOOKUP($D37,Résultats!$B$2:$AX$476,E$5,FALSE) -> #N/A | F37: =VLOOKUP($D37,Résultats!$B$2:$AX$476,F$5,FALSE) -> #N/A | G37: =VLOOKUP($D37,Résultats!$B$2:$AX$476,G$5,FALSE) -> #N/A | H37: =VLOOKUP($D37,Résultats!$B$2:$AX$476,H$5,FALSE) -> #N/A | I37: =VLOOKUP($D37,Résultats!$B$2:$AX$476,I$5,FALSE) -> #N/A | J37: =VLOOKUP($D37,Résultats!$B$2:$AX$476,J$5,FALSE) -> #N/A | K37: =VLOOKUP($D37,Résultats!$B$2:$AX$476,K$5,FALSE) -> #N/A | L37: =VLOOKUP($D37,Résultats!$B$2:$AX$476,L$5,FALSE) -> #N/A | ... W37: =VLOOKUP($D37,Résultats!$B$2:$AX$476,W$5,FALSE) -> #N/A | Z37: éolien | AA37: =I41/I36 -> #N/A | AB37: =S41/S36 -> #N/A | AC37: =W41/W36 -> #N/A
C38: Fuel | D38: ER_elec_2302_0 | E38: =VLOOKUP($D38,Résultats!$B$2:$AX$476,E$5,FALSE) -> #N/A | F38: =VLOOKUP($D38,Résultats!$B$2:$AX$476,F$5,FALSE) -> #N/A | G38: =VLOOKUP($D38,Résultats!$B$2:$AX$476,G$5,FALSE) -> #N/A | H38: =VLOOKUP($D38,Résultats!$B$2:$AX$476,H$5,FALSE) -> #N/A | I38: =VLOOKUP($D38,Résultats!$B$2:$AX$476,I$5,FALSE) -> #N/A | J38: =VLOOKUP($D38,Résultats!$B$2:$AX$476,J$5,FALSE) -> #N/A | K38: =VLOOKUP($D38,Résultats!$B$2:$AX$476,K$5,FALSE) -> #N/A | L38: =VLOOKUP($D38,Résultats!$B$2:$AX$476,L$5,FALSE) -> #N/A | ... W38: =VLOOKUP($D38,Résultats!$B$2:$AX$476,W$5,FALSE) -> #N/A | Z38: autres renouvelables | AA38: =(I39+I44)/I36 -> #N/A | AB38: =(S39+S44)/S36 -> #N/A | AC38: =(W39+W44)/W36 -> #N/A
C39: Combined gas | D39: ER_Elec_2303_0 | E39: =VLOOKUP($D39,Résultats!$B$2:$AX$476,E$5,FALSE) -> #N/A | F39: =VLOOKUP($D39,Résultats!$B$2:$AX$476,F$5,FALSE) -> #N/A | G39: =VLOOKUP($D39,Résultats!$B$2:$AX$476,G$5,FALSE) -> #N/A | H39: =VLOOKUP($D39,Résultats!$B$2:$AX$476,H$5,FALSE) -> #N/A | I39: =VLOOKUP($D39,Résultats!$B$2:$AX$476,I$5,FALSE) -> #N/A | J39: =VLOOKUP($D39,Résultats!$B$2:$AX$476,J$5,FALSE) -> #N/A | K39: =VLOOKUP($D39,Résultats!$B$2:$AX$476,K$5,FALSE) -> #N/A | L39: =VLOOKUP($D39,Résultats!$B$2:$AX$476,L$5,FALSE) -> #N/A | ... W39: =VLOOKUP($D39,Résultats!$B$2:$AX$476,W$5,FALSE) -> #N/A | Z39: Total | AA39: =SUM(AA33:AA38) -> #N/A | AB39: =SUM(AB33:AB38) -> #N/A | AC39: =SUM(AC33:AC38) -> #N/A
C40: Coal | D40: ER_elec_2304_0 | E40: =VLOOKUP($D40,Résultats!$B$2:$AX$476,E$5,FALSE) -> #N/A | F40: =VLOOKUP($D40,Résultats!$B$2:$AX$476,F$5,FALSE) -> #N/A | G40: =VLOOKUP($D40,Résultats!$B$2:$AX$476,G$5,FALSE) -> #N/A | H40: =VLOOKUP($D40,Résultats!$B$2:$AX$476,H$5,FALSE) -> #N/A | I40: =VLOOKUP($D40,Résultats!$B$2:$AX$476,I$5,FALSE) -> #N/A | J40: =VLOOKUP($D40,Résultats!$B$2:$AX$476,J$5,FALSE) -> #N/A | K40: =VLOOKUP($D40,Résultats!$B$2:$AX$476,K$5,FALSE) -> #N/A | L40: =VLOOKUP($D40,Résultats!$B$2:$AX$476,L$5,FALSE) -> #N/A | ... W40: =VLOOKUP($D40,Résultats!$B$2:$AX$476,W$5,FALSE) -> #N/A
C41: Wind | D41: ER_Elec_2305_0 | E41: =VLOOKUP($D41,Résultats!$B$2:$AX$476,E$5,FALSE) -> #N/A | F41: =VLOOKUP($D41,Résultats!$B$2:$AX$476,F$5,FALSE) -> #N/A | G41: =VLOOKUP($D41,Résultats!$B$2:$AX$476,G$5,FALSE) -> #N/A | H41: =VLOOKUP($D41,Résultats!$B$2:$AX$476,H$5,FALSE) -> #N/A | I41: =VLOOKUP($D41,Résultats!$B$2:$AX$476,I$5,FALSE) -> #N/A | J41: =VLOOKUP($D41,Résultats!$B$2:$AX$476,J$5,FALSE) -> #N/A | K41: =VLOOKUP($D41,Résultats!$B$2:$AX$476,K$5,FALSE) -> #N/A | L41: =VLOOKUP($D41,Résultats!$B$2:$AX$476,L$5,FALSE) -> #N/A | ... W41: =VLOOKUP($D41,Résultats!$B$2:$AX$476,W$5,FALSE) -> #N/A
C42: Solar | D42: ER_elec_2306_0 | E42: =VLOOKUP($D42,Résultats!$B$2:$AX$476,E$5,FALSE) -> #N/A | F42: =VLOOKUP($D42,Résultats!$B$2:$AX$476,F$5,FALSE) -> #N/A | G42: =VLOOKUP($D42,Résultats!$B$2:$AX$476,G$5,FALSE) -> #N/A | H42: =VLOOKUP($D42,Résultats!$B$2:$AX$476,H$5,FALSE) -> #N/A | I42: =VLOOKUP($D42,Résultats!$B$2:$AX$476,I$5,FALSE) -> #N/A | J42: =VLOOKUP($D42,Résultats!$B$2:$AX$476,J$5,FALSE) -> #N/A | K42: =VLOOKUP($D42,Résultats!$B$2:$AX$476,K$5,FALSE) -> #N/A | L42: =VLOOKUP($D42,Résultats!$B$2:$AX$476,L$5,FALSE) -> #N/A | ... W42: =VLOOKUP($D42,Résultats!$B$2:$AX$476,W$5,FALSE) -> #N/A
C43: Hydraulic | D43: ER_Elec_2307_0 | E43: =VLOOKUP($D43,Résultats!$B$2:$AX$476,E$5,FALSE) -> #N/A | F43: =VLOOKUP($D43,Résultats!$B$2:$AX$476,F$5,FALSE) -> #N/A | G43: =VLOOKUP($D43,Résultats!$B$2:$AX$476,G$5,FALSE) -> #N/A | H43: =VLOOKUP($D43,Résultats!$B$2:$AX$476,H$5,FALSE) -> #N/A | I43: =VLOOKUP($D43,Résultats!$B$2:$AX$476,I$5,FALSE) -> #N/A | J43: =VLOOKUP($D43,Résultats!$B$2:$AX$476,J$5,FALSE) -> #N/A | K43: =VLOOKUP($D43,Résultats!$B$2:$AX$476,K$5,FALSE) -> #N/A | L43: =VLOOKUP($D43,Résultats!$B$2:$AX$476,L$5,FALSE) -> #N/A | ... W43: =VLOOKUP($D43,Résultats!$B$2:$AX$476,W$5,FALSE) -> #N/A
C44: Cogeneration (CHP) | D44: ER_elec_2308_0 | E44: =VLOOKUP($D44,Résultats!$B$2:$AX$476,E$5,FALSE) -> #N/A | F44: =VLOOKUP($D44,Résultats!$B$2:$AX$476,F$5,FALSE) -> #N/A | G44: =VLOOKUP($D44,Résultats!$B$2:$AX$476,G$5,FALSE) -> #N/A | H44: =VLOOKUP($D44,Résultats!$B$2:$AX$476,H$5,FALSE) -> #N/A | I44: =VLOOKUP($D44,Résultats!$B$2:$AX$476,I$5,FALSE) -> #N/A | J44: =VLOOKUP($D44,Résultats!$B$2:$AX$476,J$5,FALSE) -> #N/A | K44: =VLOOKUP($D44,Résultats!$B$2:$AX$476,K$5,FALSE) -> #N/A | L44: =VLOOKUP($D44,Résultats!$B$2:$AX$476,L$5,FALSE) -> #N/A | ... W44: =VLOOKUP($D44,Résultats!$B$2:$AX$476,W$5,FALSE) -> #N/A
B45: Gas and heat | C45: Total | D45: ER_Gas_0 | E45: =SUM(E46:E51) -> #N/A | F45: =SUM(F46:F51) -> #N/A | G45: =SUM(G46:G51) -> #N/A | H45: =SUM(H46:H51) -> #N/A | I45: =SUM(I46:I51) -> #N/A | J45: =SUM(J46:J51) -> #N/A | K45: =SUM(K46:K51) -> #N/A | L45: =SUM(L46:L51) -> #N/A | ... W45: =SUM(W46:W51) -> #N/A
C46: Natural gas | D46: ER_Gas_2401_0 | E46: =VLOOKUP($D46,Résultats!$B$2:$AX$476,E$5,FALSE) -> #N/A | F46: =VLOOKUP($D46,Résultats!$B$2:$AX$476,F$5,FALSE) -> #N/A | G46: =VLOOKUP($D46,Résultats!$B$2:$AX$476,G$5,FALSE) -> #N/A | H46: =VLOOKUP($D46,Résultats!$B$2:$AX$476,H$5,FALSE) -> #N/A | I46: =VLOOKUP($D46,Résultats!$B$2:$AX$476,I$5,FALSE) -> #N/A | J46: =VLOOKUP($D46,Résultats!$B$2:$AX$476,J$5,FALSE) -> #N/A | K46: =VLOOKUP($D46,Résultats!$B$2:$AX$476,K$5,FALSE) -> #N/A | L46: =VLOOKUP($D46,Résultats!$B$2:$AX$476,L$5,FALSE) -> #N/A | ... W46: =VLOOKUP($D46,Résultats!$B$2:$AX$476,W$5,FALSE) -> #N/A
C47: Wood | D47: ER_Gas_2402_0 | E47: =VLOOKUP($D47,Résultats!$B$2:$AX$476,E$5,FALSE) -> #N/A | F47: =VLOOKUP($D47,Résultats!$B$2:$AX$476,F$5,FALSE) -> #N/A | G47: =VLOOKUP($D47,Résultats!$B$2:$AX$476,G$5,FALSE) -> #N/A | H47: =VLOOKUP($D47,Résultats!$B$2:$AX$476,H$5,FALSE) -> #N/A | I47: =VLOOKUP($D47,Résultats!$B$2:$AX$476,I$5,FALSE) -> #N/A | J47: =VLOOKUP($D47,Résultats!$B$2:$AX$476,J$5,FALSE) -> #N/A | K47: =VLOOKUP($D47,Résultats!$B$2:$AX$476,K$5,FALSE) -> #N/A | L47: =VLOOKUP($D47,Résultats!$B$2:$AX$476,L$5,FALSE) -> #N/A | ... W47: =VLOOKUP($D47,Résultats!$B$2:$AX$476,W$5,FALSE) -> #N/A
C48: Biogas | D48: ER_Gas_2403_0 | E48: =VLOOKUP($D48,Résultats!$B$2:$AX$476,E$5,FALSE) -> #N/A | F48: =VLOOKUP($D48,Résultats!$B$2:$AX$476,F$5,FALSE) -> #N/A | G48: =VLOOKUP($D48,Résultats!$B$2:$AX$476,G$5,FALSE) -> #N/A | H48: =VLOOKUP($D48,Résultats!$B$2:$AX$476,H$5,FALSE) -> #N/A | I48: =VLOOKUP($D48,Résultats!$B$2:$AX$476,I$5,FALSE) -> #N/A | J48: =VLOOKUP($D48,Résultats!$B$2:$AX$476,J$5,FALSE) -> #N/A | K48: =VLOOKUP($D48,Résultats!$B$2:$AX$476,K$5,FALSE) -> #N/A | L48: =VLOOKUP($D48,Résultats!$B$2:$AX$476,L$5,FALSE) -> #N/A | ... W48: =VLOOKUP($D48,Résultats!$B$2:$AX$476,W$5,FALSE) -> #N/A
C49: Waste incineration | D49: ER_Gas_2404_0 | E49: =VLOOKUP($D49,Résultats!$B$2:$AX$476,E$5,FALSE) -> #N/A | F49: =VLOOKUP($D49,Résultats!$B$2:$AX$476,F$5,FALSE) -> #N/A | G49: =VLOOKUP($D49,Résultats!$B$2:$AX$476,G$5,FALSE) -> #N/A | H49: =VLOOKUP($D49,Résultats!$B$2:$AX$476,H$5,FALSE) -> #N/A | I49: =VLOOKUP($D49,Résultats!$B$2:$AX$476,I$5,FALSE) -> #N/A | J49: =VLOOKUP($D49,Résultats!$B$2:$AX$476,J$5,FALSE) -> #N/A | K49: =VLOOKUP($D49,Résultats!$B$2:$AX$476,K$5,FALSE) -> #N/A | L49: =VLOOKUP($D49,Résultats!$B$2:$AX$476,L$5,FALSE) -> #N/A | ... W49: =VLOOKUP($D49,Résultats!$B$2:$AX$476,W$5,FALSE) -> #N/A
C50: Geothermal | D50: ER_Gas_2405_0 | E50: =VLOOKUP($D50,Résultats!$B$2:$AX$476,E$5,FALSE) -> #N/A | F50: =VLOOKUP($D50,Résultats!$B$2:$AX$476,F$5,FALSE) -> #N/A | G50: =VLOOKUP($D50,Résultats!$B$2:$AX$476,G$5,FALSE) -> #N/A | H50: =VLOOKUP($D50,Résultats!$B$2:$AX$476,H$5,FALSE) -> #N/A | I50: =VLOOKUP($D50,Résultats!$B$2:$AX$476,I$5,FALSE) -> #N/A | J50: =VLOOKUP($D50,Résultats!$B$2:$AX$476,J$5,FALSE) -> #N/A | K50: =VLOOKUP($D50,Résultats!$B$2:$AX$476,K$5,FALSE) -> #N/A | L50: =VLOOKUP($D50,Résultats!$B$2:$AX$476,L$5,FALSE) -> #N/A | ... W50: =VLOOKUP($D50,Résultats!$B$2:$AX$476,W$5,FALSE) -> #N/A
C51: Cogeneration (CHP) | D51: ER_Gas_2406_0 | E51: =VLOOKUP($D51,Résultats!$B$2:$AX$476,E$5,FALSE) -> #N/A | F51: =VLOOKUP($D51,Résultats!$B$2:$AX$476,F$5,FALSE) -> #N/A | G51: =VLOOKUP($D51,Résultats!$B$2:$AX$476,G$5,FALSE) -> #N/A | H51: =VLOOKUP($D51,Résultats!$B$2:$AX$476,H$5,FALSE) -> #N/A | I51: =VLOOKUP($D51,Résultats!$B$2:$AX$476,I$5,FALSE) -> #N/A | J51: =VLOOKUP($D51,Résultats!$B$2:$AX$476,J$5,FALSE) -> #N/A | K51: =VLOOKUP($D51,Résultats!$B$2:$AX$476,K$5,FALSE) -> #N/A | L51: =VLOOKUP($D51,Résultats!$B$2:$AX$476,L$5,FALSE) -> #N/A | ... W51: =VLOOKUP($D51,Résultats!$B$2:$AX$476,W$5,FALSE) -> #N/A
B52: Coal | D52: ER_coal_0 | E52: =VLOOKUP($D52,Résultats!$B$2:$AX$476,E$5,FALSE) -> #N/A | F52: =VLOOKUP($D52,Résultats!$B$2:$AX$476,F$5,FALSE) -> #N/A | G52: =VLOOKUP($D52,Résultats!$B$2:$AX$476,G$5,FALSE) -> #N/A | H52: =VLOOKUP($D52,Résultats!$B$2:$AX$476,H$5,FALSE) -> #N/A | I52: =VLOOKUP($D52,Résultats!$B$2:$AX$476,I$5,FALSE) -> #N/A | J52: =VLOOKUP($D52,Résultats!$B$2:$AX$476,J$5,FALSE) -> #N/A | K52: =VLOOKUP($D52,Résultats!$B$2:$AX$476,K$5,FALSE) -> #N/A | L52: =VLOOKUP($D52,Résultats!$B$2:$AX$476,L$5,FALSE) -> #N/A | ... W52: =VLOOKUP($D52,Résultats!$B$2:$AX$476,W$5,FALSE) -> #N/A
B53: Total | D53: ER_Total_0 | E53: =E52+E45+E36+E33 -> #N/A | F53: =F52+F45+F36+F33 -> #N/A | G53: =G52+G45+G36+G33 -> #N/A | H53: =H52+H45+H36+H33 -> #N/A | I53: =I52+I45+I36+I33 -> #N/A | J53: =J52+J45+J36+J33 -> #N/A | K53: =K52+K45+K36+K33 -> #N/A | L53: =L52+L45+L36+L33 -> #N/A | ... W53: =W52+W45+W36+W33 -> #N/A

Sheet T energie usages
A1: Energie par usage
A3: Energie finale (Mtep)
A4: =Résultats!B1 -> TEND
C7: Consos résultats de ThreeME | N7: Consos cibles d'Enerdata | U7: Consos résultats de ThreeME
C8: Hors bois domestique non marchand, avec consommation à double usage | N8: Hors bois domestique auto produit (8MTEP entre 2015 et 2030 4 Mtep en 2050) | U8: Hors bois domestique non marchand, avec consommation à double usage
C10: 2015 | H10: coal | I10: fuel and biofuel | J10: elec | K10: gas biogas biomass | L10: Total | N10: 2015 | O10: coal | P10: fuel and biofuel | Q10: elec | R10: gas biogas biomass | S10: Total | U10: 2015 | Z10: coal | AA10: fuel and biofuel | AB10: elec | AC10: gas biogas biomass | AD10: Total
C11: Transport | H11: =SUM(H12:H13) -> 0 | I11: =SUM(I12:I13) -> 43.235242 | J11: =SUM(J12:J13) -> 1.215759 | K11: =SUM(K12:K13) -> 0.22964514 | L11: =SUM(H11:K11) -> 44.680646 | N11: Transport | O11: ='[1]Bilan 2015'!$X$46 -> 0 | P11: =SUM('[1]Bilan 2015'!$X$41:$X$43) -> 42.748697 | Q11: ='[1]Bilan 2015'!$X$13 -> 0.94471195 | R11: =('[1]Bilan 2015'!$X$22+'[1]Bilan 2015'!$X$30+SUM('[1]Bilan 2015'!$X$36:$X$40)+SUM('[1]Bilan 2015'!$X$44:$X$45)+'[1]Bilan 2015'!$X$47) -> 0.072674067 | S11: =SUM(O11:R11) -> 43.766083 | U11: Transport | Z11: 0 | AA11: 43.655445 | AB11: 1.3708613 | AC11: 0.26944764 | AD11: 45.295754
C12: Personal vehicles | D12: ER_TRANS_PRIVATE_coal_1 | E12: ER_TRANS_PRIVATE_oil_1 | F12: ER_TRANS_PRIVATE_elec_1 | G12: ER_TRANS_PRIVATE_gas_1 | H12: =VLOOKUP(D12,Résultats!$B$2:$AX$476,'T energie vecteurs'!F5,FALSE) -> 0 | I12: =VLOOKUP(E12,Résultats!$B$2:$AX$476,'T energie vecteurs'!F5,FALSE) -> 24.202574 | J12: =VLOOKUP(F12,Résultats!$B$2:$AX$476,'T energie vecteurs'!F5,FALSE) -> 0.028859426 | K12: =VLOOKUP(G12,Résultats!$B$2:$AX$476,'T energie vecteurs'!F5,FALSE) -> 1.0452388e-05 | L12: =SUM(H12:K12) -> 24.231444 | N12: Personal vehicles | U12: Personal vehicles | V12: ER_TRANS_PRIVATE_coal_0 | W12: ER_TRANS_PRIVATE_oil_0 | X12: ER_TRANS_PRIVATE_elec_0 | Y12: ER_TRANS_PRIVATE_gas_0 | Z12: 0 | AA12: 24.375675 | AB12: 0.028638346 | AC12: 6.2334451e-06 | AD12: 24.40432
C13: Public and freight transport | D13: ER_TRANS_PUBLIC_coal_1 | E13: ER_TRANS_PUBLIC_oil_1 | F13: ER_TRANS_PUBLIC_elec_1 | G13: ER_TRANS_PUBLIC_gas_1 | H13: =VLOOKUP(D13,Résultats!$B$2:$AX$476,'T energie vecteurs'!F5,FALSE) -> 0 | I13: =VLOOKUP(E13,Résultats!$B$2:$AX$476,'T energie vecteurs'!F5,FALSE) -> 19.032668 | J13: =VLOOKUP(F13,Résultats!$B$2:$AX$476,'T energie vecteurs'!F5,FALSE) -> 1.1868996 | K13: =VLOOKUP(G13,Résultats!$B$2:$AX$476,'T energie vecteurs'!F5,FALSE) -> 0.22963469 | L13: =SUM(H13:K13) -> 20.449203 | N13: Public and freight transport | U13: Public and freight transport | V13: ER_TRANS_PUBLIC_coal_0 | W13: ER_TRANS_PUBLIC_oil_0 | X13: ER_TRANS_PUBLIC_elec_0 | Y13: ER_TRANS_PUBLIC_gas_0 | Z13: 0 | AA13: 19.27977 | AB13: 1.3422229 | AC13: 0.26944141 | AD13: 20.891434
C14: Residential | D14: ER_RESIDENTIAL_coal_1 | E14: ER_RESIDENTIAL_oil_1 | F14: ER_RESIDENTIAL_elec_1 | G14: ER_RESIDENTIAL_gas_1 | H14: =VLOOKUP(D14,Résultats!$B$2:$AX$476,'T energie vecteurs'!F5,FALSE) -> 0.29368456 | I14: =VLOOKUP(E14,Résultats!$B$2:$AX$476,'T energie vecteurs'!F5,FALSE) -> 7.1747672 | J14: =VLOOKUP(F14,Résultats!$B$2:$AX$476,'T energie vecteurs'!F5,FALSE) -> 14.024228 | K14: =VLOOKUP(G14,Résultats!$B$2:$AX$476,'T energie vecteurs'!F5,FALSE)+5 -> 21.106097 | L14: =SUM(H14:K14) -> 42.598777 | N14: Residential | O14: ='[1]Bilan 2015'!$V$46 -> 0.036764197 | P14: =SUM('[1]Bilan 2015'!$V$41:$V$43) -> 6.6752954 | Q14: ='[1]Bilan 2015'!$V$13 -> 13.620367 | R14: =('[1]Bilan 2015'!$V$22+'[1]Bilan 2015'!$V$30+SUM('[1]Bilan 2015'!$V$36:$V$40)+SUM('[1]Bilan 2015'!$V$44:$V$45)+'[1]Bilan 2015'!$V$47) -> 21.832864 | S14: =SUM(O14:R14) -> 42.16529 | U14: Residential | V14: ER_RESIDENTIAL_coal_0 | W14: ER_RESIDENTIAL_oil_0 | X14: ER_RESIDENTIAL_elec_0 | Y14: ER_RESIDENTIAL_gas_0 | Z14: 0.29143291 | AA14: 6.750666 | AB14: 14.411191 | AC14: 20.636263 | AD14: 42.089554
C15: Service | D15: ER_TERTIARY_coal_1 | E15: ER_TERTIARY_oil_1 | F15: ER_TERTIARY_elec_1 | G15: ER_TERTIARY_gas_1 | H15: =VLOOKUP(D15,Résultats!$B$2:$AX$476,'T energie vecteurs'!F5,FALSE) -> 0 | I15: =VLOOKUP(E15,Résultats!$B$2:$AX$476,'T energie vecteurs'!F5,FALSE) -> 4.2755146 | J15: =VLOOKUP(F15,Résultats!$B$2:$AX$476,'T energie vecteurs'!F5,FALSE) -> 13.311593 | K15: =VLOOKUP(G15,Résultats!$B$2:$AX$476,'T energie vecteurs'!F5,FALSE) -> 9.726067 | L15: =SUM(H15:K15) -> 27.313174 | N15: Service | O15: ='[1]Bilan 2015'!$W$46 -> 0.043073392 | P15: =SUM('[1]Bilan 2015'!$W$41:$W$43) -> 3.0154656 | Q15: ='[1]Bilan 2015'!$W$13 -> 12.701365 | R15: =('[1]Bilan 2015'!$W$22+'[1]Bilan 2015'!$W$30+SUM('[1]Bilan 2015'!$W$36:$W$40)+SUM('[1]Bilan 2015'!$W$44:$W$45)+'[1]Bilan 2015'!$W$47) -> 8.7461122 | S15: =SUM(O15:R15) -> 24.506017 | U15: Service | V15: ER_TERTIARY_coal_0 | W15: ER_TERTIARY_oil_0 | X15: ER_TERTIARY_elec_0 | Y15: ER_TERTIARY_gas_0 | Z15: 0 | AA15: 3.5686169 | AB15: 12.769876 | AC15: 9.0390918 | AD15: 25.377585
C16: Industry and agriculture | H16: =SUM(H17:H19) -> 4.8875364 | I16: =SUM(I17:I19) -> 18.710705 | J16: =SUM(J17:J19) -> 11.326554 | K16: =SUM(K17:K19) -> 14.077478 | L16: =SUM(H16:K16) -> 49.002273 | N16: Industry | O16: =O17+O18 -> 4.2636281 | P16: =P17+P18 -> 14.865721 | Q16: =Q17+Q18 -> 10.069552 | R16: =R17+R18 -> 13.7564 | S16: =SUM(O16:R16) -> 42.955301 | U16: Industry and agriculture | Z16: 4.1729011 | AA16: 18.04035 | AB16: 11.314939 | AC16: 14.446424 | AD16: 47.974614
C17: Industry | D17: ER_INDUS_coal_1 | E17: ER_INDUS_oil_1 | F17: ER_INDUS_elec_1 | G17: ER_INDUS_gas_1 | H17: =VLOOKUP(D17,Résultats!$B$2:$AX$476,'T energie vecteurs'!F5,FALSE) -> 3.8966424 | I17: =VLOOKUP(E17,Résultats!$B$2:$AX$476,'T energie vecteurs'!F5,FALSE) -> 14.380357 | J17: =VLOOKUP(F17,Résultats!$B$2:$AX$476,'T energie vecteurs'!F5,FALSE) -> 11.010773 | K17: =VLOOKUP(G17,Résultats!$B$2:$AX$476,'T energie vecteurs'!F5,FALSE) -> 11.965566 | L17: =SUM(H17:K17) -> 41.253338 | N17: Industry energetic uses | O17: ='[1]Bilan 2015'!$U$46 -> 1.0493093 | P17: =SUM('[1]Bilan 2015'!$U$41:$U$43) -> 2.4127207 | Q17: ='[1]Bilan 2015'!$U$13 -> 10.069552 | R17: =('[1]Bilan 2015'!$U$22+'[1]Bilan 2015'!$U$30+SUM('[1]Bilan 2015'!$U$36:$U$40)+SUM('[1]Bilan 2015'!$U$44:$U$45)+'[1]Bilan 2015'!$U$47) -> 12.654814 | S17: =SUM(O17:R17) -> 26.186396 | U17: Industry | V17: ER_INDUS_coal_0 | W17: ER_INDUS_oil_0 | X17: ER_INDUS_elec_0 | Y17: ER_INDUS_gas_0 | Z17: 3.2526652 | AA17: 13.839453 | AB17: 10.978162 | AC17: 12.365702 | AD17: 40.435983
C18: Industry non energetic uses | D18: Q_Mtep_indus_21_1 | E18: Q_Mtep_indus_22_1 | F18: Q_Mtep_indus_23_1 | G18: Q_Mtep_indus_24_1 | H18: =VLOOKUP(D18,Résultats!$B$2:$AX$476,'T energie vecteurs'!F5,FALSE) -> 0.99089399 | I18: =VLOOKUP(E18,Résultats!$B$2:$AX$476,'T energie vecteurs'!F5,FALSE) -> 1.8977947 | J18: =VLOOKUP(F18,Résultats!$B$2:$AX$476,'T energie vecteurs'!F5,FALSE) -> 0 | K18: =VLOOKUP(G18,Résultats!$B$2:$AX$476,'T energie vecteurs'!F5,FALSE) -> 1.7471999 | L18: =SUM(H18:K18) -> 4.6358887 | N18: Industry non energetic uses | O18: ='[1]Bilan 2015'!$E$52 -> 3.2143188 | P18: =('[1]Bilan 2015'!$E$54+'[1]Bilan 2015'!$E$56) -> 12.453 | Q18: 0 | R18: =('[1]Bilan 2015'!$E$53+'[1]Bilan 2015'!$E$55+'[1]Bilan 2015'!$E$57) -> 1.1015862 | S18: =SUM(O18:R18) -> 16.768905 | U18: Industry non energetic uses | V18: Q_Mtep_indus_21_0 | W18: Q_Mtep_indus_22_0 | X18: Q_Mtep_indus_23_0 | Y18: Q_Mtep_indus_24_0 | Z18: 0.92023592 | AA18: 1.7799997 | AB18: 0 | AC18: 1.7183807 | AD18: 4.4186164
C19: Agriculture | D19: ER_AGRICULTURE_coal_1 | E19: ER_AGRICULTURE_oil_1 | F19: ER_AGRICULTURE_elec_1 | G19: ER_AGRICULTURE_gas_1 | H19: =VLOOKUP(D19,Résultats!$B$2:$AX$476,'T energie vecteurs'!F5,FALSE) -> 0 | I19: =VLOOKUP(E19,Résultats!$B$2:$AX$476,'T energie vecteurs'!F5,FALSE) -> 2.4325525 | J19: =VLOOKUP(F19,Résultats!$B$2:$AX$476,'T energie vecteurs'!F5,FALSE) -> 0.31578116 | K19: =VLOOKUP(G19,Résultats!$B$2:$AX$476,'T energie vecteurs'!F5,FALSE) -> 0.36471241 | L19: =SUM(H19:K19) -> 3.1130461 | N19: Agriculture | O19: ='[1]Bilan 2015'!$T$46 -> 0.0022137193 | P19: =SUM('[1]Bilan 2015'!$T$41:$T$43) -> 3.4936668 | Q19: ='[1]Bilan 2015'!$T$13 -> 0.74651763 | R19: =('[1]Bilan 2015'!$T$22+'[1]Bilan 2015'!$T$30+SUM('[1]Bilan 2015'!$T$36:$T$40)+SUM('[1]Bilan 2015'!$T$44:$T$45)+'[1]Bilan 2015'!$T$47) -> 0.24365267 | S19: =SUM(O19:R19) -> 4.4860508 | U19: Agriculture | V19: ER_AGRICULTURE_coal_0 | W19: ER_AGRICULTURE_oil_0 | X19: ER_AGRICULTURE_elec_0 | Y19: ER_AGRICULTURE_gas_0 | Z19: 0 | AA19: 2.4208977 | AB19: 0.33677654 | AC19: 0.36234122 | AD19: 3.1200155
C20: Total Final Mtep | H20: =SUM(H11,H14:H16) -> 5.181221 | I20: =SUM(I11,I14:I16) -> 73.396228 | J20: =SUM(J11,J14:J16) -> 39.878134 | K20: =SUM(K11,K14:K16) -> 45.139287 | L20: =SUM(H20:K20) -> 163.59487 | N20: Total Final Mtep | O20: =O11+O14+O15+O16+O19 -> 4.3456794 | P20: =P11+P14+P15+P16+P19 -> 70.798845 | Q20: =Q11+Q14+Q15+Q16+Q19 -> 38.082514 | R20: =R11+R14+R15+R16+R19 -> 44.651703 | S20: =SUM(O20:R20) -> 157.87874 | U20: Total Final Mtep | Z20: 4.464334 | AA20: 72.015078 | AB20: 39.866868 | AC20: 44.391227 | AD20: 160.73751
S21: =S11+S14+S15+S16+S19 -> 157.87874
C23: 2020 | H23: coal | I23: fuel and biofuel | J23: elec | K23: gas biogas biomass | L23: Total | N23: 2020 | O23: coal | P23: fuel and biofuel | Q23: elec | R23: gas biogas biomass | S23: Total | U23: 2020 | Z23: coal | AA23: fuel and biofuel | AB23: elec | AC23: gas biogas biomass | AD23: Total
C24: Transport | H24: =SUM(H25:H26) -> 0 | I24: =SUM(I25:I26) -> 42.251962 | J24: =SUM(J25:J26) -> 1.428452 | K24: =SUM(K25:K26) -> 0.25528918 | L24: =SUM(H24:K24) -> 43.935704 | N24: Transport | O24: ='[1]Bilan 2020'!$X$46/11.63 -> 0 | P24: =SUM('[1]Bilan 2020'!$X$41:$X$43)/11.63 -> 35.668036 | Q24: ='[1]Bilan 2020'!$X$13/11.63 -> 0.71687008 | R24: =('[1]Bilan 2020'!$X$22+'[1]Bilan 2020'!$X$30+SUM('[1]Bilan 2020'!$X$36:$X$40)+SUM('[1]Bilan 2020'!$X$44:$X$45)+'[1]Bilan 2020'!$X$47)/11.63 -> 0.19326866 | S24: =SUM(O24:R24) -> 36.578175 | U24: Transport | Z24: 0 | AA24: 43.018744 | AB24: 1.8220352 | AC24: 0.31541142 | AD24: 45.156191
C25: Personal vehicles | D25: ER_TRANS_PRIVATE_coal_1 | E25: ER_TRANS_PRIVATE_oil_1 | F25: ER_TRANS_PRIVATE_elec_1 | G25: ER_TRANS_PRIVATE_gas_1 | H25: =VLOOKUP(D25,Résultats!$B$2:$AX$476,'T energie vecteurs'!I5,FALSE) -> 0 | I25: =VLOOKUP(E25,Résultats!$B$2:$AX$476,'T energie vecteurs'!I5,FALSE) -> 23.698841 | J25: =VLOOKUP(F25,Résultats!$B$2:$AX$476,'T energie vecteurs'!I5,FALSE) -> 0.10937869 | K25: =VLOOKUP(G77,Résultats!$B$2:$AX$476,'T energie vecteurs'!I5,FALSE) -> 1.6040599e-05 | L25: =SUM(H25:K25) -> 23.808236 | N25: Personal vehicles | U25: Personal vehicles | V25: ER_TRANS_PRIVATE_coal_0 | W25: ER_TRANS_PRIVATE_oil_0 | X25: ER_TRANS_PRIVATE_elec_0 | Y25: ER_TRANS_PRIVATE_gas_0 | Z25: 0 | AA25: 23.922501 | AB25: 0.10584781 | AC25: 9.2348089e-06 | AD25: 24.028358
C26: Public and freight transport | D26: ER_TRANS_PUBLIC_coal_1 | E26: ER_TRANS_PUBLIC_oil_1 | F26: ER_TRANS_PUBLIC_elec_1 | G26: ER_TRANS_PUBLIC_gas_1 | H26: =VLOOKUP(D26,Résultats!$B$2:$AX$476,'T energie vecteurs'!I5,FALSE) -> 0 | I26: =VLOOKUP(E26,Résultats!$B$2:$AX$476,'T energie vecteurs'!I5,FALSE) -> 18.553121 | J26: =VLOOKUP(F26,Résultats!$B$2:$AX$476,'T energie vecteurs'!I5,FALSE) -> 1.3190733 | K26: =VLOOKUP(G26,Résultats!$B$2:$AX$476,'T energie vecteurs'!I5,FALSE) -> 0.25527314 | L26: =SUM(H26:K26) -> 20.127468 | N26: Public and freight transport | U26: Public and freight transport | V26: ER_TRANS_PUBLIC_coal_0 | W26: ER_TRANS_PUBLIC_oil_0 | X26: ER_TRANS_PUBLIC_elec_0 | Y26: ER_TRANS_PUBLIC_gas_0 | Z26: 0 | AA26: 19.096243 | AB26: 1.7161874 | AC26: 0.31540219 | AD26: 21.127833
C27: Residential | D27: ER_RESIDENTIAL_coal_1 | E27: ER_RESIDENTIAL_oil_1 | F27: ER_RESIDENTIAL_elec_1 | G27: ER_RESIDENTIAL_gas_1 | H27: =VLOOKUP(D27,Résultats!$B$2:$AX$476,'T energie vecteurs'!I5,FALSE) -> 0.26291969 | I27: =VLOOKUP(E27,Résultats!$B$2:$AX$476,'T energie vecteurs'!I5,FALSE) -> 6.2714561 | J27: =VLOOKUP(F27,Résultats!$B$2:$AX$476,'T energie vecteurs'!I5,FALSE) -> 14.695407 | K27: =VLOOKUP(G27,Résultats!$B$2:$AX$476,'T energie vecteurs'!I5,FALSE)+6 -> 20.495942 | L27: =SUM(H27:K27) -> 41.725725 | N27: Residential | O27: ='[1]Bilan 2020'!$V$46/11.63 -> 0.020700735 | P27: =SUM('[1]Bilan 2020'!$V$41:$V$43)/11.63 -> 4.2874728 | Q27: ='[1]Bilan 2020'!$V$13/11.63 -> 13.618732 | R27: =('[1]Bilan 2020'!$V$22+'[1]Bilan 2020'!$V$30+SUM('[1]Bilan 2020'!$V$36:$V$40)+SUM('[1]Bilan 2020'!$V$44:$V$45)+'[1]Bilan 2020'!$V$47)/11.63 -> 20.40841 | S27: =SUM(O27:R27) -> 38.335315 | U27: Residential | V27: ER_RESIDENTIAL_coal_0 | W27: ER_RESIDENTIAL_oil_0 | X27: ER_RESIDENTIAL_elec_0 | Y27: ER_RESIDENTIAL_gas_0 | Z27: 0.26184971 | AA27: 5.7024644 | AB27: 15.25919 | AC27: 20.182441 | AD27: 41.405944
C28: Service | D28: ER_TERTIARY_coal_1 | E28: ER_TERTIARY_oil_1 | F28: ER_TERTIARY_elec_1 | G28: ER_TERTIARY_gas_1 | H28: =VLOOKUP(D28,Résultats!$B$2:$AX$476,'T energie vecteurs'!I5,FALSE) -> 0 | I28: =VLOOKUP(E28,Résultats!$B$2:$AX$476,'T energie vecteurs'!I5,FALSE) -> 3.1173306 | J28: =VLOOKUP(F28,Résultats!$B$2:$AX$476,'T energie vecteurs'!I5,FALSE) -> 12.975212 | K28: =VLOOKUP(G28,Résultats!$B$2:$AX$476,'T energie vecteurs'!I5,FALSE) -> 7.935653 | L28: =SUM(H28:K28) -> 24.028196 | N28: Service | O28: =('[1]Bilan 2020'!$W$46)/11.63 -> 0.030546421 | P28: =SUM('[1]Bilan 2020'!$W$41:$W$43)/11.63 -> 2.7068356 | Q28: =('[1]Bilan 2020'!$W$13)/11.63 -> 10.724851 | R28: =('[1]Bilan 2020'!$W$22+'[1]Bilan 2020'!$W$30+SUM('[1]Bilan 2020'!$W$36:$W$40)+SUM('[1]Bilan 2020'!$W$44:$W$45)+'[1]Bilan 2020'!$W$47)/11.63 -> 7.1906336 | S28: =SUM(O28:R28) -> 20.652866 | U28: Service | V28: ER_TERTIARY_coal_0 | W28: ER_TERTIARY_oil_0 | X28: ER_TERTIARY_elec_0 | Y28: ER_TERTIARY_gas_0 | Z28: 0 | AA28: 2.5782826 | AB28: 12.104467 | AC28: 7.6832677 | AD28: 22.366018
C29: Industry and agriculture | H29: =SUM(H30:H32) -> 2.6579612 | I29: =SUM(I30:I32) -> 13.620348 | J29: =SUM(J30:J32) -> 9.6460239 | K29: =SUM(K30:K32) -> 14.365485 | L29: =SUM(H29:K29) -> 40.289818 | N29: Industry | O29: =O30+O31 -> 3.1626378 | P29: =P30+P31 -> 13.919974 | Q29: =Q30+Q31 -> 9.0413235 | R29: =R30+R31 -> 14.312071 | S29: =SUM(O29:R29) -> 40.436006 | U29: Industry and agriculture | Z29: 2.9352594 | AA29: 14.864282 | AB29: 9.5134154 | AC29: 13.758628 | AD29: 41.071585
C30: Industry | D30: ER_INDUS_coal_1 | E30: ER_INDUS_oil_1 | F30: ER_INDUS_elec_1 | G30: ER_INDUS_gas_1 | H30: =VLOOKUP(D30,Résultats!$B$2:$AX$476,'T energie vecteurs'!I5,FALSE) -> 1.7896973 | I30: =VLOOKUP(E30,Résultats!$B$2:$AX$476,'T energie vecteurs'!I5,FALSE) -> 9.3519632 | J30: =VLOOKUP(F30,Résultats!$B$2:$AX$476,'T energie vecteurs'!I5,FALSE) -> 9.3345403 | K30: =VLOOKUP(G30,Résultats!$B$2:$AX$476,'T energie vecteurs'!I5,FALSE) -> 11.999935 | L30: =SUM(H30:K30) -> 32.476135 | N30: Industry energetic uses | O30: ='[1]Bilan 2020'!$U$46/11.63 -> 0.77267988 | P30: =SUM('[1]Bilan 2020'!$U$41:$U$43)/11.63 -> 2.7003588 | Q30: ='[1]Bilan 2020'!$U$13/11.63 -> 9.0413235 | R30: =('[1]Bilan 2020'!$U$22+'[1]Bilan 2020'!$U$30+SUM('[1]Bilan 2020'!$U$36:$U$40)+SUM('[1]Bilan 2020'!$U$44:$U$45)+'[1]Bilan 2020'!$U$47)/11.63 -> 13.277855 | S30: =SUM(O30:R30) -> 25.792217 | U30: Industry | V30: ER_INDUS_coal_0 | W30: ER_INDUS_oil_0 | X30: ER_INDUS_elec_0 | Y30: ER_INDUS_gas_0 | Z30: 2.0907212 | AA30: 10.561312 | AB30: 9.1722502 | AC30: 11.439848 | AD30: 33.264131
C31: Industry non energetic uses | D31: Q_Mtep_indus_21_1 | E31: Q_Mtep_indus_22_1 | F31: Q_Mtep_indus_23_1 | G31: Q_Mtep_indus_24_1 | H31: =VLOOKUP(D31,Résultats!$B$2:$AX$476,'T energie vecteurs'!I5,FALSE) -> 0.86826389 | I31: =VLOOKUP(E31,Résultats!$B$2:$AX$476,'T energie vecteurs'!I5,FALSE) -> 1.8873345 | J31: =VLOOKUP(F31,Résultats!$B$2:$AX$476,'T energie vecteurs'!I5,FALSE) -> 0 | K31: =VLOOKUP(G31,Résultats!$B$2:$AX$476,'T energie vecteurs'!I5,FALSE) -> 2.0350648 | L31: =SUM(H31:K31) -> 4.7906631 | N31: Industry non energetic uses | O31: ='[1]Bilan 2020'!$E$52/11.63 -> 2.3899579 | P31: =('[1]Bilan 2020'!$E$54+'[1]Bilan 2020'!$E$56)/11.63 -> 11.219615 | Q31: 0 | R31: =('[1]Bilan 2020'!$E$53+'[1]Bilan 2020'!$E$55+'[1]Bilan 2020'!$E$57)/11.63 -> 1.0342164 | S31: =SUM(O31:R31) -> 14.643789 | U31: Industry non energetic uses | V31: Q_Mtep_indus_21_0 | W31: Q_Mtep_indus_22_0 | X31: Q_Mtep_indus_23_0 | Y31: Q_Mtep_indus_24_0 | Z31: 0.84453811 | AA31: 1.8990812 | AB31: 0 | AC31: 1.9869123 | AD31: 4.7305316
C32: Agriculture | D32: ER_AGRICULTURE_coal_1 | E32: ER_AGRICULTURE_oil_1 | F32: ER_AGRICULTURE_elec_1 | G32: ER_AGRICULTURE_gas_1 | H32: =VLOOKUP(D32,Résultats!$B$2:$AX$476,'T energie vecteurs'!I5,FALSE) -> 0 | I32: =VLOOKUP(E32,Résultats!$B$2:$AX$476,'T energie vecteurs'!I5,FALSE) -> 2.3810507 | J32: =VLOOKUP(F32,Résultats!$B$2:$AX$476,'T energie vecteurs'!I5,FALSE) -> 0.31148359 | K32: =VLOOKUP(G32,Résultats!$B$2:$AX$476,'T energie vecteurs'!I5,FALSE) -> 0.33048569 | L32: =SUM(H32:K32) -> 3.02302 | N32: Agriculture | O32: ='[1]Bilan 2020'!$T$46/11.63 -> 0.001321701 | P32: =SUM('[1]Bilan 2020'!$T$41:$T$43)/11.63 -> 3.3486885 | Q32: ='[1]Bilan 2020'!$T$13/11.63 -> 0.69143728 | R32: =('[1]Bilan 2020'!$T$22+'[1]Bilan 2020'!$T$30+SUM('[1]Bilan 2020'!$T$36:$T$40)+SUM('[1]Bilan 2020'!$T$44:$T$45)+'[1]Bilan 2020'!$T$47)/11.63 -> 0.41959097 | S32: =SUM(O32:R32) -> 4.4610384 | U32: Agriculture | V32: ER_AGRICULTURE_coal_0 | W32: ER_AGRICULTURE_oil_0 | X32: ER_AGRICULTURE_elec_0 | Y32: ER_AGRICULTURE_gas_0 | Z32: 0 | AA32: 2.4038891 | AB32: 0.34116511 | AC32: 0.33186802 | AD32: 3.0769222
C33: Total Final Mtep | H33: =SUM(H24,H27:H29) -> 2.9208809 | I33: =SUM(I24,I27:I29) -> 65.261097 | J33: =SUM(J24,J27:J29) -> 38.745095 | K33: =SUM(K24,K27:K29) -> 43.052369 | L33: =SUM(H33:K33) -> 149.97944 | N33: Total Final Mtep | O33: =O24+O27+O28+O29+O32 -> 3.2152067 | P33: =P24+P27+P28+P29+P32 -> 59.931007 | Q33: =Q24+Q27+Q28+Q29+Q32 -> 34.793213 | R33: =R24+R27+R28+R29+R32 -> 42.523975 | S33: =SUM(O33:R33) -> 140.4634 | U33: Total Final Mtep | Z33: 3.1971091 | AA33: 66.163774 | AB33: 38.699107 | AC33: 41.939748 | AD33: 149.99974
C36: 2022 | H36: coal | I36: fuel and biofuel | J36: elec | K36: gas biogas biomass | L36: Total | N36: 2022 | O36: coal | P36: fuel and biofuel | Q36: elec | R36: gas biogas biomass | S36: Total | U36: 2022 | Z36: coal | AA36: fuel and biofuel | AB36: elec | AC36: gas biogas biomass | AD36: Total
C37: Transport | H37: =SUM(H38:H39) -> 0 | I37: =SUM(I38:I39) -> 41.582451 | J37: =SUM(J38:J39) -> 1.5231817 | K37: =SUM(K38:K39) -> 0.36256658 | L37: =SUM(H37:K37) -> 43.4682 | N37: Transport | O37: ='[1]Bilan 2022 réel'!$X$46/11.63 -> 0 | P37: =SUM('[1]Bilan 2022 réel'!$X$41:$X$43)/11.63 -> 43.395883 | Q37: ='[1]Bilan 2022 réel'!$X$13/11.63 -> 0.93062752 | R37: =('[1]Bilan 2022 réel'!$X$22+'[1]Bilan 2022 réel'!$X$30+SUM('[1]Bilan 2022 réel'!$X$36:$X$40)+SUM('[1]Bilan 2022 réel'!$X$44:$X$45)+'[1]Bilan 2022 réel'!$X$47)/11.63 -> 0.31885684 | S37: =SUM(O37:R37) -> 44.645367 | U37: Transport | Z37: 0 | AA37: 42.966689 | AB37: 1.9854484 | AC37: 0.44041369 | AD37: 45.392551
C38: Personal vehicles | D38: ER_TRANS_PRIVATE_coal_1 | E38: ER_TRANS_PRIVATE_oil_1 | F38: ER_TRANS_PRIVATE_elec_1 | G38: ER_TRANS_PRIVATE_gas_1 | H38: =VLOOKUP(D38,Résultats!$B$2:$AX$476,'T energie vecteurs'!K5,FALSE) -> 0 | I38: =VLOOKUP(E38,Résultats!$B$2:$AX$476,'T energie vecteurs'!K5,FALSE) -> 22.858451 | J38: =VLOOKUP(F38,Résultats!$B$2:$AX$476,'T energie vecteurs'!K5,FALSE) -> 0.16593726 | K38: =VLOOKUP(G51,Résultats!$B$2:$AX$476,'T energie vecteurs'!K5,FALSE) -> 1.8981503e-05 | L38: =SUM(H38:K38) -> 23.024407 | N38: Personal vehicles | U38: Personal vehicles | V38: ER_TRANS_PRIVATE_coal_0 | W38: ER_TRANS_PRIVATE_oil_0 | X38: ER_TRANS_PRIVATE_elec_0 | Y38: ER_TRANS_PRIVATE_gas_0 | Z38: 0 | AA38: 23.091051 | AB38: 0.1608671 | AC38: 1.1521844e-05 | AD38: 23.251929
C39: Public and freight transport | D39: ER_TRANS_PUBLIC_coal_1 | E39: ER_TRANS_PUBLIC_oil_1 | F39: ER_TRANS_PUBLIC_elec_1 | G39: ER_TRANS_PUBLIC_gas_1 | H39: =VLOOKUP(D39,Résultats!$B$2:$AX$476,'T energie vecteurs'!K5,FALSE) -> 0 | I39: =VLOOKUP(E39,Résultats!$B$2:$AX$476,'T energie vecteurs'!K5,FALSE) -> 18.724 | J39: =VLOOKUP(F39,Résultats!$B$2:$AX$476,'T energie vecteurs'!K5,FALSE) -> 1.3572444 | K39: =VLOOKUP(G39,Résultats!$B$2:$AX$476,'T energie vecteurs'!K5,FALSE) -> 0.3625476 | L39: =SUM(H39:K39) -> 20.443792 | N39: Public and freight transport | U39: Public and freight transport | V39: ER_TRANS_PUBLIC_coal_0 | W39: ER_TRANS_PUBLIC_oil_0 | X39: ER_TRANS_PUBLIC_elec_0 | Y39: ER_TRANS_PUBLIC_gas_0 | Z39: 0 | AA39: 19.875638 | AB39: 1.8245813 | AC39: 0.44040217 | AD39: 22.140621
C40: Residential | D40: ER_RESIDENTIAL_coal_1 | E40: ER_RESIDENTIAL_oil_1 | F40: ER_RESIDENTIAL_elec_1 | G40: ER_RESIDENTIAL_gas_1 | H40: =VLOOKUP(D40,Résultats!$B$2:$AX$476,'T energie vecteurs'!K5,FALSE) -> 0.24509812 | I40: =VLOOKUP(E40,Résultats!$B$2:$AX$476,'T energie vecteurs'!K5,FALSE) -> 5.9260819 | J40: =VLOOKUP(F40,Résultats!$B$2:$AX$476,'T energie vecteurs'!K5,FALSE) -> 14.791503 | K40: =VLOOKUP(G40,Résultats!$B$2:$AX$476,'T energie vecteurs'!K5,FALSE)+8 -> 21.758443 | L40: =SUM(H40:K40) -> 42.721126 | N40: Residential | O40: ='[1]Bilan 2022 réel'!$V$46/11.63 -> 0.026476317 | P40: =SUM('[1]Bilan 2022 réel'!$V$41:$V$43)/11.63 -> 3.5006052 | Q40: ='[1]Bilan 2022 réel'!$V$13/11.63 -> 13.359407 | R40: =('[1]Bilan 2022 réel'!$V$22+'[1]Bilan 2022 réel'!$V$30+SUM('[1]Bilan 2022 réel'!$V$36:$V$40)+SUM('[1]Bilan 2022 réel'!$V$44:$V$45)+'[1]Bilan 2022 réel'!$V$47)/11.63 -> 20.358937 | S40: =SUM(O40:R40) -> 37.245425 | U40: Residential | V40: ER_RESIDENTIAL_coal_0 | W40: ER_RESIDENTIAL_oil_0 | X40: ER_RESIDENTIAL_elec_0 | Y40: ER_RESIDENTIAL_gas_0 | Z40: 0.24246651 | AA40: 5.559917 | AB40: 15.062818 | AC40: 21.524609 | AD40: 42.38981
C41: Service | D41: ER_TERTIARY_coal_1 | E41: ER_TERTIARY_oil_1 | F41: ER_TERTIARY_elec_1 | G41: ER_TERTIARY_gas_1 | H41: =VLOOKUP(D41,Résultats!$B$2:$AX$476,'T energie vecteurs'!K5,FALSE) -> 0 | I41: =VLOOKUP(E41,Résultats!$B$2:$AX$476,'T energie vecteurs'!K5,FALSE) -> 3.1162613 | J41: =VLOOKUP(F41,Résultats!$B$2:$AX$476,'T energie vecteurs'!K5,FALSE) -> 13.110018 | K41: =VLOOKUP(G41,Résultats!$B$2:$AX$476,'T energie vecteurs'!K5,FALSE) -> 7.7875307 | L41: =SUM(H41:K41) -> 24.01381 | N41: Service | O41: =('[1]Bilan 2022 réel'!$W$46)/11.63 -> 0.032835728 | P41: =SUM('[1]Bilan 2022 réel'!$W$41:$W$43)/11.63 -> 2.081572 | Q41: =('[1]Bilan 2022 réel'!$W$13)/11.63 -> 11.43888 | R41: =('[1]Bilan 2022 réel'!$W$22+'[1]Bilan 2022 réel'!$W$30+SUM('[1]Bilan 2022 réel'!$W$36:$W$40)+SUM('[1]Bilan 2022 réel'!$W$44:$W$45)+'[1]Bilan 2022 réel'!$W$47)/11.63 -> 7.4016622 | S41: =SUM(O41:R41) -> 20.95495 | U41: Service | V41: ER_TERTIARY_coal_0 | W41: ER_TERTIARY_oil_0 | X41: ER_TERTIARY_elec_0 | Y41: ER_TERTIARY_gas_0 | Z41: 0 | AA41: 2.6093376 | AB41: 12.111769 | AC41: 7.4488842 | AD41: 22.169991
C42: Industry and agriculture | H42: =SUM(H43:H45) -> 2.627281 | I42: =SUM(I43:I45) -> 13.255116 | J42: =SUM(J43:J45) -> 10.008524 | K42: =SUM(K43:K45) -> 14.579111 | L42: =SUM(H42:K42) -> 40.470031 | N42: Industry | O42: =O43+O44 -> 4.5030918 | P42: =P43+P44 -> 11.747675 | Q42: =Q43+Q44 -> 9.2559822 | R42: =R43+R44 -> 13.798624 | S42: =SUM(O42:R42) -> 39.305373 | U42: Industry and agriculture | Z42: 3.0042873 | AA42: 15.481105 | AB42: 9.8959557 | AC42: 14.553169 | AD42: 42.934517
C43: Industry | D43: ER_INDUS_coal_1 | E43: ER_INDUS_oil_1 | F43: ER_INDUS_elec_1 | G43: ER_INDUS_gas_1 | H43: =VLOOKUP(D43,Résultats!$B$2:$AX$476,'T energie vecteurs'!K5,FALSE) -> 1.7434572 | I43: =VLOOKUP(E43,Résultats!$B$2:$AX$476,'T energie vecteurs'!K5,FALSE) -> 8.925026 | J43: =VLOOKUP(F43,Résultats!$B$2:$AX$476,'T energie vecteurs'!K5,FALSE) -> 9.6873319 | K43: =VLOOKUP(G43,Résultats!$B$2:$AX$476,'T energie vecteurs'!K5,FALSE) -> 12.183993 | L43: =SUM(H43:K43) -> 32.539808 | N43: Industry energetic uses | O43: ='[1]Bilan 2022 réel'!$U$46/11.63 -> 0.63402045 | P43: =SUM('[1]Bilan 2022 réel'!$U$41:$U$43)/11.63 -> 2.477583 | Q43: ='[1]Bilan 2022 réel'!$U$13/11.63 -> 9.2559822 | R43: =('[1]Bilan 2022 réel'!$U$22+'[1]Bilan 2022 réel'!$U$30+SUM('[1]Bilan 2022 réel'!$U$36:$U$40)+SUM('[1]Bilan 2022 réel'!$U$44:$U$45)+'[1]Bilan 2022 réel'!$U$47)/11.63 -> 12.926273 | S43: =SUM(O43:R43) -> 25.293858 | U43: Industry | V43: ER_INDUS_coal_0 | W43: ER_INDUS_oil_0 | X43: ER_INDUS_elec_0 | Y43: ER_INDUS_gas_0 | Z43: 2.1281616 | AA43: 11.012907 | AB43: 9.5584666 | AC43: 12.088159 | AD43: 34.787695
C44: Industry non energetic uses | D44: Q_Mtep_indus_21_1 | E44: Q_Mtep_indus_22_1 | F44: Q_Mtep_indus_23_1 | G44: Q_Mtep_indus_24_1 | H44: =VLOOKUP(D44,Résultats!$B$2:$AX$476,'T energie vecteurs'!K5,FALSE) -> 0.88382376 | I44: =VLOOKUP(E44,Résultats!$B$2:$AX$476,'T energie vecteurs'!K5,FALSE) -> 1.9147194 | J44: =VLOOKUP(F44,Résultats!$B$2:$AX$476,'T energie vecteurs'!K5,FALSE) -> 0 | K44: =VLOOKUP(G44,Résultats!$B$2:$AX$476,'T energie vecteurs'!K5,FALSE) -> 2.0568753 | L44: =SUM(H44:K44) -> 4.8554184 | N44: Industry non energetic uses | O44: ='[1]Bilan 2022 réel'!$E$52/11.63 -> 3.8690713 | P44: =('[1]Bilan 2022 réel'!$E$54+'[1]Bilan 2022 réel'!$E$56)/11.63 -> 9.270092 | Q44: 0 | R44: =('[1]Bilan 2022 réel'!$E$53+'[1]Bilan 2022 réel'!$E$55+'[1]Bilan 2022 réel'!$E$57)/11.63 -> 0.87235178 | S44: =SUM(O44:R44) -> 14.011515 | U44: Industry non energetic uses | V44: Q_Mtep_indus_21_0 | W44: Q_Mtep_indus_22_0 | X44: Q_Mtep_indus_23_0 | Y44: Q_Mtep_indus_24_0 | Z44: 0.87612567 | AA44: 2.0341134 | AB44: 0 | AC44: 2.1331637 | AD44: 5.0434027
C45: Agriculture | D45: ER_AGRICULTURE_coal_1 | E45: ER_AGRICULTURE_oil_1 | F45: ER_AGRICULTURE_elec_1 | G45: ER_AGRICULTURE_gas_1 | H45: =VLOOKUP(D45,Résultats!$B$2:$AX$476,'T energie vecteurs'!K5,FALSE) -> 0 | I45: =VLOOKUP(E45,Résultats!$B$2:$AX$476,'T energie vecteurs'!K5,FALSE) -> 2.4153704 | J45: =VLOOKUP(F45,Résultats!$B$2:$AX$476,'T energie vecteurs'!K5,FALSE) -> 0.3211921 | K45: =VLOOKUP(G45,Résultats!$B$2:$AX$476,'T energie vecteurs'!K5,FALSE) -> 0.3382424 | L45: =SUM(H45:K45) -> 3.0748049 | N45: Agriculture | O45: ='[1]Bilan 2022 réel'!$T$46/11.63 -> 0.001651664 | P45: =SUM('[1]Bilan 2022 réel'!$T$41:$T$43)/11.63 -> 3.5697769 | Q45: ='[1]Bilan 2022 réel'!$T$13/11.63 -> 0.67291488 | R45: =('[1]Bilan 2022 réel'!$T$22+'[1]Bilan 2022 réel'!$T$30+SUM('[1]Bilan 2022 réel'!$T$36:$T$40)+SUM('[1]Bilan 2022 réel'!$T$44:$T$45)+'[1]Bilan 2022 réel'!$T$47)/11.63 -> 0.43996563 | S45: =SUM(O45:R45) -> 4.6843091 | U45: Agriculture | V45: ER_AGRICULTURE_coal_0 | W45: ER_AGRICULTURE_oil_0 | X45: ER_AGRICULTURE_elec_0 | Y45: ER_AGRICULTURE_gas_0 | Z45: 0 | AA45: 2.4340845 | AB45: 0.33748916 | AC45: 0.33184613 | AD45: 3.1034198
C46: Total Final Mtep | H46: =SUM(H37,H40:H42) -> 2.8723791 | I46: =SUM(I37,I40:I42) -> 63.87991 | J46: =SUM(J37,J40:J42) -> 39.433226 | K46: =SUM(K37,K40:K42) -> 44.487651 | L46: =SUM(H46:K46) -> 150.67317 | N46: Total Final Mtep | O46: =O37+O40+O41+O42+O45 -> 4.5640555 | P46: =P37+P40+P41+P42+P45 -> 64.295512 | Q46: =Q37+Q40+Q41+Q42+Q45 -> 35.657811 | R46: =R37+R40+R41+R42+R45 -> 42.318046 | S46: =SUM(O46:R46) -> 146.83542 | U46: Total Final Mtep | Z46: 3.2467538 | AA46: 66.617049 | AB46: 39.055991 | AC46: 43.967076 | AD46: 152.88687
C49: 2023 | H49: coal | I49: fuel and biofuel | J49: elec | K49: gas biogas biomass | L49: Total | N49: 2023 | O49: coal | P49: fuel and biofuel | Q49: elec | R49: gas biogas biomass | S49: Total | U49: 2023 | Z49: coal | AA49: fuel and biofuel | AB49: elec | AC49: gas biogas biomass | AD49: Total
C50: Transport | H50: =SUM(H51:H52) -> 0 | I50: =SUM(I51:I52) -> 41.273759 | J50: =SUM(J51:J52) -> 1.5931569 | K50: =SUM(K51:K52) -> 0.40526514 | L50: =SUM(H50:K50) -> 43.272181 | N50: Transport | O50: ='[1]Bilan 2023 réel'!$X$46/11.63 -> 0 | P50: =SUM('[1]Bilan 2023 réel'!$X$41:$X$43)/11.63 -> 42.139633 | Q50: ='[1]Bilan 2023 réel'!$X$13/11.63 -> 0.90655125 | R50: =('[1]Bilan 2023 réel'!$X$22+'[1]Bilan 2023 réel'!$X$30+SUM('[1]Bilan 2023 réel'!$X$36:$X$40)+SUM('[1]Bilan 2023 réel'!$X$44:$X$45)+'[1]Bilan 2023 réel'!$X$47)/11.63 -> 0.31885684 | S50: =SUM(O50:R50) -> 43.365041 | U50: Transport | Z50: 0 | AA50: 42.795846 | AB50: 2.040627 | AC50: 0.4888376 | AD50: 45.325311
C51: Personal vehicles | D51: ER_TRANS_PRIVATE_coal_1 | E51: ER_TRANS_PRIVATE_oil_1 | F51: ER_TRANS_PRIVATE_elec_1 | G51: ER_TRANS_PRIVATE_gas_1 | H51: =VLOOKUP(D51,Résultats!$B$2:$AX$476,'T energie vecteurs'!L5,FALSE) -> 0 | I51: =VLOOKUP(E51,Résultats!$B$2:$AX$476,'T energie vecteurs'!L5,FALSE) -> 22.311647 | J51: =VLOOKUP(F51,Résultats!$B$2:$AX$476,'T energie vecteurs'!L5,FALSE) -> 0.20525683 | K51: =VLOOKUP(G51,Résultats!$B$2:$AX$476,'T energie vecteurs'!L5,FALSE) -> 2.105631e-05 | L51: =SUM(H51:K51) -> 22.516925 | N51: Personal vehicles | U51: Personal vehicles | V51: ER_TRANS_PRIVATE_coal_0 | W51: ER_TRANS_PRIVATE_oil_0 | X51: ER_TRANS_PRIVATE_elec_0 | Y51: ER_TRANS_PRIVATE_gas_0 | Z51: 0 | AA51: 22.561408 | AB51: 0.19981154 | AC51: 1.3218835e-05 | AD51: 22.761232
C52: Public and freight transport | D52: ER_TRANS_PUBLIC_coal_1 | E52: ER_TRANS_PUBLIC_oil_1 | F52: ER_TRANS_PUBLIC_elec_1 | G52: ER_TRANS_PUBLIC_gas_1 | H52: =VLOOKUP(D52,Résultats!$B$2:$AX$476,'T energie vecteurs'!L5,FALSE) -> 0 | I52: =VLOOKUP(E52,Résultats!$B$2:$AX$476,'T energie vecteurs'!L5,FALSE) -> 18.962113 | J52: =VLOOKUP(F52,Résultats!$B$2:$AX$476,'T energie vecteurs'!L5,FALSE) -> 1.3879001 | K52: =VLOOKUP(G52,Résultats!$B$2:$AX$476,'T energie vecteurs'!L5,FALSE) -> 0.40524408 | L52: =SUM(H52:K52) -> 20.755257 | N52: Public and freight transport | U52: Public and freight transport | V52: ER_TRANS_PUBLIC_coal_0 | W52: ER_TRANS_PUBLIC_oil_0 | X52: ER_TRANS_PUBLIC_elec_0 | Y52: ER_TRANS_PUBLIC_gas_0 | Z52: 0 | AA52: 20.234439 | AB52: 1.8408154 | AC52: 0.48882438 | AD52: 22.564079
C53: Residential | D53: ER_RESIDENTIAL_coal_1 | E53: ER_RESIDENTIAL_oil_1 | F53: ER_RESIDENTIAL_elec_1 | G53: ER_RESIDENTIAL_gas_1 | H53: =VLOOKUP(D53,Résultats!$B$2:$AX$476,'T energie vecteurs'!L5,FALSE) -> 0.23618289 | I53: =VLOOKUP(E53,Résultats!$B$2:$AX$476,'T energie vecteurs'!L5,FALSE) -> 5.7342241 | J53: =VLOOKUP(F53,Résultats!$B$2:$AX$476,'T energie vecteurs'!L5,FALSE) -> 14.912746 | K53: =VLOOKUP(G53,Résultats!$B$2:$AX$476,'T energie vecteurs'!L5,FALSE)+8 -> 21.434 | L53: =SUM(H53:K53) -> 42.317153 | N53: Residential | O53: ='[1]Bilan 2023 réel'!$V$46/11.63 -> 0.019785054 | P53: =SUM('[1]Bilan 2023 réel'!$V$41:$V$43)/11.63 -> 3.042347 | Q53: ='[1]Bilan 2023 réel'!$V$13/11.63 -> 13.020267 | R53: =('[1]Bilan 2023 réel'!$V$22+'[1]Bilan 2023 réel'!$V$30+SUM('[1]Bilan 2023 réel'!$V$36:$V$40)+SUM('[1]Bilan 2023 réel'!$V$44:$V$45)+'[1]Bilan 2023 réel'!$V$47)/11.63 -> 20.330842 | S53: =SUM(O53:R53) -> 36.413242 | U53: Residential | V53: ER_RESIDENTIAL_coal_0 | W53: ER_RESIDENTIAL_oil_0 | X53: ER_RESIDENTIAL_elec_0 | Y53: ER_RESIDENTIAL_gas_0 | Z53: 0.23206824 | AA53: 5.4374454 | AB53: 15.022933 | AC53: 21.18374 | AD53: 41.876187
C54: Service | D54: ER_TERTIARY_coal_1 | E54: ER_TERTIARY_oil_1 | F54: ER_TERTIARY_elec_1 | G54: ER_TERTIARY_gas_1 | H54: =VLOOKUP(D54,Résultats!$B$2:$AX$476,'T energie vecteurs'!L5,FALSE) -> 0 | I54: =VLOOKUP(E54,Résultats!$B$2:$AX$476,'T energie vecteurs'!L5,FALSE) -> 3.1213911 | J54: =VLOOKUP(F54,Résultats!$B$2:$AX$476,'T energie vecteurs'!L5,FALSE) -> 13.159087 | K54: =VLOOKUP(G54,Résultats!$B$2:$AX$476,'T energie vecteurs'!L5,FALSE) -> 7.6960613 | L54: =SUM(H54:K54) -> 23.97654 | N54: Service | O54: =('[1]Bilan 2023 réel'!$W$46)/11.63 -> 0.029470376 | P54: =SUM('[1]Bilan 2023 réel'!$W$41:$W$43)/11.63 -> 2.0638816 | Q54: =('[1]Bilan 2023 réel'!$W$13)/11.63 -> 11.200374 | R54: =('[1]Bilan 2023 réel'!$W$22+'[1]Bilan 2023 réel'!$W$30+SUM('[1]Bilan 2023 réel'!$W$36:$W$40)+SUM('[1]Bilan 2023 réel'!$W$44:$W$45)+'[1]Bilan 2023 réel'!$W$47)/11.63 -> 7.0633918 | S54: =SUM(O54:R54) -> 20.357117 | U54: Service | V54: ER_TERTIARY_coal_0 | W54: ER_TERTIARY_oil_0 | X54: ER_TERTIARY_elec_0 | Y54: ER_TERTIARY_gas_0 | Z54: 0 | AA54: 2.6397848 | AB54: 12.03681 | AC54: 7.3204634 | AD54: 21.997058
C55: Industry and agriculture | H55: =SUM(H56:H58) -> 2.6349477 | I55: =SUM(I56:I58) -> 13.204072 | J55: =SUM(J56:J58) -> 10.346203 | K55: =SUM(K56:K58) -> 14.772425 | L55: =SUM(H55:K55) -> 40.957648 | N55: Industry | O55: =O56+O57 -> 3.8091541 | P55: =P56+P57 -> 12.12062 | Q55: =Q56+Q57 -> 8.8688044 | R55: =R56+R57 -> 13.009554 | S55: =SUM(O55:R55) -> 37.808132 | U55: Industry and agriculture | Z55: 3.0747745 | AA55: 15.84569 | AB55: 10.092261 | AC55: 14.850559 | AD55: 43.863285
C56: Industry | D56: ER_INDUS_coal_1 | E56: ER_INDUS_oil_1 | F56: ER_INDUS_elec_1 | G56: ER_INDUS_gas_1 | H56: =VLOOKUP(D56,Résultats!$B$2:$AX$476,'T energie vecteurs'!L5,FALSE) -> 1.7357095 | I56: =VLOOKUP(E56,Résultats!$B$2:$AX$476,'T energie vecteurs'!L5,FALSE) -> 8.8019764 | J56: =VLOOKUP(F56,Résultats!$B$2:$AX$476,'T energie vecteurs'!L5,FALSE) -> 10.016531 | K56: =VLOOKUP(G56,Résultats!$B$2:$AX$476,'T energie vecteurs'!L5,FALSE) -> 12.343598 | L56: =SUM(H56:K56) -> 32.897815 | N56: Industry energetic uses | O56: ='[1]Bilan 2023 réel'!$U$46/11.63 -> 0.58092196 | P56: =SUM('[1]Bilan 2023 réel'!$U$41:$U$43)/11.63 -> 2.3957171 | Q56: ='[1]Bilan 2023 réel'!$U$13/11.63 -> 8.8688044 | R56: =('[1]Bilan 2023 réel'!$U$22+'[1]Bilan 2023 réel'!$U$30+SUM('[1]Bilan 2023 réel'!$U$36:$U$40)+SUM('[1]Bilan 2023 réel'!$U$44:$U$45)+'[1]Bilan 2023 réel'!$U$47)/11.63 -> 12.148362 | S56: =SUM(O56:R56) -> 23.993805 | U56: Industry | V56: ER_INDUS_coal_0 | W56: ER_INDUS_oil_0 | X56: ER_INDUS_elec_0 | Y56: ER_INDUS_gas_0 | Z56: 2.1817271 | AA56: 11.317897 | AB56: 9.7594965 | AC56: 12.327522 | AD56: 35.586643
C57: Industry non energetic uses | D57: Q_Mtep_indus_21_1 | E57: Q_Mtep_indus_22_1 | F57: Q_Mtep_indus_23_1 | G57: Q_Mtep_indus_24_1 | H57: =VLOOKUP(D57,Résultats!$B$2:$AX$476,'T energie vecteurs'!L5,FALSE) -> 0.8992382 | I57: =VLOOKUP(E57,Résultats!$B$2:$AX$476,'T energie vecteurs'!L5,FALSE) -> 1.9506333 | J57: =VLOOKUP(F57,Résultats!$B$2:$AX$476,'T energie vecteurs'!L5,FALSE) -> 0 | K57: =VLOOKUP(G57,Résultats!$B$2:$AX$476,'T energie vecteurs'!L5,FALSE) -> 2.0836251 | L57: =SUM(H57:K57) -> 4.9334967 | N57: Industry non energetic uses | O57: ='[1]Bilan 2023 réel'!$E$52/11.63 -> 3.2282322 | P57: =('[1]Bilan 2023 réel'!$E$54+'[1]Bilan 2023 réel'!$E$56)/11.63 -> 9.7249025 | Q57: 0 | R57: =('[1]Bilan 2023 réel'!$E$53+'[1]Bilan 2023 réel'!$E$55+'[1]Bilan 2023 réel'!$E$57)/11.63 -> 0.86119241 | S57: =SUM(O57:R57) -> 13.814327 | U57: Industry non energetic uses | V57: Q_Mtep_indus_21_0 | W57: Q_Mtep_indus_22_0 | X57: Q_Mtep_indus_23_0 | Y57: Q_Mtep_indus_24_0 | Z57: 0.89304746 | AA57: 2.1002379 | AB57: 0 | AC57: 2.1932316 | AD57: 5.186517
C58: Agriculture | D58: ER_AGRICULTURE_coal_1 | E58: ER_AGRICULTURE_oil_1 | F58: ER_AGRICULTURE_elec_1 | G58: ER_AGRICULTURE_gas_1 | H58: =VLOOKUP(D58,Résultats!$B$2:$AX$476,'T energie vecteurs'!L5,FALSE) -> 0 | I58: =VLOOKUP(E58,Résultats!$B$2:$AX$476,'T energie vecteurs'!L5,FALSE) -> 2.4514626 | J58: =VLOOKUP(F58,Résultats!$B$2:$AX$476,'T energie vecteurs'!L5,FALSE) -> 0.32967228 | K58: =VLOOKUP(G58,Résultats!$B$2:$AX$476,'T energie vecteurs'!L5,FALSE) -> 0.34520124 | L58: =SUM(H58:K58) -> 3.1263362 | N58: Agriculture | O58: ='[1]Bilan 2023 réel'!$T$46/11.63 -> 0.001221354 | P58: =SUM('[1]Bilan 2023 réel'!$T$41:$T$43)/11.63 -> 3.4194391 | Q58: ='[1]Bilan 2023 réel'!$T$13/11.63 -> 0.65647799 | R58: =('[1]Bilan 2023 réel'!$T$22+'[1]Bilan 2023 réel'!$T$30+SUM('[1]Bilan 2023 réel'!$T$36:$T$40)+SUM('[1]Bilan 2023 réel'!$T$44:$T$45)+'[1]Bilan 2023 réel'!$T$47)/11.63 -> 0.44186481 | S58: =SUM(O58:R58) -> 4.5190033 | U58: Agriculture | V58: ER_AGRICULTURE_coal_0 | W58: ER_AGRICULTURE_oil_0 | X58: ER_AGRICULTURE_elec_0 | Y58: ER_AGRICULTURE_gas_0 | Z58: 0 | AA58: 2.4275552 | AB58: 0.33276481 | AC58: 0.32980566 | AD58: 3.0901257
C59: Total Final Mtep | H59: =SUM(H50,H53:H55) -> 2.8711306 | I59: =SUM(I50,I53:I55) -> 63.333447 | J59: =SUM(J50,J53:J55) -> 40.011193 | K59: =SUM(K50,K53:K55) -> 44.307752 | L59: =SUM(H59:K59) -> 150.52352 | N59: Total Final Mtep | O59: =O50+O53+O54+O55+O58 -> 3.8596309 | P59: =P50+P53+P54+P55+P58 -> 62.78592 | Q59: =Q50+Q53+Q54+Q55+Q58 -> 34.652474 | R59: =R50+R53+R54+R55+R58 -> 41.16451 | S59: =SUM(O59:R59) -> 142.46254 | U59: Total Final Mtep | Z59: 3.3068428 | AA59: 66.718767 | AB59: 39.192631 | AC59: 43.8436 | AD59: 153.06184
C62: 2025 | H62: coal | I62: fuel and biofuel | J62: elec | K62: gas biogas biomass | L62: Total | N62: 2025 | O62: coal | P62: fuel and biofuel | Q62: elec | R62: gas biogas biomass | S62: Total | U62: 2025 | Z62: coal | AA62: fuel and biofuel | AB62: elec | AC62: gas biogas biomass | AD62: Total
C63: Transport | H63: =SUM(H64:H65) -> 0 | I63: =SUM(I64:I65) -> 40.339491 | J63: =SUM(J64:J65) -> 1.757245 | K63: =SUM(K64:K65) -> 0.56804834 | L63: =SUM(H63:K63) -> 42.664785 | N63: Transport | O63: ='[1]Bilan 2025'!$X$46/11.63 -> 0 | P63: =SUM('[1]Bilan 2025'!$X$41:$X$43)/11.63 -> 38.54593 | Q63: ='[1]Bilan 2025'!$X$13/11.63 -> 1.5398477 | R63: =('[1]Bilan 2025'!$X$22+'[1]Bilan 2025'!$X$30+SUM('[1]Bilan 2025'!$X$36:$X$40)+SUM('[1]Bilan 2025'!$X$44:$X$45)+'[1]Bilan 2025'!$X$47)/11.63 -> 0.58333134 | S63: =SUM(O63:R63) -> 40.669109 | U63: Transport | Z63: 0 | AA63: 42.185575 | AB63: 2.2049148 | AC63: 0.67795166 | AD63: 45.068441
C64: Personal vehicles | D64: ER_TRANS_PRIVATE_coal_1 | E64: ER_TRANS_PRIVATE_oil_1 | F64: ER_TRANS_PRIVATE_elec_1 | G64: ER_TRANS_PRIVATE_gas_1 | H64: =VLOOKUP(D64,Résultats!$B$2:$AX$476,'T energie vecteurs'!N5,FALSE) -> 0 | I64: =VLOOKUP(E64,Résultats!$B$2:$AX$476,'T energie vecteurs'!N5,FALSE) -> 21.209 | J64: =VLOOKUP(F64,Résultats!$B$2:$AX$476,'T energie vecteurs'!N5,FALSE) -> 0.30708603 | K64: =VLOOKUP(G77,Résultats!$B$2:$AX$476,'T energie vecteurs'!N5,FALSE) -> 2.4956561e-05 | L64: =SUM(H64:K64) -> 21.516111 | N64: Personal vehicles | U64: Personal vehicles | V64: ER_TRANS_PRIVATE_coal_0 | W64: ER_TRANS_PRIVATE_oil_0 | X64: ER_TRANS_PRIVATE_elec_0 | Y64: ER_TRANS_PRIVATE_gas_0 | Z64: 0 | AA64: 21.485259 | AB64: 0.3003618 | AC64: 1.6350543e-05 | AD64: 21.785637
C65: Public and freight transport | D65: ER_TRANS_PUBLIC_coal_1 | E65: ER_TRANS_PUBLIC_oil_1 | F65: ER_TRANS_PUBLIC_elec_1 | G65: ER_TRANS_PUBLIC_gas_1 | H65: =VLOOKUP(D65,Résultats!$B$2:$AX$476,'T energie vecteurs'!N5,FALSE) -> 0 | I65: =VLOOKUP(E65,Résultats!$B$2:$AX$476,'T energie vecteurs'!N5,FALSE) -> 19.130492 | J65: =VLOOKUP(F65,Résultats!$B$2:$AX$476,'T energie vecteurs'!N5,FALSE) -> 1.450159 | K65: =VLOOKUP(G65,Résultats!$B$2:$AX$476,'T energie vecteurs'!N5,FALSE) -> 0.56802338 | L65: =SUM(H65:K65) -> 21.148674 | N65: Public and freight transport | U65: Public and freight transport | V65: ER_TRANS_PUBLIC_coal_0 | W65: ER_TRANS_PUBLIC_oil_0 | X65: ER_TRANS_PUBLIC_elec_0 | Y65: ER_TRANS_PUBLIC_gas_0 | Z65: 0 | AA65: 20.700316 | AB65: 1.904553 | AC65: 0.67793531 | AD65: 23.282804
C66: Residential | D66: ER_RESIDENTIAL_coal_1 | E66: ER_RESIDENTIAL_oil_1 | F66: ER_RESIDENTIAL_elec_1 | G66: ER_RESIDENTIAL_gas_1 | H66: =VLOOKUP(D66,Résultats!$B$2:$AX$476,'T energie vecteurs'!N5,FALSE) -> 0.22050163 | I66: =VLOOKUP(E66,Résultats!$B$2:$AX$476,'T energie vecteurs'!N5,FALSE) -> 5.3591721 | J66: =VLOOKUP(F66,Résultats!$B$2:$AX$476,'T energie vecteurs'!N5,FALSE) -> 15.125645 | K66: =VLOOKUP(G66,Résultats!$B$2:$AX$476,'T energie vecteurs'!N5,FALSE)+8 -> 21.082868 | L66: =SUM(H66:K66) -> 41.788186 | N66: Residential | O66: ='[1]Bilan 2025'!$V$46/11.63 -> 0 | P66: =SUM('[1]Bilan 2025'!$V$41:$V$43)/11.63 -> 3.5326527 | Q66: ='[1]Bilan 2025'!$V$13/11.63 -> 14.460313 | R66: =('[1]Bilan 2025'!$V$22+'[1]Bilan 2025'!$V$30+SUM('[1]Bilan 2025'!$V$36:$V$40)+SUM('[1]Bilan 2025'!$V$44:$V$45)+'[1]Bilan 2025'!$V$47)/11.63 -> 21.112529 | S66: =SUM(O66:R66) -> 39.105494 | U66: Residential | V66: ER_RESIDENTIAL_coal_0 | W66: ER_RESIDENTIAL_oil_0 | X66: ER_RESIDENTIAL_elec_0 | Y66: ER_RESIDENTIAL_gas_0 | Z66: 0.21270201 | AA66: 5.0926712 | AB66: 14.914796 | AC66: 20.802555 | AD66: 41.022725
C67: Service | D67: ER_TERTIARY_coal_1 | E67: ER_TERTIARY_oil_1 | F67: ER_TERTIARY_elec_1 | G67: ER_TERTIARY_gas_1 | H67: =VLOOKUP(D67,Résultats!$B$2:$AX$476,'T energie vecteurs'!N5,FALSE) -> 0 | I67: =VLOOKUP(E67,Résultats!$B$2:$AX$476,'T energie vecteurs'!N5,FALSE) -> 2.9027526 | J67: =VLOOKUP(F67,Résultats!$B$2:$AX$476,'T energie vecteurs'!N5,FALSE) -> 13.742615 | K67: =VLOOKUP(G67,Résultats!$B$2:$AX$476,'T energie vecteurs'!N5,FALSE) -> 7.8694953 | L67: =SUM(H67:K67) -> 24.514863 | N67: Service | O67: =('[1]Bilan 2025'!$W$46)/11.63 -> 0 | P67: =SUM('[1]Bilan 2025'!$W$41:$W$43)/11.63 -> 1.8296002 | Q67: =('[1]Bilan 2025'!$W$13)/11.63 -> 11.310259 | R67: =('[1]Bilan 2025'!$W$22+'[1]Bilan 2025'!$W$30+SUM('[1]Bilan 2025'!$W$36:$W$40)+SUM('[1]Bilan 2025'!$W$44:$W$45)+'[1]Bilan 2025'!$W$47)/11.63 -> 7.3063893 | S67: =SUM(O67:R67) -> 20.446248 | U67: Service | V67: ER_TERTIARY_coal_0 | W67: ER_TERTIARY_oil_0 | X67: ER_TERTIARY_elec_0 | Y67: ER_TERTIARY_gas_0 | Z67: 0 | AA67: 2.5387754 | AB67: 12.130408 | AC67: 7.323077 | AD67: 21.99226
C68: Industry and agriculture | H68: =SUM(H69:H71) -> 2.5774752 | I68: =SUM(I69:I71) -> 12.936338 | J68: =SUM(J69:J71) -> 11.061639 | K68: =SUM(K69:K71) -> 15.074653 | L68: =SUM(H68:K68) -> 41.650106 | N68: Industry | O68: =O69+O70 -> 4.2119674 | P68: =P69+P70 -> 13.3441 | Q68: =Q69+Q70 -> 9.4854891 | R68: =R69+R70 -> 13.855608 | S68: =SUM(O68:R68) -> 40.897165 | U68: Industry and agriculture | Z68: 3.2028718 | AA68: 16.496629 | AB68: 10.481874 | AC68: 15.50806 | AD68: 45.689435
C69: Industry | D69: ER_INDUS_coal_1 | E69: ER_INDUS_oil_1 | F69: ER_INDUS_elec_1 | G69: ER_INDUS_gas_1 | H69: =VLOOKUP(D69,Résultats!$B$2:$AX$476,'T energie vecteurs'!N5,FALSE) -> 1.6678687 | I69: =VLOOKUP(E69,Résultats!$B$2:$AX$476,'T energie vecteurs'!N5,FALSE) -> 8.4629118 | J69: =VLOOKUP(F69,Résultats!$B$2:$AX$476,'T energie vecteurs'!N5,FALSE) -> 10.722416 | K69: =VLOOKUP(G69,Résultats!$B$2:$AX$476,'T energie vecteurs'!N5,FALSE) -> 12.590006 | L69: =SUM(H69:K69) -> 33.443202 | N69: Industry energetic uses | O69: ='[1]Bilan 2025'!$U$46/11.63 -> 0.60914869 | P69: =SUM('[1]Bilan 2025'!$U$41:$U$43)/11.63 -> 2.402453 | Q69: ='[1]Bilan 2025'!$U$13/11.63 -> 9.4854891 | R69: =('[1]Bilan 2025'!$U$22+'[1]Bilan 2025'!$U$30+SUM('[1]Bilan 2025'!$U$36:$U$40)+SUM('[1]Bilan 2025'!$U$44:$U$45)+'[1]Bilan 2025'!$U$47)/11.63 -> 12.77748 | S69: =SUM(O69:R69) -> 25.274571 | U69: Industry | V69: ER_INDUS_coal_0 | W69: ER_INDUS_oil_0 | X69: ER_INDUS_elec_0 | Y69: ER_INDUS_gas_0 | Z69: 2.2810593 | AA69: 11.881499 | AB69: 10.154689 | AC69: 12.869769 | AD69: 37.187016
C70: Industry non energetic uses | D70: Q_Mtep_indus_21_1 | E70: Q_Mtep_indus_22_1 | F70: Q_Mtep_indus_23_1 | G70: Q_Mtep_indus_24_1 | H70: =VLOOKUP(D70,Résultats!$B$2:$AX$476,'T energie vecteurs'!N5,FALSE) -> 0.90960658 | I70: =VLOOKUP(E70,Résultats!$B$2:$AX$476,'T energie vecteurs'!N5,FALSE) -> 2.0030226 | J70: =VLOOKUP(F70,Résultats!$B$2:$AX$476,'T energie vecteurs'!N5,FALSE) -> 0 | K70: =VLOOKUP(G70,Résultats!$B$2:$AX$476,'T energie vecteurs'!N5,FALSE) -> 2.1290938 | L70: =SUM(H70:K70) -> 5.041723 | N70: Industry non energetic uses | O70: ='[1]Bilan 2025'!$E$52/11.63 -> 3.6028187 | P70: =('[1]Bilan 2025'!$E$54+'[1]Bilan 2025'!$E$56)/11.63 -> 10.941647 | Q70: 0 | R70: =('[1]Bilan 2025'!$E$53+'[1]Bilan 2025'!$E$55+'[1]Bilan 2025'!$E$57)/11.63 -> 1.0781284 | S70: =SUM(O70:R70) -> 15.622594 | U70: Industry non energetic uses | V70: Q_Mtep_indus_21_0 | W70: Q_Mtep_indus_22_0 | X70: Q_Mtep_indus_23_0 | Y70: Q_Mtep_indus_24_0 | Z70: 0.9218125 | AA70: 2.2161909 | AB70: 0 | AC70: 2.3060169 | AD70: 5.4440203
C71: Agriculture | D71: ER_AGRICULTURE_coal_1 | E71: ER_AGRICULTURE_oil_1 | F71: ER_AGRICULTURE_elec_1 | G71: ER_AGRICULTURE_gas_1 | H71: =VLOOKUP(D71,Résultats!$B$2:$AX$476,'T energie vecteurs'!N5,FALSE) -> 0 | I71: =VLOOKUP(E71,Résultats!$B$2:$AX$476,'T energie vecteurs'!N5,FALSE) -> 2.470404 | J71: =VLOOKUP(F71,Résultats!$B$2:$AX$476,'T energie vecteurs'!N5,FALSE) -> 0.33922345 | K71: =VLOOKUP(G71,Résultats!$B$2:$AX$476,'T energie vecteurs'!N5,FALSE) -> 0.35555284 | L71: =SUM(H71:K71) -> 3.1651802 | N71: Agriculture | O71: ='[1]Bilan 2025'!$T$46/11.63 -> 0 | P71: =SUM('[1]Bilan 2025'!$T$41:$T$43)/11.63 -> 3.1602006 | Q71: ='[1]Bilan 2025'!$T$13/11.63 -> 0.70898601 | R71: =('[1]Bilan 2025'!$T$22+'[1]Bilan 2025'!$T$30+SUM('[1]Bilan 2025'!$T$36:$T$40)+SUM('[1]Bilan 2025'!$T$44:$T$45)+'[1]Bilan 2025'!$T$47)/11.63 -> 0.28264742 | S71: =SUM(O71:R71) -> 4.1518341 | U71: Agriculture | V71: ER_AGRICULTURE_coal_0 | W71: ER_AGRICULTURE_oil_0 | X71: ER_AGRICULTURE_elec_0 | Y71: ER_AGRICULTURE_gas_0 | Z71: 0 | AA71: 2.398939 | AB71: 0.32718516 | AC71: 0.33227406 | AD71: 3.0583983
C72: Total Final Mtep | H72: =SUM(H63,H66:H68) -> 2.7979769 | I72: =SUM(I63,I66:I68) -> 61.537755 | J72: =SUM(J63,J66:J68) -> 41.687144 | K72: =SUM(K63,K66:K68) -> 44.595064 | L72: =SUM(H72:K72) -> 150.61794 | N72: Total Final Mtep | O72: =O63+O66+O67+O68+O71 -> 4.2119674 | P72: =P63+P66+P67+P68+P71 -> 60.412483 | Q72: =Q63+Q66+Q67+Q68+Q71 -> 37.504894 | R72: =R63+R66+R67+R68+R71 -> 43.140505 | S72: =SUM(O72:R72) -> 145.26985 | U72: Total Final Mtep | Z72: 3.4155738 | AA72: 66.313651 | AB72: 39.731993 | AC72: 44.311644 | AD72: 153.77286
C75: 2030 | H75: coal | I75: fuel and biofuel | J75: elec | K75: gas biogas biomass | L75: Total | N75: 2030 | O75: coal | P75: fuel and biofuel | Q75: elec | R75: gas biogas biomass | S75: Total | U75: 2030 | Z75: coal | AA75: fuel and biofuel | AB75: elec | AC75: gas biogas biomass | AD75: Total
C76: Transport | H76: =SUM(H77:H78) -> 0 | I76: =SUM(I77:I78) -> 37.992964 | J76: =SUM(J77:J78) -> 2.4815557 | K76: =SUM(K77:K78) -> 1.3236652 | L76: =SUM(H76:K76) -> 41.798184 | N76: Transport | O76: ='[1]Bilan 2030'!$X$46/11.63 -> 0 | P76: =SUM('[1]Bilan 2030'!$X$41:$X$43)/11.63 -> 32.470941 | Q76: ='[1]Bilan 2030'!$X$13/11.63 -> 2.5998016 | R76: =('[1]Bilan 2030'!$X$22+'[1]Bilan 2030'!$X$30+SUM('[1]Bilan 2030'!$X$36:$X$40)+SUM('[1]Bilan 2030'!$X$44:$X$45)+'[1]Bilan 2030'!$X$47)/11.63 -> 1.3190285 | S76: =SUM(O76:R76) -> 36.389771 | T76: =S76-'[1]Bilan 2030'!$X$5/11.63 -> 0 | U76: Transport | Z76: 0 | AA76: 40.853511 | AB76: 3.1193282 | AC76: 1.5414298 | AD76: 45.514269
C77: Personal vehicles | D77: ER_TRANS_PRIVATE_coal_1 | E77: ER_TRANS_PRIVATE_oil_1 | F77: ER_TRANS_PRIVATE_elec_1 | G77: ER_TRANS_PRIVATE_gas_1 | H77: =VLOOKUP(D77,Résultats!$B$2:$AX$476,'T energie vecteurs'!S5,FALSE) -> 0 | I77: =VLOOKUP(E77,Résultats!$B$2:$AX$476,'T energie vecteurs'!S5,FALSE) -> 18.969341 | J77: =VLOOKUP(F77,Résultats!$B$2:$AX$476,'T energie vecteurs'!S5,FALSE) -> 0.75816053 | K77: =VLOOKUP(G77,Résultats!$B$2:$AX$476,'T energie vecteurs'!S5,FALSE) -> 3.5070204e-05 | L77: =SUM(H77:K77) -> 19.727536 | N77: Personal vehicles | U77: Personal vehicles | V77: ER_TRANS_PRIVATE_coal_0 | W77: ER_TRANS_PRIVATE_oil_0 | X77: ER_TRANS_PRIVATE_elec_0 | Y77: ER_TRANS_PRIVATE_gas_0 | Z77: 0 | AA77: 19.358452 | AB77: 0.75402416 | AC77: 2.4245155e-05 | AD77: 20.112501
C78: Public and freight transport | D78: ER_TRANS_PUBLIC_coal_1 | E78: ER_TRANS_PUBLIC_oil_1 | F78: ER_TRANS_PUBLIC_elec_1 | G78: ER_TRANS_PUBLIC_gas_1 | H78: =VLOOKUP(D78,Résultats!$B$2:$AX$476,'T energie vecteurs'!S5,FALSE) -> 0 | I78: =VLOOKUP(E78,Résultats!$B$2:$AX$476,'T energie vecteurs'!S5,FALSE) -> 19.023623 | J78: =VLOOKUP(F78,Résultats!$B$2:$AX$476,'T energie vecteurs'!S5,FALSE) -> 1.7233952 | K78: =VLOOKUP(G78,Résultats!$B$2:$AX$476,'T energie vecteurs'!S5,FALSE) -> 1.3236301 | L78: =SUM(H78:K78) -> 22.070648 | N78: Public and freight transport | U78: Public and freight transport | V78: ER_TRANS_PUBLIC_coal_0 | W78: ER_TRANS_PUBLIC_oil_0 | X78: ER_TRANS_PUBLIC_elec_0 | Y78: ER_TRANS_PUBLIC_gas_0 | Z78: 0 | AA78: 21.495059 | AB78: 2.365304 | AC78: 1.5414056 | AD78: 25.401769
C79: Residential | D79: ER_RESIDENTIAL_coal_1 | E79: ER_RESIDENTIAL_oil_1 | F79: ER_RESIDENTIAL_elec_1 | G79: ER_RESIDENTIAL_gas_1 | H79: =VLOOKUP(D79,Résultats!$B$2:$AX$476,'T energie vecteurs'!S5,FALSE) -> 0.19496785 | I79: =VLOOKUP(E79,Résultats!$B$2:$AX$476,'T energie vecteurs'!S5,FALSE) -> 5.0112822 | J79: =VLOOKUP(F79,Résultats!$B$2:$AX$476,'T energie vecteurs'!S5,FALSE) -> 15.657039 | K79: =VLOOKUP(G79,Résultats!$B$2:$AX$476,'T energie vecteurs'!S5,FALSE)+8 -> 20.48271 | L79: =SUM(H79:K79) -> 41.345999 | N79: Residential | O79: ='[1]Bilan 2030'!$V$46/11.63 -> 0 | P79: =SUM('[1]Bilan 2030'!$V$41:$V$43)/11.63 -> 2.7093021 | Q79: ='[1]Bilan 2030'!$V$13/11.63 -> 15.128222 | R79: =('[1]Bilan 2030'!$V$22+'[1]Bilan 2030'!$V$30+SUM('[1]Bilan 2030'!$V$36:$V$40)+SUM('[1]Bilan 2030'!$V$44:$V$45)+'[1]Bilan 2030'!$V$47)/11.63 -> 20.957031 | S79: =SUM(O79:R79) -> 38.794555 | T79: =S79-'[1]Bilan 2030'!$V$5/11.63 -> 0 | U79: Residential | V79: ER_RESIDENTIAL_coal_0 | W79: ER_RESIDENTIAL_oil_0 | X79: ER_RESIDENTIAL_elec_0 | Y79: ER_RESIDENTIAL_gas_0 | Z79: 0.18058464 | AA79: 4.4292818 | AB79: 15.093858 | AC79: 19.988493 | AD79: 39.692217
C80: Service | D80: ER_TERTIARY_coal_1 | E80: ER_TERTIARY_oil_1 | F80: ER_TERTIARY_elec_1 | G80: ER_TERTIARY_gas_1 | H80: =VLOOKUP(D80,Résultats!$B$2:$AX$476,'T energie vecteurs'!S5,FALSE) -> 0 | I80: =VLOOKUP(E80,Résultats!$B$2:$AX$476,'T energie vecteurs'!S5,FALSE) -> 2.5160928 | J80: =VLOOKUP(F80,Résultats!$B$2:$AX$476,'T energie vecteurs'!S5,FALSE) -> 14.550138 | K80: =VLOOKUP(G80,Résultats!$B$2:$AX$476,'T energie vecteurs'!S5,FALSE) -> 7.9283858 | L80: =SUM(H80:K80) -> 24.994616 | N80: Service | O80: =('[1]Bilan 2030'!$W$46)/11.63 -> 0 | P80: =SUM('[1]Bilan 2030'!$W$41:$W$43)/11.63 -> 1.1254931 | Q80: =('[1]Bilan 2030'!$W$13)/11.63 -> 11.284623 | R80: =('[1]Bilan 2030'!$W$22+'[1]Bilan 2030'!$W$30+SUM('[1]Bilan 2030'!$W$36:$W$40)+SUM('[1]Bilan 2030'!$W$44:$W$45)+'[1]Bilan 2030'!$W$47)/11.63 -> 6.9189644 | S80: =SUM(O80:R80) -> 19.32908 | T80: =S80-'[1]Bilan 2030'!$W$5/11.63 -> 0 | U80: Service | V80: ER_TERTIARY_coal_0 | W80: ER_TERTIARY_oil_0 | X80: ER_TERTIARY_elec_0 | Y80: ER_TERTIARY_gas_0 | Z80: 0 | AA80: 2.1841456 | AB80: 12.712588 | AC80: 7.6433201 | AD80: 22.540053
C81: Industry and agriculture | H81: =SUM(H82:H84) -> 2.739561 | I81: =SUM(I82:I84) -> 14.636329 | J81: =SUM(J82:J84) -> 12.684868 | K81: =SUM(K82:K84) -> 16.758683 | L81: =SUM(H81:K81) -> 46.81944 | N81: Industry | O81: =O82+O83 -> 3.9851054 | P81: =P82+P83 -> 12.588919 | Q81: =Q82+Q83 -> 9.4169456 | R81: =R82+R83 -> 13.46699 | S81: =SUM(O81:R81) -> 39.45796 | U81: Industry and agriculture | Z81: 3.5884999 | AA81: 18.760203 | AB81: 11.873285 | AC81: 17.769262 | AD81: 51.99125
C82: Industry | D82: ER_INDUS_coal_1 | E82: ER_INDUS_oil_1 | F82: ER_INDUS_elec_1 | G82: ER_INDUS_gas_1 | H82: =VLOOKUP(D82,Résultats!$B$2:$AX$476,'T energie vecteurs'!S5,FALSE) -> 1.7903861 | I82: =VLOOKUP(E82,Résultats!$B$2:$AX$476,'T energie vecteurs'!S5,FALSE) -> 9.7902504 | J82: =VLOOKUP(F82,Résultats!$B$2:$AX$476,'T energie vecteurs'!S5,FALSE) -> 12.328944 | K82: =VLOOKUP(G82,Résultats!$B$2:$AX$476,'T energie vecteurs'!S5,FALSE) -> 14.087903 | L82: =SUM(H82:K82) -> 37.997484 | N82: Industry energetic uses | O82: ='[1]Bilan 2030'!$U$46/11.63 -> 0.55918093 | P82: =SUM('[1]Bilan 2030'!$U$41:$U$43)/11.63 -> 2.2272873 | Q82: ='[1]Bilan 2030'!$U$13/11.63 -> 9.4169456 | R82: =('[1]Bilan 2030'!$U$22+'[1]Bilan 2030'!$U$30+SUM('[1]Bilan 2030'!$U$36:$U$40)+SUM('[1]Bilan 2030'!$U$44:$U$45)+'[1]Bilan 2030'!$U$47)/11.63 -> 12.39981 | S82: =SUM(O82:R82) -> 24.603224 | T82: =S82-'[1]Bilan 2030'!$U$5/11.63 -> 0 | U82: Industry | V82: ER_INDUS_coal_0 | W82: ER_INDUS_oil_0 | X82: ER_INDUS_elec_0 | Y82: ER_INDUS_gas_0 | Z82: 2.5639057 | AA82: 13.677651 | AB82: 11.519283 | AC82: 14.775192 | AD82: 42.536033
C83: Industry non energetic uses | D83: Q_Mtep_indus_21_1 | E83: Q_Mtep_indus_22_1 | F83: Q_Mtep_indus_23_1 | G83: Q_Mtep_indus_24_1 | H83: =VLOOKUP(D83,Résultats!$B$2:$AX$476,'T energie vecteurs'!S5,FALSE) -> 0.94917493 | I83: =VLOOKUP(E83,Résultats!$B$2:$AX$476,'T energie vecteurs'!S5,FALSE) -> 2.1968761 | J83: =VLOOKUP(F83,Résultats!$B$2:$AX$476,'T energie vecteurs'!S5,FALSE) -> 0 | K83: =VLOOKUP(G83,Résultats!$B$2:$AX$476,'T energie vecteurs'!S5,FALSE) -> 2.2973277 | L83: =SUM(H83:K83) -> 5.4433787 | N83: Industry non energetic uses | O83: ='[1]Bilan 2030'!$E$52/11.63 -> 3.4259245 | P83: =('[1]Bilan 2030'!$E$54+'[1]Bilan 2030'!$E$56)/11.63 -> 10.361632 | Q83: 0 | R83: =('[1]Bilan 2030'!$E$53+'[1]Bilan 2030'!$E$55+'[1]Bilan 2030'!$E$57)/11.63 -> 1.0671791 | S83: =SUM(O83:R83) -> 14.854735 | T83: =S83-SUM('[1]Bilan 2030'!$E$52:$E$57)/11.63 -> 0 | U83: Industry non energetic uses | V83: Q_Mtep_indus_21_0 | W83: Q_Mtep_indus_22_0 | X83: Q_Mtep_indus_23_0 | Y83: Q_Mtep_indus_24_0 | Z83: 1.0245942 | AA83: 2.5162538 | AB83: 0 | AC83: 2.6244895 | AD83: 6.1653375
C84: Agriculture | D84: ER_AGRICULTURE_coal_1 | E84: ER_AGRICULTURE_oil_1 | F84: ER_AGRICULTURE_elec_1 | G84: ER_AGRICULTURE_gas_1 | H84: =VLOOKUP(D84,Résultats!$B$2:$AX$476,'T energie vecteurs'!S5,FALSE) -> 0 | I84: =VLOOKUP(E84,Résultats!$B$2:$AX$476,'T energie vecteurs'!S5,FALSE) -> 2.6492024 | J84: =VLOOKUP(F84,Résultats!$B$2:$AX$476,'T energie vecteurs'!S5,FALSE) -> 0.35592403 | K84: =VLOOKUP(G84,Résultats!$B$2:$AX$476,'T energie vecteurs'!S5,FALSE) -> 0.37345169 | L84: =SUM(H84:K84) -> 3.3785781 | N84: Agriculture | O84: ='[1]Bilan 2030'!$T$46/11.63 -> 0 | P84: =SUM('[1]Bilan 2030'!$T$41:$T$43)/11.63 -> 3.0639411 | Q84: ='[1]Bilan 2030'!$T$13/11.63 -> 0.66849749 | R84: =('[1]Bilan 2030'!$T$22+'[1]Bilan 2030'!$T$30+SUM('[1]Bilan 2030'!$T$36:$T$40)+SUM('[1]Bilan 2030'!$T$44:$T$45)+'[1]Bilan 2030'!$T$47)/11.63 -> 0.3215487 | S84: =SUM(O84:R84) -> 4.0539873 | T84: =S84-'[1]Bilan 2030'!$T$5/11.63 -> 0 | U84: Agriculture | V84: ER_AGRICULTURE_coal_0 | W84: ER_AGRICULTURE_oil_0 | X84: ER_AGRICULTURE_elec_0 | Y84: ER_AGRICULTURE_gas_0 | Z84: 0 | AA84: 2.5662976 | AB84: 0.35400182 | AC84: 0.36958073 | AD84: 3.2898801
C85: Total Final Mtep | H85: =SUM(H76,H79:H81) -> 2.9345289 | I85: =SUM(I76,I79:I81) -> 60.156667 | J85: =SUM(J76,J79:J81) -> 45.3736 | K85: =SUM(K76,K79:K81) -> 46.493443 | L85: =SUM(H85:K85) -> 154.95824 | N85: Total Final Mtep | O85: =O76+O79+O80+O81+O84 -> 3.9851054 | P85: =P76+P79+P80+P81+P84 -> 51.958596 | Q85: =Q76+Q79+Q80+Q81+Q84 -> 39.098089 | R85: =R76+R79+R80+R81+R84 -> 42.983563 | S85: =SUM(O85:R85) -> 138.02535 | U85: Total Final Mtep | Z85: 3.7690845 | AA85: 66.227142 | AB85: 42.799059 | AC85: 46.942505 | AD85: 159.73779
C88: 2035 | H88: coal | I88: fuel and biofuel | J88: elec | K88: gas biogas biomass | L88: Total | N88: 2035 | O88: coal | P88: fuel and biofuel | Q88: elec | R88: gas biogas biomass | S88: Total | U88: 2035 | Z88: coal | AA88: fuel and biofuel | AB88: elec | AC88: gas biogas biomass | AD88: Total
C89: Transport | H89: =SUM(H90:H91) -> 0 | I89: =SUM(I90:I91) -> 34.985624 | J89: =SUM(J90:J91) -> 3.4745011 | K89: =SUM(K90:K91) -> 2.3023873 | L89: =SUM(H89:K89) -> 40.762512 | N89: Transport | O89: ='[1]Bilan 2035'!$X$46/11.63 -> 0 | P89: =SUM('[1]Bilan 2035'!$X$41:$X$43)/11.63 -> 27.486458 | Q89: ='[1]Bilan 2035'!$X$13/11.63 -> 4.0115828 | R89: =('[1]Bilan 2035'!$X$22+'[1]Bilan 2035'!$X$30+SUM('[1]Bilan 2035'!$X$36:$X$40)+SUM('[1]Bilan 2035'!$X$44:$X$45)+'[1]Bilan 2035'!$X$47)/11.63 -> 2.2033172 | S89: =SUM(O89:R89) -> 33.701357 | U89: Transport | Z89: 0 | AA89: 38.668277 | AB89: 4.3734986 | AC89: 2.7136197 | AD89: 45.755395
C90: Personal vehicles | D90: ER_TRANS_PRIVATE_coal_1 | E90: ER_TRANS_PRIVATE_oil_1 | F90: ER_TRANS_PRIVATE_elec_1 | G90: ER_TRANS_PRIVATE_gas_1 | H90: =VLOOKUP(D90,Résultats!$B$2:$AX$476,'T energie vecteurs'!T5,FALSE) -> 0 | I90: =VLOOKUP(E90,Résultats!$B$2:$AX$476,'T energie vecteurs'!T5,FALSE) -> 16.551797 | J90: =VLOOKUP(F90,Résultats!$B$2:$AX$476,'T energie vecteurs'!T5,FALSE) -> 1.36712 | K90: =VLOOKUP(G90,Résultats!$B$2:$AX$476,'T energie vecteurs'!T5,FALSE) -> 4.1038748e-05 | L90: =SUM(H90:K90) -> 17.918958 | N90: Personal vehicles | U90: Personal vehicles | V90: ER_TRANS_PRIVATE_coal_0 | W90: ER_TRANS_PRIVATE_oil_0 | X90: ER_TRANS_PRIVATE_elec_0 | Y90: ER_TRANS_PRIVATE_gas_0 | Z90: 0 | AA90: 16.97233 | AB90: 1.3662004 | AC90: 2.9232442e-05 | AD90: 18.338559
C91: Public and freight transport | D91: ER_TRANS_PUBLIC_coal_1 | E91: ER_TRANS_PUBLIC_oil_1 | F91: ER_TRANS_PUBLIC_elec_1 | G91: ER_TRANS_PUBLIC_gas_1 | H91: =VLOOKUP(D91,Résultats!$B$2:$AX$476,'T energie vecteurs'!T5,FALSE) -> 0 | I91: =VLOOKUP(E91,Résultats!$B$2:$AX$476,'T energie vecteurs'!T5,FALSE) -> 18.433827 | J91: =VLOOKUP(F91,Résultats!$B$2:$AX$476,'T energie vecteurs'!T5,FALSE) -> 2.1073811 | K91: =VLOOKUP(G91,Résultats!$B$2:$AX$476,'T energie vecteurs'!T5,FALSE) -> 2.3023462 | L91: =SUM(H91:K91) -> 22.843554 | N91: Public and freight transport | U91: Public and freight transport | V91: ER_TRANS_PUBLIC_coal_0 | W91: ER_TRANS_PUBLIC_oil_0 | X91: ER_TRANS_PUBLIC_elec_0 | Y91: ER_TRANS_PUBLIC_gas_0 | Z91: 0 | AA91: 21.695947 | AB91: 3.0072981 | AC91: 2.7135905 | AD91: 27.416836
C92: Residential | D92: ER_RESIDENTIAL_coal_1 | E92: ER_RESIDENTIAL_oil_1 | F92: ER_RESIDENTIAL_elec_1 | G92: ER_RESIDENTIAL_gas_1 | H92: =VLOOKUP(D92,Résultats!$B$2:$AX$476,'T energie vecteurs'!T5,FALSE) -> 0.17667209 | I92: =VLOOKUP(E92,Résultats!$B$2:$AX$476,'T energie vecteurs'!T5,FALSE) -> 4.7686168 | J92: =VLOOKUP(F92,Résultats!$B$2:$AX$476,'T energie vecteurs'!T5,FALSE) -> 16.186968 | K92: =VLOOKUP(G92,Résultats!$B$2:$AX$476,'T energie vecteurs'!T5,FALSE)+8 -> 20.049491 | L92: =SUM(H92:K92) -> 41.181748 | N92: Residential | O92: ='[1]Bilan 2035'!$V$46/11.63 -> 0 | P92: =SUM('[1]Bilan 2035'!$V$41:$V$43)/11.63 -> 2.0951036 | Q92: ='[1]Bilan 2035'!$V$13/11.63 -> 15.742193 | R92: =('[1]Bilan 2035'!$V$22+'[1]Bilan 2035'!$V$30+SUM('[1]Bilan 2035'!$V$36:$V$40)+SUM('[1]Bilan 2035'!$V$44:$V$45)+'[1]Bilan 2035'!$V$47)/11.63 -> 20.967585 | S92: =SUM(O92:R92) -> 38.804881 | U92: Residential | V92: ER_RESIDENTIAL_coal_0 | W92: ER_RESIDENTIAL_oil_0 | X92: ER_RESIDENTIAL_elec_0 | Y92: ER_RESIDENTIAL_gas_0 | Z92: 0.15721681 | AA92: 3.8993146 | AB92: 15.555185 | AC92: 18.954247 | AD92: 38.565963
C93: Service | D93: ER_TERTIARY_coal_1 | E93: ER_TERTIARY_oil_1 | F93: ER_TERTIARY_elec_1 | G93: ER_TERTIARY_gas_1 | H93: =VLOOKUP(D93,Résultats!$B$2:$AX$476,'T energie vecteurs'!T5,FALSE) -> 0 | I93: =VLOOKUP(E93,Résultats!$B$2:$AX$476,'T energie vecteurs'!T5,FALSE) -> 2.2456289 | J93: =VLOOKUP(F93,Résultats!$B$2:$AX$476,'T energie vecteurs'!T5,FALSE) -> 14.893948 | K93: =VLOOKUP(G93,Résultats!$B$2:$AX$476,'T energie vecteurs'!T5,FALSE) -> 7.7228422 | L93: =SUM(H93:K93) -> 24.862419 | N93: Service | O93: =('[1]Bilan 2035'!$W$46)/11.63 -> 0 | P93: =SUM('[1]Bilan 2035'!$W$41:$W$43)/11.63 -> 0.78619438 | Q93: =('[1]Bilan 2035'!$W$13)/11.63 -> 11.603404 | R93: =('[1]Bilan 2035'!$W$22+'[1]Bilan 2035'!$W$30+SUM('[1]Bilan 2035'!$W$36:$W$40)+SUM('[1]Bilan 2035'!$W$44:$W$45)+'[1]Bilan 2035'!$W$47)/11.63 -> 6.9321345 | S93: =SUM(O93:R93) -> 19.321733 | U93: Service | V93: ER_TERTIARY_coal_0 | W93: ER_TERTIARY_oil_0 | X93: ER_TERTIARY_elec_0 | Y93: ER_TERTIARY_gas_0 | Z93: 0 | AA93: 1.9031772 | AB93: 13.323714 | AC93: 7.4212506 | AD93: 22.648142
C94: Industry and agriculture | H94: =SUM(H95:H97) -> 2.8204574 | I94: =SUM(I95:I97) -> 15.639836 | J94: =SUM(J95:J97) -> 13.484847 | K94: =SUM(K95:K97) -> 17.469466 | L94: =SUM(H94:K94) -> 49.414606 | N94: Industry | O94: =O95+O96 -> 3.9553293 | P94: =P95+P96 -> 11.944512 | Q94: =Q95+Q96 -> 9.4578137 | R94: =R95+R96 -> 13.23189 | S94: =SUM(O94:R94) -> 38.589545 | U94: Industry and agriculture | Z94: 3.9399808 | AA94: 20.543176 | AB94: 13.378808 | AC94: 19.409516 | AD94: 57.27148
C95: Industry | D95: ER_INDUS_coal_1 | E95: ER_INDUS_oil_1 | F95: ER_INDUS_elec_1 | G95: ER_INDUS_gas_1 | H95: =VLOOKUP(D95,Résultats!$B$2:$AX$476,'T energie vecteurs'!T5,FALSE) -> 1.8585839 | I95: =VLOOKUP(E95,Résultats!$B$2:$AX$476,'T energie vecteurs'!T5,FALSE) -> 10.449658 | J95: =VLOOKUP(F95,Résultats!$B$2:$AX$476,'T energie vecteurs'!T5,FALSE) -> 13.106125 | K95: =VLOOKUP(G95,Résultats!$B$2:$AX$476,'T energie vecteurs'!T5,FALSE) -> 14.685686 | L95: =SUM(H95:K95) -> 40.100053 | N95: Industry energetic uses | O95: ='[1]Bilan 2035'!$U$46/11.63 -> 0.53312194 | P95: =SUM('[1]Bilan 2035'!$U$41:$U$43)/11.63 -> 2.0748421 | Q95: ='[1]Bilan 2035'!$U$13/11.63 -> 9.4578137 | R95: =('[1]Bilan 2035'!$U$22+'[1]Bilan 2035'!$U$30+SUM('[1]Bilan 2035'!$U$36:$U$40)+SUM('[1]Bilan 2035'!$U$44:$U$45)+'[1]Bilan 2035'!$U$47)/11.63 -> 12.122414 | S95: =SUM(O95:R95) -> 24.188192 | U95: Industry | V95: ER_INDUS_coal_0 | W95: ER_INDUS_oil_0 | X95: ER_INDUS_elec_0 | Y95: ER_INDUS_gas_0 | Z95: 2.814535 | AA95: 14.926588 | AB95: 12.975543 | AC95: 16.085233 | AD95: 46.801899
C96: Industry non energetic uses | D96: Q_Mtep_indus_21_1 | E96: Q_Mtep_indus_22_1 | F96: Q_Mtep_indus_23_1 | G96: Q_Mtep_indus_24_1 | H96: =VLOOKUP(D96,Résultats!$B$2:$AX$476,'T energie vecteurs'!T5,FALSE) -> 0.96187355 | I96: =VLOOKUP(E96,Résultats!$B$2:$AX$476,'T energie vecteurs'!T5,FALSE) -> 2.3220422 | J96: =VLOOKUP(F96,Résultats!$B$2:$AX$476,'T energie vecteurs'!T5,FALSE) -> 0 | K96: =VLOOKUP(G96,Résultats!$B$2:$AX$476,'T energie vecteurs'!T5,FALSE) -> 2.3899154 | L96: =SUM(H96:K96) -> 5.6738312 | N96: Industry non energetic uses | O96: ='[1]Bilan 2035'!$E$52/11.63 -> 3.4222074 | P96: =('[1]Bilan 2035'!$E$54+'[1]Bilan 2035'!$E$56)/11.63 -> 9.8696696 | Q96: 0 | R96: =('[1]Bilan 2035'!$E$53+'[1]Bilan 2035'!$E$55+'[1]Bilan 2035'!$E$57)/11.63 -> 1.1094759 | S96: =SUM(O96:R96) -> 14.401353 | U96: Industry non energetic uses | V96: Q_Mtep_indus_21_0 | W96: Q_Mtep_indus_22_0 | X96: Q_Mtep_indus_23_0 | Y96: Q_Mtep_indus_24_0 | Z96: 1.1254459 | AA96: 2.8182462 | AB96: 0 | AC96: 2.9238784 | AD96: 6.8675705
C97: Agriculture | D97: ER_AGRICULTURE_coal_1 | E97: ER_AGRICULTURE_oil_1 | F97: ER_AGRICULTURE_elec_1 | G97: ER_AGRICULTURE_gas_1 | H97: =VLOOKUP(D97,Résultats!$B$2:$AX$476,'T energie vecteurs'!T5,FALSE) -> 0 | I97: =VLOOKUP(E97,Résultats!$B$2:$AX$476,'T energie vecteurs'!T5,FALSE) -> 2.8681351 | J97: =VLOOKUP(F97,Résultats!$B$2:$AX$476,'T energie vecteurs'!T5,FALSE) -> 0.37872188 | K97: =VLOOKUP(G97,Résultats!$B$2:$AX$476,'T energie vecteurs'!T5,FALSE) -> 0.39386457 | L97: =SUM(H97:K97) -> 3.6407216 | N97: Agriculture | O97: ='[1]Bilan 2035'!$T$46/11.63 -> 0 | P97: =SUM('[1]Bilan 2035'!$T$41:$T$43)/11.63 -> 2.9333631 | Q97: ='[1]Bilan 2035'!$T$13/11.63 -> 0.61074147 | R97: =('[1]Bilan 2035'!$T$22+'[1]Bilan 2035'!$T$30+SUM('[1]Bilan 2035'!$T$36:$T$40)+SUM('[1]Bilan 2035'!$T$44:$T$45)+'[1]Bilan 2035'!$T$47)/11.63 -> 0.37736023 | S97: =SUM(O97:R97) -> 3.9214648 | U97: Agriculture | V97: ER_AGRICULTURE_coal_0 | W97: ER_AGRICULTURE_oil_0 | X97: ER_AGRICULTURE_elec_0 | Y97: ER_AGRICULTURE_gas_0 | Z97: 0 | AA97: 2.798342 | AB97: 0.40326493 | AC97: 0.40040402 | AD97: 3.602011
C98: Total Final Mtep | H98: =SUM(H89,H92:H94) -> 2.9971295 | I98: =SUM(I89,I92:I94) -> 57.639705 | J98: =SUM(J89,J92:J94) -> 48.040264 | K98: =SUM(K89,K92:K94) -> 47.544186 | L98: =SUM(H98:K98) -> 156.22128 | N98: Total Final Mtep | O98: =O89+O92+O93+O94+O97 -> 3.9553293 | P98: =P89+P92+P93+P94+P97 -> 45.24563 | Q98: =Q89+Q92+Q93+Q94+Q97 -> 41.425735 | R98: =R89+R92+R93+R94+R97 -> 43.712287 | S98: =SUM(O98:R98) -> 134.33898 | U98: Total Final Mtep | Z98: 4.0971976 | AA98: 65.013945 | AB98: 46.631205 | AC98: 48.498633 | AD98: 164.24098
C101: 2040 | H101: coal | I101: fuel and biofuel | J101: elec | K101: gas biogas biomass | L101: Total | N101: 2040 | O101: coal | P101: fuel and biofuel | Q101: elec | R101: gas biogas biomass | S101: Total | U101: 2040 | Z101: coal | AA101: fuel and biofuel | AB101: elec | AC101: gas biogas biomass | AD101: Total
C102: Transport | H102: =SUM(H103:H104) -> 0 | I102: =SUM(I103:I104) -> 32.632159 | J102: =SUM(J103:J104) -> 4.5309145 | K102: =SUM(K103:K104) -> 3.152201 | L102: =SUM(H102:K102) -> 40.315274 | N102: Transport | O102: ='[1]Bilan 2040'!$X$46/11.63 -> 0 | P102: =SUM('[1]Bilan 2040'!$X$41:$X$43)/11.63 -> 23.504697 | Q102: ='[1]Bilan 2040'!$X$13/11.63 -> 5.3384407 | R102: =('[1]Bilan 2040'!$X$22+'[1]Bilan 2040'!$X$30+SUM('[1]Bilan 2040'!$X$36:$X$40)+SUM('[1]Bilan 2040'!$X$44:$X$45)+'[1]Bilan 2040'!$X$47)/11.63 -> 2.789708 | S102: =SUM(O102:R102) -> 31.632846 | U102: Transport | Z102: 0 | AA102: 36.959097 | AB102: 5.7191833 | AC102: 3.7855245 | AD102: 46.463805
C103: Personal vehicles | D103: ER_TRANS_PRIVATE_coal_1 | E103: ER_TRANS_PRIVATE_oil_1 | F103: ER_TRANS_PRIVATE_elec_1 | G103: ER_TRANS_PRIVATE_gas_1 | H103: =VLOOKUP(D103,Résultats!$B$2:$AX$476,'T energie vecteurs'!U5,FALSE) -> 0 | I103: =VLOOKUP(E103,Résultats!$B$2:$AX$476,'T energie vecteurs'!U5,FALSE) -> 14.219227 | J103: =VLOOKUP(F103,Résultats!$B$2:$AX$476,'T energie vecteurs'!U5,FALSE) -> 2.0301769 | K103: =VLOOKUP(G103,Résultats!$B$2:$AX$476,'T energie vecteurs'!U5,FALSE) -> 4.4250162e-05 | L103: =SUM(H103:K103) -> 16.249448 | N103: Personal vehicles | U103: Personal vehicles | V103: ER_TRANS_PRIVATE_coal_0 | W103: ER_TRANS_PRIVATE_oil_0 | X103: ER_TRANS_PRIVATE_elec_0 | Y103: ER_TRANS_PRIVATE_gas_0 | Z103: 0 | AA103: 14.646265 | AB103: 2.0377646 | AC103: 3.2073328e-05 | AD103: 16.684062
C104: Public and freight transport | D104: ER_TRANS_PUBLIC_coal_1 | E104: ER_TRANS_PUBLIC_oil_1 | F104: ER_TRANS_PUBLIC_elec_1 | G104: ER_TRANS_PUBLIC_gas_1 | H104: =VLOOKUP(D104,Résultats!$B$2:$AX$476,'T energie vecteurs'!U5,FALSE) -> 0 | I104: =VLOOKUP(E104,Résultats!$B$2:$AX$476,'T energie vecteurs'!U5,FALSE) -> 18.412932 | J104: =VLOOKUP(F104,Résultats!$B$2:$AX$476,'T energie vecteurs'!U5,FALSE) -> 2.5007377 | K104: =VLOOKUP(G104,Résultats!$B$2:$AX$476,'T energie vecteurs'!U5,FALSE) -> 3.1521567 | L104: =SUM(H104:K104) -> 24.065826 | N104: Public and freight transport | U104: Public and freight transport | V104: ER_TRANS_PUBLIC_coal_0 | W104: ER_TRANS_PUBLIC_oil_0 | X104: ER_TRANS_PUBLIC_elec_0 | Y104: ER_TRANS_PUBLIC_gas_0 | Z104: 0 | AA104: 22.312832 | AB104: 3.6814187 | AC104: 3.7854924 | AD104: 29.779743
C105: Residential | D105: ER_RESIDENTIAL_coal_1 | E105: ER_RESIDENTIAL_oil_1 | F105: ER_RESIDENTIAL_elec_1 | G105: ER_RESIDENTIAL_gas_1 | H105: =VLOOKUP(D105,Résultats!$B$2:$AX$476,'T energie vecteurs'!U5,FALSE) -> 0.16123783 | I105: =VLOOKUP(E105,Résultats!$B$2:$AX$476,'T energie vecteurs'!U5,FALSE) -> 4.5737219 | J105: =VLOOKUP(F105,Résultats!$B$2:$AX$476,'T energie vecteurs'!U5,FALSE) -> 16.633295 | K105: =VLOOKUP(G105,Résultats!$B$2:$AX$476,'T energie vecteurs'!U5,FALSE)+8 -> 19.64715 | L105: =SUM(H105:K105) -> 41.015405 | N105: Residential | O105: ='[1]Bilan 2040'!$V$46/11.63 -> 0 | P105: =SUM('[1]Bilan 2040'!$V$41:$V$43)/11.63 -> 1.5217706 | Q105: ='[1]Bilan 2040'!$V$13/11.63 -> 16.100467 | R105: =('[1]Bilan 2040'!$V$22+'[1]Bilan 2040'!$V$30+SUM('[1]Bilan 2040'!$V$36:$V$40)+SUM('[1]Bilan 2040'!$V$44:$V$45)+'[1]Bilan 2040'!$V$47)/11.63 -> 20.918411 | S105: =SUM(O105:R105) -> 38.540649 | U105: Residential | V105: ER_RESIDENTIAL_coal_0 | W105: ER_RESIDENTIAL_oil_0 | X105: ER_RESIDENTIAL_elec_0 | Y105: ER_RESIDENTIAL_gas_0 | Z105: 0.13793598 | AA105: 3.44988 | AB105: 15.996785 | AC105: 18.099165 | AD105: 37.683765
C106: Service | D106: ER_TERTIARY_coal_1 | E106: ER_TERTIARY_oil_1 | F106: ER_TERTIARY_elec_1 | G106: ER_TERTIARY_gas_1 | H106: =VLOOKUP(D106,Résultats!$B$2:$AX$476,'T energie vecteurs'!U5,FALSE) -> 0 | I106: =VLOOKUP(E106,Résultats!$B$2:$AX$476,'T energie vecteurs'!U5,FALSE) -> 2.0422535 | J106: =VLOOKUP(F106,Résultats!$B$2:$AX$476,'T energie vecteurs'!U5,FALSE) -> 14.921606 | K106: =VLOOKUP(G106,Résultats!$B$2:$AX$476,'T energie vecteurs'!U5,FALSE) -> 7.4162523 | L106: =SUM(H106:K106) -> 24.380112 | N106: Service | O106: =('[1]Bilan 2040'!$W$46)/11.63 -> 0 | P106: =SUM('[1]Bilan 2040'!$W$41:$W$43)/11.63 -> 0.49523005 | Q106: =('[1]Bilan 2040'!$W$13)/11.63 -> 11.924705 | R106: =('[1]Bilan 2040'!$W$22+'[1]Bilan 2040'!$W$30+SUM('[1]Bilan 2040'!$W$36:$W$40)+SUM('[1]Bilan 2040'!$W$44:$W$45)+'[1]Bilan 2040'!$W$47)/11.63 -> 6.9475061 | S106: =SUM(O106:R106) -> 19.367442 | U106: Service | V106: ER_TERTIARY_coal_0 | W106: ER_TERTIARY_oil_0 | X106: ER_TERTIARY_elec_0 | Y106: ER_TERTIARY_gas_0 | Z106: 0 | AA106: 1.6772778 | AB106: 13.688228 | AC106: 7.1040743 | AD106: 22.46958
C107: Industry and agriculture | H107: =SUM(H108:H110) -> 2.9527986 | I107: =SUM(I108:I110) -> 16.917949 | J107: =SUM(J108:J110) -> 14.59484 | K107: =SUM(K108:K110) -> 18.49426 | L107: =SUM(H107:K107) -> 52.959847 | N107: Industry | O107: =O108+O109 -> 3.8874338 | P107: =P108+P109 -> 11.388315 | Q107: =Q108+Q109 -> 9.6134424 | R107: =R108+R109 -> 13.104002 | S107: =SUM(O107:R107) -> 37.993193 | U107: Industry and agriculture | Z107: 4.3400297 | AA107: 22.625467 | AB107: 15.191727 | AC107: 21.330928 | AD107: 63.488152
C108: Industry | D108: ER_INDUS_coal_1 | E108: ER_INDUS_oil_1 | F108: ER_INDUS_elec_1 | G108: ER_INDUS_gas_1 | H108: =VLOOKUP(D108,Résultats!$B$2:$AX$476,'T energie vecteurs'!U5,FALSE) -> 1.9596872 | I108: =VLOOKUP(E108,Résultats!$B$2:$AX$476,'T energie vecteurs'!U5,FALSE) -> 11.282176 | J108: =VLOOKUP(F108,Résultats!$B$2:$AX$476,'T energie vecteurs'!U5,FALSE) -> 14.185976 | K108: =VLOOKUP(G108,Résultats!$B$2:$AX$476,'T energie vecteurs'!U5,FALSE) -> 15.542171 | L108: =SUM(H108:K108) -> 42.970011 | N108: Industry energetic uses | O108: ='[1]Bilan 2040'!$U$46/11.63 -> 0.46996817 | P108: =SUM('[1]Bilan 2040'!$U$41:$U$43)/11.63 -> 1.9564072 | Q108: ='[1]Bilan 2040'!$U$13/11.63 -> 9.6134424 | R108: =('[1]Bilan 2040'!$U$22+'[1]Bilan 2040'!$U$30+SUM('[1]Bilan 2040'!$U$36:$U$40)+SUM('[1]Bilan 2040'!$U$44:$U$45)+'[1]Bilan 2040'!$U$47)/11.63 -> 11.936352 | S108: =SUM(O108:R108) -> 23.97617 | U108: Industry | V108: ER_INDUS_coal_0 | W108: ER_INDUS_oil_0 | X108: ER_INDUS_elec_0 | Y108: ER_INDUS_gas_0 | Z108: 3.0981001 | AA108: 16.407927 | AB108: 14.729868 | AC108: 17.628857 | AD108: 51.864752
C109: Industry non energetic uses | D109: Q_Mtep_indus_21_1 | E109: Q_Mtep_indus_22_1 | F109: Q_Mtep_indus_23_1 | G109: Q_Mtep_indus_24_1 | H109: =VLOOKUP(D109,Résultats!$B$2:$AX$476,'T energie vecteurs'!U5,FALSE) -> 0.9931114 | I109: =VLOOKUP(E109,Résultats!$B$2:$AX$476,'T energie vecteurs'!U5,FALSE) -> 2.4952194 | J109: =VLOOKUP(F109,Résultats!$B$2:$AX$476,'T energie vecteurs'!U5,FALSE) -> 0 | K109: =VLOOKUP(G109,Résultats!$B$2:$AX$476,'T energie vecteurs'!U5,FALSE) -> 2.5308836 | L109: =SUM(H109:K109) -> 6.0192144 | N109: Industry non energetic uses | O109: ='[1]Bilan 2040'!$E$52/11.63 -> 3.4174656 | P109: =('[1]Bilan 2040'!$E$54+'[1]Bilan 2040'!$E$56)/11.63 -> 9.4319074 | Q109: 0 | R109: =('[1]Bilan 2040'!$E$53+'[1]Bilan 2040'!$E$55+'[1]Bilan 2040'!$E$57)/11.63 -> 1.1676503 | S109: =SUM(O109:R109) -> 14.017023 | U109: Industry non energetic uses | V109: Q_Mtep_indus_21_0 | W109: Q_Mtep_indus_22_0 | X109: Q_Mtep_indus_23_0 | Y109: Q_Mtep_indus_24_0 | Z109: 1.2419296 | AA109: 3.1616425 | AB109: 0 | AC109: 3.2657717 | AD109: 7.6693438
C110: Agriculture | D110: ER_AGRICULTURE_coal_1 | E110: ER_AGRICULTURE_oil_1 | F110: ER_AGRICULTURE_elec_1 | G110: ER_AGRICULTURE_gas_1 | H110: =VLOOKUP(D110,Résultats!$B$2:$AX$476,'T energie vecteurs'!U5,FALSE) -> 0 | I110: =VLOOKUP(E110,Résultats!$B$2:$AX$476,'T energie vecteurs'!U5,FALSE) -> 3.1405528 | J110: =VLOOKUP(F110,Résultats!$B$2:$AX$476,'T energie vecteurs'!U5,FALSE) -> 0.40886342 | K110: =VLOOKUP(G110,Résultats!$B$2:$AX$476,'T energie vecteurs'!U5,FALSE) -> 0.4212058 | L110: =SUM(H110:K110) -> 3.970622 | N110: Agriculture | O110: ='[1]Bilan 2040'!$T$46/11.63 -> 0 | P110: =SUM('[1]Bilan 2040'!$T$41:$T$43)/11.63 -> 2.7923207 | Q110: ='[1]Bilan 2040'!$T$13/11.63 -> 0.54723305 | R110: =('[1]Bilan 2040'!$T$22+'[1]Bilan 2040'!$T$30+SUM('[1]Bilan 2040'!$T$36:$T$40)+SUM('[1]Bilan 2040'!$T$44:$T$45)+'[1]Bilan 2040'!$T$47)/11.63 -> 0.438553 | S110: =SUM(O110:R110) -> 3.7781068 | U110: Agriculture | V110: ER_AGRICULTURE_coal_0 | W110: ER_AGRICULTURE_oil_0 | X110: ER_AGRICULTURE_elec_0 | Y110: ER_AGRICULTURE_gas_0 | Z110: 0 | AA110: 3.0558976 | AB110: 0.46185891 | AC110: 0.43629947 | AD110: 3.954056
C111: Total Final Mtep | H111: =SUM(H102,H105:H107) -> 3.1140364 | I111: =SUM(I102,I105:I107) -> 56.166083 | J111: =SUM(J102,J105:J107) -> 50.680656 | K111: =SUM(K102,K105:K107) -> 48.709863 | L111: =SUM(H111:K111) -> 158.67064 | N111: Total Final Mtep | O111: =O102+O105+O106+O107+O110 -> 3.8874338 | P111: =P102+P105+P106+P107+P110 -> 39.702333 | Q111: =Q102+Q105+Q106+Q107+Q110 -> 43.524289 | R111: =R102+R105+R106+R107+R110 -> 44.19818 | S111: =SUM(O111:R111) -> 131.31224 | U111: Total Final Mtep | Z111: 4.4779657 | AA111: 64.711722 | AB111: 50.595923 | AC111: 50.319692 | AD111: 170.1053
C114: 2050 | H114: coal | I114: fuel and biofuel | J114: elec | K114: gas biogas biomass | L114: Total | N114: 2050 | O114: coal | P114: fuel and biofuel | Q114: elec | R114: gas biogas biomass | S114: Total | U114: 2050 | Z114: coal | AA114: fuel and biofuel | AB114: elec | AC114: gas biogas biomass | AD114: Total
C115: Transport | H115: =SUM(H116:H117) -> 0 | I115: =SUM(I116:I117) -> 30.634589 | J115: =SUM(J116:J117) -> 6.2432536 | K115: =SUM(K116:K117) -> 3.8738427 | L115: =SUM(H115:K115) -> 40.751686 | N115: Transport | O115: ='[1]Bilan 2050'!$X$46/11.63 -> 0 | P115: =SUM('[1]Bilan 2050'!$X$41:$X$43)/11.63 -> 20.44469 | Q115: ='[1]Bilan 2050'!$X$13/11.63 -> 6.9492064 | R115: =('[1]Bilan 2050'!$X$22+'[1]Bilan 2050'!$X$30+SUM('[1]Bilan 2050'!$X$36:$X$40)+SUM('[1]Bilan 2050'!$X$44:$X$45)+'[1]Bilan 2050'!$X$47)/11.63 -> 3.1240941 | S115: =SUM(O115:R115) -> 30.517991 | U115: Transport | Z115: 0 | AA115: 36.484483 | AB115: 8.046384 | AC115: 4.8678336 | AD115: 49.398701
C116: Personal vehicles | D116: ER_TRANS_PRIVATE_coal_1 | E116: ER_TRANS_PRIVATE_oil_1 | F116: ER_TRANS_PRIVATE_elec_1 | G116: ER_TRANS_PRIVATE_gas_1 | H116: =VLOOKUP(D116,Résultats!$B$2:$AX$476,'T energie vecteurs'!W5,FALSE) -> 0 | I116: =VLOOKUP(E116,Résultats!$B$2:$AX$476,'T energie vecteurs'!W5,FALSE) -> 10.197593 | J116: =VLOOKUP(F116,Résultats!$B$2:$AX$476,'T energie vecteurs'!W5,FALSE) -> 3.3296946 | K116: =VLOOKUP(G116,Résultats!$B$2:$AX$476,'T energie vecteurs'!W5,FALSE) -> 4.791854e-05 | L116: =SUM(H116:K116) -> 13.527335 | N116: Personal vehicles | U116: Personal vehicles | V116: ER_TRANS_PRIVATE_coal_0 | W116: ER_TRANS_PRIVATE_oil_0 | X116: ER_TRANS_PRIVATE_elec_0 | Y116: ER_TRANS_PRIVATE_gas_0 | Z116: 0 | AA116: 10.60653 | AB116: 3.3682351 | AC116: 3.5815438e-05 | AD116: 13.974801
C117: Public and freight transport | D117: ER_TRANS_PUBLIC_coal_1 | E117: ER_TRANS_PUBLIC_oil_1 | F117: ER_TRANS_PUBLIC_elec_1 | G117: ER_TRANS_PUBLIC_gas_1 | H117: =VLOOKUP(D117,Résultats!$B$2:$AX$476,'T energie vecteurs'!W5,FALSE) -> 0 | I117: =VLOOKUP(E117,Résultats!$B$2:$AX$476,'T energie vecteurs'!W5,FALSE) -> 20.436997 | J117: =VLOOKUP(F117,Résultats!$B$2:$AX$476,'T energie vecteurs'!W5,FALSE) -> 2.913559 | K117: =VLOOKUP(G117,Résultats!$B$2:$AX$476,'T energie vecteurs'!W5,FALSE) -> 3.8737948 | L117: =SUM(H117:K117) -> 27.22435 | N117: Public and freight transport | U117: Public and freight transport | V117: ER_TRANS_PUBLIC_coal_0 | W117: ER_TRANS_PUBLIC_oil_0 | X117: ER_TRANS_PUBLIC_elec_0 | Y117: ER_TRANS_PUBLIC_gas_0 | Z117: 0 | AA117: 25.877954 | AB117: 4.6781489 | AC117: 4.8677978 | AD117: 35.4239
C118: Residential | D118: ER_RESIDENTIAL_coal_1 | E118: ER_RESIDENTIAL_oil_1 | F118: ER_RESIDENTIAL_elec_1 | G118: ER_RESIDENTIAL_gas_1 | H118: =VLOOKUP(D118,Résultats!$B$2:$AX$476,'T energie vecteurs'!W5,FALSE) -> 0.13192927 | I118: =VLOOKUP(E118,Résultats!$B$2:$AX$476,'T energie vecteurs'!W5,FALSE) -> 3.9697327 | J118: =VLOOKUP(F118,Résultats!$B$2:$AX$476,'T energie vecteurs'!W5,FALSE) -> 17.093452 | K118: =VLOOKUP(G118,Résultats!$B$2:$AX$476,'T energie vecteurs'!W5,FALSE)+8 -> 18.539798 | L118: =SUM(H118:K118) -> 39.734912 | N118: Residential | O118: ='[1]Bilan 2050'!$V$46/11.63 -> 0 | P118: =SUM('[1]Bilan 2050'!$V$41:$V$43)/11.63 -> 0.44793357 | Q118: ='[1]Bilan 2050'!$V$13/11.63 -> 16.72207 | R118: =('[1]Bilan 2050'!$V$22+'[1]Bilan 2050'!$V$30+SUM('[1]Bilan 2050'!$V$36:$V$40)+SUM('[1]Bilan 2050'!$V$44:$V$45)+'[1]Bilan 2050'!$V$47)/11.63 -> 20.626599 | S118: =SUM(O118:R118) -> 37.796602 | U118: Residential | V118: ER_RESIDENTIAL_coal_0 | W118: ER_RESIDENTIAL_oil_0 | X118: ER_RESIDENTIAL_elec_0 | Y118: ER_RESIDENTIAL_gas_0 | Z118: 0.10478751 | AA118: 2.5498981 | AB118: 16.57373 | AC118: 16.247589 | AD118: 35.476005
C119: Service | D119: ER_TERTIARY_coal_1 | E119: ER_TERTIARY_oil_1 | F119: ER_TERTIARY_elec_1 | G119: ER_TERTIARY_gas_1 | H119: =VLOOKUP(D119,Résultats!$B$2:$AX$476,'T energie vecteurs'!W5,FALSE) -> 0 | I119: =VLOOKUP(E119,Résultats!$B$2:$AX$476,'T energie vecteurs'!W5,FALSE) -> 2.0002852 | J119: =VLOOKUP(F119,Résultats!$B$2:$AX$476,'T energie vecteurs'!W5,FALSE) -> 13.195668 | K119: =VLOOKUP(G119,Résultats!$B$2:$AX$476,'T energie vecteurs'!W5,FALSE) -> 6.2833041 | L119: =SUM(H119:K119) -> 21.479257 | N119: Service | O119: =('[1]Bilan 2050'!$W$46)/11.63 -> 0 | P119: =SUM('[1]Bilan 2050'!$W$41:$W$43)/11.63 -> 0.19932306 | Q119: =('[1]Bilan 2050'!$W$13)/11.63 -> 12.561376 | R119: =('[1]Bilan 2050'!$W$22+'[1]Bilan 2050'!$W$30+SUM('[1]Bilan 2050'!$W$36:$W$40)+SUM('[1]Bilan 2050'!$W$44:$W$45)+'[1]Bilan 2050'!$W$47)/11.63 -> 6.8359123 | S119: =SUM(O119:R119) -> 19.596611 | U119: Service | V119: ER_TERTIARY_coal_0 | W119: ER_TERTIARY_oil_0 | X119: ER_TERTIARY_elec_0 | Y119: ER_TERTIARY_gas_0 | Z119: 0 | AA119: 1.5231109 | AB119: 13.126312 | AC119: 5.8285237 | AD119: 20.477947
...

Sheet T CO2
A1: Emissions CO2 (MtCO2)
A3: =Résultats!B1 -> TEND
A5: 2015 | B5: coal | C5: oil | D5: elec | E5: gas | F5: decarb | G5: Total
A6: Transport | B6: =B7+B8 -> 0 | C6: =C7+C8 -> 130.10436 | D6: =D7+D8 -> 0.59898157 | E6: =E7+E8 -> 0.38537939 | F6: =F7+F8 -> 0 | G6: =SUM(B6:F6) -> 131.08872 | K6: Cf. onglet "G emissions"
A7: Personal vehicles | B7: 0 | C7: ='T energie usages'!I12*3.2*Résultats!L250 -> 74.627348 | D7: ='T energie usages'!J12/'T energie usages'!J$20*(Résultats!N$159+Résultats!N$60+Résultats!N$161)/1000000 -> 0.0094329669 | E7: ='T energie usages'!K12*2.394*Résultats!L251 -> 2.3008898e-05 | F7: 0 | G7: =SUM(B7:F7) -> 74.636804 | L7: 2020 | M7: 2030 | N7: 2050
A8: Public and freight transport | B8: 0 | C8: =(Résultats!N$150+Résultats!N$151+Résultats!N$152+Résultats!N$153+Résultats!N$154)/1000000 -> 55.477012 | D8: ='T energie usages'!J13/'T energie usages'!J$20*(Résultats!N$159+Résultats!N$160+Résultats!N$161)/1000000 -> 0.5895486 | E8: =(Résultats!N$176+Résultats!N$177+Résultats!N$178+Résultats!N$179+Résultats!N$180)/1000000 -> 0.38535639 | F8: 0 | G8: =SUM(B8:F8) -> 56.451917 | K8: Transport | L8: =G19 -> 126.95566 | M8: =G45 -> 113.83276 | N8: =G71 -> 95.700989
A9: Residential | B9: =Résultats!N$102/1000000 -> 0.90043686 | C9: ='T energie usages'!I14*3.2*Résultats!L250 -> 22.123013 | D9: ='T energie usages'!J14/'T energie usages'!J$20*(Résultats!N$159+Résultats!N$160+Résultats!N$161)/1000000 -> 6.9660182 | E9: =('T energie usages'!K14-5)*2.394*Résultats!L251 -> 35.454437 | F9: 0 | G9: =SUM(B9:F9) -> 65.443905 | K9: Residentiel | L9: =G22 -> 54.964058 | M9: =G48 -> 45.310525 | N9: =G74 -> 39.110075
A10: Service | B10: =(Résultats!N$135+Résultats!N$136)/1000000 -> 0 | C10: =(Résultats!N$155+Résultats!N$156)/1000000 -> 12.462403 | D10: ='T energie usages'!J15/'T energie usages'!J$20*(Résultats!N$159+Résultats!N$160+Résultats!N$161)/1000000 -> 6.6120429 | E10: =(Résultats!N$181+Résultats!N$182)/1000000 -> 16.321585 | F10: 0 | G10: =SUM(B10:F10) -> 35.39603 | K10: Service | L10: =G23 -> 26.808207 | M10: =G49 -> 21.154627 | N10: =G75 -> 16.752541
A11: Industry and agriculture | B11: =B12+B13 -> 19.550146 | C11: =C12+C13 -> 62.829798 | D11: =D12+D13 -> 5.6260478 | E11: =E12+E13 -> 24.348839 | F11: =F12+F13 -> 12.058818 | G11: =SUM(B11:F11) -> 124.41365 | K11: Industrie et agriculture | L11: =G24 -> 96.100582 | M11: =G50 -> 105.86992 | N11: =G76 -> 124.47346
A12: Industry | B12: =(Résultats!N$129+Résultats!N$130+Résultats!N$131+Résultats!N$132+Résultats!N$133+Résultats!N$134)/1000000 -> 19.550146 | C12: =(Résultats!N$138+Résultats!N$140+Résultats!N$141+Résultats!N$142+Résultats!N$143+Résultats!N$144+Résultats!N$145+Résultats!N$146+Résultats!N$147+Résultats!N$148+Résultats!N$149)/1000000 -> 55.739319 | D12: ='T energie usages'!J17/'T energie usages'!J$20*(Résultats!N$159+Résultats!N$160+Résultats!N$161)/1000000 -> 5.4691952 | E12: =(Résultats!N$164+Résultats!N$165+Résultats!N$166+Résultats!N$167+Résultats!N$168+Résultats!N$169+Résultats!N$170+Résultats!N$171+Résultats!N$172+Résultats!N$173+Résultats!N$174+Résultats!N$175+Résultats!N$183+Résultats!N$185)/1000000 -> 23.736805 | F12: =Résultats!N$100/1000000 -> 12.058818 | G12: =SUM(B12:F12) -> 116.55428 | K12: Total | L12: =SUM(L8:L11) -> 304.8285 | M12: =SUM(M8:M11) -> 286.16782 | N12: =SUM(N8:N11) -> 276.03706
A13: Agriculture | B13: 0 | C13: =(Résultats!N$139)/1000000 -> 7.0904795 | D13: ='T energie usages'!J19/'T energie usages'!J$20*(Résultats!N$159+Résultats!N$160+Résultats!N$161)/1000000 -> 0.15685265 | E13: =(Résultats!N$163)/1000000 -> 0.61203409 | F13: 0 | G13: =SUM(B13:F13) -> 7.8593663
A14: Total Final MTEC | B14: =SUM(B9:B11)+B6 -> 20.450583 | C14: =SUM(C9:C11)+C6 -> 227.51957 | D14: =SUM(D9:D11)+D6 -> 19.80309 | E14: =SUM(E9:E11)+E6 -> 76.51024 | F14: =SUM(F9:F11)+F6 -> 12.058818 | G14: =SUM(B14:F14) -> 356.3423
A15: Verif | B15: =(Résultats!N$102+Résultats!N$129+Résultats!N$130+Résultats!N$131+Résultats!N$132+Résultats!N$133+Résultats!N$134+Résultats!N$135+Résultats!N$136)/1000000 -> 20.450583 | C15: =(Résultats!N$104+Résultats!N$138+Résultats!N$139+Résultats!N$140+Résultats!N$141+Résultats!N$142+Résultats!N$143+Résultats!N$144+Résultats!N$145+Résultats!N$146+Résultats!N$147+Résultats!N$148+Résultats!N$149+Résultats!N$150+Résultats!N$151+Résultats!N$152+Résultats!N$153+Résultats!N$154+Résultats!N$155+Résultats!N$156)/1000000 -> 226.78486 | D15: =(Résultats!N$159+Résultats!N$160+Résultats!N$161)/1000000 -> 19.807992 | E15: =(Résultats!N$106+Résultats!N$163+Résultats!N$164+Résultats!N$165+Résultats!N$166+Résultats!N$167+Résultats!N$168+Résultats!N$169+Résultats!N$170+Résultats!N$171+Résultats!N$172+Résultats!N$173+Résultats!N$174+Résultats!N$175+Résultats!N$176+Résultats!N$177+Résultats!N$178+Résultats!N$179+Résultats!N$180+Résultats!N$181+Résultats!N$182+Résultats!N$183+Résultats!N$185)/1000000 -> 68.206643 | F15: =Résultats!N$100/1000000 -> 12.058818 | G15: =SUM(B15:F15) -> 347.3089
G16: =Résultats!N$194/1000000 -> 347.3089
A18: 2020 | B18: coal | C18: oil | D18: elec | E18: gas | F18: decarb | G18: Total
A19: Transport | B19: =B20+B21 -> 0 | C19: =C20+C21 -> 126.01611 | D19: =D20+D21 -> 0.52019736 | E19: =E20+E21 -> 0.41935056 | F19: =F20+F21 -> 0 | G19: =SUM(B19:F19) -> 126.95566
A20: Personal vehicles | B20: 0 | C20: ='T energie usages'!I25*3.2*Résultats!S250 -> 72.167009 | D20: ='T energie usages'!J25/'T energie usages'!J$33*(Résultats!S$159+Résultats!S$160+Résultats!S$161)/1000000 -> 0.039832283 | E20: ='T energie usages'!K25*2.394*Résultats!S251 -> 3.5310256e-05 | F20: 0 | G20: =SUM(B20:F20) -> 72.206877
A21: Public and freight transport | B21: 0 | C21: =(Résultats!S$150+Résultats!S$151+Résultats!S$152+Résultats!S$153+Résultats!S$154)/1000000 -> 53.849098 | D21: ='T energie usages'!J26/'T energie usages'!J$33*(Résultats!S$159+Résultats!S$160+Résultats!S$161)/1000000 -> 0.48036508 | E21: =(Résultats!S$176+Résultats!S$177+Résultats!S$178+Résultats!S$179+Résultats!S$180)/1000000 -> 0.41931525 | F21: 0 | G21: =SUM(B21:F21) -> 54.748778
A22: Residential | B22: =Résultats!S$102/1000000 -> 0.80611178 | C22: ='T energie usages'!I27*3.2*Résultats!S250 -> 19.097652 | D22: ='T energie usages'!J27/'T energie usages'!J$33*(Résultats!S$159+Résultats!S$160+Résultats!S$161)/1000000 -> 5.3516058 | E22: =('T energie usages'!K27-7)*2.394*Résultats!S251 -> 29.708688 | F22: 0 | G22: =SUM(B22:F22) -> 54.964058
A23: Service | B23: =(Résultats!S$135+Résultats!S$136)/1000000 -> 0 | C23: =(Résultats!S$155+Résultats!S$156)/1000000 -> 9.0478276 | D23: ='T energie usages'!J28/'T energie usages'!J$33*(Résultats!S$159+Résultats!S$160+Résultats!S$161)/1000000 -> 4.7251646 | E23: =(Résultats!S$181+Résultats!S$182)/1000000 -> 13.035215 | F23: 0 | G23: =SUM(B23:F23) -> 26.808207
A24: Industry and agriculture | B24: =B25+B26 -> 10.631845 | C24: =C25+C26 -> 44.303423 | D24: =D25+D26 -> 3.5127789 | E24: =E25+E26 -> 24.160874 | F24: =F25+F26 -> 13.491661 | G24: =SUM(B24:F24) -> 96.100582
A25: Industry | B25: =(Résultats!S$129+Résultats!S$130+Résultats!S$131+Résultats!S$132+Résultats!S$133+Résultats!S$134)/1000000 -> 10.631845 | C25: =(Résultats!S$138+Résultats!S$140+Résultats!S$141+Résultats!S$142+Résultats!S$143+Résultats!S$144+Résultats!S$145+Résultats!S$146+Résultats!S$147+Résultats!S$148+Résultats!V$149)/1000000 -> 37.392595 | D25: ='T energie usages'!J30/'T energie usages'!J$33*(Résultats!S$159+Résultats!S$160+Résultats!S$161)/1000000 -> 3.3993464 | E25: =(Résultats!S$164+Résultats!S$165+Résultats!S$166+Résultats!S$167+Résultats!S$168+Résultats!S$169+Résultats!S$170+Résultats!S$171+Résultats!S$172+Résultats!S$173+Résultats!S$174+Résultats!S$175+Résultats!S$183+Résultats!S$185)/1000000 -> 23.618014 | F25: =Résultats!S$100/1000000 -> 13.491661 | G25: =SUM(B25:F25) -> 88.533461
A26: Agriculture | B26: 0 | C26: =(Résultats!S$139)/1000000 -> 6.9108283 | D26: ='T energie usages'!J32/'T energie usages'!J$33*(Résultats!S$159+Résultats!S$160+Résultats!S$161)/1000000 -> 0.11343254 | E26: =(Résultats!S$163)/1000000 -> 0.54286044 | F26: 0 | G26: =SUM(B26:F26) -> 7.5671212
A27: Total Final MTEC | B27: =SUM(B22:B24)+B19 -> 11.437957 | C27: =SUM(C22:C24)+C19 -> 198.46501 | D27: =SUM(D22:D24)+D19 -> 14.109747 | E27: =SUM(E22:E24)+E19 -> 67.324128 | F27: =SUM(F22:F24)+F19 -> 13.491661 | G27: =SUM(B27:F27) -> 304.8285
A28: Verif | B28: =(Résultats!S$102+Résultats!S$129+Résultats!S$130+Résultats!S$131+Résultats!S$132+Résultats!S$133+Résultats!S$134+Résultats!S$135+Résultats!S$136)/1000000 -> 11.437957 | C28: =(Résultats!S$104+Résultats!S$138+Résultats!S$139+Résultats!S$140+Résultats!S$141+Résultats!S$142+Résultats!S$143+Résultats!S$144+Résultats!S$145+Résultats!S$146+Résultats!S$147+Résultats!S$148+Résultats!S$149+Résultats!S$150+Résultats!S$151+Résultats!S$152+Résultats!S$153+Résultats!S$154+Résultats!S$155+Résultats!S$156)/1000000 -> 198.52016 | D28: =(Résultats!S$159+Résultats!S$160+Résultats!S$161)/1000000 -> 14.109747 | E28: =(Résultats!S$106+Résultats!S$163+Résultats!S$164+Résultats!S$165+Résultats!S$166+Résultats!S$167+Résultats!S$168+Résultats!S$169+Résultats!S$170+Résultats!S$171+Résultats!S$172+Résultats!S$173+Résultats!S$174+Résultats!S$175+Résultats!S$176+Résultats!S$177+Résultats!S$178+Résultats!S$179+Résultats!S$180+Résultats!S$181+Résultats!S$182+Résultats!S$183)/1000000 -> 61.254417 | F28: =Résultats!S$100/1000000 -> 13.491661 | G28: =SUM(B28:F28) -> 298.81394
G29: =Résultats!S$194/1000000 -> 299.09434
A31: 2025 | B31: coal | C31: oil | D31: elec | E31: gas | F31: decarb | G31: Total
A32: Transport | B32: =B33+B34 -> 0 | C32: =C33+C34 -> 118.53626 | D32: =D33+D34 -> 0.28006273 | E32: =E33+E34 -> 0.90148457 | F32: =F33+F34 -> 0 | G32: =SUM(B32:F32) -> 119.7178
A33: Personal vehicles | B33: 0 | C33: ='T energie usages'!I64*3.2*Résultats!X250 -> 63.738849 | D33: ='T energie usages'!J64/'T energie usages'!J$72*(Résultats!X$159+Résultats!X$160+Résultats!X$161)/1000000 -> 0.04894215 | E33: ='T energie usages'!K64*2.394*Résultats!X251 -> 5.4937011e-05 | F33: 0 | G33: =SUM(B33:F33) -> 63.787846
A34: Public and freight transport | B34: 0 | C34: =(Résultats!X$150+Résultats!X$151+Résultats!X$152+Résultats!X$153+Résultats!X$154)/1000000 -> 54.797409 | D34: ='T energie usages'!J65/'T energie usages'!J$72*(Résultats!X$159+Résultats!X$160+Résultats!X$161)/1000000 -> 0.23112058 | E34: =(Résultats!X$176+Résultats!X$177+Résultats!X$178+Résultats!X$179+Résultats!X$180)/1000000 -> 0.90142963 | F34: 0 | G34: =SUM(B34:F34) -> 55.929959
A35: Residential | B35: =Résultats!X$102/1000000 -> 0.676058 | C35: ='T energie usages'!I66*3.2*Résultats!X250 -> 16.105779 | D35: ='T energie usages'!J66/'T energie usages'!J$72*(Résultats!X$159+Résultats!X$160+Résultats!X$161)/1000000 -> 2.4106651 | E35: =('T energie usages'!K66-8)*2.394*Résultats!X251 -> 28.799386 | F35: 0 | G35: =SUM(B35:F35) -> 47.991888
A36: Service | B36: =(Résultats!X$135+Résultats!X$136)/1000000 -> 0 | C36: =(Résultats!X$155+Résultats!X$156)/1000000 -> 8.3146489 | D36: ='T energie usages'!J67/'T energie usages'!J$72*(Résultats!X$159+Résultats!X$160+Résultats!X$161)/1000000 -> 2.1902434 | E36: =(Résultats!X$181+Résultats!X$182)/1000000 -> 12.488564 | F36: 0 | G36: =SUM(B36:F36) -> 22.993456
A37: Industry and agriculture | B37: =B38+B39 -> 10.309901 | C37: =C38+C39 -> 46.773328 | D37: =D38+D39 -> 1.7629601 | E37: =E38+E39 -> 24.456854 | F37: =F38+F39 -> 14.406981 | G37: =SUM(B37:F37) -> 97.710025
A38: Industry | B38: =(Résultats!X$129+Résultats!X$130+Résultats!X$131+Résultats!X$132+Résultats!X$133+Résultats!X$134)/1000000 -> 10.309901 | C38: =(Résultats!X$138+Résultats!X$140+Résultats!X$141+Résultats!X$142+Résultats!X$143+Résultats!X$144+Résultats!X$145+Résultats!X$146+Résultats!X$147+Résultats!X$148+Résultats!X149)/1000000 -> 39.6971 | D38: ='T energie usages'!J69/'T energie usages'!J$72*(Résultats!X$159+Résultats!X$160+Résultats!X$161)/1000000 -> 1.708896 | E38: =(Résultats!X$164+Résultats!X$165+Résultats!X$166+Résultats!X$167+Résultats!X$168+Résultats!X$169+Résultats!X$170+Résultats!X$171+Résultats!X$172+Résultats!X$173+Résultats!X$174+Résultats!X$175+Résultats!X$183+Résultats!X$185)/1000000 -> 23.892607 | F38: =Résultats!X$100/1000000 -> 14.406981 | G38: =SUM(B38:F38) -> 90.015484
A39: Agriculture | B39: 0 | C39: =(Résultats!X$139)/1000000 -> 7.0762287 | D39: ='T energie usages'!J71/'T energie usages'!J$72*(Résultats!X$159+Résultats!X$160+Résultats!X$161)/1000000 -> 0.054064085 | E39: =(Résultats!X$163)/1000000 -> 0.56424767 | F39: 0 | G39: =SUM(B39:F39) -> 7.6945405
A40: Total Final MTEC | B40: =SUM(B35:B37)+B32 -> 10.985959 | C40: =SUM(C35:C37)+C32 -> 189.73001 | D40: =SUM(D35:D37)+D32 -> 6.6439314 | E40: =SUM(E35:E37)+E32 -> 66.646288 | F40: =SUM(F35:F37)+F32 -> 14.406981 | G40: =SUM(B40:F40) -> 288.41317
A41: Verif | B41: =(Résultats!X$102+Résultats!X$129+Résultats!X$130+Résultats!X$131+Résultats!X$132+Résultats!X$133+Résultats!X$134+Résultats!X$135+Résultats!X$136)/1000000 -> 10.985959 | C41: =(Résultats!X$104+Résultats!X$139+Résultats!X$140+Résultats!X$141+Résultats!X$142+Résultats!X$143+Résultats!X$144+Résultats!X$145+Résultats!X$146+Résultats!X$147+Résultats!X$148+Résultats!X$149+Résultats!X$150+Résultats!X$151+Résultats!X$152+Résultats!X$153+Résultats!X$154+Résultats!X$155+Résultats!X$156++Résultats!X$157)/1000000 -> 189.77826 | D41: =(Résultats!X$159+Résultats!X$160+Résultats!X$161)/1000000 -> 6.6439314 | E41: =(Résultats!X$106+Résultats!X$163+Résultats!X$164+Résultats!X$165+Résultats!X$166+Résultats!X$167+Résultats!X$168+Résultats!X$169+Résultats!X$170+Résultats!X$171+Résultats!X$172+Résultats!X$173+Résultats!X$174+Résultats!X$175+Résultats!X$176+Résultats!X$177+Résultats!X$178+Résultats!X$179+Résultats!X$180+Résultats!X$181+Résultats!X$182+Résultats!X$183)/1000000 -> 58.45573 | F41: =Résultats!X$100/1000000 -> 14.406981 | G41: =SUM(B41:F41) -> 280.27086
G42: =Résultats!X$194/1000000 -> 280.51829
A44: 2030 | B44: coal | C44: oil | D44: elec | E44: gas | F44: decarb | G44: Total
A45: Transport | B45: =B46+B47 -> 0 | C45: =C46+C47 -> 111.49685 | D45: =D46+D47 -> 0.34465632 | E45: =E46+E47 -> 1.9912456 | F45: =F46+F47 -> 0 | G45: =SUM(B45:F45) -> 113.83276
A46: Personal vehicles | B46: 0 | C46: ='T energie usages'!I77*3.2*Résultats!AC250 -> 57.006782 | D46: ='T energie usages'!J77/'T energie usages'!J$85*(Résultats!AC$159+Résultats!AC$160+Résultats!AC$161)/1000000 -> 0.10529879 | E46: ='T energie usages'!K77*2.394*Résultats!AC251 -> 7.7200225e-05 | F46: 0 | G46: =SUM(B46:F46) -> 57.112158
A47: Public and freight transport | B47: 0 | C47: =(Résultats!AC$150+Résultats!AC$151+Résultats!AC$152+Résultats!AC$153+Résultats!AC$154)/1000000 -> 54.490071 | D47: ='T energie usages'!J78/'T energie usages'!J$85*(Résultats!AC$159+Résultats!AC$160+Résultats!AC$161)/1000000 -> 0.23935753 | E47: =(Résultats!AC$176+Résultats!AC$177+Résultats!AC$178+Résultats!AC$179+Résultats!AC$180)/1000000 -> 1.9911684 | F47: 0 | G47: =SUM(B47:F47) -> 56.720597
A48: Residential | B48: =Résultats!AC$102/1000000 -> 0.59777143 | C48: ='T energie usages'!I79*3.2*Résultats!AC250 -> 15.059937 | D48: ='T energie usages'!J79/'T energie usages'!J$85*(Résultats!AC$159+Résultats!AC$160+Résultats!AC$161)/1000000 -> 2.1745622 | E48: =('T energie usages'!K79-8)*2.394*Résultats!AC251 -> 27.478255 | F48: 0 | G48: =SUM(B48:F48) -> 45.310525
A49: Service | B49: =(Résultats!AC$135+Résultats!AC$136)/1000000 -> 0 | C49: =(Résultats!AC$155+Résultats!AC$156)/1000000 -> 7.2069383 | D49: ='T energie usages'!J80/'T energie usages'!J$85*(Résultats!AC$159+Résultats!AC$160+Résultats!AC$161)/1000000 -> 2.0208278 | E49: =(Résultats!AC$181+Résultats!AC$182)/1000000 -> 11.926861 | F49: 0 | G49: =SUM(B49:F49) -> 21.154627
A50: Industry and agriculture | B50: =B51+B52 -> 10.958244 | C50: =C51+C52 -> 52.54101 | D50: =D51+D52 -> 1.7617657 | E50: =E51+E52 -> 25.746232 | F50: =F51+F52 -> 14.862665 | G50: =SUM(B50:F50) -> 105.86992
A51: Industry | B51: =(Résultats!AC$129+Résultats!AC$130+Résultats!AC$131+Résultats!AC$132+Résultats!AC$133+Résultats!AC$134)/1000000 -> 10.958244 | C51: =(Résultats!AC$138+Résultats!AC$140+Résultats!AC$141+Résultats!AC$142+Résultats!AC$143+Résultats!AC$144+Résultats!AC$145+Résultats!AC$146+Résultats!AC$147+Résultats!AC$148+Résultats!AC$149)/1000000 -> 44.952801 | D51: ='T energie usages'!J82/'T energie usages'!J$85*(Résultats!AC$159+Résultats!AC$160+Résultats!AC$161)/1000000 -> 1.7123324 | E51: =(Résultats!AC$164+Résultats!AC$165+Résultats!AC$166+Résultats!AC$167+Résultats!AC$168+Résultats!AC$169+Résultats!AC$170+Résultats!AC$171+Résultats!AC$172+Résultats!AC$173+Résultats!AC$174+Résultats!AC$175+Résultats!AC$183+Résultats!AC$185)/1000000 -> 25.18444 | F51: =Résultats!AC$100/1000000 -> 14.862665 | G51: =SUM(B51:F51) -> 97.670482
A52: Agriculture | B52: 0 | C52: =(Résultats!AC$139)/1000000 -> 7.5882092 | D52: ='T energie usages'!J84/'T energie usages'!J$85*(Résultats!AC$159+Résultats!AC$160+Résultats!AC$161)/1000000 -> 0.04943329 | E52: =(Résultats!AC$163)/1000000 -> 0.56179231 | F52: 0 | G52: =SUM(B52:F52) -> 8.1994348
A53: Total Final MTEC | B53: =SUM(B48:B50)+B45 -> 11.556015 | C53: =SUM(C48:C50)+C45 -> 186.30474 | D53: =SUM(D48:D50)+D45 -> 6.3018121 | E53: =SUM(E48:E50)+E45 -> 67.142593 | F53: =SUM(F48:F50)+F45 -> 14.862665 | G53: =SUM(B53:F53) -> 286.16782
A54: Verif | B54: =(Résultats!AC$102+Résultats!AC$129+Résultats!AC$130+Résultats!AC$131+Résultats!AC$132+Résultats!AC$133+Résultats!AC$134+Résultats!AC$135+Résultats!AC$136)/1000000 -> 11.556015 | C54: =(Résultats!AC$104+Résultats!AC$138+Résultats!AC$139+Résultats!AC$140+Résultats!AC$141+Résultats!AC$142+Résultats!AC$143+Résultats!AC$144+Résultats!AC$145+Résultats!AC$146+Résultats!AC$147+Résultats!AC$148+Résultats!AC$149+Résultats!AC$150+Résultats!AC$151+Résultats!AC$152+Résultats!AC$153+Résultats!AC$154+Résultats!AC$155+Résultats!AC$156)/1000000 -> 186.34829 | D54: =(Résultats!AC$159+Résultats!AC$160+Résultats!AC$161)/1000000 -> 6.3018121 | E54: =(Résultats!AC$106+Résultats!AC$163+Résultats!AC$164+Résultats!AC$165+Résultats!AC$166+Résultats!AC$167+Résultats!AC$168+Résultats!AC$169+Résultats!AC$170+Résultats!AC$171+Résultats!AC$172+Résultats!AC$173+Résultats!AC$174+Résultats!AC$175+Résultats!AC$176+Résultats!AC$177+Résultats!AC$178+Résultats!AC$179+Résultats!AC$180+Résultats!AC$181+Résultats!AC$182+Résultats!AC$183)/1000000 -> 58.285017 | F54: =Résultats!AC$100/1000000 -> 14.862665 | G54: =SUM(B54:F54) -> 277.3538
G55: =Résultats!AC$194/1000000 -> 277.59642
A57: 2035 | B57: coal | C57: oil | D57: elec | E57: gas | F57: decarb | G57: Total
A58: Transport | B58: =B59+B60 -> 0 | C58: =C59+C60 -> 102.57148 | D58: =D59+D60 -> 0.46967519 | E58: =E59+E60 -> 3.2962871 | F58: =F59+F60 -> 0 | G58: =SUM(B58:F58) -> 106.33744
A59: Personal vehicles | B59: 0 | C59: ='T energie usages'!I90*3.2*Résultats!AH250 -> 49.755736 | D59: ='T energie usages'!J90/'T energie usages'!J$98*(Résultats!AH$159+Résultats!AH$160+Résultats!AH$161)/1000000 -> 0.18480419 | E59: ='T energie usages'!K90*2.394*Résultats!AH251 -> 9.0338814e-05 | F59: 0 | G59: =SUM(B59:F59) -> 49.94063
A60: Public and freight transport | B60: 0 | C60: =(Résultats!AH$150+Résultats!AH$151+Résultats!AH$152+Résultats!AH$153+Résultats!AH$154)/1000000 -> 52.81574 | D60: ='T energie usages'!J91/'T energie usages'!J$98*(Résultats!AH$159+Résultats!AH$160+Résultats!AH$161)/1000000 -> 0.284871 | E60: =(Résultats!AH$176+Résultats!AH$177+Résultats!AH$178+Résultats!AH$179+Résultats!AH$180)/1000000 -> 3.2961968 | F60: 0 | G60: =SUM(B60:F60) -> 56.396807
A61: Residential | B61: =Résultats!AH$102/1000000 -> 0.54167662 | C61: ='T energie usages'!I92*3.2*Résultats!AH250 -> 14.33476 | D61: ='T energie usages'!J92/'T energie usages'!J$98*(Résultats!AH$159+Résultats!AH$160+Résultats!AH$161)/1000000 -> 2.1881176 | E61: =('T energie usages'!K92-8)*2.394*Résultats!AH251 -> 26.524608 | F61: 0 | G61: =SUM(B61:F61) -> 43.589163
A62: Service | B62: =(Résultats!AH$135+Résultats!AH$136)/1000000 -> 0 | C62: =(Résultats!AH$155+Résultats!AH$156)/1000000 -> 6.434071 | D62: ='T energie usages'!J93/'T energie usages'!J$98*(Résultats!AH$159+Résultats!AH$160+Résultats!AH$161)/1000000 -> 2.0133302 | E62: =(Résultats!AH$181+Résultats!AH$182)/1000000 -> 11.056551 | F62: 0 | G62: =SUM(B62:F62) -> 19.503952
A63: Industry and agriculture | B63: =B64+B65 -> 11.28183 | C63: =C64+C65 -> 56.026359 | D63: =D64+D65 -> 1.8228511 | E63: =E64+E65 -> 25.53531 | F63: =F64+F65 -> 15.312771 | G63: =SUM(B63:F63) -> 109.97912
A64: Industry | B64: =(Résultats!AH$129+Résultats!AH$130+Résultats!AH$131+Résultats!AH$132+Résultats!AH$133+Résultats!AH$134)/1000000 -> 11.28183 | C64: =(Résultats!AH$138+Résultats!AH$140+Résultats!AH$141+Résultats!AH$142+Résultats!AH$143+Résultats!AH$144+Résultats!AH$145+Résultats!AH$146+Résultats!AH$147+Résultats!AH$148+Résultats!AH$149)/1000000 -> 47.808712 | D64: ='T energie usages'!J95/'T energie usages'!J$98*(Résultats!AH$159+Résultats!AH$160+Résultats!AH$161)/1000000 -> 1.7716563 | E64: =(Résultats!AH$164+Résultats!AH$165+Résultats!AH$166+Résultats!AH$167+Résultats!AH$168+Résultats!AH$169+Résultats!AH$170+Résultats!AH$171+Résultats!AH$172+Résultats!AH$173+Résultats!AH$174+Résultats!AH$175+Résultats!AH$183+Résultats!AH$185)/1000000 -> 24.971426 | F64: =Résultats!AH$100/1000000 -> 15.312771 | G64: =SUM(B64:F64) -> 101.1464
A65: Agriculture | B65: 0 | C65: =(Résultats!AH$139)/1000000 -> 8.2176469 | D65: ='T energie usages'!J97/'T energie usages'!J$98*(Résultats!AH$159+Résultats!AH$160+Résultats!AH$161)/1000000 -> 0.051194766 | E65: =(Résultats!AH$163)/1000000 -> 0.56388353 | F65: 0 | G65: =SUM(B65:F65) -> 8.8327252
A66: Total Final MTEC | B66: =SUM(B61:B63)+B58 -> 11.823506 | C66: =SUM(C61:C63)+C58 -> 179.36667 | D66: =SUM(D61:D63)+D58 -> 6.4939741 | E66: =SUM(E61:E63)+E58 -> 66.412756 | F66: =SUM(F61:F63)+F58 -> 15.312771 | G66: =SUM(B66:F66) -> 279.40967
A67: Verif | B67: =(Résultats!AH$102+Résultats!AH$129+Résultats!AH$130+Résultats!AH$131+Résultats!AH$132+Résultats!AH$133+Résultats!AH$134+Résultats!AH$135+Résultats!AH$136)/1000000 -> 11.823506 | C67: =(Résultats!AH$104+Résultats!AH$138+Résultats!AH$139+Résultats!AH$140+Résultats!AH$141+Résultats!AH$142+Résultats!AH$143+Résultats!AH$144+Résultats!AH$145+Résultats!AH$146+Résultats!AH$147+Résultats!AH$148+Résultats!AH$149+Résultats!AH$150+Résultats!AH$151+Résultats!AH$152+Résultats!AH$153+Résultats!AH$154+Résultats!AH$155+Résultats!AH$156)/1000000 -> 179.4054 | D67: =(Résultats!AH$159+Résultats!AH$160+Résultats!AH$161)/1000000 -> 6.4939741 | E67: =(Résultats!AH$106+Résultats!AH$163+Résultats!AH$164+Résultats!AH$165+Résultats!AH$166+Résultats!AH$167+Résultats!AH$168+Résultats!AH$169+Résultats!AH$170+Résultats!AH$171+Résultats!AH$172+Résultats!AH$173+Résultats!AH$174+Résultats!AH$175+Résultats!AH$176+Résultats!AH$177+Résultats!AH$178+Résultats!AH$179+Résultats!AH$180+Résultats!AH$181+Résultats!AH$182+Résultats!AH$183)/1000000 -> 56.982728 | F67: =Résultats!AH$100/1000000 -> 15.312771 | G67: =SUM(B67:F67) -> 270.01837
G68: =Résultats!AH$194/1000000 -> 270.25299
A70: 2050 | B70: coal | C70: oil | D70: elec | E70: gas | F70: decarb | G70: Total
A71: Transport | B71: =B72+B73 -> 0.35860301 | C71: =C72+C73 -> 88.935835 | D71: =D72+D73 -> 1.3176631 | E71: =E72+E73 -> 5.0888875 | F71: =F72+F73 -> 0 | G71: =SUM(B71:F71) -> 95.700989
A72: Personal vehicles | B72: =Résultats!AF$118/1000000 -> 0.35860301 | C72: ='T energie usages'!I116*3.2*Résultats!AW250 -> 30.560485 | D72: ='T energie usages'!J116/'T energie usages'!J$124*(Résultats!AW$159+Résultats!AW$160+Résultats!AW$161)/1000000 -> 0.70274507 | E72: ='T energie usages'!K116*2.394*Résultats!AW251 -> 0.00010548334 | F72: 0 | G72: =SUM(B72:F72) -> 31.621938
A73: Public and freight transport | B73: 0 | C73: =(Résultats!AW$150+Résultats!AW$151+Résultats!AW$152+Résultats!AW$153+Résultats!AW$154)/1000000 -> 58.37535 | D73: ='T energie usages'!J117/'T energie usages'!J$124*(Résultats!AW$159+Résultats!AW$160+Résultats!AW$161)/1000000 -> 0.61491801 | E73: =(Résultats!AW$176+Résultats!AW$177+Résultats!AW$178+Résultats!AW$179+Résultats!AW$180)/1000000 -> 5.088782 | F73: 0 | G73: =SUM(B73:F73) -> 64.07905
A74: Residential | B74: =Résultats!AW$102/1000000 -> 0.40449513 | C74: ='T energie usages'!I118*3.2*Résultats!AW250 -> 11.896627 | D74: ='T energie usages'!J118/'T energie usages'!J$124*(Résultats!AW$159+Résultats!AW$160+Résultats!AW$161)/1000000 -> 3.6076399 | E74: =('T energie usages'!K118-8)*2.394*Résultats!AW251 -> 23.201313 | F74: 0 | G74: =SUM(B74:F74) -> 39.110075
A75: Service | B75: =(Résultats!AW$135+Résultats!AW$136)/1000000 -> 0 | C75: =(Résultats!AW$155+Résultats!AW$156)/1000000 -> 5.7135277 | D75: ='T energie usages'!J119/'T energie usages'!J$124*(Résultats!AW$159+Résultats!AW$160+Résultats!AW$161)/1000000 -> 2.7849972 | E75: =(Résultats!AW$181+Résultats!AW$182)/1000000 -> 8.2540162 | F75: 0 | G75: =SUM(B75:F75) -> 16.752541
A76: Industry and agriculture | B76: =B77+B78 -> 11.892953 | C76: =C77+C78 -> 64.159983 | D76: =D77+D78 -> 3.7186316 | E76: =E77+E78 -> 27.371751 | F76: =F77+F78 -> 17.330137 | G76: =SUM(B76:F76) -> 124.47346
A77: Industry | B77: =(Résultats!AW$129+Résultats!AW$130+Résultats!AW$131+Résultats!AW$132+Résultats!AW$133+Résultats!AW$134)/1000000 -> 11.892953 | C77: =(Résultats!AW$138+Résultats!AW$140+Résultats!AW$141+Résultats!AW$142+Résultats!AW$143+Résultats!AW$144+Résultats!AW$145+Résultats!AW$146+Résultats!AW$147+Résultats!AW$148+Résultats!AW$149)/1000000 -> 53.666132 | D77: ='T energie usages'!J121/'T energie usages'!J$124*(Résultats!AW$159+Résultats!AW$160+Résultats!AW$161)/1000000 -> 3.6183271 | E77: =(Résultats!AW162+Résultats!AW$164+Résultats!AW$165+Résultats!AW$166+Résultats!AW$167+Résultats!AW$168+Résultats!AW$169+Résultats!AW$170+Résultats!AW$171+Résultats!AW$172+Résultats!AW$173+Résultats!AW$174+Résultats!AW$175+Résultats!AW$183)/1000000 -> 26.73402 | F77: =Résultats!AW$100/1000000 -> 17.330137 | G77: =SUM(B77:F77) -> 113.24157
A78: Agriculture | B78: 0 | C78: =(Résultats!AW$139)/1000000 -> 10.493851 | D78: ='T energie usages'!J123/'T energie usages'!J$124*(Résultats!AW$159+Résultats!AW$160+Résultats!AW$161)/1000000 -> 0.10030456 | E78: =(Résultats!AW$163)/1000000 -> 0.63773134 | F78: 0 | G78: =SUM(B78:F78) -> 11.231887
A79: Total Final MTEC | B79: =SUM(B74:B76)+B71 -> 12.656051 | C79: =SUM(C74:C76)+C71 -> 170.70597 | D79: =SUM(D74:D76)+D71 -> 11.428932 | E79: =SUM(E74:E76)+E71 -> 63.915968 | F79: =SUM(F74:F76)+F71 -> 17.330137 | G79: =SUM(B79:F79) -> 276.03706
A80: Verif | B80: =(Résultats!AW$102+Résultats!AW$129+Résultats!AW$130+Résultats!AW$131+Résultats!AW$132+Résultats!AW$133+Résultats!AW$134+Résultats!AW$135+Résultats!AW$136)/1000000 -> 12.297448 | C80: =(Résultats!AW$104+Résultats!AW$138+Résultats!AW$139+Résultats!AW$140+Résultats!AW$141+Résultats!AW$142+Résultats!AW$143+Résultats!AW$144+Résultats!AW$145+Résultats!AW$146+Résultats!AW$147+Résultats!AW$148+Résultats!AW$149+Résultats!AW$150+Résultats!AW$151+Résultats!AW$152+Résultats!AW$153+Résultats!AW$154+Résultats!AW$155+Résultats!AW$156)/1000000 -> 170.73163 | D80: =(Résultats!AW$159+Résultats!AW$160+Résultats!AW$161)/1000000 -> 11.428932 | E80: =(Résultats!AW$106+Résultats!AW162+Résultats!AW$163+Résultats!AW$164+Résultats!AW$165+Résultats!AW$166+Résultats!AW$167+Résultats!AW$168+Résultats!AW$169+Résultats!AW$170+Résultats!AW$171+Résultats!AW$172+Résultats!AW$173+Résultats!AW$174+Résultats!AW$175+Résultats!AW$176+Résultats!AW$177+Résultats!AW$178+Résultats!AW$179+Résultats!AW$180+Résultats!AW181+Résultats!AW182+Résultats!AW183)/1000000 -> 54.623023 | F80: =Résultats!AW100/1000000 -> 17.330137 | G80: =SUM(B80:F80) -> 266.41117
G81: =Résultats!AW194/1000000 -> 266.41117

Sheet T parc auto
A1: Automobile - synthèse
E2: =Résultats!E1 -> 4 | F2: =Résultats!N1 -> 13 | G2: =F2+3 -> 16 | H2: =G2+1 -> 17 | I2: =H2+1 -> 18 | J2: =I2+1 -> 19 | K2: =J2+1 -> 20 | L2: =K2+1 -> 21 | M2: =L2+1 -> 22 | N2: =M2+1 -> 23 | O2: =N2+1 -> 24 | ... W2: =V2+1 -> 32 | X2: =S2+5 -> 33 | Y2: =X2+1 -> 34 | Z2: =U2+5 -> 35 | AA2: =Z2+1 -> 36 | AB2: =W2+5 -> 37 | AC2: =X2+5 -> 38 | AD2: =Y2+5 -> 39 | AE2: =Z2+5 -> 40 | AF2: =AA2+5 -> 41 | AG2: =AB2+5 -> 42 | AH2: =AC2+5 -> 43 | AI2: =AD2+5 -> 44 | ... AM2: =AH2+5 -> 48
E3: 2006 | F3: 2015 | G3: 2018 | H3: 2019 | I3: 2020 | J3: 2021 | K3: 2022 | L3: 2023 | M3: 2024 | N3: 2025 | O3: 2026 | P3: 2027 | Q3: 2028 | R3: 2029 | S3: 2030 | T3: 2031 | U3: 2032 | V3: 2033 | W3: 2034 | X3: 2035 | Y3: 2036 | Z3: 2037 | AA3: 2038 | AB3: 2039 | AC3: 2040 | AD3: 2041 | AE3: 2042 | AF3: 2043 | AG3: 2044 | AH3: 2045 | AI3: 2046 | AJ3: 2047 | AK3: 2048 | AL3: 2049 | AM3: 2050
A4: =Résultats!B1 -> TEND | C4: parc automobile (milliers) | D4: ER_AUTO_0 | E4: =E44 -> #N/A | F4: =F44 -> #N/A | G4: =G44 -> #N/A | H4: =H44 -> #N/A | I4: =I44 -> #N/A | J4: =J44 -> #N/A | K4: =K44 -> #N/A | L4: =L44 -> #N/A | ... AM4: =AM44 -> #N/A
C5: parc automobile (M) | D5: ER_AUTO_0/1000 | G5: =G4/1000 -> #N/A | H5: =H4/1000 -> #N/A | I5: =I4/1000 -> #N/A | J5: =J4/1000 -> #N/A | K5: =K4/1000 -> #N/A | L5: =L4/1000 -> #N/A | M5: =M4/1000 -> #N/A | N5: =N4/1000 -> #N/A | ... AM5: =AM4/1000 -> #N/A
C6: parc véhicules élec (%) | D6: ER_AUTO_ELEC_0/ER_AUTO_0 | G6: =G93 -> #N/A | H6: =H93 -> #N/A | I6: =I93 -> #N/A | J6: =J93 -> #N/A | K6: =K93 -> #N/A | L6: =L93 -> #N/A | M6: =M93 -> #N/A | N6: =N93 -> #N/A | ... AM6: =AM93 -> #N/A
C7: part véhicules thermiques | D7: ER_AUTO_TH_0/ER_AUTO_0 | G7: =G101 -> #N/A | H7: =H101 -> #N/A | I7: =I101 -> #N/A | J7: =J101 -> #N/A | K7: =K101 -> #N/A | L7: =L101 -> #N/A | M7: =M101 -> #N/A | N7: =N101 -> #N/A | ... AM7: =AM101 -> #N/A
C8: verif | G8: =SUM(G6:G7) -> #N/A | H8: =SUM(H6:H7) -> #N/A | I8: =SUM(I6:I7) -> #N/A | J8: =SUM(J6:J7) -> #N/A | K8: =SUM(K6:K7) -> #N/A | L8: =SUM(L6:L7) -> #N/A | M8: =SUM(M6:M7) -> #N/A | N8: =SUM(N6:N7) -> #N/A | ... AM8: =SUM(AM6:AM7) -> #N/A
I12: 2020 | J12: 2030 | K12: 2050
C13: parc véhicules élec (%) | I13: =I93 -> #N/A | J13: =S93 -> #N/A | K13: =AM93 -> #N/A
C14: Electriques | I14: =I93 -> #N/A | J14: =S93 -> #N/A | K14: =AM93 -> #N/A
C15: parc véhicules thermiques (%) | I15: =I101 -> #N/A | J15: =S101 -> #N/A | K15: =AM101 -> #N/A
C16: Faiblement émettrices | I16: =I102+I103 -> #N/A | J16: =S102+S103 -> #N/A | K16: =AM102+AM103 -> #N/A
C17: Modérément émettrices | I17: =I104+I105+I106 -> #N/A | J17: =S104+S105+S106 -> #N/A | K17: =AM104+AM105+AM106 -> #N/A
C18: Fortement émettrices | I18: =I107+I108 -> #N/A | J18: =S107+S108 -> #N/A | K18: =AM107+AM108 -> #N/A
C19: verif | I19: =SUM(I16:I18) -> #N/A | J19: =SUM(J16:J18) -> #N/A | K19: =SUM(K16:K18) -> #N/A
A24: Automobile - detail
E25: 2006 | F25: 2015 | G25: 2018 | H25: 2019 | I25: 2020 | J25: 2021 | K25: 2022 | L25: 2023 | M25: 2024 | N25: 2025 | O25: 2026 | P25: 2027 | Q25: 2028 | R25: 2029 | S25: 2030 | T25: 2031 | U25: 2032 | V25: 2033 | W25: 2034 | X25: 2035 | Y25: 2036 | Z25: 2037 | AA25: 2038 | AB25: 2039 | AC25: 2040 | AH25: 2045 | AM25: 2050
A26: =Résultats!B1 -> TEND | B26: Ventes (milliers) | C26: New vehicle sales | D26: ER_NEWAUTO_0 | E26: =VLOOKUP($D26,Résultats!$B$2:$AZ$251,E$2,FALSE) -> #N/A | F26: =VLOOKUP($D26,Résultats!$B$2:$AZ$251,F$2,FALSE) -> #N/A | G26: =VLOOKUP($D26,Résultats!$B$2:$AZ$251,G$2,FALSE) -> #N/A | H26: =VLOOKUP($D26,Résultats!$B$2:$AZ$251,H$2,FALSE) -> #N/A | I26: =VLOOKUP($D26,Résultats!$B$2:$AZ$251,I$2,FALSE) -> #N/A | J26: =VLOOKUP($D26,Résultats!$B$2:$AZ$251,J$2,FALSE) -> #N/A | K26: =VLOOKUP($D26,Résultats!$B$2:$AZ$251,K$2,FALSE) -> #N/A | L26: =VLOOKUP($D26,Résultats!$B$2:$AZ$251,L$2,FALSE) -> #N/A | ... AM26: =VLOOKUP($D26,Résultats!$B$2:$AZ$251,AM$2,FALSE) -> #N/A
C27: electric | D27: ER_NEWAUTO_ELEC_0 | E27: =VLOOKUP($D27,Résultats!$B$2:$AZ$251,E$2,FALSE) -> #N/A | F27: =VLOOKUP($D27,Résultats!$B$2:$AZ$251,F$2,FALSE) -> #N/A | G27: =VLOOKUP($D27,Résultats!$B$2:$AZ$251,G$2,FALSE) -> #N/A | H27: =VLOOKUP($D27,Résultats!$B$2:$AZ$251,H$2,FALSE) -> #N/A | I27: =VLOOKUP($D27,Résultats!$B$2:$AZ$251,I$2,FALSE) -> #N/A | J27: =VLOOKUP($D27,Résultats!$B$2:$AZ$251,J$2,FALSE) -> #N/A | K27: =VLOOKUP($D27,Résultats!$B$2:$AZ$251,K$2,FALSE) -> #N/A | L27: =VLOOKUP($D27,Résultats!$B$2:$AZ$251,L$2,FALSE) -> #N/A | ... AM27: =VLOOKUP($D27,Résultats!$B$2:$AZ$251,AM$2,FALSE) -> #N/A
C28: Class A | D28: ER_NEWAUTO_ELEC_A_0 | E28: =VLOOKUP($D28,Résultats!$B$2:$AZ$251,E$2,FALSE) -> #N/A | F28: =VLOOKUP($D28,Résultats!$B$2:$AZ$251,F$2,FALSE) -> #N/A | G28: =VLOOKUP($D28,Résultats!$B$2:$AZ$251,G$2,FALSE) -> #N/A | H28: =VLOOKUP($D28,Résultats!$B$2:$AZ$251,H$2,FALSE) -> #N/A | I28: =VLOOKUP($D28,Résultats!$B$2:$AZ$251,I$2,FALSE) -> #N/A | J28: =VLOOKUP($D28,Résultats!$B$2:$AZ$251,J$2,FALSE) -> #N/A | K28: =VLOOKUP($D28,Résultats!$B$2:$AZ$251,K$2,FALSE) -> #N/A | L28: =VLOOKUP($D28,Résultats!$B$2:$AZ$251,L$2,FALSE) -> #N/A | ... AM28: =VLOOKUP($D28,Résultats!$B$2:$AZ$251,AM$2,FALSE) -> #N/A
C29: Class B | D29: ER_NEWAUTO_ELEC_B_0 | E29: =VLOOKUP($D29,Résultats!$B$2:$AZ$251,E$2,FALSE) -> #N/A | F29: =VLOOKUP($D29,Résultats!$B$2:$AZ$251,F$2,FALSE) -> #N/A | G29: =VLOOKUP($D29,Résultats!$B$2:$AZ$251,G$2,FALSE) -> #N/A | H29: =VLOOKUP($D29,Résultats!$B$2:$AZ$251,H$2,FALSE) -> #N/A | I29: =VLOOKUP($D29,Résultats!$B$2:$AZ$251,I$2,FALSE) -> #N/A | J29: =VLOOKUP($D29,Résultats!$B$2:$AZ$251,J$2,FALSE) -> #N/A | K29: =VLOOKUP($D29,Résultats!$B$2:$AZ$251,K$2,FALSE) -> #N/A | L29: =VLOOKUP($D29,Résultats!$B$2:$AZ$251,L$2,FALSE) -> #N/A | ... AM29: =VLOOKUP($D29,Résultats!$B$2:$AZ$251,AM$2,FALSE) -> #N/A
C30: Class C | D30: ER_NEWAUTO_ELEC_C_0 | E30: =VLOOKUP($D30,Résultats!$B$2:$AZ$251,E$2,FALSE) -> #N/A | F30: =VLOOKUP($D30,Résultats!$B$2:$AZ$251,F$2,FALSE) -> #N/A | G30: =VLOOKUP($D30,Résultats!$B$2:$AZ$251,G$2,FALSE) -> #N/A | H30: =VLOOKUP($D30,Résultats!$B$2:$AZ$251,H$2,FALSE) -> #N/A | I30: =VLOOKUP($D30,Résultats!$B$2:$AZ$251,I$2,FALSE) -> #N/A | J30: =VLOOKUP($D30,Résultats!$B$2:$AZ$251,J$2,FALSE) -> #N/A | K30: =VLOOKUP($D30,Résultats!$B$2:$AZ$251,K$2,FALSE) -> #N/A | L30: =VLOOKUP($D30,Résultats!$B$2:$AZ$251,L$2,FALSE) -> #N/A | ... AM30: =VLOOKUP($D30,Résultats!$B$2:$AZ$251,AM$2,FALSE) -> #N/A
C31: Class D | D31: ER_NEWAUTO_ELEC_D_0 | E31: =VLOOKUP($D31,Résultats!$B$2:$AZ$251,E$2,FALSE) -> #N/A | F31: =VLOOKUP($D31,Résultats!$B$2:$AZ$251,F$2,FALSE) -> #N/A | G31: =VLOOKUP($D31,Résultats!$B$2:$AZ$251,G$2,FALSE) -> #N/A | H31: =VLOOKUP($D31,Résultats!$B$2:$AZ$251,H$2,FALSE) -> #N/A | I31: =VLOOKUP($D31,Résultats!$B$2:$AZ$251,I$2,FALSE) -> #N/A | J31: =VLOOKUP($D31,Résultats!$B$2:$AZ$251,J$2,FALSE) -> #N/A | K31: =VLOOKUP($D31,Résultats!$B$2:$AZ$251,K$2,FALSE) -> #N/A | L31: =VLOOKUP($D31,Résultats!$B$2:$AZ$251,L$2,FALSE) -> #N/A | ... AM31: =VLOOKUP($D31,Résultats!$B$2:$AZ$251,AM$2,FALSE) -> #N/A
C32: Class E | D32: ER_NEWAUTO_ELEC_E_0 | E32: =VLOOKUP($D32,Résultats!$B$2:$AZ$251,E$2,FALSE) -> #N/A | F32: =VLOOKUP($D32,Résultats!$B$2:$AZ$251,F$2,FALSE) -> #N/A | G32: =VLOOKUP($D32,Résultats!$B$2:$AZ$251,G$2,FALSE) -> #N/A | H32: =VLOOKUP($D32,Résultats!$B$2:$AZ$251,H$2,FALSE) -> #N/A | I32: =VLOOKUP($D32,Résultats!$B$2:$AZ$251,I$2,FALSE) -> #N/A | J32: =VLOOKUP($D32,Résultats!$B$2:$AZ$251,J$2,FALSE) -> #N/A | K32: =VLOOKUP($D32,Résultats!$B$2:$AZ$251,K$2,FALSE) -> #N/A | L32: =VLOOKUP($D32,Résultats!$B$2:$AZ$251,L$2,FALSE) -> #N/A | ... AM32: =VLOOKUP($D32,Résultats!$B$2:$AZ$251,AM$2,FALSE) -> #N/A
C33: Class F | D33: ER_NEWAUTO_ELEC_F_0 | E33: =VLOOKUP($D33,Résultats!$B$2:$AZ$251,E$2,FALSE) -> #N/A | F33: =VLOOKUP($D33,Résultats!$B$2:$AZ$251,F$2,FALSE) -> #N/A | G33: =VLOOKUP($D33,Résultats!$B$2:$AZ$251,G$2,FALSE) -> #N/A | H33: =VLOOKUP($D33,Résultats!$B$2:$AZ$251,H$2,FALSE) -> #N/A | I33: =VLOOKUP($D33,Résultats!$B$2:$AZ$251,I$2,FALSE) -> #N/A | J33: =VLOOKUP($D33,Résultats!$B$2:$AZ$251,J$2,FALSE) -> #N/A | K33: =VLOOKUP($D33,Résultats!$B$2:$AZ$251,K$2,FALSE) -> #N/A | L33: =VLOOKUP($D33,Résultats!$B$2:$AZ$251,L$2,FALSE) -> #N/A | ... AM33: =VLOOKUP($D33,Résultats!$B$2:$AZ$251,AM$2,FALSE) -> #N/A
C34: Class G | D34: ER_NEWAUTO_ELEC_G_0 | E34: =VLOOKUP($D34,Résultats!$B$2:$AZ$251,E$2,FALSE) -> #N/A | F34: =VLOOKUP($D34,Résultats!$B$2:$AZ$251,F$2,FALSE) -> #N/A | G34: =VLOOKUP($D34,Résultats!$B$2:$AZ$251,G$2,FALSE) -> #N/A | H34: =VLOOKUP($D34,Résultats!$B$2:$AZ$251,H$2,FALSE) -> #N/A | I34: =VLOOKUP($D34,Résultats!$B$2:$AZ$251,I$2,FALSE) -> #N/A | J34: =VLOOKUP($D34,Résultats!$B$2:$AZ$251,J$2,FALSE) -> #N/A | K34: =VLOOKUP($D34,Résultats!$B$2:$AZ$251,K$2,FALSE) -> #N/A | L34: =VLOOKUP($D34,Résultats!$B$2:$AZ$251,L$2,FALSE) -> #N/A | ... AM34: =VLOOKUP($D34,Résultats!$B$2:$AZ$251,AM$2,FALSE) -> #N/A
C35: Combustion | D35: ER_NEWAUTO_TH_0 | E35: =VLOOKUP($D35,Résultats!$B$2:$AZ$251,E$2,FALSE) -> #N/A | F35: =VLOOKUP($D35,Résultats!$B$2:$AZ$251,F$2,FALSE) -> #N/A | G35: =VLOOKUP($D35,Résultats!$B$2:$AZ$251,G$2,FALSE) -> #N/A | H35: =VLOOKUP($D35,Résultats!$B$2:$AZ$251,H$2,FALSE) -> #N/A | I35: =VLOOKUP($D35,Résultats!$B$2:$AZ$251,I$2,FALSE) -> #N/A | J35: =VLOOKUP($D35,Résultats!$B$2:$AZ$251,J$2,FALSE) -> #N/A | K35: =VLOOKUP($D35,Résultats!$B$2:$AZ$251,K$2,FALSE) -> #N/A | L35: =VLOOKUP($D35,Résultats!$B$2:$AZ$251,L$2,FALSE) -> #N/A | ... AM35: =VLOOKUP($D35,Résultats!$B$2:$AZ$251,AM$2,FALSE) -> #N/A
C36: Class A | D36: ER_NEWAUTO_TH_A_0 | E36: =VLOOKUP($D36,Résultats!$B$2:$AZ$251,E$2,FALSE) -> #N/A | F36: =VLOOKUP($D36,Résultats!$B$2:$AZ$251,F$2,FALSE) -> #N/A | G36: =VLOOKUP($D36,Résultats!$B$2:$AZ$251,G$2,FALSE) -> #N/A | H36: =VLOOKUP($D36,Résultats!$B$2:$AZ$251,H$2,FALSE) -> #N/A | I36: =VLOOKUP($D36,Résultats!$B$2:$AZ$251,I$2,FALSE) -> #N/A | J36: =VLOOKUP($D36,Résultats!$B$2:$AZ$251,J$2,FALSE) -> #N/A | K36: =VLOOKUP($D36,Résultats!$B$2:$AZ$251,K$2,FALSE) -> #N/A | L36: =VLOOKUP($D36,Résultats!$B$2:$AZ$251,L$2,FALSE) -> #N/A | ... AM36: =VLOOKUP($D36,Résultats!$B$2:$AZ$251,AM$2,FALSE) -> #N/A
C37: Class B | D37: ER_NEWAUTO_TH_B_0 | E37: =VLOOKUP($D37,Résultats!$B$2:$AZ$251,E$2,FALSE) -> #N/A | F37: =VLOOKUP($D37,Résultats!$B$2:$AZ$251,F$2,FALSE) -> #N/A | G37: =VLOOKUP($D37,Résultats!$B$2:$AZ$251,G$2,FALSE) -> #N/A | H37: =VLOOKUP($D37,Résultats!$B$2:$AZ$251,H$2,FALSE) -> #N/A | I37: =VLOOKUP($D37,Résultats!$B$2:$AZ$251,I$2,FALSE) -> #N/A | J37: =VLOOKUP($D37,Résultats!$B$2:$AZ$251,J$2,FALSE) -> #N/A | K37: =VLOOKUP($D37,Résultats!$B$2:$AZ$251,K$2,FALSE) -> #N/A | L37: =VLOOKUP($D37,Résultats!$B$2:$AZ$251,L$2,FALSE) -> #N/A | ... AM37: =VLOOKUP($D37,Résultats!$B$2:$AZ$251,AM$2,FALSE) -> #N/A
C38: Class C | D38: ER_NEWAUTO_TH_C_0 | E38: =VLOOKUP($D38,Résultats!$B$2:$AZ$251,E$2,FALSE) -> #N/A | F38: =VLOOKUP($D38,Résultats!$B$2:$AZ$251,F$2,FALSE) -> #N/A | G38: =VLOOKUP($D38,Résultats!$B$2:$AZ$251,G$2,FALSE) -> #N/A | H38: =VLOOKUP($D38,Résultats!$B$2:$AZ$251,H$2,FALSE) -> #N/A | I38: =VLOOKUP($D38,Résultats!$B$2:$AZ$251,I$2,FALSE) -> #N/A | J38: =VLOOKUP($D38,Résultats!$B$2:$AZ$251,J$2,FALSE) -> #N/A | K38: =VLOOKUP($D38,Résultats!$B$2:$AZ$251,K$2,FALSE) -> #N/A | L38: =VLOOKUP($D38,Résultats!$B$2:$AZ$251,L$2,FALSE) -> #N/A | ... AM38: =VLOOKUP($D38,Résultats!$B$2:$AZ$251,AM$2,FALSE) -> #N/A
... C42: Class G | D42: ER_NEWAUTO_TH_G_0 | E42: =VLOOKUP($D42,Résultats!$B$2:$AZ$251,E$2,FALSE) -> #N/A | F42: =VLOOKUP($D42,Résultats!$B$2:$AZ$251,F$2,FALSE) -> #N/A | G42: =VLOOKUP($D42,Résultats!$B$2:$AZ$251,G$2,FALSE) -> #N/A | H42: =VLOOKUP($D42,Résultats!$B$2:$AZ$251,H$2,FALSE) -> #N/A | I42: =VLOOKUP($D42,Résultats!$B$2:$AZ$251,I$2,FALSE) -> #N/A | J42: =VLOOKUP($D42,Résultats!$B$2:$AZ$251,J$2,FALSE) -> #N/A | K42: =VLOOKUP($D42,Résultats!$B$2:$AZ$251,K$2,FALSE) -> #N/A | L42: =VLOOKUP($D42,Résultats!$B$2:$AZ$251,L$2,FALSE) -> #N/A | ... AM42: =VLOOKUP($D42,Résultats!$B$2:$AZ$251,AM$2,FALSE) -> #N/A
B44: Parc (milliers) | C44: stock of vehicles | D44: ER_AUTO_0 | E44: =VLOOKUP($D49,Résultats!$B$2:$AZ$212,E$2,FALSE) -> #N/A | F44: =VLOOKUP($D49,Résultats!$B$2:$AZ$212,F$2,FALSE) -> #N/A | G44: =VLOOKUP($D49,Résultats!$B$2:$AZ$212,G$2,FALSE) -> #N/A | H44: =VLOOKUP($D49,Résultats!$B$2:$AZ$212,H$2,FALSE) -> #N/A | I44: =VLOOKUP($D49,Résultats!$B$2:$AZ$212,I$2,FALSE) -> #N/A | J44: =VLOOKUP($D49,Résultats!$B$2:$AZ$212,J$2,FALSE) -> #N/A | K44: =VLOOKUP($D49,Résultats!$B$2:$AZ$212,K$2,FALSE) -> #N/A | L44: =VLOOKUP($D49,Résultats!$B$2:$AZ$212,L$2,FALSE) -> #N/A | ... AM44: =VLOOKUP($D49,Résultats!$B$2:$AZ$212,AM$2,FALSE) -> #N/A
C45: Coal | D45: ER_AUTO_COAL_0 | E45: =VLOOKUP($D45,Résultats!$B$2:$AZ$212,E$2,FALSE) -> #N/A | F45: =VLOOKUP($D45,Résultats!$B$2:$AZ$212,F$2,FALSE) -> #N/A | G45: =VLOOKUP($D45,Résultats!$B$2:$AZ$212,G$2,FALSE) -> #N/A | H45: =VLOOKUP($D45,Résultats!$B$2:$AZ$212,H$2,FALSE) -> #N/A | I45: =VLOOKUP($D45,Résultats!$B$2:$AZ$212,I$2,FALSE) -> #N/A | J45: =VLOOKUP($D45,Résultats!$B$2:$AZ$212,J$2,FALSE) -> #N/A | K45: =VLOOKUP($D45,Résultats!$B$2:$AZ$212,K$2,FALSE) -> #N/A | L45: =VLOOKUP($D45,Résultats!$B$2:$AZ$212,L$2,FALSE) -> #N/A | ... AM45: =VLOOKUP($D45,Résultats!$B$2:$AZ$212,AM$2,FALSE) -> #N/A
C46: Fuel | D46: ER_AUTO_TH_0 | E46: =VLOOKUP($D46,Résultats!$B$2:$AZ$212,E$2,FALSE) -> #N/A | F46: =VLOOKUP($D46,Résultats!$B$2:$AZ$212,F$2,FALSE) -> #N/A | G46: =VLOOKUP($D46,Résultats!$B$2:$AZ$212,G$2,FALSE) -> #N/A | H46: =VLOOKUP($D46,Résultats!$B$2:$AZ$212,H$2,FALSE) -> #N/A | I46: =VLOOKUP($D46,Résultats!$B$2:$AZ$212,I$2,FALSE) -> #N/A | J46: =VLOOKUP($D46,Résultats!$B$2:$AZ$212,J$2,FALSE) -> #N/A | K46: =VLOOKUP($D46,Résultats!$B$2:$AZ$212,K$2,FALSE) -> #N/A | L46: =VLOOKUP($D46,Résultats!$B$2:$AZ$212,L$2,FALSE) -> #N/A | ... AM46: =VLOOKUP($D46,Résultats!$B$2:$AZ$212,AM$2,FALSE) -> #N/A
C47: Electricity | D47: ER_AUTO_ELEC_0 | E47: =VLOOKUP($D47,Résultats!$B$2:$AZ$212,E$2,FALSE) -> #N/A | F47: =VLOOKUP($D47,Résultats!$B$2:$AZ$212,F$2,FALSE) -> #N/A | G47: =VLOOKUP($D47,Résultats!$B$2:$AZ$212,G$2,FALSE) -> #N/A | H47: =VLOOKUP($D47,Résultats!$B$2:$AZ$212,H$2,FALSE) -> #N/A | I47: =VLOOKUP($D47,Résultats!$B$2:$AZ$212,I$2,FALSE) -> #N/A | J47: =VLOOKUP($D47,Résultats!$B$2:$AZ$212,J$2,FALSE) -> #N/A | K47: =VLOOKUP($D47,Résultats!$B$2:$AZ$212,K$2,FALSE) -> #N/A | L47: =VLOOKUP($D47,Résultats!$B$2:$AZ$212,L$2,FALSE) -> #N/A | ... AM47: =VLOOKUP($D47,Résultats!$B$2:$AZ$212,AM$2,FALSE) -> #N/A
C48: Gas | D48: ER_AUTO_GAS_0 | E48: =VLOOKUP($D48,Résultats!$B$2:$AZ$212,E$2,FALSE) -> #N/A | F48: =VLOOKUP($D48,Résultats!$B$2:$AZ$212,F$2,FALSE) -> #N/A | G48: =VLOOKUP($D48,Résultats!$B$2:$AZ$212,G$2,FALSE) -> #N/A | H48: =VLOOKUP($D48,Résultats!$B$2:$AZ$212,H$2,FALSE) -> #N/A | I48: =VLOOKUP($D48,Résultats!$B$2:$AZ$212,I$2,FALSE) -> #N/A | J48: =VLOOKUP($D48,Résultats!$B$2:$AZ$212,J$2,FALSE) -> #N/A | K48: =VLOOKUP($D48,Résultats!$B$2:$AZ$212,K$2,FALSE) -> #N/A | L48: =VLOOKUP($D48,Résultats!$B$2:$AZ$212,L$2,FALSE) -> #N/A | ... AM48: =VLOOKUP($D48,Résultats!$B$2:$AZ$212,AM$2,FALSE) -> #N/A
C49: stock of vehicles | D49: ER_AUTO_0 | E49: =VLOOKUP($D49,Résultats!$B$2:$AZ$212,E$2,FALSE) -> #N/A | F49: =VLOOKUP($D49,Résultats!$B$2:$AZ$212,F$2,FALSE) -> #N/A | G49: =VLOOKUP($D49,Résultats!$B$2:$AZ$212,G$2,FALSE) -> #N/A | H49: =VLOOKUP($D49,Résultats!$B$2:$AZ$212,H$2,FALSE) -> #N/A | I49: =VLOOKUP($D49,Résultats!$B$2:$AZ$212,I$2,FALSE) -> #N/A | J49: =VLOOKUP($D49,Résultats!$B$2:$AZ$212,J$2,FALSE) -> #N/A | K49: =VLOOKUP($D49,Résultats!$B$2:$AZ$212,K$2,FALSE) -> #N/A | L49: =VLOOKUP($D49,Résultats!$B$2:$AZ$212,L$2,FALSE) -> #N/A | ... AM49: =VLOOKUP($D49,Résultats!$B$2:$AZ$212,AM$2,FALSE) -> #N/A
C50: electric | D50: ER_AUTO_ELEC_0 | E50: =VLOOKUP($D50,Résultats!$B$2:$AZ$212,E$2,FALSE) -> #N/A | F50: =VLOOKUP($D50,Résultats!$B$2:$AZ$212,F$2,FALSE) -> #N/A | G50: =VLOOKUP($D50,Résultats!$B$2:$AZ$212,G$2,FALSE) -> #N/A | H50: =VLOOKUP($D50,Résultats!$B$2:$AZ$212,H$2,FALSE) -> #N/A | I50: =VLOOKUP($D50,Résultats!$B$2:$AZ$212,I$2,FALSE) -> #N/A | J50: =VLOOKUP($D50,Résultats!$B$2:$AZ$212,J$2,FALSE) -> #N/A | K50: =VLOOKUP($D50,Résultats!$B$2:$AZ$212,K$2,FALSE) -> #N/A | L50: =VLOOKUP($D50,Résultats!$B$2:$AZ$212,L$2,FALSE) -> #N/A | ... AM50: =VLOOKUP($D50,Résultats!$B$2:$AZ$212,AM$2,FALSE) -> #N/A
C51: Class A | D51: ER_AUTO_ELEC_A_0 | E51: =VLOOKUP($D51,Résultats!$B$2:$AZ$212,E$2,FALSE) -> #N/A | F51: =VLOOKUP($D51,Résultats!$B$2:$AZ$212,F$2,FALSE) -> #N/A | G51: =VLOOKUP($D51,Résultats!$B$2:$AZ$212,G$2,FALSE) -> #N/A | H51: =VLOOKUP($D51,Résultats!$B$2:$AZ$212,H$2,FALSE) -> #N/A | I51: =VLOOKUP($D51,Résultats!$B$2:$AZ$212,I$2,FALSE) -> #N/A | J51: =VLOOKUP($D51,Résultats!$B$2:$AZ$212,J$2,FALSE) -> #N/A | K51: =VLOOKUP($D51,Résultats!$B$2:$AZ$212,K$2,FALSE) -> #N/A | L51: =VLOOKUP($D51,Résultats!$B$2:$AZ$212,L$2,FALSE) -> #N/A | ... AM51: =VLOOKUP($D51,Résultats!$B$2:$AZ$212,AM$2,FALSE) -> #N/A
C52: Class B | D52: ER_AUTO_ELEC_B_0 | E52: =VLOOKUP($D52,Résultats!$B$2:$AZ$212,E$2,FALSE) -> #N/A | F52: =VLOOKUP($D52,Résultats!$B$2:$AZ$212,F$2,FALSE) -> #N/A | G52: =VLOOKUP($D52,Résultats!$B$2:$AZ$212,G$2,FALSE) -> #N/A | H52: =VLOOKUP($D52,Résultats!$B$2:$AZ$212,H$2,FALSE) -> #N/A | I52: =VLOOKUP($D52,Résultats!$B$2:$AZ$212,I$2,FALSE) -> #N/A | J52: =VLOOKUP($D52,Résultats!$B$2:$AZ$212,J$2,FALSE) -> #N/A | K52: =VLOOKUP($D52,Résultats!$B$2:$AZ$212,K$2,FALSE) -> #N/A | L52: =VLOOKUP($D52,Résultats!$B$2:$AZ$212,L$2,FALSE) -> #N/A | ... AM52: =VLOOKUP($D52,Résultats!$B$2:$AZ$212,AM$2,FALSE) -> #N/A
C53: Class C | D53: ER_AUTO_ELEC_C_0 | E53: =VLOOKUP($D53,Résultats!$B$2:$AZ$212,E$2,FALSE) -> #N/A | F53: =VLOOKUP($D53,Résultats!$B$2:$AZ$212,F$2,FALSE) -> #N/A | G53: =VLOOKUP($D53,Résultats!$B$2:$AZ$212,G$2,FALSE) -> #N/A | H53: =VLOOKUP($D53,Résultats!$B$2:$AZ$212,H$2,FALSE) -> #N/A | I53: =VLOOKUP($D53,Résultats!$B$2:$AZ$212,I$2,FALSE) -> #N/A | J53: =VLOOKUP($D53,Résultats!$B$2:$AZ$212,J$2,FALSE) -> #N/A | K53: =VLOOKUP($D53,Résultats!$B$2:$AZ$212,K$2,FALSE) -> #N/A | L53: =VLOOKUP($D53,Résultats!$B$2:$AZ$212,L$2,FALSE) -> #N/A | ... AM53: =VLOOKUP($D53,Résultats!$B$2:$AZ$212,AM$2,FALSE) -> #N/A
C54: Class D | D54: ER_AUTO_ELEC_D_0 | E54: =VLOOKUP($D54,Résultats!$B$2:$AZ$212,E$2,FALSE) -> #N/A | F54: =VLOOKUP($D54,Résultats!$B$2:$AZ$212,F$2,FALSE) -> #N/A | G54: =VLOOKUP($D54,Résultats!$B$2:$AZ$212,G$2,FALSE) -> #N/A | H54: =VLOOKUP($D54,Résultats!$B$2:$AZ$212,H$2,FALSE) -> #N/A | I54: =VLOOKUP($D54,Résultats!$B$2:$AZ$212,I$2,FALSE) -> #N/A | J54: =VLOOKUP($D54,Résultats!$B$2:$AZ$212,J$2,FALSE) -> #N/A | K54: =VLOOKUP($D54,Résultats!$B$2:$AZ$212,K$2,FALSE) -> #N/A | L54: =VLOOKUP($D54,Résultats!$B$2:$AZ$212,L$2,FALSE) -> #N/A | ... AM54: =VLOOKUP($D54,Résultats!$B$2:$AZ$212,AM$2,FALSE) -> #N/A
C55: Class E | D55: ER_AUTO_ELEC_E_0 | E55: =VLOOKUP($D55,Résultats!$B$2:$AZ$212,E$2,FALSE) -> #N/A | F55: =VLOOKUP($D55,Résultats!$B$2:$AZ$212,F$2,FALSE) -> #N/A | G55: =VLOOKUP($D55,Résultats!$B$2:$AZ$212,G$2,FALSE) -> #N/A | H55: =VLOOKUP($D55,Résultats!$B$2:$AZ$212,H$2,FALSE) -> #N/A | I55: =VLOOKUP($D55,Résultats!$B$2:$AZ$212,I$2,FALSE) -> #N/A | J55: =VLOOKUP($D55,Résultats!$B$2:$AZ$212,J$2,FALSE) -> #N/A | K55: =VLOOKUP($D55,Résultats!$B$2:$AZ$212,K$2,FALSE) -> #N/A | L55: =VLOOKUP($D55,Résultats!$B$2:$AZ$212,L$2,FALSE) -> #N/A | ... AM55: =VLOOKUP($D55,Résultats!$B$2:$AZ$212,AM$2,FALSE) -> #N/A
C56: Class F | D56: ER_AUTO_ELEC_F_0 | E56: =VLOOKUP($D56,Résultats!$B$2:$AZ$212,E$2,FALSE) -> #N/A | F56: =VLOOKUP($D56,Résultats!$B$2:$AZ$212,F$2,FALSE) -> #N/A | G56: =VLOOKUP($D56,Résultats!$B$2:$AZ$212,G$2,FALSE) -> #N/A | H56: =VLOOKUP($D56,Résultats!$B$2:$AZ$212,H$2,FALSE) -> #N/A | I56: =VLOOKUP($D56,Résultats!$B$2:$AZ$212,I$2,FALSE) -> #N/A | J56: =VLOOKUP($D56,Résultats!$B$2:$AZ$212,J$2,FALSE) -> #N/A | K56: =VLOOKUP($D56,Résultats!$B$2:$AZ$212,K$2,FALSE) -> #N/A | L56: =VLOOKUP($D56,Résultats!$B$2:$AZ$212,L$2,FALSE) -> #N/A | ... AM56: =VLOOKUP($D56,Résultats!$B$2:$AZ$212,AM$2,FALSE) -> #N/A
... C65: Class G | D65: ER_AUTO_TH_G_0 | E65: =VLOOKUP($D65,Résultats!$B$2:$AZ$212,E$2,FALSE) -> #N/A | F65: =VLOOKUP($D65,Résultats!$B$2:$AZ$212,F$2,FALSE) -> #N/A | G65: =VLOOKUP($D65,Résultats!$B$2:$AZ$212,G$2,FALSE) -> #N/A | H65: =VLOOKUP($D65,Résultats!$B$2:$AZ$212,H$2,FALSE) -> #N/A | I65: =VLOOKUP($D65,Résultats!$B$2:$AZ$212,I$2,FALSE) -> #N/A | J65: =VLOOKUP($D65,Résultats!$B$2:$AZ$212,J$2,FALSE) -> #N/A | K65: =VLOOKUP($D65,Résultats!$B$2:$AZ$212,K$2,FALSE) -> #N/A | L65: =VLOOKUP($D65,Résultats!$B$2:$AZ$212,L$2,FALSE) -> #N/A | ... AM65: =VLOOKUP($D65,Résultats!$B$2:$AZ$212,AM$2,FALSE) -> #N/A
E68: 2016 | F68: 2017 | G68: 2018 | H68: 2019 | I68: 2020 | J68: 2021 | K68: 2022 | L68: 2023 | M68: 2024 | N68: 2025 | O68: 2026 | P68: 2027 | Q68: 2028 | R68: 2029 | S68: 2030 | T68: 2031 | U68: 2032 | V68: 2033 | W68: 2034 | X68: 2035 | Y68: 2036 | Z68: 2037 | AA68: 2038 | AB68: 2039 | AC68: 2040 | AD68: 2041 | AE68: 2042 | AF68: 2043 | AG68: 2044 | AH68: 2045 | AI68: 2046 | AJ68: 2047 | AK68: 2048 | AL68: 2049 | AM68: 2050
B69: Ventes (%) | C69: New vehicle sales | D69: ER_NEWAUTO_0 | E69: =E26 -> #N/A | F69: =F26 -> #N/A | G69: =G26 -> #N/A | H69: =H26 -> #N/A | I69: =I26 -> #N/A | J69: =J26 -> #N/A | K69: =K26 -> #N/A | L69: =L26 -> #N/A | ... AM69: =AM26 -> #N/A
C70: electric | D70: ER_NEWAUTO_ELEC_0/ER_NEWAUTO_0 | E70: =E27/E$26 -> #N/A | F70: =F27/F$26 -> #N/A | G70: =G27/G$26 -> #N/A | H70: =H27/H$26 -> #N/A | I70: =I27/I$26 -> #N/A | J70: =J27/J$26 -> #N/A | K70: =K27/K$26 -> #N/A | L70: =L27/L$26 -> #N/A | ... AM70: =AM27/AM$26 -> #N/A
C71: Class A | D71: ER_NEWAUTO_ELEC_A_0/ER_NEWAUTO_0 | E71: =E28/E$26 -> #N/A | F71: =F28/F$26 -> #N/A | G71: =G28/G$26 -> #N/A | H71: =H28/H$26 -> #N/A | I71: =I28/I$26 -> #N/A | J71: =J28/J$26 -> #N/A | K71: =K28/K$26 -> #N/A | L71: =L28/L$26 -> #N/A | ... AM71: =AM28/AM$26 -> #N/A
C72: Class B | D72: ER_NEWAUTO_ELEC_B_0/ER_NEWAUTO_0 | E72: =E29/E$26 -> #N/A | F72: =F29/F$26 -> #N/A | G72: =G29/G$26 -> #N/A | H72: =H29/H$26 -> #N/A | I72: =I29/I$26 -> #N/A | J72: =J29/J$26 -> #N/A | K72: =K29/K$26 -> #N/A | L72: =L29/L$26 -> #N/A | ... AM72: =AM29/AM$26 -> #N/A
C73: Class C | D73: ER_NEWAUTO_ELEC_C_0/ER_NEWAUTO_0 | E73: =E30/E$26 -> #N/A | F73: =F30/F$26 -> #N/A | G73: =G30/G$26 -> #N/A | H73: =H30/H$26 -> #N/A | I73: =I30/I$26 -> #N/A | J73: =J30/J$26 -> #N/A | K73: =K30/K$26 -> #N/A | L73: =L30/L$26 -> #N/A | ... AM73: =AM30/AM$26 -> #N/A
C74: Class D | D74: ER_NEWAUTO_ELEC_D_0/ER_NEWAUTO_0 | E74: =E31/E$26 -> #N/A | F74: =F31/F$26 -> #N/A | G74: =G31/G$26 -> #N/A | H74: =H31/H$26 -> #N/A | I74: =I31/I$26 -> #N/A | J74: =J31/J$26 -> #N/A | K74: =K31/K$26 -> #N/A | L74: =L31/L$26 -> #N/A | ... AM74: =AM31/AM$26 -> #N/A
C75: Class E | D75: ER_NEWAUTO_ELEC_E_0/ER_NEWAUTO_0 | E75: =E32/E$26 -> #N/A | F75: =F32/F$26 -> #N/A | G75: =G32/G$26 -> #N/A | H75: =H32/H$26 -> #N/A | I75: =I32/I$26 -> #N/A | J75: =J32/J$26 -> #N/A | K75: =K32/K$26 -> #N/A | L75: =L32/L$26 -> #N/A | ... AM75: =AM32/AM$26 -> #N/A
C76: Class F | D76: ER_NEWAUTO_ELEC_F_0/ER_NEWAUTO_0 | E76: =E33/E$26 -> #N/A | F76: =F33/F$26 -> #N/A | G76: =G33/G$26 -> #N/A | H76: =H33/H$26 -> #N/A | I76: =I33/I$26 -> #N/A | J76: =J33/J$26 -> #N/A | K76: =K33/K$26 -> #N/A | L76: =L33/L$26 -> #N/A | ... AM76: =AM33/AM$26 -> #N/A
C77: Class G | D77: ER_NEWAUTO_ELEC_G_0/ER_NEWAUTO_0 | E77: =E34/E$26 -> #N/A | F77: =F34/F$26 -> #N/A | G77: =G34/G$26 -> #N/A | H77: =H34/H$26 -> #N/A | I77: =I34/I$26 -> #N/A | J77: =J34/J$26 -> #N/A | K77: =K34/K$26 -> #N/A | L77: =L34/L$26 -> #N/A | ... AM77: =AM34/AM$26 -> #N/A
C78: Combustion | D78: ER_NEWAUTO_TH_0/ER_NEWAUTO_0 | E78: =E35/E$26 -> #N/A | F78: =F35/F$26 -> #N/A | G78: =G35/G$26 -> #N/A | H78: =H35/H$26 -> #N/A | I78: =I35/I$26 -> #N/A | J78: =J35/J$26 -> #N/A | K78: =K35/K$26 -> #N/A | L78: =L35/L$26 -> #N/A | ... AM78: =AM35/AM$26 -> #N/A
C79: Class A | D79: ER_NEWAUTO_TH_A_0/ER_NEWAUTO_0 | E79: =E36/E$26 -> #N/A | F79: =F36/F$26 -> #N/A | G79: =G36/G$26 -> #N/A | H79: =H36/H$26 -> #N/A | I79: =I36/I$26 -> #N/A | J79: =J36/J$26 -> #N/A | K79: =K36/K$26 -> #N/A | L79: =L36/L$26 -> #N/A | ... AM79: =AM36/AM$26 -> #N/A
C80: Class B | D80: ER_NEWAUTO_TH_B_0/ER_NEWAUTO_0 | E80: =E37/E$26 -> #N/A | F80: =F37/F$26 -> #N/A | G80: =G37/G$26 -> #N/A | H80: =H37/H$26 -> #N/A | I80: =I37/I$26 -> #N/A | J80: =J37/J$26 -> #N/A | K80: =K37/K$26 -> #N/A | L80: =L37/L$26 -> #N/A | ... AM80: =AM37/AM$26 -> #N/A
C81: Class C | D81: ER_NEWAUTO_TH_C_0/ER_NEWAUTO_0 | E81: =E38/E$26 -> #N/A | F81: =F38/F$26 -> #N/A | G81: =G38/G$26 -> #N/A | H81: =H38/H$26 -> #N/A | I81: =I38/I$26 -> #N/A | J81: =J38/J$26 -> #N/A | K81: =K38/K$26 -> #N/A | L81: =L38/L$26 -> #N/A | ... AM81: =AM38/AM$26 -> #N/A
... C85: Class G | D85: ER_NEWAUTO_TH_G_0/ER_NEWAUTO_0 | E85: =E42/E$26 -> #N/A | F85: =F42/F$26 -> #N/A | G85: =G42/G$26 -> #N/A | H85: =H42/H$26 -> #N/A | I85: =I42/I$26 -> #N/A | J85: =J42/J$26 -> #N/A | K85: =K42/K$26 -> #N/A | L85: =L42/L$26 -> #N/A | ... AM85: =AM42/AM$26 -> #N/A
B87: Parc (%) | C87: stock of vehicles | D87: ER_AUTO_0 | E87: =E44 -> #N/A | F87: =F44 -> #N/A | G87: =G44 -> #N/A | H87: =H44 -> #N/A | I87: =I44 -> #N/A | J87: =J44 -> #N/A | K87: =K44 -> #N/A | L87: =L44 -> #N/A | ... AM87: =AM44 -> #N/A
C88: Coal | D88: ER_AUTO_COAL_0/ER_AUTO_0 | E88: =E45/E$44 -> #N/A | F88: =F45/F$44 -> #N/A | G88: =G45/G$44 -> #N/A | H88: =H45/H$44 -> #N/A | I88: =I45/I$44 -> #N/A | J88: =J45/J$44 -> #N/A | K88: =K45/K$44 -> #N/A | L88: =L45/L$44 -> #N/A | ... AM88: =AM45/AM$44 -> #N/A
C89: Fuel | D89: ER_AUTO_TH_0/ER_AUTO_0 | E89: =E46/E$44 -> #N/A | F89: =F46/F$44 -> #N/A | G89: =G46/G$44 -> #N/A | H89: =H46/H$44 -> #N/A | I89: =I46/I$44 -> #N/A | J89: =J46/J$44 -> #N/A | K89: =K46/K$44 -> #N/A | L89: =L46/L$44 -> #N/A | ... AM89: =AM46/AM$44 -> #N/A
C90: Electricity | D90: ER_AUTO_ELEC_0/ER_AUTO_0 | E90: =E47/E$44 -> #N/A | F90: =F47/F$44 -> #N/A | G90: =G47/G$44 -> #N/A | H90: =H47/H$44 -> #N/A | I90: =I47/I$44 -> #N/A | J90: =J47/J$44 -> #N/A | K90: =K47/K$44 -> #N/A | L90: =L47/L$44 -> #N/A | ... AM90: =AM47/AM$44 -> #N/A
C91: Gas | D91: ER_AUTO_GAS_0/ER_AUTO_0 | E91: =E48/E$44 -> #N/A | F91: =F48/F$44 -> #N/A | G91: =G48/G$44 -> #N/A | H91: =H48/H$44 -> #N/A | I91: =I48/I$44 -> #N/A | J91: =J48/J$44 -> #N/A | K91: =K48/K$44 -> #N/A | L91: =L48/L$44 -> #N/A | ... AM91: =AM48/AM$44 -> #N/A
C92: stock of vehicles | D92: ER_AUTO_0 | E92: =E44 -> #N/A | F92: =F44 -> #N/A | G92: =G44 -> #N/A | H92: =H44 -> #N/A | I92: =I44 -> #N/A | J92: =J44 -> #N/A | K92: =K44 -> #N/A | L92: =L44 -> #N/A | ... AM92: =AM44 -> #N/A
C93: electric | D93: ER_AUTO_ELEC_0/ER_AUTO_0 | E93: =E50/E$49 -> #N/A | F93: =F50/F$49 -> #N/A | G93: =G50/G$49 -> #N/A | H93: =H50/H$49 -> #N/A | I93: =I50/I$49 -> #N/A | J93: =J50/J$49 -> #N/A | K93: =K50/K$49 -> #N/A | L93: =L50/L$49 -> #N/A | ... AM93: =AM50/AM$49 -> #N/A
C94: Class A | D94: ER_AUTO_ELEC_A_0/ER_AUTO_0 | E94: =E51/E$49 -> #N/A | F94: =F51/F$49 -> #N/A | G94: =G51/G$49 -> #N/A | H94: =H51/H$49 -> #N/A | I94: =I51/I$49 -> #N/A | J94: =J51/J$49 -> #N/A | K94: =K51/K$49 -> #N/A | L94: =L51/L$49 -> #N/A | ... AM94: =AM51/AM$49 -> #N/A
C95: Class B | D95: ER_AUTO_ELEC_B_0/ER_AUTO_0 | E95: =E52/E$49 -> #N/A | F95: =F52/F$49 -> #N/A | G95: =G52/G$49 -> #N/A | H95: =H52/H$49 -> #N/A | I95: =I52/I$49 -> #N/A | J95: =J52/J$49 -> #N/A | K95: =K52/K$49 -> #N/A | L95: =L52/L$49 -> #N/A | ... AM95: =AM52/AM$49 -> #N/A
C96: Class C | D96: ER_AUTO_ELEC_C_0/ER_AUTO_0 | E96: =E53/E$49 -> #N/A | F96: =F53/F$49 -> #N/A | G96: =G53/G$49 -> #N/A | H96: =H53/H$49 -> #N/A | I96: =I53/I$49 -> #N/A | J96: =J53/J$49 -> #N/A | K96: =K53/K$49 -> #N/A | L96: =L53/L$49 -> #N/A | ... AM96: =AM53/AM$49 -> #N/A
C97: Class D | D97: ER_AUTO_ELEC_D_0/ER_AUTO_0 | E97: =E54/E$49 -> #N/A | F97: =F54/F$49 -> #N/A | G97: =G54/G$49 -> #N/A | H97: =H54/H$49 -> #N/A | I97: =I54/I$49 -> #N/A | J97: =J54/J$49 -> #N/A | K97: =K54/K$49 -> #N/A | L97: =L54/L$49 -> #N/A | ... AM97: =AM54/AM$49 -> #N/A
C98: Class E | D98: ER_AUTO_ELEC_E_0/ER_AUTO_0 | E98: =E55/E$49 -> #N/A | F98: =F55/F$49 -> #N/A | G98: =G55/G$49 -> #N/A | H98: =H55/H$49 -> #N/A | I98: =I55/I$49 -> #N/A | J98: =J55/J$49 -> #N/A | K98: =K55/K$49 -> #N/A | L98: =L55/L$49 -> #N/A | ... AM98: =AM55/AM$49 -> #N/A
C99: Class F | D99: ER_AUTO_ELEC_F_0/ER_AUTO_0 | E99: =E56/E$49 -> #N/A | F99: =F56/F$49 -> #N/A | G99: =G56/G$49 -> #N/A | H99: =H56/H$49 -> #N/A | I99: =I56/I$49 -> #N/A | J99: =J56/J$49 -> #N/A | K99: =K56/K$49 -> #N/A | L99: =L56/L$49 -> #N/A | ... AM99: =AM56/AM$49 -> #N/A
C100: Class G | D100: ER_AUTO_ELEC_G_0/ER_AUTO_0 | E100: =E57/E$49 -> #N/A | F100: =F57/F$49 -> #N/A | G100: =G57/G$49 -> #N/A | H100: =H57/H$49 -> #N/A | I100: =I57/I$49 -> #N/A | J100: =J57/J$49 -> #N/A | K100: =K57/K$49 -> #N/A | L100: =L57/L$49 -> #N/A | ... AM100: =AM57/AM$49 -> #N/A
C101: Combustion | D101: ER_AUTO_TH_0/ER_AUTO_0 | E101: =E58/E$49 -> #N/A | F101: =F58/F$49 -> #N/A | G101: =G58/G$49 -> #N/A | H101: =H58/H$49 -> #N/A | I101: =I58/I$49 -> #N/A | J101: =J58/J$49 -> #N/A | K101: =K58/K$49 -> #N/A | L101: =L58/L$49 -> #N/A | ... AM101: =AM58/AM$49 -> #N/A
C102: Class A | D102: ER_AUTO_TH_A_0/ER_AUTO_0 | E102: =E59/E$49 -> #N/A | F102: =F59/F$49 -> #N/A | G102: =G59/G$49 -> #N/A | H102: =H59/H$49 -> #N/A | I102: =I59/I$49 -> #N/A | J102: =J59/J$49 -> #N/A | K102: =K59/K$49 -> #N/A | L102: =L59/L$49 -> #N/A | ... AM102: =AM59/AM$49 -> #N/A
C103: Class B | D103: ER_AUTO_TH_B_0/ER_AUTO_0 | E103: =E60/E$49 -> #N/A | F103: =F60/F$49 -> #N/A | G103: =G60/G$49 -> #N/A | H103: =H60/H$49 -> #N/A | I103: =I60/I$49 -> #N/A | J103: =J60/J$49 -> #N/A | K103: =K60/K$49 -> #N/A | L103: =L60/L$49 -> #N/A | ... AM103: =AM60/AM$49 -> #N/A
C104: Class C | D104: ER_AUTO_TH_C_0/ER_AUTO_0 | E104: =E61/E$49 -> #N/A | F104: =F61/F$49 -> #N/A | G104: =G61/G$49 -> #N/A | H104: =H61/H$49 -> #N/A | I104: =I61/I$49 -> #N/A | J104: =J61/J$49 -> #N/A | K104: =K61/K$49 -> #N/A | L104: =L61/L$49 -> #N/A | ... AM104: =AM61/AM$49 -> #N/A
... C108: Class G | D108: ER_AUTO_TH_G_0/ER_AUTO_0 | E108: =E65/E$49 -> #N/A | F108: =F65/F$49 -> #N/A | G108: =G65/G$49 -> #N/A | H108: =H65/H$49 -> #N/A | I108: =I65/I$49 -> #N/A | J108: =J65/J$49 -> #N/A | K108: =K65/K$49 -> #N/A | L108: =L65/L$49 -> #N/A | ... AM108: =AM65/AM$49 -> #N/A

Sheet T logement
A1: Logement
E2: ='T energie vecteurs'!E5 -> 4 | F2: =E2+9 -> 13 | G2: =F2+3 -> 16 | H2: =G2+1 -> 17 | I2: =H2+1 -> 18 | J2: =I2+1 -> 19 | K2: =J2+1 -> 20 | L2: =K2+1 -> 21 | M2: =L2+1 -> 22 | N2: =M2+1 -> 23 | O2: =N2+1 -> 24 | ... S2: =R2+1 -> 28 | T2: =S2+5 -> 33 | U2: =T2+5 -> 38 | V2: =U2+5 -> 43 | W2: =V2+5 -> 48
E3: 2006 | F3: 2015 | G3: 2018 | H3: 2019 | I3: 2020 | J3: 2021 | K3: 2022 | L3: 2023 | M3: 2024 | N3: 2025 | O3: 2026 | P3: 2027 | Q3: 2028 | R3: 2029 | S3: 2030 | T3: 2035 | U3: 2040 | V3: 2045 | W3: 2050
A4: =Résultats!B1 -> TEND | B4: Parc logement (m²) | C4: Total | D4: ER_BUIL_0 | E4: =VLOOKUP($D4,Résultats!$B$2:$AX$212,E$2,FALSE) -> #N/A | F4: =VLOOKUP($D4,Résultats!$B$2:$AX$212,F$2,FALSE) -> #N/A | G4: =VLOOKUP($D4,Résultats!$B$2:$AX$212,G$2,FALSE)/1000000 -> #N/A | H4: =VLOOKUP($D4,Résultats!$B$2:$AX$212,H$2,FALSE)/1000000 -> #N/A | I4: =VLOOKUP($D4,Résultats!$B$2:$AX$212,I$2,FALSE)/1000000 -> #N/A | J4: =VLOOKUP($D4,Résultats!$B$2:$AX$212,J$2,FALSE)/1000000 -> #N/A | K4: =VLOOKUP($D4,Résultats!$B$2:$AX$212,K$2,FALSE)/1000000 -> #N/A | L4: =VLOOKUP($D4,Résultats!$B$2:$AX$212,L$2,FALSE)/1000000 -> #N/A | M4: =VLOOKUP($D4,Résultats!$B$2:$AX$212,M$2,FALSE)/1000000 -> #N/A | N4: =VLOOKUP($D4,Résultats!$B$2:$AX$212,N$2,FALSE)/1000000 -> #N/A | ... W4: =VLOOKUP($D4,Résultats!$B$2:$AX$212,W$2,FALSE)/1000000 -> #N/A
C5: Class A | D5: ER_BUIL_A_0 | E5: =VLOOKUP($D5,Résultats!$B$2:$AX$212,E$2,FALSE) -> #N/A | F5: =VLOOKUP($D5,Résultats!$B$2:$AX$212,F$2,FALSE) -> #N/A | G5: =VLOOKUP($D5,Résultats!$B$2:$AX$212,G$2,FALSE)/1000000 -> #N/A | H5: =VLOOKUP($D5,Résultats!$B$2:$AX$212,H$2,FALSE)/1000000 -> #N/A | I5: =VLOOKUP($D5,Résultats!$B$2:$AX$212,I$2,FALSE)/1000000 -> #N/A | J5: =VLOOKUP($D5,Résultats!$B$2:$AX$212,J$2,FALSE)/1000000 -> #N/A | K5: =VLOOKUP($D5,Résultats!$B$2:$AX$212,K$2,FALSE)/1000000 -> #N/A | L5: =VLOOKUP($D5,Résultats!$B$2:$AX$212,L$2,FALSE)/1000000 -> #N/A | M5: =VLOOKUP($D5,Résultats!$B$2:$AX$212,M$2,FALSE)/1000000 -> #N/A | N5: =VLOOKUP($D5,Résultats!$B$2:$AX$212,N$2,FALSE)/1000000 -> #N/A | ... W5: =VLOOKUP($D5,Résultats!$B$2:$AX$212,W$2,FALSE)/1000000 -> #N/A
C6: Class B | D6: ER_BUIL_B_0 | E6: =VLOOKUP($D6,Résultats!$B$2:$AX$212,E$2,FALSE) -> #N/A | F6: =VLOOKUP($D6,Résultats!$B$2:$AX$212,F$2,FALSE) -> #N/A | G6: =VLOOKUP($D6,Résultats!$B$2:$AX$212,G$2,FALSE)/1000000 -> #N/A | H6: =VLOOKUP($D6,Résultats!$B$2:$AX$212,H$2,FALSE)/1000000 -> #N/A | I6: =VLOOKUP($D6,Résultats!$B$2:$AX$212,I$2,FALSE)/1000000 -> #N/A | J6: =VLOOKUP($D6,Résultats!$B$2:$AX$212,J$2,FALSE)/1000000 -> #N/A | K6: =VLOOKUP($D6,Résultats!$B$2:$AX$212,K$2,FALSE)/1000000 -> #N/A | L6: =VLOOKUP($D6,Résultats!$B$2:$AX$212,L$2,FALSE)/1000000 -> #N/A | M6: =VLOOKUP($D6,Résultats!$B$2:$AX$212,M$2,FALSE)/1000000 -> #N/A | N6: =VLOOKUP($D6,Résultats!$B$2:$AX$212,N$2,FALSE)/1000000 -> #N/A | ... W6: =VLOOKUP($D6,Résultats!$B$2:$AX$212,W$2,FALSE)/1000000 -> #N/A
C7: Class C | D7: ER_BUIL_C_0 | E7: =VLOOKUP($D7,Résultats!$B$2:$AX$212,E$2,FALSE) -> #N/A | F7: =VLOOKUP($D7,Résultats!$B$2:$AX$212,F$2,FALSE) -> #N/A | G7: =VLOOKUP($D7,Résultats!$B$2:$AX$212,G$2,FALSE)/1000000 -> #N/A | H7: =VLOOKUP($D7,Résultats!$B$2:$AX$212,H$2,FALSE)/1000000 -> #N/A | I7: =VLOOKUP($D7,Résultats!$B$2:$AX$212,I$2,FALSE)/1000000 -> #N/A | J7: =VLOOKUP($D7,Résultats!$B$2:$AX$212,J$2,FALSE)/1000000 -> #N/A | K7: =VLOOKUP($D7,Résultats!$B$2:$AX$212,K$2,FALSE)/1000000 -> #N/A | L7: =VLOOKUP($D7,Résultats!$B$2:$AX$212,L$2,FALSE)/1000000 -> #N/A | M7: =VLOOKUP($D7,Résultats!$B$2:$AX$212,M$2,FALSE)/1000000 -> #N/A | N7: =VLOOKUP($D7,Résultats!$B$2:$AX$212,N$2,FALSE)/1000000 -> #N/A | ... W7: =VLOOKUP($D7,Résultats!$B$2:$AX$212,W$2,FALSE)/1000000 -> #N/A
C8: Class D | D8: ER_BUIL_D_0 | E8: =VLOOKUP($D8,Résultats!$B$2:$AX$212,E$2,FALSE) -> #N/A | F8: =VLOOKUP($D8,Résultats!$B$2:$AX$212,F$2,FALSE) -> #N/A | G8: =VLOOKUP($D8,Résultats!$B$2:$AX$212,G$2,FALSE)/1000000 -> #N/A | H8: =VLOOKUP($D8,Résultats!$B$2:$AX$212,H$2,FALSE)/1000000 -> #N/A | I8: =VLOOKUP($D8,Résultats!$B$2:$AX$212,I$2,FALSE)/1000000 -> #N/A | J8: =VLOOKUP($D8,Résultats!$B$2:$AX$212,J$2,FALSE)/1000000 -> #N/A | K8: =VLOOKUP($D8,Résultats!$B$2:$AX$212,K$2,FALSE)/1000000 -> #N/A | L8: =VLOOKUP($D8,Résultats!$B$2:$AX$212,L$2,FALSE)/1000000 -> #N/A | M8: =VLOOKUP($D8,Résultats!$B$2:$AX$212,M$2,FALSE)/1000000 -> #N/A | N8: =VLOOKUP($D8,Résultats!$B$2:$AX$212,N$2,FALSE)/1000000 -> #N/A | ... W8: =VLOOKUP($D8,Résultats!$B$2:$AX$212,W$2,FALSE)/1000000 -> #N/A
C9: Class E | D9: ER_BUIL_E_0 | E9: =VLOOKUP($D9,Résultats!$B$2:$AX$212,E$2,FALSE) -> #N/A | F9: =VLOOKUP($D9,Résultats!$B$2:$AX$212,F$2,FALSE) -> #N/A | G9: =VLOOKUP($D9,Résultats!$B$2:$AX$212,G$2,FALSE)/1000000 -> #N/A | H9: =VLOOKUP($D9,Résultats!$B$2:$AX$212,H$2,FALSE)/1000000 -> #N/A | I9: =VLOOKUP($D9,Résultats!$B$2:$AX$212,I$2,FALSE)/1000000 -> #N/A | J9: =VLOOKUP($D9,Résultats!$B$2:$AX$212,J$2,FALSE)/1000000 -> #N/A | K9: =VLOOKUP($D9,Résultats!$B$2:$AX$212,K$2,FALSE)/1000000 -> #N/A | L9: =VLOOKUP($D9,Résultats!$B$2:$AX$212,L$2,FALSE)/1000000 -> #N/A | M9: =VLOOKUP($D9,Résultats!$B$2:$AX$212,M$2,FALSE)/1000000 -> #N/A | N9: =VLOOKUP($D9,Résultats!$B$2:$AX$212,N$2,FALSE)/1000000 -> #N/A | ... W9: =VLOOKUP($D9,Résultats!$B$2:$AX$212,W$2,FALSE)/1000000 -> #N/A
C10: Class F | D10: ER_BUIL_F_0 | E10: =VLOOKUP($D10,Résultats!$B$2:$AX$212,E$2,FALSE) -> #N/A | F10: =VLOOKUP($D10,Résultats!$B$2:$AX$212,F$2,FALSE) -> #N/A | G10: =VLOOKUP($D10,Résultats!$B$2:$AX$212,G$2,FALSE)/1000000 -> #N/A | H10: =VLOOKUP($D10,Résultats!$B$2:$AX$212,H$2,FALSE)/1000000 -> #N/A | I10: =VLOOKUP($D10,Résultats!$B$2:$AX$212,I$2,FALSE)/1000000 -> #N/A | J10: =VLOOKUP($D10,Résultats!$B$2:$AX$212,J$2,FALSE)/1000000 -> #N/A | K10: =VLOOKUP($D10,Résultats!$B$2:$AX$212,K$2,FALSE)/1000000 -> #N/A | L10: =VLOOKUP($D10,Résultats!$B$2:$AX$212,L$2,FALSE)/1000000 -> #N/A | M10: =VLOOKUP($D10,Résultats!$B$2:$AX$212,M$2,FALSE)/1000000 -> #N/A | N10: =VLOOKUP($D10,Résultats!$B$2:$AX$212,N$2,FALSE)/1000000 -> #N/A | ... W10: =VLOOKUP($D10,Résultats!$B$2:$AX$212,W$2,FALSE)/1000000 -> #N/A
C11: Class G | D11: ER_BUIL_G_0 | E11: =VLOOKUP($D11,Résultats!$B$2:$AX$212,E$2,FALSE) -> #N/A | F11: =VLOOKUP($D11,Résultats!$B$2:$AX$212,F$2,FALSE) -> #N/A | G11: =VLOOKUP($D11,Résultats!$B$2:$AX$212,G$2,FALSE)/1000000 -> #N/A | H11: =VLOOKUP($D11,Résultats!$B$2:$AX$212,H$2,FALSE)/1000000 -> #N/A | I11: =VLOOKUP($D11,Résultats!$B$2:$AX$212,I$2,FALSE)/1000000 -> #N/A | J11: =VLOOKUP($D11,Résultats!$B$2:$AX$212,J$2,FALSE)/1000000 -> #N/A | K11: =VLOOKUP($D11,Résultats!$B$2:$AX$212,K$2,FALSE)/1000000 -> #N/A | L11: =VLOOKUP($D11,Résultats!$B$2:$AX$212,L$2,FALSE)/1000000 -> #N/A | M11: =VLOOKUP($D11,Résultats!$B$2:$AX$212,M$2,FALSE)/1000000 -> #N/A | N11: =VLOOKUP($D11,Résultats!$B$2:$AX$212,N$2,FALSE)/1000000 -> #N/A | ... W11: =VLOOKUP($D11,Résultats!$B$2:$AX$212,W$2,FALSE)/1000000 -> #N/A
E14: 2006 | F14: 2015 | G14: 2018 | H14: 2019 | I14: 2020 | J14: 2021 | K14: 2022 | L14: 2023 | M14: 2024 | N14: 2025 | O14: 2026 | P14: 2027 | Q14: 2028 | R14: 2029 | S14: 2030 | T14: 2035 | U14: 2040 | V14: 2045 | W14: 2050
B15: Parc logement (%) | C15: stock of housing and % | D15: ER_BUIL_0 | E15: =E4/100 -> #N/A | F15: =F4/100 -> #N/A | G15: =G4*1000/100 -> #N/A | H15: =H4*1000/100 -> #N/A | I15: =I4*1000/100 -> #N/A | J15: =J4*1000/100 -> #N/A | K15: =K4*1000/100 -> #N/A | L15: =L4*1000/100 -> #N/A | M15: =M4*1000/100 -> #N/A | N15: =N4*1000/100 -> #N/A | ... W15: =W4*1000/100 -> #N/A | Y15: Cf. onglet "G parc logt"
C16: Class A | D16: ER_BUIL_A_0 | E16: =E5/E$4 -> #N/A | F16: =F5/F$4 -> #N/A | G16: =G5/G$4 -> #N/A | H16: =H5/H$4 -> #N/A | I16: =I5/I$4 -> #N/A | J16: =J5/J$4 -> #N/A | K16: =K5/K$4 -> #N/A | L16: =L5/L$4 -> #N/A | ... W16: =W5/W$4 -> #N/A | Z16: 2020 | AA16: 2030 | AB16: 2050
C17: Class B | D17: ER_BUIL_B_0 | E17: =E6/E$4 -> #N/A | F17: =F6/F$4 -> #N/A | G17: =G6/G$4 -> #N/A | H17: =H6/H$4 -> #N/A | I17: =I6/I$4 -> #N/A | J17: =J6/J$4 -> #N/A | K17: =K6/K$4 -> #N/A | L17: =L6/L$4 -> #N/A | ... W17: =W6/W$4 -> #N/A | Y17: Basse consommation | Z17: =I16+I17 -> #N/A | AA17: =S16+S17 -> #N/A | AB17: =W16+W17 -> #N/A
C18: Class C | D18: ER_BUIL_C_0 | E18: =E7/E$4 -> #N/A | F18: =F7/F$4 -> #N/A | G18: =G7/G$4 -> #N/A | H18: =H7/H$4 -> #N/A | I18: =I7/I$4 -> #N/A | J18: =J7/J$4 -> #N/A | K18: =K7/K$4 -> #N/A | L18: =L7/L$4 -> #N/A | ... W18: =W7/W$4 -> #N/A | Y18: Consommation modérée | Z18: =I18+I19+I20 -> #N/A | AA18: =S18+S19+S20 -> #N/A | AB18: =W18+W19+W20 -> #N/A
C19: Class D | D19: ER_BUIL_D_0 | E19: =E8/E$4 -> #N/A | F19: =F8/F$4 -> #N/A | G19: =G8/G$4 -> #N/A | H19: =H8/H$4 -> #N/A | I19: =I8/I$4 -> #N/A | J19: =J8/J$4 -> #N/A | K19: =K8/K$4 -> #N/A | L19: =L8/L$4 -> #N/A | ... W19: =W8/W$4 -> #N/A | Y19: Passoires énergétiques | Z19: =I21+I22 -> #N/A | AA19: =S21+S22 -> #N/A | AB19: =W21+W22 -> #N/A
C20: Class E | D20: ER_BUIL_E_0 | E20: =E9/E$4 -> #N/A | F20: =F9/F$4 -> #N/A | G20: =G9/G$4 -> #N/A | H20: =H9/H$4 -> #N/A | I20: =I9/I$4 -> #N/A | J20: =J9/J$4 -> #N/A | K20: =K9/K$4 -> #N/A | L20: =L9/L$4 -> #N/A | ... W20: =W9/W$4 -> #N/A | Y20: Total | Z20: =SUM(Z17:Z19) -> #N/A | AA20: =SUM(AA17:AA19) -> #N/A | AB20: =SUM(AB17:AB19) -> #N/A
C21: Class F | D21: ER_BUIL_F_0 | E21: =E10/E$4 -> #N/A | F21: =F10/F$4 -> #N/A | G21: =G10/G$4 -> #N/A | H21: =H10/H$4 -> #N/A | I21: =I10/I$4 -> #N/A | J21: =J10/J$4 -> #N/A | K21: =K10/K$4 -> #N/A | L21: =L10/L$4 -> #N/A | ... W21: =W10/W$4 -> #N/A
C22: Class G | D22: ER_BUIL_G_0 | E22: =E11/E$4 -> #N/A | F22: =F11/F$4 -> #N/A | G22: =G11/G$4 -> #N/A | H22: =H11/H$4 -> #N/A | I22: =I11/I$4 -> #N/A | J22: =J11/J$4 -> #N/A | K22: =K11/K$4 -> #N/A | L22: =L11/L$4 -> #N/A | ... W22: =W11/W$4 -> #N/A

Sheet Table Graphs
B4: =Résultats!B1&" : Energie finale par usage et énergie primaire (Mtep)" -> TEND : Energie finale par usage et énergie primaire (Mtep)
B5: =Résultats!B1&" : Ventilation du mix electrique (%)" -> TEND : Ventilation du mix electrique (%)
B6: =Résultats!B1&" : Ventilation du mix carburant (%)" -> TEND : Ventilation du mix carburant (%)
B7: =Résultats!B1&" : Ventilation du mix gaz (%)" -> TEND : Ventilation du mix gaz (%)
B8: =Résultats!B1&" : Emissions CO2 (Mt.eqCO2)" -> TEND : Emissions CO2 (Mt.eqCO2)
B9: =Résultats!B1&" : Ventilation du parc auto (%)" -> TEND : Ventilation du parc auto (%)
B10: =Résultats!B1&" : Ventilation du parc de logements (%)" -> TEND : Ventilation du parc de logements (%)
