Workbook

Sheet T energie vecteurs
A1: Energie par vecteur énergétique | D1: c
A3: Energie primaire (Mtep)
A4: =Résultats!B1 -> SNBC3
E5: =Résultats!E1 -> 4 | F5: =E5+9 -> 13 | G5: =F5+3 -> 16 | H5: =G5+1 -> 17 | I5: =H5+1 -> 18 | J5: =I5+1 -> 19 | K5: =J5+1 -> 20 | L5: =K5+1 -> 21 | M5: =L5+1 -> 22 | N5: =M5+1 -> 23 | O5: =N5+1 -> 24 | ... S5: =R5+1 -> 28 | T5: =S5+5 -> 33 | U5: =T5+5 -> 38 | V5: =U5+5 -> 43 | W5: =V5+5 -> 48
E6: 2006 | F6: 2015 | G6: 2018 | H6: 2019 | I6: 2020 | J6: 2021 | K6: 2022 | L6: 2023 | M6: 2024 | N6: 2025 | O6: 2026 | P6: 2027 | Q6: 2028 | R6: 2029 | S6: 2030 | T6: 2035 | U6: 2040 | V6: 2045 | W6: 2050 | Z6: Cf. onglet "G énergie"
B7: Refined petroleum products | C7: Total | E7: =SUM(E8:E9) -> 85.512306 | F7: =SUM(F8:F9) -> 73.793814 | G7: =SUM(G8:G9) -> 67.845464 | H7: =SUM(H8:H9) -> 66.427641 | I7: =SUM(I8:I9) -> 64.656103 | J7: =SUM(J8:J9) -> 64.200373 | K7: =SUM(K8:K9) -> 63.674742 | L7: =SUM(L8:L9) -> 62.836219 | ... W7: =SUM(W8:W9) -> 18.912755 | AA7: 2020 | AB7: 2030 | AC7: 2050
C8: Oil | D8: Q_Mtep_ep_2201_2 | E8: =VLOOKUP($D8,Résultats!$B$2:$AX$476,E$5,FALSE) -> 84.844841 | F8: =VLOOKUP($D8,Résultats!$B$2:$AX$476,F$5,FALSE) -> 70.625169 | G8: =VLOOKUP($D8,Résultats!$B$2:$AX$476,G$5,FALSE) -> 64.761067 | H8: =VLOOKUP($D8,Résultats!$B$2:$AX$476,H$5,FALSE) -> 63.344633 | I8: =VLOOKUP($D8,Résultats!$B$2:$AX$476,I$5,FALSE) -> 61.589811 | J8: =VLOOKUP($D8,Résultats!$B$2:$AX$476,J$5,FALSE) -> 61.006712 | K8: =VLOOKUP($D8,Résultats!$B$2:$AX$476,K$5,FALSE) -> 60.365601 | L8: =VLOOKUP($D8,Résultats!$B$2:$AX$476,L$5,FALSE) -> 59.436634 | ... W8: =VLOOKUP($D8,Résultats!$B$2:$AX$476,W$5,FALSE) -> 6.6802508 | X8: =W8-'[1]Cibles THREEME'!$H4 -> -3.7203565 | Z8: Energie primaire | AA8: =I27 -> 232.56144 | AB8: =S27 -> 214.06918 | AC8: =W27 -> 129.97749
C9: Biofuels | D9: Q_Mtep_ep_2202_2 | E9: =VLOOKUP($D9,Résultats!$B$2:$AX$476,E$5,FALSE) -> 0.66746538 | F9: =VLOOKUP($D9,Résultats!$B$2:$AX$476,F$5,FALSE) -> 3.1686457 | G9: =VLOOKUP($D9,Résultats!$B$2:$AX$476,G$5,FALSE) -> 3.0843969 | H9: =VLOOKUP($D9,Résultats!$B$2:$AX$476,H$5,FALSE) -> 3.0830077 | I9: =VLOOKUP($D9,Résultats!$B$2:$AX$476,I$5,FALSE) -> 3.0662927 | J9: =VLOOKUP($D9,Résultats!$B$2:$AX$476,J$5,FALSE) -> 3.193661 | K9: =VLOOKUP($D9,Résultats!$B$2:$AX$476,K$5,FALSE) -> 3.3091416 | L9: =VLOOKUP($D9,Résultats!$B$2:$AX$476,L$5,FALSE) -> 3.3995855 | ... W9: =VLOOKUP($D9,Résultats!$B$2:$AX$476,W$5,FALSE) -> 12.232504 | X9: =W9-'[1]Cibles THREEME'!$H5 -> 8.735663
B10: Electric power generation, transmission and distribution | C10: Total | E10: =SUM(E11:E18) -> 135.21135 | F10: =SUM(F11:F18) -> 149.50095 | G10: =SUM(G11:G18) -> 139.02163 | H10: =SUM(H11:H18) -> 134.54298 | I10: =SUM(I11:I18) -> 130.06616 | J10: =SUM(J11:J18) -> 128.29469 | K10: =SUM(K11:K18) -> 126.98505 | L10: =SUM(L11:L18) -> 124.58548 | ... W10: =SUM(W11:W18) -> 86.793706
C11: Nuclear | D11: Q_Mtep_ep_2301_2 | E11: =VLOOKUP($D11,Résultats!$B$2:$AX$476,E$5,FALSE) -> 118.47247 | F11: =VLOOKUP($D11,Résultats!$B$2:$AX$476,F$5,FALSE) -> 129.76891 | G11: =VLOOKUP($D11,Résultats!$B$2:$AX$476,G$5,FALSE) -> 118.48489 | H11: =VLOOKUP($D11,Résultats!$B$2:$AX$476,H$5,FALSE) -> 113.84746 | I11: =VLOOKUP($D11,Résultats!$B$2:$AX$476,I$5,FALSE) -> 109.20083 | J11: =VLOOKUP($D11,Résultats!$B$2:$AX$476,J$5,FALSE) -> 107.13507 | K11: =VLOOKUP($D11,Résultats!$B$2:$AX$476,K$5,FALSE) -> 105.4577 | L11: =VLOOKUP($D11,Résultats!$B$2:$AX$476,L$5,FALSE) -> 102.88088 | ... W11: =VLOOKUP($D11,Résultats!$B$2:$AX$476,W$5,FALSE) -> 52.051401 | X11: =W11-'[1]Cibles THREEME'!$H10 -> 49.393697
C12: Fuel | D12: Q_Mtep_ep_2302_2 | E12: =VLOOKUP($D12,Résultats!$B$2:$AX$476,E$5,FALSE) -> 1.3210359 | F12: =VLOOKUP($D12,Résultats!$B$2:$AX$476,F$5,FALSE) -> 0.78813533 | G12: =VLOOKUP($D12,Résultats!$B$2:$AX$476,G$5,FALSE) -> 0.52850563 | H12: =VLOOKUP($D12,Résultats!$B$2:$AX$476,H$5,FALSE) -> 0.43727701 | I12: =VLOOKUP($D12,Résultats!$B$2:$AX$476,I$5,FALSE) -> 0.34627987 | J12: =VLOOKUP($D12,Résultats!$B$2:$AX$476,J$5,FALSE) -> 0.45074562 | K12: =VLOOKUP($D12,Résultats!$B$2:$AX$476,K$5,FALSE) -> 0.55608677 | L12: =VLOOKUP($D12,Résultats!$B$2:$AX$476,L$5,FALSE) -> 0.65534673 | ... W12: =VLOOKUP($D12,Résultats!$B$2:$AX$476,W$5,FALSE) -> 0.0074177753 | X12: =W12-'[1]Cibles THREEME'!$H11 -> 0.0074177753
C13: Combined gas | D13: Q_Mtep_ep_2303_2 | E13: =VLOOKUP($D13,Résultats!$B$2:$AX$476,E$5,FALSE) -> 3.5861751 | F13: =VLOOKUP($D13,Résultats!$B$2:$AX$476,F$5,FALSE) -> 4.2850458 | G13: =VLOOKUP($D13,Résultats!$B$2:$AX$476,G$5,FALSE) -> 5.3965378 | H13: =VLOOKUP($D13,Résultats!$B$2:$AX$476,H$5,FALSE) -> 5.7390882 | I13: =VLOOKUP($D13,Résultats!$B$2:$AX$476,I$5,FALSE) -> 6.0820907 | J13: =VLOOKUP($D13,Résultats!$B$2:$AX$476,J$5,FALSE) -> 5.7800069 | K13: =VLOOKUP($D13,Résultats!$B$2:$AX$476,K$5,FALSE) -> 5.4982092 | L13: =VLOOKUP($D13,Résultats!$B$2:$AX$476,L$5,FALSE) -> 5.1698632 | ... W13: =VLOOKUP($D13,Résultats!$B$2:$AX$476,W$5,FALSE) -> 0.52863515 | X13: =W13-'[1]Cibles THREEME'!$H12 -> -1.7642855
C14: Coal | D14: Q_Mtep_ep_2304_2 | E14: =VLOOKUP($D14,Résultats!$B$2:$AX$476,E$5,FALSE) -> 5.2639752 | F14: =VLOOKUP($D14,Résultats!$B$2:$AX$476,F$5,FALSE) -> 3.416841 | G14: =VLOOKUP($D14,Résultats!$B$2:$AX$476,G$5,FALSE) -> 1.9590989 | H14: =VLOOKUP($D14,Résultats!$B$2:$AX$476,H$5,FALSE) -> 1.4555758 | I14: =VLOOKUP($D14,Résultats!$B$2:$AX$476,I$5,FALSE) -> 0.95436361 | J14: =VLOOKUP($D14,Résultats!$B$2:$AX$476,J$5,FALSE) -> 0.90709862 | K14: =VLOOKUP($D14,Résultats!$B$2:$AX$476,K$5,FALSE) -> 0.86294362 | L14: =VLOOKUP($D14,Résultats!$B$2:$AX$476,L$5,FALSE) -> 0.81140993 | ... W14: =VLOOKUP($D14,Résultats!$B$2:$AX$476,W$5,FALSE) -> 0.0074177753 | X14: =W14-'[1]Cibles THREEME'!$H13 -> 0.0074177753
C15: Wind | D15: Q_Mtep_ep_2305_2 | E15: =VLOOKUP($D15,Résultats!$B$2:$AX$476,E$5,FALSE) -> 0.36837996 | F15: =VLOOKUP($D15,Résultats!$B$2:$AX$476,F$5,FALSE) -> 2.6163824 | G15: =VLOOKUP($D15,Résultats!$B$2:$AX$476,G$5,FALSE) -> 3.3935444 | H15: =VLOOKUP($D15,Résultats!$B$2:$AX$476,H$5,FALSE) -> 3.6388344 | I15: =VLOOKUP($D15,Résultats!$B$2:$AX$476,I$5,FALSE) -> 3.8860842 | J15: =VLOOKUP($D15,Résultats!$B$2:$AX$476,J$5,FALSE) -> 4.0511886 | K15: =VLOOKUP($D15,Résultats!$B$2:$AX$476,K$5,FALSE) -> 4.2301318 | L15: =VLOOKUP($D15,Résultats!$B$2:$AX$476,L$5,FALSE) -> 4.3708877 | ... W15: =VLOOKUP($D15,Résultats!$B$2:$AX$476,W$5,FALSE) -> 17.963845 | X15: =W15-'[1]Cibles THREEME'!$H14 -> 0.19084445
C16: Solar | D16: Q_Mtep_ep_2306_2 | E16: =VLOOKUP($D16,Résultats!$B$2:$AX$476,E$5,FALSE) -> 0.082885491 | F16: =VLOOKUP($D16,Résultats!$B$2:$AX$476,F$5,FALSE) -> 1.1530532 | G16: =VLOOKUP($D16,Résultats!$B$2:$AX$476,G$5,FALSE) -> 1.4955524 | H16: =VLOOKUP($D16,Résultats!$B$2:$AX$476,H$5,FALSE) -> 1.603653 | I16: =VLOOKUP($D16,Résultats!$B$2:$AX$476,I$5,FALSE) -> 1.7126173 | J16: =VLOOKUP($D16,Résultats!$B$2:$AX$476,J$5,FALSE) -> 1.7608415 | K16: =VLOOKUP($D16,Résultats!$B$2:$AX$476,K$5,FALSE) -> 1.8151681 | L16: =VLOOKUP($D16,Résultats!$B$2:$AX$476,L$5,FALSE) -> 1.8533059 | ... W16: =VLOOKUP($D16,Résultats!$B$2:$AX$476,W$5,FALSE) -> 9.3413419 | X16: =W16-'[1]Cibles THREEME'!$H17 -> -1.1487699
C17: Hydraulic | D17: Q_Mtep_ep_2307_2 | E17: =VLOOKUP($D17,Résultats!$B$2:$AX$476,E$5,FALSE) -> 4.6467107 | F17: =VLOOKUP($D17,Résultats!$B$2:$AX$476,F$5,FALSE) -> 3.4133941 | G17: =VLOOKUP($D17,Résultats!$B$2:$AX$476,G$5,FALSE) -> 4.4449886 | H17: =VLOOKUP($D17,Résultats!$B$2:$AX$476,H$5,FALSE) -> 4.7725683 | I17: =VLOOKUP($D17,Résultats!$B$2:$AX$476,I$5,FALSE) -> 5.1035522 | J17: =VLOOKUP($D17,Résultats!$B$2:$AX$476,J$5,FALSE) -> 5.298675 | K17: =VLOOKUP($D17,Résultats!$B$2:$AX$476,K$5,FALSE) -> 5.5122374 | L17: =VLOOKUP($D17,Résultats!$B$2:$AX$476,L$5,FALSE) -> 5.6764703 | ... W17: =VLOOKUP($D17,Résultats!$B$2:$AX$476,W$5,FALSE) -> 4.5529204 | X17: =W17-'[1]Cibles THREEME'!$H18 -> -0.90709675
C18: Cogeneration (CHP) | D18: Q_Mtep_ep_2308_2 | E18: =VLOOKUP($D18,Résultats!$B$2:$AX$476,E$5,FALSE) -> 1.4697215 | F18: =VLOOKUP($D18,Résultats!$B$2:$AX$476,F$5,FALSE) -> 4.0591902 | G18: =VLOOKUP($D18,Résultats!$B$2:$AX$476,G$5,FALSE) -> 3.3185127 | H18: =VLOOKUP($D18,Résultats!$B$2:$AX$476,H$5,FALSE) -> 3.0485188 | I18: =VLOOKUP($D18,Résultats!$B$2:$AX$476,I$5,FALSE) -> 2.7803421 | J18: =VLOOKUP($D18,Résultats!$B$2:$AX$476,J$5,FALSE) -> 2.9110568 | K18: =VLOOKUP($D18,Résultats!$B$2:$AX$476,K$5,FALSE) -> 3.0525725 | L18: =VLOOKUP($D18,Résultats!$B$2:$AX$476,L$5,FALSE) -> 3.1673147 | ... W18: =VLOOKUP($D18,Résultats!$B$2:$AX$476,W$5,FALSE) -> 2.3407274 | X18: =W18-'[1]Cibles THREEME'!$H19 -> 1.1786004
B19: Gas and heat | C19: Total | E19: =SUM(E20:E25) -> 38.516187 | F19: =SUM(F20:F25) -> 39.559006 | G19: =SUM(G20:G25) -> 37.816821 | H19: =SUM(H20:H25) -> 36.396972 | I19: =SUM(I20:I25) -> 35.786557 | J19: =SUM(J20:J25) -> 35.401283 | K19: =SUM(K20:K25) -> 35.102814 | L19: =SUM(L20:L25) -> 35.17339 | ... W19: =SUM(W20:W25) -> 24.164373
C20: Natural gas | D20: Q_Mtep_ep_2401_2 | E20: =VLOOKUP($D20,Résultats!$B$2:$AX$476,E$5,FALSE) -> 35.359287 | F20: =VLOOKUP($D20,Résultats!$B$2:$AX$476,F$5,FALSE) -> 27.834732 | G20: =VLOOKUP($D20,Résultats!$B$2:$AX$476,G$5,FALSE) -> 26.166317 | H20: =VLOOKUP($D20,Résultats!$B$2:$AX$476,H$5,FALSE) -> 25.069344 | I20: =VLOOKUP($D20,Résultats!$B$2:$AX$476,I$5,FALSE) -> 24.549517 | J20: =VLOOKUP($D20,Résultats!$B$2:$AX$476,J$5,FALSE) -> 23.31725 | K20: =VLOOKUP($D20,Résultats!$B$2:$AX$476,K$5,FALSE) -> 22.136537 | L20: =VLOOKUP($D20,Résultats!$B$2:$AX$476,L$5,FALSE) -> 20.922506 | ... W20: =VLOOKUP($D20,Résultats!$B$2:$AX$476,W$5,FALSE) -> 3.7726666 | X20: =W20-'[1]Cibles THREEME'!$H28 -> -1.6661162
C21: Wood | D21: Q_Mtep_ep_2402_2 | E21: =VLOOKUP($D21,Résultats!$B$2:$AX$476,E$5,FALSE) -> 1.6086113 | F21: =VLOOKUP($D21,Résultats!$B$2:$AX$476,F$5,FALSE) -> 7.0411192 | G21: =VLOOKUP($D21,Résultats!$B$2:$AX$476,G$5,FALSE) -> 6.9876733 | H21: =VLOOKUP($D21,Résultats!$B$2:$AX$476,H$5,FALSE) -> 6.8149874 | I21: =VLOOKUP($D21,Résultats!$B$2:$AX$476,I$5,FALSE) -> 6.7927124 | J21: =VLOOKUP($D21,Résultats!$B$2:$AX$476,J$5,FALSE) -> 6.9065706 | K21: =VLOOKUP($D21,Résultats!$B$2:$AX$476,K$5,FALSE) -> 7.0384943 | L21: =VLOOKUP($D21,Résultats!$B$2:$AX$476,L$5,FALSE) -> 7.4566851 | ... W21: =VLOOKUP($D21,Résultats!$B$2:$AX$476,W$5,FALSE) -> 6.015123 | X21: =W21-'[1]Cibles THREEME'!$H29 -> -5.8960628
C22: Biogas | D22: Q_Mtep_ep_2403_2 | E22: =VLOOKUP($D22,Résultats!$B$2:$AX$476,E$5,FALSE) -> 0.20107641 | F22: =VLOOKUP($D22,Résultats!$B$2:$AX$476,F$5,FALSE) -> 0.11900138 | G22: =VLOOKUP($D22,Résultats!$B$2:$AX$476,G$5,FALSE) -> 0.285656 | H22: =VLOOKUP($D22,Résultats!$B$2:$AX$476,H$5,FALSE) -> 0.330476 | I22: =VLOOKUP($D22,Résultats!$B$2:$AX$476,I$5,FALSE) -> 0.37988942 | J22: =VLOOKUP($D22,Résultats!$B$2:$AX$476,J$5,FALSE) -> 0.58598983 | K22: =VLOOKUP($D22,Résultats!$B$2:$AX$476,K$5,FALSE) -> 0.79495402 | L22: =VLOOKUP($D22,Résultats!$B$2:$AX$476,L$5,FALSE) -> 1.028522 | ... W22: =VLOOKUP($D22,Résultats!$B$2:$AX$476,W$5,FALSE) -> 6.9299889 | X22: =W22-'[1]Cibles THREEME'!$H30 -> -5.3956204
C23: Waste incineration | D23: Q_Mtep_ep_2404_2 | E23: =VLOOKUP($D23,Résultats!$B$2:$AX$476,E$5,FALSE) -> 0.74398272 | F23: =VLOOKUP($D23,Résultats!$B$2:$AX$476,F$5,FALSE) -> 0.59907668 | G23: =VLOOKUP($D23,Résultats!$B$2:$AX$476,G$5,FALSE) -> 1.2173629 | H23: =VLOOKUP($D23,Résultats!$B$2:$AX$476,H$5,FALSE) -> 1.3404487 | I23: =VLOOKUP($D23,Résultats!$B$2:$AX$476,I$5,FALSE) -> 1.4656076 | J23: =VLOOKUP($D23,Résultats!$B$2:$AX$476,J$5,FALSE) -> 1.4994943 | K23: =VLOOKUP($D23,Résultats!$B$2:$AX$476,K$5,FALSE) -> 1.5366182 | L23: =VLOOKUP($D23,Résultats!$B$2:$AX$476,L$5,FALSE) -> 1.5968495 | ... W23: =VLOOKUP($D23,Résultats!$B$2:$AX$476,W$5,FALSE) -> 0.84754389 | X23: =W23-'[1]Cibles THREEME'!$H31 -> 0.056023344
C24: Geothermal | D24: Q_Mtep_ep_2405_2 | E24: =VLOOKUP($D24,Résultats!$B$2:$AX$476,E$5,FALSE) -> 0.20107641 | F24: =VLOOKUP($D24,Résultats!$B$2:$AX$476,F$5,FALSE) -> 0.20230993 | G24: =VLOOKUP($D24,Résultats!$B$2:$AX$476,G$5,FALSE) -> 0.2874068 | H24: =VLOOKUP($D24,Résultats!$B$2:$AX$476,H$5,FALSE) -> 0.30712736 | I24: =VLOOKUP($D24,Résultats!$B$2:$AX$476,I$5,FALSE) -> 0.33223022 | J24: =VLOOKUP($D24,Résultats!$B$2:$AX$476,J$5,FALSE) -> 0.39156072 | K24: =VLOOKUP($D24,Résultats!$B$2:$AX$476,K$5,FALSE) -> 0.45227369 | L24: =VLOOKUP($D24,Résultats!$B$2:$AX$476,L$5,FALSE) -> 0.54026797 | ... W24: =VLOOKUP($D24,Résultats!$B$2:$AX$476,W$5,FALSE) -> 0.8930943 | X24: =W24-'[1]Cibles THREEME'!$H32 -> 0.63514073
C25: Cogeneration (CHP) | D25: Q_Mtep_ep_2406_2 | E25: =VLOOKUP($D25,Résultats!$B$2:$AX$476,E$5,FALSE) -> 0.40215282 | F25: =VLOOKUP($D25,Résultats!$B$2:$AX$476,F$5,FALSE) -> 3.7627669 | G25: =VLOOKUP($D25,Résultats!$B$2:$AX$476,G$5,FALSE) -> 2.8724051 | H25: =VLOOKUP($D25,Résultats!$B$2:$AX$476,H$5,FALSE) -> 2.5345883 | I25: =VLOOKUP($D25,Résultats!$B$2:$AX$476,I$5,FALSE) -> 2.2666003 | J25: =VLOOKUP($D25,Résultats!$B$2:$AX$476,J$5,FALSE) -> 2.7004176 | K25: =VLOOKUP($D25,Résultats!$B$2:$AX$476,K$5,FALSE) -> 3.1439362 | L25: =VLOOKUP($D25,Résultats!$B$2:$AX$476,L$5,FALSE) -> 3.6285589 | ... W25: =VLOOKUP($D25,Résultats!$B$2:$AX$476,W$5,FALSE) -> 5.7059559 | X25: =W25-'[1]Cibles THREEME'!$H33 -> -1.7752075
B26: Coal | D26: Q_Mtep_ep_21_2 | E26: =VLOOKUP($D26,Résultats!$B$2:$AX$476,E$5,FALSE) -> 5.7508898 | F26: =VLOOKUP($D26,Résultats!$B$2:$AX$476,F$5,FALSE) -> 4.190327 | G26: =VLOOKUP($D26,Résultats!$B$2:$AX$476,G$5,FALSE) -> 2.4425633 | H26: =VLOOKUP($D26,Résultats!$B$2:$AX$476,H$5,FALSE) -> 2.2292431 | I26: =VLOOKUP($D26,Résultats!$B$2:$AX$476,I$5,FALSE) -> 2.052617 | J26: =VLOOKUP($D26,Résultats!$B$2:$AX$476,J$5,FALSE) -> 2.0139273 | K26: =VLOOKUP($D26,Résultats!$B$2:$AX$476,K$5,FALSE) -> 1.9885554 | L26: =VLOOKUP($D26,Résultats!$B$2:$AX$476,L$5,FALSE) -> 1.6858133 | ... W26: =VLOOKUP($D26,Résultats!$B$2:$AX$476,W$5,FALSE) -> 0.10665656
B27: Total | E27: =E26+E19+E10+E7 -> 264.99074 | F27: =F26+F19+F10+F7 -> 267.0441 | G27: =G26+G19+G10+G7 -> 247.12648 | H27: =H26+H19+H10+H7 -> 239.59684 | I27: =I26+I19+I10+I7 -> 232.56144 | J27: =J26+J19+J10+J7 -> 229.91027 | K27: =K26+K19+K10+K7 -> 227.75116 | L27: =L26+L19+L10+L7 -> 224.2809 | ... W27: =W26+W19+W10+W7 -> 129.97749
A30: Energie finale (Mtep)
A31: =Résultats!B1 -> SNBC3 | Z31: Cf. onglet "G mix elec" | AE31: Cf. onglet "G mix carb" | AJ31: Cf. onglet "G mix gaz"
E32: 2006 | F32: 2015 | G32: 2018 | H32: 2019 | I32: 2020 | J32: 2021 | K32: 2022 | L32: 2023 | M32: 2024 | N32: 2025 | O32: 2026 | P32: 2027 | Q32: 2028 | R32: 2029 | S32: 2030 | T32: 2035 | U32: 2040 | V32: 2045 | W32: 2050 | AA32: 2020 | AB32: 2030 | AC32: 2050 | AF32: 2020 | AG32: 2030 | AH32: 2050 | AK32: 2020 | AL32: 2030 | AM32: 2050
B33: Refined petroleum products | C33: Total | D33: ER_Oil_2 | E33: =SUM(E34:E35) -> 80.671203 | F33: =SUM(F34:F35) -> 71.498434 | G33: =SUM(G34:G35) -> 66.192346 | H33: =SUM(H34:H35) -> 64.959362 | I33: =SUM(I34:I35) -> 63.373763 | J33: =SUM(J34:J35) -> 62.700539 | K33: =SUM(K34:K35) -> 61.965191 | L33: =SUM(L34:L35) -> 60.93266 | ... W33: =SUM(W34:W35) -> 18.386356 | Z33: charbon | AA33: =(I38+I40)/I36 -> 0.0086413758 | AB33: =(S38+S40)/S36 -> 0.00094212087 | AC33: =(W38+W40)/W36 -> 0.00034818942 | AE33: carburants fossiles | AF33: =I34/I33 -> 0.95161574 | AG33: =S34/S33 -> 0.91402602 | AH33: =W34/W33 -> 0.33469666 | AJ33: gaz naturel | AK33: =I46/(I46+I48) -> 0.98439656 | AL33: =S46/(S46+S48) -> 0.84505794 | AM33: =W46/(W46+W48) -> 0.35227008
C34: Oil | D34: ER_oil_2201_2 | E34: =VLOOKUP($D34,Résultats!$B$2:$AX$476,E$5,FALSE) -> 80.003737 | F34: =VLOOKUP($D34,Résultats!$B$2:$AX$476,F$5,FALSE) -> 68.329788 | G34: =VLOOKUP($D34,Résultats!$B$2:$AX$476,G$5,FALSE) -> 63.107949 | H34: =VLOOKUP($D34,Résultats!$B$2:$AX$476,H$5,FALSE) -> 61.876354 | I34: =VLOOKUP($D34,Résultats!$B$2:$AX$476,I$5,FALSE) -> 60.30747 | J34: =VLOOKUP($D34,Résultats!$B$2:$AX$476,J$5,FALSE) -> 59.506878 | K34: =VLOOKUP($D34,Résultats!$B$2:$AX$476,K$5,FALSE) -> 58.656049 | L34: =VLOOKUP($D34,Résultats!$B$2:$AX$476,L$5,FALSE) -> 57.533075 | ... W34: =VLOOKUP($D34,Résultats!$B$2:$AX$476,W$5,FALSE) -> 6.153852 | X34: =W34-'[1]Cibles THREEME'!$AJ4 -> -3.5282506 | Z34: nucléaire | AA34: =I37/I36 -> 0.69408091 | AB34: =S37/S36 -> 0.62114144 | AC34: =W37/W36 -> 0.32025253 | AE34: biocarburants | AF34: =I35/I33 -> 0.048384262 | AG34: =S35/S33 -> 0.085973979 | AH34: =W35/W33 -> 0.66530334 | AJ34: biogaz | AK34: =I48/(I46+I48) -> 0.015603437 | AL34: =S48/(S46+S48) -> 0.15494206 | AM34: =W48/(W46+W48) -> 0.64772992
C35: Biofuels | D35: ER_oil_2202_2 | E35: =VLOOKUP($D35,Résultats!$B$2:$AX$476,E$5,FALSE) -> 0.66746538 | F35: =VLOOKUP($D35,Résultats!$B$2:$AX$476,F$5,FALSE) -> 3.1686457 | G35: =VLOOKUP($D35,Résultats!$B$2:$AX$476,G$5,FALSE) -> 3.0843969 | H35: =VLOOKUP($D35,Résultats!$B$2:$AX$476,H$5,FALSE) -> 3.0830077 | I35: =VLOOKUP($D35,Résultats!$B$2:$AX$476,I$5,FALSE) -> 3.0662927 | J35: =VLOOKUP($D35,Résultats!$B$2:$AX$476,J$5,FALSE) -> 3.193661 | K35: =VLOOKUP($D35,Résultats!$B$2:$AX$476,K$5,FALSE) -> 3.3091416 | L35: =VLOOKUP($D35,Résultats!$B$2:$AX$476,L$5,FALSE) -> 3.3995855 | ... W35: =VLOOKUP($D35,Résultats!$B$2:$AX$476,W$5,FALSE) -> 12.232504 | X35: =W35-'[1]Cibles THREEME'!$AJ5 -> 8.735663 | Z35: hydraulique | AA35: =I43/I36 -> 0.10258601 | AB35: =S43/S36 -> 0.10094479 | AC35: =W43/W36 -> 0.085931447 | AE35: Total | AF35: =SUM(AF33:AF34) -> 1 | AG35: =SUM(AG33:AG34) -> 1 | AH35: =SUM(AH33:AH34) -> 1 | AJ35: Total | AK35: =SUM(AK33:AK34) -> 1 | AL35: =SUM(AL33:AL34) -> 1 | AM35: =SUM(AM33:AM34) -> 1
B36: Electric power generation, transmission and distribution | C36: Total | D36: ER_elec_2 | E36: =SUM(E37:E44) -> 37.199368 | F36: =SUM(F37:F44) -> 39.878134 | G36: =SUM(G37:G44) -> 39.553918 | H36: =SUM(H37:H44) -> 39.148654 | I36: =SUM(I37:I44) -> 38.745095 | J36: =SUM(J37:J44) -> 39.013104 | K36: =SUM(K37:K44) -> 39.433226 | L36: =SUM(L37:L44) -> 39.512261 | ... W36: =SUM(W37:W44) -> 42.607566 | Z36: solaire | AA36: =I42/I36 -> 0.036998234 | AB36: =S42/S36 -> 0.087555324 | AC36: =W42/W36 -> 0.19408802
C37: Nuclear | D37: ER_Elec_2301_2 | E37: =VLOOKUP($D37,Résultats!$B$2:$AX$476,E$5,FALSE) -> 29.720949 | F37: =VLOOKUP($D37,Résultats!$B$2:$AX$476,F$5,FALSE) -> 30.94722 | G37: =VLOOKUP($D37,Résultats!$B$2:$AX$476,G$5,FALSE) -> 28.821975 | H37: =VLOOKUP($D37,Résultats!$B$2:$AX$476,H$5,FALSE) -> 27.86219 | I37: =VLOOKUP($D37,Résultats!$B$2:$AX$476,I$5,FALSE) -> 26.892231 | J37: =VLOOKUP($D37,Résultats!$B$2:$AX$476,J$5,FALSE) -> 26.743234 | K37: =VLOOKUP($D37,Résultats!$B$2:$AX$476,K$5,FALSE) -> 26.690278 | L37: =VLOOKUP($D37,Résultats!$B$2:$AX$476,L$5,FALSE) -> 26.399789 | ... W37: =VLOOKUP($D37,Résultats!$B$2:$AX$476,W$5,FALSE) -> 13.645181 | X37: =W37-'[1]Cibles THREEME'!$AJ8 -> 13.024121 | Z37: éolien | AA37: =I41/I36 -> 0.083952357 | AB37: =S41/S36 -> 0.12657892 | AC37: =W41/W36 -> 0.37324051
C38: Fuel | D38: ER_elec_2302_2 | E38: =VLOOKUP($D38,Résultats!$B$2:$AX$476,E$5,FALSE) -> 0.38143295 | F38: =VLOOKUP($D38,Résultats!$B$2:$AX$476,F$5,FALSE) -> 0.24433932 | G38: =VLOOKUP($D38,Résultats!$B$2:$AX$476,G$5,FALSE) -> 0.16877833 | H38: =VLOOKUP($D38,Résultats!$B$2:$AX$476,H$5,FALSE) -> 0.14095614 | I38: =VLOOKUP($D38,Résultats!$B$2:$AX$476,I$5,FALSE) -> 0.11269292 | J38: =VLOOKUP($D38,Résultats!$B$2:$AX$476,J$5,FALSE) -> 0.14899317 | K38: =VLOOKUP($D38,Résultats!$B$2:$AX$476,K$5,FALSE) -> 0.18674726 | L38: =VLOOKUP($D38,Résultats!$B$2:$AX$476,L$5,FALSE) -> 0.22359305 | ... W38: =VLOOKUP($D38,Résultats!$B$2:$AX$476,W$5,FALSE) -> 0.0074177517 | X38: =W38-'[1]Cibles THREEME'!$AJ9 -> -0.0025822483 | Z38: autres renouvelables | AA38: =(I39+I44)/I36 -> 0.073741107 | AB38: =(S39+S44)/S36 -> 0.062837405 | AC38: =(W39+W44)/W36 -> 0.026139309
C39: Combined gas | D39: ER_Elec_2303_2 | E39: =VLOOKUP($D39,Résultats!$B$2:$AX$476,E$5,FALSE) -> 1.5232799 | F39: =VLOOKUP($D39,Résultats!$B$2:$AX$476,F$5,FALSE) -> 1.6070135 | G39: =VLOOKUP($D39,Résultats!$B$2:$AX$476,G$5,FALSE) -> 2.0796826 | H39: =VLOOKUP($D39,Résultats!$B$2:$AX$476,H$5,FALSE) -> 2.2306383 | I39: =VLOOKUP($D39,Résultats!$B$2:$AX$476,I$5,FALSE) -> 2.3846433 | J39: =VLOOKUP($D39,Résultats!$B$2:$AX$476,J$5,FALSE) -> 2.2924332 | K39: =VLOOKUP($D39,Résultats!$B$2:$AX$476,K$5,FALSE) -> 2.20649 | L39: =VLOOKUP($D39,Résultats!$B$2:$AX$476,L$5,FALSE) -> 2.0992975 | ... W39: =VLOOKUP($D39,Résultats!$B$2:$AX$476,W$5,FALSE) -> 0.23568073 | X39: =W39-'[1]Cibles THREEME'!$AJ10 -> -0.86030597 | Z39: Total | AA39: =SUM(AA33:AA38) -> 1 | AB39: =SUM(AB33:AB38) -> 1 | AC39: =SUM(AC33:AC38) -> 1
C40: Coal | D40: ER_elec_2304_2 | E40: =VLOOKUP($D40,Résultats!$B$2:$AX$476,E$5,FALSE) -> 1.5199084 | F40: =VLOOKUP($D40,Résultats!$B$2:$AX$476,F$5,FALSE) -> 0.75329847 | G40: =VLOOKUP($D40,Résultats!$B$2:$AX$476,G$5,FALSE) -> 0.44640929 | H40: =VLOOKUP($D40,Résultats!$B$2:$AX$476,H$5,FALSE) -> 0.33517036 | I40: =VLOOKUP($D40,Résultats!$B$2:$AX$476,I$5,FALSE) -> 0.22211801 | J40: =VLOOKUP($D40,Résultats!$B$2:$AX$476,J$5,FALSE) -> 0.21340186 | K40: =VLOOKUP($D40,Résultats!$B$2:$AX$476,K$5,FALSE) -> 0.20526583 | L40: =VLOOKUP($D40,Résultats!$B$2:$AX$476,L$5,FALSE) -> 0.19515023 | ... W40: =VLOOKUP($D40,Résultats!$B$2:$AX$476,W$5,FALSE) -> 0.0074177517 | X40: =W40-'[1]Cibles THREEME'!$AJ11 -> -0.0025822483
C41: Wind | D41: ER_Elec_2305_2 | E41: =VLOOKUP($D41,Résultats!$B$2:$AX$476,E$5,FALSE) -> 0.30706949 | F41: =VLOOKUP($D41,Résultats!$B$2:$AX$476,F$5,FALSE) -> 2.1314552 | G41: =VLOOKUP($D41,Résultats!$B$2:$AX$476,G$5,FALSE) -> 2.8114068 | H41: =VLOOKUP($D41,Résultats!$B$2:$AX$476,H$5,FALSE) -> 3.0298895 | I41: =VLOOKUP($D41,Résultats!$B$2:$AX$476,I$5,FALSE) -> 3.2527421 | J41: =VLOOKUP($D41,Résultats!$B$2:$AX$476,J$5,FALSE) -> 3.4385807 | K41: =VLOOKUP($D41,Résultats!$B$2:$AX$476,K$5,FALSE) -> 3.6418406 | L41: =VLOOKUP($D41,Résultats!$B$2:$AX$476,L$5,FALSE) -> 3.8168505 | ... W41: =VLOOKUP($D41,Résultats!$B$2:$AX$476,W$5,FALSE) -> 15.902869 | X41: =W41-'[1]Cibles THREEME'!$AJ12 -> 3.3172887
C42: Solar | D42: ER_elec_2306_2 | E42: =VLOOKUP($D42,Résultats!$B$2:$AX$476,E$5,FALSE) -> 0.069090635 | F42: =VLOOKUP($D42,Résultats!$B$2:$AX$476,F$5,FALSE) -> 0.93934323 | G42: =VLOOKUP($D42,Résultats!$B$2:$AX$476,G$5,FALSE) -> 1.2390014 | H42: =VLOOKUP($D42,Résultats!$B$2:$AX$476,H$5,FALSE) -> 1.3352878 | I42: =VLOOKUP($D42,Résultats!$B$2:$AX$476,I$5,FALSE) -> 1.4335001 | J42: =VLOOKUP($D42,Résultats!$B$2:$AX$476,J$5,FALSE) -> 1.4945726 | K42: =VLOOKUP($D42,Résultats!$B$2:$AX$476,K$5,FALSE) -> 1.5627298 | L42: =VLOOKUP($D42,Résultats!$B$2:$AX$476,L$5,FALSE) -> 1.6183878 | ... W42: =VLOOKUP($D42,Résultats!$B$2:$AX$476,W$5,FALSE) -> 8.269618 | X42: =W42-'[1]Cibles THREEME'!$AJ13 -> 0.84126373 | Z42: Cf. onglet "G mix energie"
C43: Hydraulic | D43: ER_Elec_2307_2 | E43: =VLOOKUP($D43,Résultats!$B$2:$AX$476,E$5,FALSE) -> 3.4538971 | F43: =VLOOKUP($D43,Résultats!$B$2:$AX$476,F$5,FALSE) -> 2.6045426 | G43: =VLOOKUP($D43,Résultats!$B$2:$AX$476,G$5,FALSE) -> 3.435413 | H43: =VLOOKUP($D43,Résultats!$B$2:$AX$476,H$5,FALSE) -> 3.702389 | I43: =VLOOKUP($D43,Résultats!$B$2:$AX$476,I$5,FALSE) -> 3.9747049 | J43: =VLOOKUP($D43,Résultats!$B$2:$AX$476,J$5,FALSE) -> 4.1820071 | K43: =VLOOKUP($D43,Résultats!$B$2:$AX$476,K$5,FALSE) -> 4.4100339 | L43: =VLOOKUP($D43,Résultats!$B$2:$AX$476,L$5,FALSE) -> 4.6034939 | ... W43: =VLOOKUP($D43,Résultats!$B$2:$AX$476,W$5,FALSE) -> 3.6613298 | X43: =W43-'[1]Cibles THREEME'!$AJ14 -> -0.20506778 | AA43: 2020 | AB43: 2030 | AC43: 2050
C44: Cogeneration (CHP) | D44: ER_elec_2308_2 | E44: =VLOOKUP($D44,Résultats!$B$2:$AX$476,E$5,FALSE) -> 0.22374131 | F44: =VLOOKUP($D44,Résultats!$B$2:$AX$476,F$5,FALSE) -> 0.65092138 | G44: =VLOOKUP($D44,Résultats!$B$2:$AX$476,G$5,FALSE) -> 0.55125163 | H44: =VLOOKUP($D44,Résultats!$B$2:$AX$476,H$5,FALSE) -> 0.5121329 | I44: =VLOOKUP($D44,Résultats!$B$2:$AX$476,I$5,FALSE) -> 0.47246286 | J44: =VLOOKUP($D44,Résultats!$B$2:$AX$476,J$5,FALSE) -> 0.4998806 | K44: =VLOOKUP($D44,Résultats!$B$2:$AX$476,K$5,FALSE) -> 0.52984087 | L44: =VLOOKUP($D44,Résultats!$B$2:$AX$476,L$5,FALSE) -> 0.55569882 | ... W44: =VLOOKUP($D44,Résultats!$B$2:$AX$476,W$5,FALSE) -> 0.8780516 | X44: =W44-'[1]Cibles THREEME'!$AJ15 -> 0.56752203 | Z44: electricité | AA44: =I36 -> 38.745095 | AB44: =S36 -> 42.601437 | AC44: =W36 -> 42.607566
B45: Gas and heat | C45: Total | D45: ER_Gas_2 | E45: =SUM(E46:E51) -> 37.372062 | F45: =SUM(F46:F51) -> 38.392088 | G45: =SUM(G46:G51) -> 36.823644 | H45: =SUM(H46:H51) -> 35.518229 | I45: =SUM(I46:I51) -> 35.017304 | J45: =SUM(J46:J51) -> 34.681755 | K45: =SUM(K46:K51) -> 34.430776 | L45: =SUM(L46:L51) -> 34.546585 | ... W45: =SUM(W46:W51) -> 24.101311 | Z45: chaleur (bois…) | AA45: =SUM(I47,I49:I51) -> 10.670783 | AB45: =S47+SUM(S49:S51) -> 13.484277 | AC45: =W47+SUM(W49:W51) -> 13.402425
C46: Natural gas | D46: ER_Gas_2401_2 | E46: =VLOOKUP($D46,Résultats!$B$2:$AX$476,E$5,FALSE) -> 34.363959 | F46: =VLOOKUP($D46,Résultats!$B$2:$AX$476,F$5,FALSE) -> 26.844514 | G46: =VLOOKUP($D46,Résultats!$B$2:$AX$476,G$5,FALSE) -> 25.4203 | H46: =VLOOKUP($D46,Résultats!$B$2:$AX$476,H$5,FALSE) -> 24.414213 | I46: =VLOOKUP($D46,Résultats!$B$2:$AX$476,I$5,FALSE) -> 23.966631 | J46: =VLOOKUP($D46,Résultats!$B$2:$AX$476,J$5,FALSE) -> 22.777154 | K46: =VLOOKUP($D46,Résultats!$B$2:$AX$476,K$5,FALSE) -> 21.636652 | L46: =VLOOKUP($D46,Résultats!$B$2:$AX$476,L$5,FALSE) -> 20.462206 | ... W46: =VLOOKUP($D46,Résultats!$B$2:$AX$476,W$5,FALSE) -> 3.7688977 | X46: =W46-'[1]Cibles THREEME'!$AJ17 -> 2.3718378 | Z46: gaz | AA46: =I46+I48 -> 24.346521 | AB46: =S46+S48 -> 15.968628 | AC46: =W46+W48 -> 10.698887
C47: Wood | D47: ER_Gas_2402_2 | E47: =VLOOKUP($D47,Résultats!$B$2:$AX$476,E$5,FALSE) -> 1.6086113 | F47: =VLOOKUP($D47,Résultats!$B$2:$AX$476,F$5,FALSE) -> 7.0411192 | G47: =VLOOKUP($D47,Résultats!$B$2:$AX$476,G$5,FALSE) -> 6.9876733 | H47: =VLOOKUP($D47,Résultats!$B$2:$AX$476,H$5,FALSE) -> 6.8149874 | I47: =VLOOKUP($D47,Résultats!$B$2:$AX$476,I$5,FALSE) -> 6.7927124 | J47: =VLOOKUP($D47,Résultats!$B$2:$AX$476,J$5,FALSE) -> 6.9065706 | K47: =VLOOKUP($D47,Résultats!$B$2:$AX$476,K$5,FALSE) -> 7.0384943 | L47: =VLOOKUP($D47,Résultats!$B$2:$AX$476,L$5,FALSE) -> 7.4566851 | ... W47: =VLOOKUP($D47,Résultats!$B$2:$AX$476,W$5,FALSE) -> 6.015123 | X47: =W47-'[1]Cibles THREEME'!$AJ18 -> -4.4175298 | Z47: carburant | AA47: =I33 -> 63.373763 | AB47: =S33 -> 46.357903 | AC47: =W33 -> 18.386356
C48: Biogas | D48: ER_Gas_2403_2 | E48: =VLOOKUP($D48,Résultats!$B$2:$AX$476,E$5,FALSE) -> 0.20107641 | F48: =VLOOKUP($D48,Résultats!$B$2:$AX$476,F$5,FALSE) -> 0.11900138 | G48: =VLOOKUP($D48,Résultats!$B$2:$AX$476,G$5,FALSE) -> 0.285656 | H48: =VLOOKUP($D48,Résultats!$B$2:$AX$476,H$5,FALSE) -> 0.330476 | I48: =VLOOKUP($D48,Résultats!$B$2:$AX$476,I$5,FALSE) -> 0.37988942 | J48: =VLOOKUP($D48,Résultats!$B$2:$AX$476,J$5,FALSE) -> 0.58598983 | K48: =VLOOKUP($D48,Résultats!$B$2:$AX$476,K$5,FALSE) -> 0.79495402 | L48: =VLOOKUP($D48,Résultats!$B$2:$AX$476,L$5,FALSE) -> 1.028522 | ... W48: =VLOOKUP($D48,Résultats!$B$2:$AX$476,W$5,FALSE) -> 6.9299889 | X48: =W48-'[1]Cibles THREEME'!$AJ19 -> -5.3710961 | Z48: charbon | AA48: =I52 -> 2.052617 | AB48: =S52 -> 0.28998513 | AC48: =W52 -> 0.10665656
C49: Waste incineration | D49: ER_Gas_2404_2 | E49: =VLOOKUP($D49,Résultats!$B$2:$AX$476,E$5,FALSE) -> 0.59518618 | F49: =VLOOKUP($D49,Résultats!$B$2:$AX$476,F$5,FALSE) -> 0.42237581 | G49: =VLOOKUP($D49,Résultats!$B$2:$AX$476,G$5,FALSE) -> 0.97020249 | H49: =VLOOKUP($D49,Résultats!$B$2:$AX$476,H$5,FALSE) -> 1.1168371 | I49: =VLOOKUP($D49,Résultats!$B$2:$AX$476,I$5,FALSE) -> 1.2792405 | J49: =VLOOKUP($D49,Résultats!$B$2:$AX$476,J$5,FALSE) -> 1.3200623 | K49: =VLOOKUP($D49,Résultats!$B$2:$AX$476,K$5,FALSE) -> 1.3644662 | L49: =VLOOKUP($D49,Résultats!$B$2:$AX$476,L$5,FALSE) -> 1.4303442 | ... W49: =VLOOKUP($D49,Résultats!$B$2:$AX$476,W$5,FALSE) -> 0.78825135 | X49: =W49-'[1]Cibles THREEME'!$AJ20 -> 0.089121615 | Z49: Energie finale | AA49: =SUM(AA44:AA48) -> 139.18878 | AB49: =SUM(AB44:AB48) -> 118.70223 | AC49: =SUM(AC44:AC48) -> 85.201889
C50: Geothermal | D50: ER_Gas_2405_2 | E50: =VLOOKUP($D50,Résultats!$B$2:$AX$476,E$5,FALSE) -> 0.20107641 | F50: =VLOOKUP($D50,Résultats!$B$2:$AX$476,F$5,FALSE) -> 0.20230993 | G50: =VLOOKUP($D50,Résultats!$B$2:$AX$476,G$5,FALSE) -> 0.2874068 | H50: =VLOOKUP($D50,Résultats!$B$2:$AX$476,H$5,FALSE) -> 0.30712736 | I50: =VLOOKUP($D50,Résultats!$B$2:$AX$476,I$5,FALSE) -> 0.33223022 | J50: =VLOOKUP($D50,Résultats!$B$2:$AX$476,J$5,FALSE) -> 0.39156072 | K50: =VLOOKUP($D50,Résultats!$B$2:$AX$476,K$5,FALSE) -> 0.45227369 | L50: =VLOOKUP($D50,Résultats!$B$2:$AX$476,L$5,FALSE) -> 0.54026797 | ... W50: =VLOOKUP($D50,Résultats!$B$2:$AX$476,W$5,FALSE) -> 0.8930943 | X50: =W50-'[1]Cibles THREEME'!$AJ21 -> -0.049869572
C51: Cogeneration (CHP) | D51: ER_Gas_2406_2 | E51: =VLOOKUP($D51,Résultats!$B$2:$AX$476,E$5,FALSE) -> 0.40215282 | F51: =VLOOKUP($D51,Résultats!$B$2:$AX$476,F$5,FALSE) -> 3.7627669 | G51: =VLOOKUP($D51,Résultats!$B$2:$AX$476,G$5,FALSE) -> 2.8724051 | H51: =VLOOKUP($D51,Résultats!$B$2:$AX$476,H$5,FALSE) -> 2.5345883 | I51: =VLOOKUP($D51,Résultats!$B$2:$AX$476,I$5,FALSE) -> 2.2666003 | J51: =VLOOKUP($D51,Résultats!$B$2:$AX$476,J$5,FALSE) -> 2.7004176 | K51: =VLOOKUP($D51,Résultats!$B$2:$AX$476,K$5,FALSE) -> 3.1439362 | L51: =VLOOKUP($D51,Résultats!$B$2:$AX$476,L$5,FALSE) -> 3.6285589 | ... W51: =VLOOKUP($D51,Résultats!$B$2:$AX$476,W$5,FALSE) -> 5.7059559 | X51: =W51-'[1]Cibles THREEME'!$AJ22 -> -1.0553645
B52: Coal | D52: ER_coal_2 | E52: =VLOOKUP($D52,Résultats!$B$2:$AX$476,E$5,FALSE) -> 5.7508898 | F52: =VLOOKUP($D52,Résultats!$B$2:$AX$476,F$5,FALSE) -> 4.190327 | G52: =VLOOKUP($D52,Résultats!$B$2:$AX$476,G$5,FALSE) -> 2.4425633 | H52: =VLOOKUP($D52,Résultats!$B$2:$AX$476,H$5,FALSE) -> 2.2292431 | I52: =VLOOKUP($D52,Résultats!$B$2:$AX$476,I$5,FALSE) -> 2.052617 | J52: =VLOOKUP($D52,Résultats!$B$2:$AX$476,J$5,FALSE) -> 2.0139273 | K52: =VLOOKUP($D52,Résultats!$B$2:$AX$476,K$5,FALSE) -> 1.9885554 | L52: =VLOOKUP($D52,Résultats!$B$2:$AX$476,L$5,FALSE) -> 1.6858133 | ... W52: =VLOOKUP($D52,Résultats!$B$2:$AX$476,W$5,FALSE) -> 0.10665656
B53: Total | D53: ER_Total_2 | E53: =E52+E45+E36+E33 -> 160.99352 | F53: =F52+F45+F36+F33 -> 153.95898 | G53: =G52+G45+G36+G33 -> 145.01247 | H53: =H52+H45+H36+H33 -> 141.85549 | I53: =I52+I45+I36+I33 -> 139.18878 | J53: =J52+J45+J36+J33 -> 138.40933 | K53: =K52+K45+K36+K33 -> 137.81775 | L53: =L52+L45+L36+L33 -> 136.67732 | ... W53: =W52+W45+W36+W33 -> 85.201889

Sheet T energie usages
A1: Energie par usage
A3: Energie finale (Mtep)
A4: =Résultats!B1 -> SNBC3
C7: Consos résultats de ThreeME | N7: Consos cibles d'Enerdata | U7: Consos résultats de ThreeME
C8: Hors bois domestique non marchand, avec consommation à double usage | N8: Hors bois domestique auto produit (8MTEP entre 2015 et 2030 4 Mtep en 2050) | U8: Hors bois domestique non marchand, avec consommation à double usage
C10: 2015 | H10: coal | I10: fuel and biofuel | J10: elec | K10: gas biogas biomass | L10: Total | N10: 2015 | O10: coal | P10: fuel and biofuel | Q10: elec | R10: gas biogas biomass | S10: Total | U10: 2015 | Z10: coal | AA10: fuel and biofuel | AB10: elec | AC10: gas biogas biomass | AD10: Total
C11: Transport | H11: =SUM(H12:H13) -> 0 | I11: =SUM(I12:I13) -> 43.235242 | J11: =SUM(J12:J13) -> 1.215759 | K11: =SUM(K12:K13) -> 0.22964514 | L11: =SUM(H11:K11) -> 44.680646 | N11: Transport | O11: ='[2]Bilan 2015'!$X$46 -> 0 | P11: =SUM('[2]Bilan 2015'!$X$41:$X$43) -> 42.748697 | Q11: ='[2]Bilan 2015'!$X$13 -> 0.94471195 | R11: =('[2]Bilan 2015'!$X$22+'[2]Bilan 2015'!$X$30+SUM('[2]Bilan 2015'!$X$36:$X$40)+SUM('[2]Bilan 2015'!$X$44:$X$45)+'[2]Bilan 2015'!$X$47) -> 0.072674067 | S11: =SUM(O11:R11) -> 43.766083 | U11: Transport | Z11: 0 | AA11: 43.655445 | AB11: 1.3708613 | AC11: 0.26944764 | AD11: 45.295754
C12: Personal vehicles | D12: ER_TRANS_PRIVATE_coal_2 | E12: ER_TRANS_PRIVATE_oil_2 | F12: ER_TRANS_PRIVATE_elec_2 | G12: ER_TRANS_PRIVATE_gas_2 | H12: =VLOOKUP(D12,Résultats!$B$2:$AX$476,'T energie vecteurs'!F5,FALSE) -> 0 | I12: =VLOOKUP(E12,Résultats!$B$2:$AX$476,'T energie vecteurs'!F5,FALSE) -> 24.202574 | J12: =VLOOKUP(F12,Résultats!$B$2:$AX$476,'T energie vecteurs'!F5,FALSE) -> 0.028859426 | K12: =VLOOKUP(G12,Résultats!$B$2:$AX$476,'T energie vecteurs'!F5,FALSE) -> 1.0452388e-05 | L12: =SUM(H12:K12) -> 24.231444 | N12: Personal vehicles | U12: Personal vehicles | V12: ER_TRANS_PRIVATE_coal_2 | W12: ER_TRANS_PRIVATE_oil_2 | X12: ER_TRANS_PRIVATE_elec_2 | Y12: ER_TRANS_PRIVATE_gas_2 | Z12: 0 | AA12: 24.375675 | AB12: 0.028638346 | AC12: 6.2334451e-06 | AD12: 24.40432
C13: Public and freight transport | D13: ER_TRANS_PUBLIC_coal_2 | E13: ER_TRANS_PUBLIC_oil_2 | F13: ER_TRANS_PUBLIC_elec_2 | G13: ER_TRANS_PUBLIC_gas_2 | H13: =VLOOKUP(D13,Résultats!$B$2:$AX$476,'T energie vecteurs'!F5,FALSE) -> 0 | I13: =VLOOKUP(E13,Résultats!$B$2:$AX$476,'T energie vecteurs'!F5,FALSE) -> 19.032668 | J13: =VLOOKUP(F13,Résultats!$B$2:$AX$476,'T energie vecteurs'!F5,FALSE) -> 1.1868996 | K13: =VLOOKUP(G13,Résultats!$B$2:$AX$476,'T energie vecteurs'!F5,FALSE) -> 0.22963469 | L13: =SUM(H13:K13) -> 20.449203 | N13: Public and freight transport | U13: Public and freight transport | V13: ER_TRANS_PUBLIC_coal_2 | W13: ER_TRANS_PUBLIC_oil_2 | X13: ER_TRANS_PUBLIC_elec_2 | Y13: ER_TRANS_PUBLIC_gas_2 | Z13: 0 | AA13: 19.27977 | AB13: 1.3422229 | AC13: 0.26944141 | AD13: 20.891434
C14: Residential | D14: ER_RESIDENTIAL_coal_2 | E14: ER_RESIDENTIAL_oil_2 | F14: ER_RESIDENTIAL_elec_2 | G14: ER_RESIDENTIAL_gas_2 | H14: =VLOOKUP(D14,Résultats!$B$2:$AX$476,'T energie vecteurs'!F5,FALSE) -> 0.29368456 | I14: =VLOOKUP(E14,Résultats!$B$2:$AX$476,'T energie vecteurs'!F5,FALSE) -> 7.1747672 | J14: =VLOOKUP(F14,Résultats!$B$2:$AX$476,'T energie vecteurs'!F5,FALSE) -> 14.024228 | K14: =VLOOKUP(G14,Résultats!$B$2:$AX$476,'T energie vecteurs'!F5,FALSE)+5 -> 21.106097 | L14: =SUM(H14:K14) -> 42.598777 | N14: Residential | O14: ='[2]Bilan 2015'!$V$46 -> 0.036764197 | P14: =SUM('[2]Bilan 2015'!$V$41:$V$43) -> 6.6752954 | Q14: ='[2]Bilan 2015'!$V$13 -> 13.620367 | R14: =('[2]Bilan 2015'!$V$22+'[2]Bilan 2015'!$V$30+SUM('[2]Bilan 2015'!$V$36:$V$40)+SUM('[2]Bilan 2015'!$V$44:$V$45)+'[2]Bilan 2015'!$V$47) -> 21.832864 | S14: =SUM(O14:R14) -> 42.16529 | U14: Residential | V14: ER_RESIDENTIAL_coal_2 | W14: ER_RESIDENTIAL_oil_2 | X14: ER_RESIDENTIAL_elec_2 | Y14: ER_RESIDENTIAL_gas_2 | Z14: 0.29143291 | AA14: 6.750666 | AB14: 14.411191 | AC14: 20.636263 | AD14: 42.089554
C15: Service | D15: ER_TERTIARY_coal_2 | E15: ER_TERTIARY_oil_2 | F15: ER_TERTIARY_elec_2 | G15: ER_TERTIARY_gas_2 | H15: =VLOOKUP(D15,Résultats!$B$2:$AX$476,'T energie vecteurs'!F5,FALSE) -> 0 | I15: =VLOOKUP(E15,Résultats!$B$2:$AX$476,'T energie vecteurs'!F5,FALSE) -> 4.2755146 | J15: =VLOOKUP(F15,Résultats!$B$2:$AX$476,'T energie vecteurs'!F5,FALSE) -> 13.311593 | K15: =VLOOKUP(G15,Résultats!$B$2:$AX$476,'T energie vecteurs'!F5,FALSE) -> 9.726067 | L15: =SUM(H15:K15) -> 27.313174 | N15: Service | O15: ='[2]Bilan 2015'!$W$46 -> 0.043073392 | P15: =SUM('[2]Bilan 2015'!$W$41:$W$43) -> 3.0154656 | Q15: ='[2]Bilan 2015'!$W$13 -> 12.701365 | R15: =('[2]Bilan 2015'!$W$22+'[2]Bilan 2015'!$W$30+SUM('[2]Bilan 2015'!$W$36:$W$40)+SUM('[2]Bilan 2015'!$W$44:$W$45)+'[2]Bilan 2015'!$W$47) -> 8.7461122 | S15: =SUM(O15:R15) -> 24.506017 | U15: Service | V15: ER_TERTIARY_coal_2 | W15: ER_TERTIARY_oil_2 | X15: ER_TERTIARY_elec_2 | Y15: ER_TERTIARY_gas_2 | Z15: 0 | AA15: 3.5686169 | AB15: 12.769876 | AC15: 9.0390918 | AD15: 25.377585
C16: Industry and agriculture | H16: =SUM(H17:H18) -> 4.8875364 | I16: =SUM(I17:I18) -> 16.278152 | J16: =SUM(J17:J18) -> 11.010773 | K16: =SUM(K17:K18) -> 13.712766 | L16: =SUM(H16:K16) -> 45.889227 | N16: Industry | O16: =O17+O18 -> 4.2636281 | P16: =P17+P18 -> 14.865721 | Q16: =Q17+Q18 -> 10.069552 | R16: =R17+R18 -> 13.7564 | S16: =SUM(O16:R16) -> 42.955301 | U16: Industry and agriculture | Z16: 4.1729011 | AA16: 15.619453 | AB16: 10.978162 | AC16: 14.084083 | AD16: 44.854599
C17: Industry | D17: ER_INDUS_coal_2 | E17: ER_INDUS_oil_2 | F17: ER_INDUS_elec_2 | G17: ER_INDUS_gas_2 | H17: =VLOOKUP(D17,Résultats!$B$2:$AX$476,'T energie vecteurs'!F5,FALSE) -> 3.8966424 | I17: =VLOOKUP(E17,Résultats!$B$2:$AX$476,'T energie vecteurs'!F5,FALSE) -> 14.380357 | J17: =VLOOKUP(F17,Résultats!$B$2:$AX$476,'T energie vecteurs'!F5,FALSE) -> 11.010773 | K17: =VLOOKUP(G17,Résultats!$B$2:$AX$476,'T energie vecteurs'!F5,FALSE) -> 11.965566 | L17: =SUM(H17:K17) -> 41.253338 | N17: Industry energetic uses | O17: ='[2]Bilan 2015'!$U$46 -> 1.0493093 | P17: =SUM('[2]Bilan 2015'!$U$41:$U$43) -> 2.4127207 | Q17: ='[2]Bilan 2015'!$U$13 -> 10.069552 | R17: =('[2]Bilan 2015'!$U$22+'[2]Bilan 2015'!$U$30+SUM('[2]Bilan 2015'!$U$36:$U$40)+SUM('[2]Bilan 2015'!$U$44:$U$45)+'[2]Bilan 2015'!$U$47) -> 12.654814 | S17: =SUM(O17:R17) -> 26.186396 | U17: Industry | V17: ER_INDUS_coal_2 | W17: ER_INDUS_oil_2 | X17: ER_INDUS_elec_2 | Y17: ER_INDUS_gas_2 | Z17: 3.2526652 | AA17: 13.839453 | AB17: 10.978162 | AC17: 12.365702 | AD17: 40.435983
C18: Industry non energetic uses | D18: Q_Mtep_indus_21_2 | E18: Q_Mtep_indus_22_2 | F18: Q_Mtep_indus_23_2 | G18: Q_Mtep_indus_24_2 | H18: =VLOOKUP(D18,Résultats!$B$2:$AX$476,'T energie vecteurs'!F5,FALSE) -> 0.99089399 | I18: =VLOOKUP(E18,Résultats!$B$2:$AX$476,'T energie vecteurs'!F5,FALSE) -> 1.8977947 | J18: =VLOOKUP(F18,Résultats!$B$2:$AX$476,'T energie vecteurs'!F5,FALSE) -> 0 | K18: =VLOOKUP(G18,Résultats!$B$2:$AX$476,'T energie vecteurs'!F5,FALSE) -> 1.7471999 | L18: =SUM(H18:K18) -> 4.6358887 | N18: Industry non energetic uses | O18: ='[2]Bilan 2015'!$E$52 -> 3.2143188 | P18: =('[2]Bilan 2015'!$E$54+'[2]Bilan 2015'!$E$56) -> 12.453 | Q18: 0 | R18: =('[2]Bilan 2015'!$E$53+'[2]Bilan 2015'!$E$55+'[2]Bilan 2015'!$E$57) -> 1.1015862 | S18: =SUM(O18:R18) -> 16.768905 | U18: Industry non energetic uses | V18: Q_Mtep_indus_21_2 | W18: Q_Mtep_indus_22_2 | X18: Q_Mtep_indus_23_2 | Y18: Q_Mtep_indus_24_2 | Z18: 0.92023592 | AA18: 1.7799997 | AB18: 0 | AC18: 1.7183807 | AD18: 4.4186164
C19: Agriculture | D19: ER_AGRICULTURE_coal_2 | E19: ER_AGRICULTURE_oil_2 | F19: ER_AGRICULTURE_elec_2 | G19: ER_AGRICULTURE_gas_2 | H19: =VLOOKUP(D19,Résultats!$B$2:$AX$476,'T energie vecteurs'!F5,FALSE) -> 0 | I19: =VLOOKUP(E19,Résultats!$B$2:$AX$476,'T energie vecteurs'!F5,FALSE) -> 2.4325525 | J19: =VLOOKUP(F19,Résultats!$B$2:$AX$476,'T energie vecteurs'!F5,FALSE) -> 0.31578116 | K19: =VLOOKUP(G19,Résultats!$B$2:$AX$476,'T energie vecteurs'!F5,FALSE) -> 0.36471241 | L19: =SUM(H19:K19) -> 3.1130461 | N19: Agriculture | O19: ='[2]Bilan 2015'!$T$46 -> 0.0022137193 | P19: =SUM('[2]Bilan 2015'!$T$41:$T$43) -> 3.4936668 | Q19: ='[2]Bilan 2015'!$T$13 -> 0.74651763 | R19: =('[2]Bilan 2015'!$T$22+'[2]Bilan 2015'!$T$30+SUM('[2]Bilan 2015'!$T$36:$T$40)+SUM('[2]Bilan 2015'!$T$44:$T$45)+'[2]Bilan 2015'!$T$47) -> 0.24365267 | S19: =SUM(O19:R19) -> 4.4860508 | U19: Agriculture | V19: ER_AGRICULTURE_coal_2 | W19: ER_AGRICULTURE_oil_2 | X19: ER_AGRICULTURE_elec_2 | Y19: ER_AGRICULTURE_gas_2 | Z19: 0 | AA19: 2.4208977 | AB19: 0.33677654 | AC19: 0.36234122 | AD19: 3.1200155
C20: Total Final Mtep | H20: =SUM(H11,H14:H16,H19) -> 5.181221 | I20: =SUM(I11,I14:I16,I19) -> 73.396228 | J20: =SUM(J11,J14:J16,J19) -> 39.878134 | K20: =SUM(K11,K14:K16,K19) -> 45.139287 | L20: =SUM(H20:K20) -> 163.59487 | N20: Total Final Mtep | O20: =O11+O14+O15+O16+O19 -> 4.3456794 | P20: =P11+P14+P15+P16+P19 -> 70.798845 | Q20: =Q11+Q14+Q15+Q16+Q19 -> 38.082514 | R20: =R11+R14+R15+R16+R19 -> 44.651703 | S20: =SUM(O20:R20) -> 157.87874 | U20: Total Final Mtep | Z20: 4.464334 | AA20: 72.015078 | AB20: 39.866868 | AC20: 44.391227 | AD20: 160.73751
L21: =L11+L14+L15+L16+L19 -> 163.59487 | AD21: 160.73751
C23: 2020 | H23: coal | I23: fuel and biofuel | J23: elec | K23: gas biogas biomass | L23: Total | N23: 2020 | O23: coal | P23: fuel and biofuel | Q23: elec | R23: gas biogas biomass | S23: Total | U23: 2020 | Z23: coal | AA23: fuel and biofuel | AB23: elec | AC23: gas biogas biomass | AD23: Total
C24: Transport | H24: =SUM(H25:H26) -> 0 | I24: =SUM(I25:I26) -> 42.251962 | J24: =SUM(J25:J26) -> 1.428452 | K24: =SUM(K25:K26) -> 0.25528918 | L24: =SUM(H24:K24) -> 43.935704 | N24: Transport | O24: ='[2]Bilan 2020'!$X$46/11.63 -> 0 | P24: =SUM('[2]Bilan 2020'!$X$41:$X$43)/11.63 -> 35.668036 | Q24: ='[2]Bilan 2020'!$X$13/11.63 -> 0.71687008 | R24: =('[2]Bilan 2020'!$X$22+'[2]Bilan 2020'!$X$30+SUM('[2]Bilan 2020'!$X$36:$X$40)+SUM('[2]Bilan 2020'!$X$44:$X$45)+'[2]Bilan 2020'!$X$47)/11.63 -> 0.19326866 | S24: =SUM(O24:R24) -> 36.578175 | U24: Transport | Z24: 0 | AA24: 43.018744 | AB24: 1.8220352 | AC24: 0.31541142 | AD24: 45.156191
C25: Personal vehicles | D25: ER_TRANS_PRIVATE_coal_2 | E25: ER_TRANS_PRIVATE_oil_2 | F25: ER_TRANS_PRIVATE_elec_2 | G25: ER_TRANS_PRIVATE_gas_2 | H25: =VLOOKUP(D25,Résultats!$B$2:$AX$476,'T energie vecteurs'!I5,FALSE) -> 0 | I25: =VLOOKUP(E25,Résultats!$B$2:$AX$476,'T energie vecteurs'!I5,FALSE) -> 23.698841 | J25: =VLOOKUP(F25,Résultats!$B$2:$AX$476,'T energie vecteurs'!I5,FALSE) -> 0.10937869 | K25: =VLOOKUP(G77,Résultats!$B$2:$AX$476,'T energie vecteurs'!I5,FALSE) -> 1.6040599e-05 | L25: =SUM(H25:K25) -> 23.808236 | N25: Personal vehicles | U25: Personal vehicles | V25: ER_TRANS_PRIVATE_coal_2 | W25: ER_TRANS_PRIVATE_oil_2 | X25: ER_TRANS_PRIVATE_elec_2 | Y25: ER_TRANS_PRIVATE_gas_2 | Z25: 0 | AA25: 23.922501 | AB25: 0.10584781 | AC25: 9.2348089e-06 | AD25: 24.028358
C26: Public and freight transport | D26: ER_TRANS_PUBLIC_coal_2 | E26: ER_TRANS_PUBLIC_oil_2 | F26: ER_TRANS_PUBLIC_elec_2 | G26: ER_TRANS_PUBLIC_gas_2 | H26: =VLOOKUP(D26,Résultats!$B$2:$AX$476,'T energie vecteurs'!I5,FALSE) -> 0 | I26: =VLOOKUP(E26,Résultats!$B$2:$AX$476,'T energie vecteurs'!I5,FALSE) -> 18.553121 | J26: =VLOOKUP(F26,Résultats!$B$2:$AX$476,'T energie vecteurs'!I5,FALSE) -> 1.3190733 | K26: =VLOOKUP(G26,Résultats!$B$2:$AX$476,'T energie vecteurs'!I5,FALSE) -> 0.25527314 | L26: =SUM(H26:K26) -> 20.127468 | N26: Public and freight transport | U26: Public and freight transport | V26: ER_TRANS_PUBLIC_coal_2 | W26: ER_TRANS_PUBLIC_oil_2 | X26: ER_TRANS_PUBLIC_elec_2 | Y26: ER_TRANS_PUBLIC_gas_2 | Z26: 0 | AA26: 19.096243 | AB26: 1.7161874 | AC26: 0.31540219 | AD26: 21.127833
C27: Residential | D27: ER_RESIDENTIAL_coal_2 | E27: ER_RESIDENTIAL_oil_2 | F27: ER_RESIDENTIAL_elec_2 | G27: ER_RESIDENTIAL_gas_2 | H27: =VLOOKUP(D27,Résultats!$B$2:$AX$476,'T energie vecteurs'!I5,FALSE) -> 0.26291969 | I27: =VLOOKUP(E27,Résultats!$B$2:$AX$476,'T energie vecteurs'!I5,FALSE) -> 6.2714561 | J27: =VLOOKUP(F27,Résultats!$B$2:$AX$476,'T energie vecteurs'!I5,FALSE) -> 14.695407 | K27: =VLOOKUP(G27,Résultats!$B$2:$AX$476,'T energie vecteurs'!I5,FALSE)+6 -> 20.495942 | L27: =SUM(H27:K27) -> 41.725725 | N27: Residential | O27: ='[2]Bilan 2020'!$V$46/11.63 -> 0.020700735 | P27: =SUM('[2]Bilan 2020'!$V$41:$V$43)/11.63 -> 4.2874728 | Q27: ='[2]Bilan 2020'!$V$13/11.63 -> 13.618732 | R27: =('[2]Bilan 2020'!$V$22+'[2]Bilan 2020'!$V$30+SUM('[2]Bilan 2020'!$V$36:$V$40)+SUM('[2]Bilan 2020'!$V$44:$V$45)+'[2]Bilan 2020'!$V$47)/11.63 -> 20.40841 | S27: =SUM(O27:R27) -> 38.335315 | U27: Residential | V27: ER_RESIDENTIAL_coal_2 | W27: ER_RESIDENTIAL_oil_2 | X27: ER_RESIDENTIAL_elec_2 | Y27: ER_RESIDENTIAL_gas_2 | Z27: 0.26184971 | AA27: 5.7024644 | AB27: 15.25919 | AC27: 20.182441 | AD27: 41.405944
C28: Service | D28: ER_TERTIARY_coal_2 | E28: ER_TERTIARY_oil_2 | F28: ER_TERTIARY_elec_2 | G28: ER_TERTIARY_gas_2 | H28: =VLOOKUP(D28,Résultats!$B$2:$AX$476,'T energie vecteurs'!I5,FALSE) -> 0 | I28: =VLOOKUP(E28,Résultats!$B$2:$AX$476,'T energie vecteurs'!I5,FALSE) -> 3.1173306 | J28: =VLOOKUP(F28,Résultats!$B$2:$AX$476,'T energie vecteurs'!I5,FALSE) -> 12.975212 | K28: =VLOOKUP(G28,Résultats!$B$2:$AX$476,'T energie vecteurs'!I5,FALSE) -> 7.935653 | L28: =SUM(H28:K28) -> 24.028196 | N28: Service | O28: =('[2]Bilan 2020'!$W$46)/11.63 -> 0.030546421 | P28: =SUM('[2]Bilan 2020'!$W$41:$W$43)/11.63 -> 2.7068356 | Q28: =('[2]Bilan 2020'!$W$13)/11.63 -> 10.724851 | R28: =('[2]Bilan 2020'!$W$22+'[2]Bilan 2020'!$W$30+SUM('[2]Bilan 2020'!$W$36:$W$40)+SUM('[2]Bilan 2020'!$W$44:$W$45)+'[2]Bilan 2020'!$W$47)/11.63 -> 7.1906336 | S28: =SUM(O28:R28) -> 20.652866 | U28: Service | V28: ER_TERTIARY_coal_2 | W28: ER_TERTIARY_oil_2 | X28: ER_TERTIARY_elec_2 | Y28: ER_TERTIARY_gas_2 | Z28: 0 | AA28: 2.5782826 | AB28: 12.104467 | AC28: 7.6832677 | AD28: 22.366018
C29: Industry and agriculture | H29: =SUM(H30:H32) -> 2.6579612 | I29: =SUM(I30:I32) -> 13.620348 | J29: =SUM(J30:J32) -> 9.6460239 | K29: =SUM(K30:K32) -> 14.365485 | L29: =SUM(H29:K29) -> 40.289818 | N29: Industry | O29: =O30+O31 -> 3.1626378 | P29: =P30+P31 -> 13.919974 | Q29: =Q30+Q31 -> 9.0413235 | R29: =R30+R31 -> 14.312071 | S29: =SUM(O29:R29) -> 40.436006 | U29: Industry and agriculture | Z29: 2.9352594 | AA29: 14.864282 | AB29: 9.5134154 | AC29: 13.758628 | AD29: 41.071585
C30: Industry | D30: ER_INDUS_coal_2 | E30: ER_INDUS_oil_2 | F30: ER_INDUS_elec_2 | G30: ER_INDUS_gas_2 | H30: =VLOOKUP(D30,Résultats!$B$2:$AX$476,'T energie vecteurs'!I5,FALSE) -> 1.7896973 | I30: =VLOOKUP(E30,Résultats!$B$2:$AX$476,'T energie vecteurs'!I5,FALSE) -> 9.3519632 | J30: =VLOOKUP(F30,Résultats!$B$2:$AX$476,'T energie vecteurs'!I5,FALSE) -> 9.3345403 | K30: =VLOOKUP(G30,Résultats!$B$2:$AX$476,'T energie vecteurs'!I5,FALSE) -> 11.999935 | L30: =SUM(H30:K30) -> 32.476135 | N30: Industry energetic uses | O30: ='[2]Bilan 2020'!$U$46/11.63 -> 0.77267988 | P30: =SUM('[2]Bilan 2020'!$U$41:$U$43)/11.63 -> 2.7003588 | Q30: ='[2]Bilan 2020'!$U$13/11.63 -> 9.0413235 | R30: =('[2]Bilan 2020'!$U$22+'[2]Bilan 2020'!$U$30+SUM('[2]Bilan 2020'!$U$36:$U$40)+SUM('[2]Bilan 2020'!$U$44:$U$45)+'[2]Bilan 2020'!$U$47)/11.63 -> 13.277855 | S30: =SUM(O30:R30) -> 25.792217 | U30: Industry | V30: ER_INDUS_coal_2 | W30: ER_INDUS_oil_2 | X30: ER_INDUS_elec_2 | Y30: ER_INDUS_gas_2 | Z30: 2.0907212 | AA30: 10.561312 | AB30: 9.1722502 | AC30: 11.439848 | AD30: 33.264131
C31: Industry non energetic uses | D31: Q_Mtep_indus_21_2 | E31: Q_Mtep_indus_22_2 | F31: Q_Mtep_indus_23_2 | G31: Q_Mtep_indus_24_2 | H31: =VLOOKUP(D31,Résultats!$B$2:$AX$476,'T energie vecteurs'!I5,FALSE) -> 0.86826389 | I31: =VLOOKUP(E31,Résultats!$B$2:$AX$476,'T energie vecteurs'!I5,FALSE) -> 1.8873345 | J31: =VLOOKUP(F31,Résultats!$B$2:$AX$476,'T energie vecteurs'!I5,FALSE) -> 0 | K31: =VLOOKUP(G31,Résultats!$B$2:$AX$476,'T energie vecteurs'!I5,FALSE) -> 2.0350648 | L31: =SUM(H31:K31) -> 4.7906631 | N31: Industry non energetic uses | O31: ='[2]Bilan 2020'!$E$52/11.63 -> 2.3899579 | P31: =('[2]Bilan 2020'!$E$54+'[2]Bilan 2020'!$E$56)/11.63 -> 11.219615 | Q31: 0 | R31: =('[2]Bilan 2020'!$E$53+'[2]Bilan 2020'!$E$55+'[2]Bilan 2020'!$E$57)/11.63 -> 1.0342164 | S31: =SUM(O31:R31) -> 14.643789 | U31: Industry non energetic uses | V31: Q_Mtep_indus_21_2 | W31: Q_Mtep_indus_22_2 | X31: Q_Mtep_indus_23_2 | Y31: Q_Mtep_indus_24_2 | Z31: 0.84453811 | AA31: 1.8990812 | AB31: 0 | AC31: 1.9869123 | AD31: 4.7305316
C32: Agriculture | D32: ER_AGRICULTURE_coal_2 | E32: ER_AGRICULTURE_oil_2 | F32: ER_AGRICULTURE_elec_2 | G32: ER_AGRICULTURE_gas_2 | H32: =VLOOKUP(D32,Résultats!$B$2:$AX$476,'T energie vecteurs'!I5,FALSE) -> 0 | I32: =VLOOKUP(E32,Résultats!$B$2:$AX$476,'T energie vecteurs'!I5,FALSE) -> 2.3810507 | J32: =VLOOKUP(F32,Résultats!$B$2:$AX$476,'T energie vecteurs'!I5,FALSE) -> 0.31148359 | K32: =VLOOKUP(G32,Résultats!$B$2:$AX$476,'T energie vecteurs'!I5,FALSE) -> 0.33048569 | L32: =SUM(H32:K32) -> 3.02302 | N32: Agriculture | O32: ='[2]Bilan 2020'!$T$46/11.63 -> 0.001321701 | P32: =SUM('[2]Bilan 2020'!$T$41:$T$43)/11.63 -> 3.3486885 | Q32: ='[2]Bilan 2020'!$T$13/11.63 -> 0.69143728 | R32: =('[2]Bilan 2020'!$T$22+'[2]Bilan 2020'!$T$30+SUM('[2]Bilan 2020'!$T$36:$T$40)+SUM('[2]Bilan 2020'!$T$44:$T$45)+'[2]Bilan 2020'!$T$47)/11.63 -> 0.41959097 | S32: =SUM(O32:R32) -> 4.4610384 | U32: Agriculture | V32: ER_AGRICULTURE_coal_2 | W32: ER_AGRICULTURE_oil_2 | X32: ER_AGRICULTURE_elec_2 | Y32: ER_AGRICULTURE_gas_2 | Z32: 0 | AA32: 2.4038891 | AB32: 0.34116511 | AC32: 0.33186802 | AD32: 3.0769222
C33: Total Final Mtep | H33: =SUM(H24,H27:H29) -> 2.9208809 | I33: =SUM(I24,I27:I29) -> 65.261097 | J33: =SUM(J24,J27:J29) -> 38.745095 | K33: =SUM(K24,K27:K29) -> 43.052369 | L33: =SUM(H33:K33) -> 149.97944 | N33: Total Final Mtep | O33: =O24+O27+O28+O29+O32 -> 3.2152067 | P33: =P24+P27+P28+P29+P32 -> 59.931007 | Q33: =Q24+Q27+Q28+Q29+Q32 -> 34.793213 | R33: =R24+R27+R28+R29+R32 -> 42.523975 | S33: =SUM(O33:R33) -> 140.4634 | U33: Total Final Mtep | Z33: 3.1971091 | AA33: 66.163774 | AB33: 38.699107 | AC33: 41.939748 | AD33: 149.99974
C36: 2022 | H36: coal | I36: fuel and biofuel | J36: elec | K36: gas biogas biomass | L36: Total | N36: 2022 | O36: coal | P36: fuel and biofuel | Q36: elec | R36: gas biogas biomass | S36: Total | U36: 2022 | Z36: coal | AA36: fuel and biofuel | AB36: elec | AC36: gas biogas biomass | AD36: Total
C37: Transport | H37: =SUM(H38:H39) -> 0 | I37: =SUM(I38:I39) -> 41.582451 | J37: =SUM(J38:J39) -> 1.5231817 | K37: =SUM(K38:K39) -> 0.36256658 | L37: =SUM(H37:K37) -> 43.4682 | N37: Transport | O37: ='[3]Bilan 2022 réel'!$X$46/11.63 -> 0 | P37: =SUM('[3]Bilan 2022 réel'!$X$41:$X$43)/11.63 -> 43.395883 | Q37: ='[3]Bilan 2022 réel'!$X$13/11.63 -> 0.93062752 | R37: =('[3]Bilan 2022 réel'!$X$22+'[3]Bilan 2022 réel'!$X$30+SUM('[3]Bilan 2022 réel'!$X$36:$X$40)+SUM('[3]Bilan 2022 réel'!$X$44:$X$45)+'[3]Bilan 2022 réel'!$X$47)/11.63 -> 0.31885684 | S37: =SUM(O37:R37) -> 44.645367 | U37: Transport | Z37: 0 | AA37: 42.948465 | AB37: 1.9847766 | AC37: 0.4409919 | AD37: 45.374233
C38: Personal vehicles | D38: ER_TRANS_PRIVATE_coal_2 | E38: ER_TRANS_PRIVATE_oil_2 | F38: ER_TRANS_PRIVATE_elec_2 | G38: ER_TRANS_PRIVATE_gas_2 | H38: =VLOOKUP(D38,Résultats!$B$2:$AX$476,'T energie vecteurs'!K5,FALSE) -> 0 | I38: =VLOOKUP(E38,Résultats!$B$2:$AX$476,'T energie vecteurs'!K5,FALSE) -> 22.858451 | J38: =VLOOKUP(F38,Résultats!$B$2:$AX$476,'T energie vecteurs'!K5,FALSE) -> 0.16593726 | K38: =VLOOKUP(G51,Résultats!$B$2:$AX$476,'T energie vecteurs'!K5,FALSE) -> 1.8981503e-05 | L38: =SUM(H38:K38) -> 23.024407 | N38: Personal vehicles | U38: Personal vehicles | V38: ER_TRANS_PRIVATE_coal_2 | W38: ER_TRANS_PRIVATE_oil_2 | X38: ER_TRANS_PRIVATE_elec_2 | Y38: ER_TRANS_PRIVATE_gas_2 | Z38: 0 | AA38: 23.089158 | AB38: 0.16078565 | AC38: 1.1513368e-05 | AD38: 23.249955
C39: Public and freight transport | D39: ER_TRANS_PUBLIC_coal_2 | E39: ER_TRANS_PUBLIC_oil_2 | F39: ER_TRANS_PUBLIC_elec_2 | G39: ER_TRANS_PUBLIC_gas_2 | H39: =VLOOKUP(D39,Résultats!$B$2:$AX$476,'T energie vecteurs'!K5,FALSE) -> 0 | I39: =VLOOKUP(E39,Résultats!$B$2:$AX$476,'T energie vecteurs'!K5,FALSE) -> 18.724 | J39: =VLOOKUP(F39,Résultats!$B$2:$AX$476,'T energie vecteurs'!K5,FALSE) -> 1.3572444 | K39: =VLOOKUP(G39,Résultats!$B$2:$AX$476,'T energie vecteurs'!K5,FALSE) -> 0.3625476 | L39: =SUM(H39:K39) -> 20.443792 | N39: Public and freight transport | U39: Public and freight transport | V39: ER_TRANS_PUBLIC_coal_2 | W39: ER_TRANS_PUBLIC_oil_2 | X39: ER_TRANS_PUBLIC_elec_2 | Y39: ER_TRANS_PUBLIC_gas_2 | Z39: 0 | AA39: 19.859307 | AB39: 1.8239909 | AC39: 0.44098038 | AD39: 22.124278
C40: Residential | D40: ER_RESIDENTIAL_coal_2 | E40: ER_RESIDENTIAL_oil_2 | F40: ER_RESIDENTIAL_elec_2 | G40: ER_RESIDENTIAL_gas_2 | H40: =VLOOKUP(D40,Résultats!$B$2:$AX$476,'T energie vecteurs'!K5,FALSE) -> 0.24509812 | I40: =VLOOKUP(E40,Résultats!$B$2:$AX$476,'T energie vecteurs'!K5,FALSE) -> 5.9260819 | J40: =VLOOKUP(F40,Résultats!$B$2:$AX$476,'T energie vecteurs'!K5,FALSE) -> 14.791503 | K40: =VLOOKUP(G40,Résultats!$B$2:$AX$476,'T energie vecteurs'!K5,FALSE)+8 -> 21.758443 | L40: =SUM(H40:K40) -> 42.721126 | N40: Residential | O40: ='[3]Bilan 2022 réel'!$V$46/11.63 -> 0.026476317 | P40: =SUM('[3]Bilan 2022 réel'!$V$41:$V$43)/11.63 -> 3.5006052 | Q40: ='[3]Bilan 2022 réel'!$V$13/11.63 -> 13.359407 | R40: =('[3]Bilan 2022 réel'!$V$22+'[3]Bilan 2022 réel'!$V$30+SUM('[3]Bilan 2022 réel'!$V$36:$V$40)+SUM('[3]Bilan 2022 réel'!$V$44:$V$45)+'[3]Bilan 2022 réel'!$V$47)/11.63 -> 20.358937 | S40: =SUM(O40:R40) -> 37.245425 | U40: Residential | V40: ER_RESIDENTIAL_coal_2 | W40: ER_RESIDENTIAL_oil_2 | X40: ER_RESIDENTIAL_elec_2 | Y40: ER_RESIDENTIAL_gas_2 | Z40: 0.24256246 | AA40: 5.5365794 | AB40: 15.029563 | AC40: 21.678189 | AD40: 42.486894
C41: Service | D41: ER_TERTIARY_coal_2 | E41: ER_TERTIARY_oil_2 | F41: ER_TERTIARY_elec_2 | G41: ER_TERTIARY_gas_2 | H41: =VLOOKUP(D41,Résultats!$B$2:$AX$476,'T energie vecteurs'!K5,FALSE) -> 0 | I41: =VLOOKUP(E41,Résultats!$B$2:$AX$476,'T energie vecteurs'!K5,FALSE) -> 3.1162613 | J41: =VLOOKUP(F41,Résultats!$B$2:$AX$476,'T energie vecteurs'!K5,FALSE) -> 13.110018 | K41: =VLOOKUP(G41,Résultats!$B$2:$AX$476,'T energie vecteurs'!K5,FALSE) -> 7.7875307 | L41: =SUM(H41:K41) -> 24.01381 | N41: Service | O41: =('[3]Bilan 2022 réel'!$W$46)/11.63 -> 0.032835728 | P41: =SUM('[3]Bilan 2022 réel'!$W$41:$W$43)/11.63 -> 2.081572 | Q41: =('[3]Bilan 2022 réel'!$W$13)/11.63 -> 11.43888 | R41: =('[3]Bilan 2022 réel'!$W$22+'[3]Bilan 2022 réel'!$W$30+SUM('[3]Bilan 2022 réel'!$W$36:$W$40)+SUM('[3]Bilan 2022 réel'!$W$44:$W$45)+'[3]Bilan 2022 réel'!$W$47)/11.63 -> 7.4016622 | S41: =SUM(O41:R41) -> 20.95495 | U41: Service | V41: ER_TERTIARY_coal_2 | W41: ER_TERTIARY_oil_2 | X41: ER_TERTIARY_elec_2 | Y41: ER_TERTIARY_gas_2 | Z41: 0 | AA41: 2.6025409 | AB41: 12.087616 | AC41: 7.5277159 | AD41: 22.217873
C42: Industry and agriculture | H42: =SUM(H43:H45) -> 2.627281 | I42: =SUM(I43:I45) -> 13.255116 | J42: =SUM(J43:J45) -> 10.008524 | K42: =SUM(K43:K45) -> 14.579111 | L42: =SUM(H42:K42) -> 40.470031 | N42: Industry | O42: =O43+O44 -> 4.5030918 | P42: =P43+P44 -> 11.747675 | Q42: =Q43+Q44 -> 9.2559822 | R42: =R43+R44 -> 13.798624 | S42: =SUM(O42:R42) -> 39.305373 | U42: Industry and agriculture | Z42: 2.9997859 | AA42: 15.435561 | AB42: 9.8670525 | AC42: 14.598026 | AD42: 42.900425
C43: Industry | D43: ER_INDUS_coal_2 | E43: ER_INDUS_oil_2 | F43: ER_INDUS_elec_2 | G43: ER_INDUS_gas_2 | H43: =VLOOKUP(D43,Résultats!$B$2:$AX$476,'T energie vecteurs'!K5,FALSE) -> 1.7434572 | I43: =VLOOKUP(E43,Résultats!$B$2:$AX$476,'T energie vecteurs'!K5,FALSE) -> 8.925026 | J43: =VLOOKUP(F43,Résultats!$B$2:$AX$476,'T energie vecteurs'!K5,FALSE) -> 9.6873319 | K43: =VLOOKUP(G43,Résultats!$B$2:$AX$476,'T energie vecteurs'!K5,FALSE) -> 12.183993 | L43: =SUM(H43:K43) -> 32.539808 | N43: Industry energetic uses | O43: ='[3]Bilan 2022 réel'!$U$46/11.63 -> 0.63402045 | P43: =SUM('[3]Bilan 2022 réel'!$U$41:$U$43)/11.63 -> 2.477583 | Q43: ='[3]Bilan 2022 réel'!$U$13/11.63 -> 9.2559822 | R43: =('[3]Bilan 2022 réel'!$U$22+'[3]Bilan 2022 réel'!$U$30+SUM('[3]Bilan 2022 réel'!$U$36:$U$40)+SUM('[3]Bilan 2022 réel'!$U$44:$U$45)+'[3]Bilan 2022 réel'!$U$47)/11.63 -> 12.926273 | S43: =SUM(O43:R43) -> 25.293858 | U43: Industry | V43: ER_INDUS_coal_2 | W43: ER_INDUS_oil_2 | X43: ER_INDUS_elec_2 | Y43: ER_INDUS_gas_2 | Z43: 2.1242764 | AA43: 10.968729 | AB43: 9.5295109 | AC43: 12.124861 | AD43: 34.747377
C44: Industry non energetic uses | D44: Q_Mtep_indus_21_2 | E44: Q_Mtep_indus_22_2 | F44: Q_Mtep_indus_23_2 | G44: Q_Mtep_indus_24_2 | H44: =VLOOKUP(D44,Résultats!$B$2:$AX$476,'T energie vecteurs'!K5,FALSE) -> 0.88382376 | I44: =VLOOKUP(E44,Résultats!$B$2:$AX$476,'T energie vecteurs'!K5,FALSE) -> 1.9147194 | J44: =VLOOKUP(F44,Résultats!$B$2:$AX$476,'T energie vecteurs'!K5,FALSE) -> 0 | K44: =VLOOKUP(G44,Résultats!$B$2:$AX$476,'T energie vecteurs'!K5,FALSE) -> 2.0568753 | L44: =SUM(H44:K44) -> 4.8554184 | N44: Industry non energetic uses | O44: ='[3]Bilan 2022 réel'!$E$52/11.63 -> 3.8690713 | P44: =('[3]Bilan 2022 réel'!$E$54+'[3]Bilan 2022 réel'!$E$56)/11.63 -> 9.270092 | Q44: 0 | R44: =('[3]Bilan 2022 réel'!$E$53+'[3]Bilan 2022 réel'!$E$55+'[3]Bilan 2022 réel'!$E$57)/11.63 -> 0.87235178 | S44: =SUM(O44:R44) -> 14.011515 | U44: Industry non energetic uses | V44: Q_Mtep_indus_21_2 | W44: Q_Mtep_indus_22_2 | X44: Q_Mtep_indus_23_2 | Y44: Q_Mtep_indus_24_2 | Z44: 0.87550951 | AA44: 2.0332827 | AB44: 0 | AC44: 2.138633 | AD44: 5.0474252
C45: Agriculture | D45: ER_AGRICULTURE_coal_2 | E45: ER_AGRICULTURE_oil_2 | F45: ER_AGRICULTURE_elec_2 | G45: ER_AGRICULTURE_gas_2 | H45: =VLOOKUP(D45,Résultats!$B$2:$AX$476,'T energie vecteurs'!K5,FALSE) -> 0 | I45: =VLOOKUP(E45,Résultats!$B$2:$AX$476,'T energie vecteurs'!K5,FALSE) -> 2.4153704 | J45: =VLOOKUP(F45,Résultats!$B$2:$AX$476,'T energie vecteurs'!K5,FALSE) -> 0.3211921 | K45: =VLOOKUP(G45,Résultats!$B$2:$AX$476,'T energie vecteurs'!K5,FALSE) -> 0.3382424 | L45: =SUM(H45:K45) -> 3.0748049 | N45: Agriculture | O45: ='[3]Bilan 2022 réel'!$T$46/11.63 -> 0.001651664 | P45: =SUM('[3]Bilan 2022 réel'!$T$41:$T$43)/11.63 -> 3.5697769 | Q45: ='[3]Bilan 2022 réel'!$T$13/11.63 -> 0.67291488 | R45: =('[3]Bilan 2022 réel'!$T$22+'[3]Bilan 2022 réel'!$T$30+SUM('[3]Bilan 2022 réel'!$T$36:$T$40)+SUM('[3]Bilan 2022 réel'!$T$44:$T$45)+'[3]Bilan 2022 réel'!$T$47)/11.63 -> 0.43996563 | S45: =SUM(O45:R45) -> 4.6843091 | U45: Agriculture | V45: ER_AGRICULTURE_coal_2 | W45: ER_AGRICULTURE_oil_2 | X45: ER_AGRICULTURE_elec_2 | Y45: ER_AGRICULTURE_gas_2 | Z45: 0 | AA45: 2.4335495 | AB45: 0.33754154 | AC45: 0.33453191 | AD45: 3.105623
C46: Total Final Mtep | H46: =SUM(H37,H40:H42) -> 2.8723791 | I46: =SUM(I37,I40:I42) -> 63.87991 | J46: =SUM(J37,J40:J42) -> 39.433226 | K46: =SUM(K37,K40:K42) -> 44.487651 | L46: =SUM(H46:K46) -> 150.67317 | N46: Total Final Mtep | O46: =O37+O40+O41+O42+O45 -> 4.5640555 | P46: =P37+P40+P41+P42+P45 -> 64.295512 | Q46: =Q37+Q40+Q41+Q42+Q45 -> 35.657811 | R46: =R37+R40+R41+R42+R45 -> 42.318046 | S46: =SUM(O46:R46) -> 146.83542 | U46: Total Final Mtep | Z46: 3.2423484 | AA46: 66.523146 | AB46: 38.969008 | AC46: 44.244923 | AD46: 152.97943
C49: 2023 | H49: coal | I49: fuel and biofuel | J49: elec | K49: gas biogas biomass | L49: Total | N49: 2023 | O49: coal | P49: fuel and biofuel | Q49: elec | R49: gas biogas biomass | S49: Total | U49: 2023 | Z49: coal | AA49: fuel and biofuel | AB49: elec | AC49: gas biogas biomass | AD49: Total
C50: Transport | H50: =SUM(H51:H52) -> 0 | I50: =SUM(I51:I52) -> 41.28845 | J50: =SUM(J51:J52) -> 1.5930669 | K50: =SUM(K51:K52) -> 0.40622382 | L50: =SUM(H50:K50) -> 43.28774 | N50: Transport | O50: ='[3]Bilan 2023 réel'!$X$46/11.63 -> 0 | P50: =SUM('[3]Bilan 2023 réel'!$X$41:$X$43)/11.63 -> 42.139633 | Q50: ='[3]Bilan 2023 réel'!$X$13/11.63 -> 0.90655125 | R50: =('[3]Bilan 2023 réel'!$X$22+'[3]Bilan 2023 réel'!$X$30+SUM('[3]Bilan 2023 réel'!$X$36:$X$40)+SUM('[3]Bilan 2023 réel'!$X$44:$X$45)+'[3]Bilan 2023 réel'!$X$47)/11.63 -> 0.31885684 | S50: =SUM(O50:R50) -> 43.365041 | U50: Transport | Z50: 0 | AA50: 42.781484 | AB50: 2.0370256 | AC50: 0.49027886 | AD50: 45.308788
C51: Personal vehicles | D51: ER_TRANS_PRIVATE_coal_2 | E51: ER_TRANS_PRIVATE_oil_2 | F51: ER_TRANS_PRIVATE_elec_2 | G51: ER_TRANS_PRIVATE_gas_2 | H51: =VLOOKUP(D51,Résultats!$B$2:$AX$476,'T energie vecteurs'!L5,FALSE) -> 0 | I51: =VLOOKUP(E51,Résultats!$B$2:$AX$476,'T energie vecteurs'!L5,FALSE) -> 22.312413 | J51: =VLOOKUP(F51,Résultats!$B$2:$AX$476,'T energie vecteurs'!L5,FALSE) -> 0.20530103 | K51: =VLOOKUP(G51,Résultats!$B$2:$AX$476,'T energie vecteurs'!L5,FALSE) -> 2.105838e-05 | L51: =SUM(H51:K51) -> 22.517735 | N51: Personal vehicles | U51: Personal vehicles | V51: ER_TRANS_PRIVATE_coal_2 | W51: ER_TRANS_PRIVATE_oil_2 | X51: ER_TRANS_PRIVATE_elec_2 | Y51: ER_TRANS_PRIVATE_gas_2 | Z51: 0 | AA51: 22.559039 | AB51: 0.19969301 | AC51: 1.3203499e-05 | AD51: 22.758745
C52: Public and freight transport | D52: ER_TRANS_PUBLIC_coal_2 | E52: ER_TRANS_PUBLIC_oil_2 | F52: ER_TRANS_PUBLIC_elec_2 | G52: ER_TRANS_PUBLIC_gas_2 | H52: =VLOOKUP(D52,Résultats!$B$2:$AX$476,'T energie vecteurs'!L5,FALSE) -> 0 | I52: =VLOOKUP(E52,Résultats!$B$2:$AX$476,'T energie vecteurs'!L5,FALSE) -> 18.976037 | J52: =VLOOKUP(F52,Résultats!$B$2:$AX$476,'T energie vecteurs'!L5,FALSE) -> 1.3877659 | K52: =VLOOKUP(G52,Résultats!$B$2:$AX$476,'T energie vecteurs'!L5,FALSE) -> 0.40620276 | L52: =SUM(H52:K52) -> 20.770005 | N52: Public and freight transport | U52: Public and freight transport | V52: ER_TRANS_PUBLIC_coal_2 | W52: ER_TRANS_PUBLIC_oil_2 | X52: ER_TRANS_PUBLIC_elec_2 | Y52: ER_TRANS_PUBLIC_gas_2 | Z52: 0 | AA52: 20.222445 | AB52: 1.8373326 | AC52: 0.49026565 | AD52: 22.550043
C53: Residential | D53: ER_RESIDENTIAL_coal_2 | E53: ER_RESIDENTIAL_oil_2 | F53: ER_RESIDENTIAL_elec_2 | G53: ER_RESIDENTIAL_gas_2 | H53: =VLOOKUP(D53,Résultats!$B$2:$AX$476,'T energie vecteurs'!L5,FALSE) -> 0.23621591 | I53: =VLOOKUP(E53,Résultats!$B$2:$AX$476,'T energie vecteurs'!L5,FALSE) -> 5.7150374 | J53: =VLOOKUP(F53,Résultats!$B$2:$AX$476,'T energie vecteurs'!L5,FALSE) -> 14.884861 | K53: =VLOOKUP(G53,Résultats!$B$2:$AX$476,'T energie vecteurs'!L5,FALSE)+8 -> 21.55585 | L53: =SUM(H53:K53) -> 42.391964 | N53: Residential | O53: ='[3]Bilan 2023 réel'!$V$46/11.63 -> 0.019785054 | P53: =SUM('[3]Bilan 2023 réel'!$V$41:$V$43)/11.63 -> 3.042347 | Q53: ='[3]Bilan 2023 réel'!$V$13/11.63 -> 13.020267 | R53: =('[3]Bilan 2023 réel'!$V$22+'[3]Bilan 2023 réel'!$V$30+SUM('[3]Bilan 2023 réel'!$V$36:$V$40)+SUM('[3]Bilan 2023 réel'!$V$44:$V$45)+'[3]Bilan 2023 réel'!$V$47)/11.63 -> 20.330842 | S53: =SUM(O53:R53) -> 36.413242 | U53: Residential | V53: ER_RESIDENTIAL_coal_2 | W53: ER_RESIDENTIAL_oil_2 | X53: ER_RESIDENTIAL_elec_2 | Y53: ER_RESIDENTIAL_gas_2 | Z53: 0.23237625 | AA53: 5.4133837 | AB53: 14.952413 | AC53: 21.46798 | AD53: 42.066153
C54: Service | D54: ER_TERTIARY_coal_2 | E54: ER_TERTIARY_oil_2 | F54: ER_TERTIARY_elec_2 | G54: ER_TERTIARY_gas_2 | H54: =VLOOKUP(D54,Résultats!$B$2:$AX$476,'T energie vecteurs'!L5,FALSE) -> 0 | I54: =VLOOKUP(E54,Résultats!$B$2:$AX$476,'T energie vecteurs'!L5,FALSE) -> 3.1132433 | J54: =VLOOKUP(F54,Résultats!$B$2:$AX$476,'T energie vecteurs'!L5,FALSE) -> 13.131261 | K54: =VLOOKUP(G54,Résultats!$B$2:$AX$476,'T energie vecteurs'!L5,FALSE) -> 7.7890313 | L54: =SUM(H54:K54) -> 24.033536 | N54: Service | O54: =('[3]Bilan 2023 réel'!$W$46)/11.63 -> 0.029470376 | P54: =SUM('[3]Bilan 2023 réel'!$W$41:$W$43)/11.63 -> 2.0638816 | Q54: =('[3]Bilan 2023 réel'!$W$13)/11.63 -> 11.200374 | R54: =('[3]Bilan 2023 réel'!$W$22+'[3]Bilan 2023 réel'!$W$30+SUM('[3]Bilan 2023 réel'!$W$36:$W$40)+SUM('[3]Bilan 2023 réel'!$W$44:$W$45)+'[3]Bilan 2023 réel'!$W$47)/11.63 -> 7.0633918 | S54: =SUM(O54:R54) -> 20.357117 | U54: Service | V54: ER_TERTIARY_coal_2 | W54: ER_TERTIARY_oil_2 | X54: ER_TERTIARY_elec_2 | Y54: ER_TERTIARY_gas_2 | Z54: 0 | AA54: 2.629056 | AB54: 11.97647 | AC54: 7.4717174 | AD54: 22.077244
C55: Industry and agriculture | H55: =SUM(H56:H58) -> 2.6348225 | I55: =SUM(I56:I58) -> 13.190269 | J55: =SUM(J56:J58) -> 10.319363 | K55: =SUM(K56:K58) -> 14.885764 | L55: =SUM(H55:K55) -> 41.03022 | N55: Industry | O55: =O56+O57 -> 3.8091541 | P55: =P56+P57 -> 12.12062 | Q55: =Q56+Q57 -> 8.8688044 | R55: =R56+R57 -> 13.009554 | S55: =SUM(O55:R55) -> 37.808132 | U55: Industry and agriculture | Z55: 3.0694241 | AA55: 15.774809 | AB55: 10.034551 | AC55: 14.955153 | AD55: 43.833937
C56: Industry | D56: ER_INDUS_coal_2 | E56: ER_INDUS_oil_2 | F56: ER_INDUS_elec_2 | G56: ER_INDUS_gas_2 | H56: =VLOOKUP(D56,Résultats!$B$2:$AX$476,'T energie vecteurs'!L5,FALSE) -> 1.7351 | I56: =VLOOKUP(E56,Résultats!$B$2:$AX$476,'T energie vecteurs'!L5,FALSE) -> 8.7875282 | J56: =VLOOKUP(F56,Résultats!$B$2:$AX$476,'T energie vecteurs'!L5,FALSE) -> 9.9895227 | K56: =VLOOKUP(G56,Résultats!$B$2:$AX$476,'T energie vecteurs'!L5,FALSE) -> 12.446656 | L56: =SUM(H56:K56) -> 32.958807 | N56: Industry energetic uses | O56: ='[3]Bilan 2023 réel'!$U$46/11.63 -> 0.58092196 | P56: =SUM('[3]Bilan 2023 réel'!$U$41:$U$43)/11.63 -> 2.3957171 | Q56: ='[3]Bilan 2023 réel'!$U$13/11.63 -> 8.8688044 | R56: =('[3]Bilan 2023 réel'!$U$22+'[3]Bilan 2023 réel'!$U$30+SUM('[3]Bilan 2023 réel'!$U$36:$U$40)+SUM('[3]Bilan 2023 réel'!$U$44:$U$45)+'[3]Bilan 2023 réel'!$U$47)/11.63 -> 12.148362 | S56: =SUM(O56:R56) -> 23.993805 | U56: Industry | V56: ER_INDUS_coal_2 | W56: ER_INDUS_oil_2 | X56: ER_INDUS_elec_2 | Y56: ER_INDUS_gas_2 | Z56: 2.1770347 | AA56: 11.24848 | AB56: 9.7024779 | AC56: 12.416057 | AD56: 35.54405
C57: Industry non energetic uses | D57: Q_Mtep_indus_21_2 | E57: Q_Mtep_indus_22_2 | F57: Q_Mtep_indus_23_2 | G57: Q_Mtep_indus_24_2 | H57: =VLOOKUP(D57,Résultats!$B$2:$AX$476,'T energie vecteurs'!L5,FALSE) -> 0.89972245 | I57: =VLOOKUP(E57,Résultats!$B$2:$AX$476,'T energie vecteurs'!L5,FALSE) -> 1.9500425 | J57: =VLOOKUP(F57,Résultats!$B$2:$AX$476,'T energie vecteurs'!L5,FALSE) -> 0 | K57: =VLOOKUP(G57,Résultats!$B$2:$AX$476,'T energie vecteurs'!L5,FALSE) -> 2.090285 | L57: =SUM(H57:K57) -> 4.94005 | N57: Industry non energetic uses | O57: ='[3]Bilan 2023 réel'!$E$52/11.63 -> 3.2282322 | P57: =('[3]Bilan 2023 réel'!$E$54+'[3]Bilan 2023 réel'!$E$56)/11.63 -> 9.7249025 | Q57: 0 | R57: =('[3]Bilan 2023 réel'!$E$53+'[3]Bilan 2023 réel'!$E$55+'[3]Bilan 2023 réel'!$E$57)/11.63 -> 0.86119241 | S57: =SUM(O57:R57) -> 13.814327 | U57: Industry non energetic uses | V57: Q_Mtep_indus_21_2 | W57: Q_Mtep_indus_22_2 | X57: Q_Mtep_indus_23_2 | Y57: Q_Mtep_indus_24_2 | Z57: 0.89238938 | AA57: 2.0993252 | AB57: 0 | AC57: 2.204049 | AD57: 5.1957636
C58: Agriculture | D58: ER_AGRICULTURE_coal_2 | E58: ER_AGRICULTURE_oil_2 | F58: ER_AGRICULTURE_elec_2 | G58: ER_AGRICULTURE_gas_2 | H58: =VLOOKUP(D58,Résultats!$B$2:$AX$476,'T energie vecteurs'!L5,FALSE) -> 0 | I58: =VLOOKUP(E58,Résultats!$B$2:$AX$476,'T energie vecteurs'!L5,FALSE) -> 2.4526987 | J58: =VLOOKUP(F58,Résultats!$B$2:$AX$476,'T energie vecteurs'!L5,FALSE) -> 0.32984076 | K58: =VLOOKUP(G58,Résultats!$B$2:$AX$476,'T energie vecteurs'!L5,FALSE) -> 0.34882306 | L58: =SUM(H58:K58) -> 3.1313626 | N58: Agriculture | O58: ='[3]Bilan 2023 réel'!$T$46/11.63 -> 0.001221354 | P58: =SUM('[3]Bilan 2023 réel'!$T$41:$T$43)/11.63 -> 3.4194391 | Q58: ='[3]Bilan 2023 réel'!$T$13/11.63 -> 0.65647799 | R58: =('[3]Bilan 2023 réel'!$T$22+'[3]Bilan 2023 réel'!$T$30+SUM('[3]Bilan 2023 réel'!$T$36:$T$40)+SUM('[3]Bilan 2023 réel'!$T$44:$T$45)+'[3]Bilan 2023 réel'!$T$47)/11.63 -> 0.44186481 | S58: =SUM(O58:R58) -> 4.5190033 | U58: Agriculture | V58: ER_AGRICULTURE_coal_2 | W58: ER_AGRICULTURE_oil_2 | X58: ER_AGRICULTURE_elec_2 | Y58: ER_AGRICULTURE_gas_2 | Z58: 0 | AA58: 2.4270035 | AB58: 0.3320728 | AC58: 0.33504696 | AD58: 3.0941233
C59: Total Final Mtep | H59: =SUM(H50,H53:H55) -> 2.8710384 | I59: =SUM(I50,I53:I55) -> 63.307 | J59: =SUM(J50,J53:J55) -> 39.928553 | K59: =SUM(K50,K53:K55) -> 44.63687 | L59: =SUM(H59:K59) -> 150.74346 | N59: Total Final Mtep | O59: =O50+O53+O54+O55+O58 -> 3.8596309 | P59: =P50+P53+P54+P55+P58 -> 62.78592 | Q59: =Q50+Q53+Q54+Q55+Q58 -> 34.652474 | R59: =R50+R53+R54+R55+R58 -> 41.16451 | S59: =SUM(O59:R59) -> 142.46254 | U59: Total Final Mtep | Z59: 3.3018003 | AA59: 66.598733 | AB59: 39.00046 | AC59: 44.385129 | AD59: 153.28612
C62: 2025 | H62: coal | I62: fuel and biofuel | J62: elec | K62: gas biogas biomass | L62: Total | N62: 2025 | O62: coal | P62: fuel and biofuel | Q62: elec | R62: gas biogas biomass | S62: Total | U62: 2025 | Z62: coal | AA62: fuel and biofuel | AB62: elec | AC62: gas biogas biomass | AD62: Total
C63: Transport | H63: =SUM(H64:H65) -> 0 | I63: =SUM(I64:I65) -> 40.761088 | J63: =SUM(J64:J65) -> 1.8803432 | K63: =SUM(K64:K65) -> 0.42937399 | L63: =SUM(H63:K63) -> 43.070805 | N63: Transport | O63: ='[2]Bilan 2025 AMS'!$X$46/11.63 -> 0 | P63: =SUM('[2]Bilan 2025 AMS'!$X$41:$X$43)/11.63 -> 38.501536 | Q63: ='[2]Bilan 2025 AMS'!$X$13/11.63 -> 1.4019197 | R63: =('[2]Bilan 2025 AMS'!$X$22+'[2]Bilan 2025 AMS'!$X$30+SUM('[2]Bilan 2025 AMS'!$X$36:$X$40)+SUM('[2]Bilan 2025 AMS'!$X$44:$X$45)+'[2]Bilan 2025 AMS'!$X$47)/11.63 -> 0.36905808 | S63: =SUM(O63:R63) -> 40.272514 | U63: Transport | Z63: 0 | AA63: 42.754657 | AB63: 2.410103 | AC63: 0.52218365 | AD63: 45.686943
C64: Personal vehicles | D64: ER_TRANS_PRIVATE_coal_2 | E64: ER_TRANS_PRIVATE_oil_2 | F64: ER_TRANS_PRIVATE_elec_2 | G64: ER_TRANS_PRIVATE_gas_2 | H64: =VLOOKUP(D64,Résultats!$B$2:$AX$476,'T energie vecteurs'!N5,FALSE) -> 0 | I64: =VLOOKUP(E64,Résultats!$B$2:$AX$476,'T energie vecteurs'!N5,FALSE) -> 21.681089 | J64: =VLOOKUP(F64,Résultats!$B$2:$AX$476,'T energie vecteurs'!N5,FALSE) -> 0.31759047 | K64: =VLOOKUP(G77,Résultats!$B$2:$AX$476,'T energie vecteurs'!N5,FALSE) -> 2.7001479e-05 | L64: =SUM(H64:K64) -> 21.998706 | N64: Personal vehicles | U64: Personal vehicles | V64: ER_TRANS_PRIVATE_coal_2 | W64: ER_TRANS_PRIVATE_oil_2 | X64: ER_TRANS_PRIVATE_elec_2 | Y64: ER_TRANS_PRIVATE_gas_2 | Z64: 0 | AA64: 22.073692 | AB64: 0.3175312 | AC64: 1.7863784e-05 | AD64: 22.391241
C65: Public and freight transport | D65: ER_TRANS_PUBLIC_coal_2 | E65: ER_TRANS_PUBLIC_oil_2 | F65: ER_TRANS_PUBLIC_elec_2 | G65: ER_TRANS_PUBLIC_gas_2 | H65: =VLOOKUP(D65,Résultats!$B$2:$AX$476,'T energie vecteurs'!N5,FALSE) -> 0 | I65: =VLOOKUP(E65,Résultats!$B$2:$AX$476,'T energie vecteurs'!N5,FALSE) -> 19.079999 | J65: =VLOOKUP(F65,Résultats!$B$2:$AX$476,'T energie vecteurs'!N5,FALSE) -> 1.5627528 | K65: =VLOOKUP(G65,Résultats!$B$2:$AX$476,'T energie vecteurs'!N5,FALSE) -> 0.42934698 | L65: =SUM(H65:K65) -> 21.072099 | N65: Public and freight transport | U65: Public and freight transport | V65: ER_TRANS_PUBLIC_coal_2 | W65: ER_TRANS_PUBLIC_oil_2 | X65: ER_TRANS_PUBLIC_elec_2 | Y65: ER_TRANS_PUBLIC_gas_2 | Z65: 0 | AA65: 20.680965 | AB65: 2.0925718 | AC65: 0.52216578 | AD65: 23.295702
C66: Residential | D66: ER_RESIDENTIAL_coal_2 | E66: ER_RESIDENTIAL_oil_2 | F66: ER_RESIDENTIAL_elec_2 | G66: ER_RESIDENTIAL_gas_2 | H66: =VLOOKUP(D66,Résultats!$B$2:$AX$476,'T energie vecteurs'!N5,FALSE) -> 0.21677866 | I66: =VLOOKUP(E66,Résultats!$B$2:$AX$476,'T energie vecteurs'!N5,FALSE) -> 5.3433173 | J66: =VLOOKUP(F66,Résultats!$B$2:$AX$476,'T energie vecteurs'!N5,FALSE) -> 14.899077 | K66: =VLOOKUP(G66,Résultats!$B$2:$AX$476,'T energie vecteurs'!N5,FALSE)+8 -> 20.971692 | L66: =SUM(H66:K66) -> 41.430865 | N66: Residential | O66: ='[2]Bilan 2025 AMS'!$V$46/11.63 -> 0 | P66: =SUM('[2]Bilan 2025 AMS'!$V$41:$V$43)/11.63 -> 2.0957746 | Q66: ='[2]Bilan 2025 AMS'!$V$13/11.63 -> 14.447085 | R66: =('[2]Bilan 2025 AMS'!$V$22+'[2]Bilan 2025 AMS'!$V$30+SUM('[2]Bilan 2025 AMS'!$V$36:$V$40)+SUM('[2]Bilan 2025 AMS'!$V$44:$V$45)+'[2]Bilan 2025 AMS'!$V$47)/11.63 -> 22.421252 | S66: =SUM(O66:R66) -> 38.964111 | U66: Residential | V66: ER_RESIDENTIAL_coal_2 | W66: ER_RESIDENTIAL_oil_2 | X66: ER_RESIDENTIAL_elec_2 | Y66: ER_RESIDENTIAL_gas_2 | Z66: 0.20873644 | AA66: 4.9931918 | AB66: 15.048584 | AC66: 19.840822 | AD66: 40.091334
C67: Service | D67: ER_TERTIARY_coal_2 | E67: ER_TERTIARY_oil_2 | F67: ER_TERTIARY_elec_2 | G67: ER_TERTIARY_gas_2 | H67: =VLOOKUP(D67,Résultats!$B$2:$AX$476,'T energie vecteurs'!N5,FALSE) -> 0 | I67: =VLOOKUP(E67,Résultats!$B$2:$AX$476,'T energie vecteurs'!N5,FALSE) -> 2.3126017 | J67: =VLOOKUP(F67,Résultats!$B$2:$AX$476,'T energie vecteurs'!N5,FALSE) -> 13.067661 | K67: =VLOOKUP(G67,Résultats!$B$2:$AX$476,'T energie vecteurs'!N5,FALSE) -> 10.616577 | L67: =SUM(H67:K67) -> 25.996839 | N67: Service | O67: =('[2]Bilan 2025 AMS'!$W$46)/11.63 -> 0 | P67: =SUM('[2]Bilan 2025 AMS'!$W$41:$W$43)/11.63 -> 1.6298429 | Q67: =('[2]Bilan 2025 AMS'!$W$13)/11.63 -> 10.999874 | R67: =('[2]Bilan 2025 AMS'!$W$22+'[2]Bilan 2025 AMS'!$W$30+SUM('[2]Bilan 2025 AMS'!$W$36:$W$40)+SUM('[2]Bilan 2025 AMS'!$W$44:$W$45)+'[2]Bilan 2025 AMS'!$W$47)/11.63 -> 8.5854945 | S67: =SUM(O67:R67) -> 21.215211 | U67: Service | V67: ER_TERTIARY_coal_2 | W67: ER_TERTIARY_oil_2 | X67: ER_TERTIARY_elec_2 | Y67: ER_TERTIARY_gas_2 | Z67: 0 | AA67: 2.0967932 | AB67: 11.941097 | AC67: 8.7229552 | AD67: 22.760845
C68: Industry and agriculture | H68: =SUM(H69:H71) -> 2.2721339 | I68: =SUM(I69:I71) -> 11.185463 | J68: =SUM(J69:J71) -> 13.237734 | K68: =SUM(K69:K71) -> 10.899777 | L68: =SUM(H68:K68) -> 37.595108 | N68: Industry | O68: =O69+O70 -> 3.7987856 | P68: =P69+P70 -> 13.636598 | Q68: =Q69+Q70 -> 11.012104 | R68: =R69+R70 -> 14.545888 | S68: =SUM(O68:R68) -> 42.993375 | U68: Industry and agriculture | Z68: 3.077193 | AA68: 15.390288 | AB68: 11.854617 | AC68: 12.355215 | AD68: 42.677313
C69: Industry | D69: ER_INDUS_coal_2 | E69: ER_INDUS_oil_2 | F69: ER_INDUS_elec_2 | G69: ER_INDUS_gas_2 | H69: =VLOOKUP(D69,Résultats!$B$2:$AX$476,'T energie vecteurs'!N5,FALSE) -> 1.3850383 | I69: =VLOOKUP(E69,Résultats!$B$2:$AX$476,'T energie vecteurs'!N5,FALSE) -> 6.7327034 | J69: =VLOOKUP(F69,Résultats!$B$2:$AX$476,'T energie vecteurs'!N5,FALSE) -> 12.906496 | K69: =VLOOKUP(G69,Résultats!$B$2:$AX$476,'T energie vecteurs'!N5,FALSE) -> 8.5775131 | L69: =SUM(H69:K69) -> 29.601751 | N69: Industry energetic uses | O69: ='[2]Bilan 2025 AMS'!$U$46/11.63 -> 0.54239014 | P69: =SUM('[2]Bilan 2025 AMS'!$U$41:$U$43)/11.63 -> 1.9361642 | Q69: ='[2]Bilan 2025 AMS'!$U$13/11.63 -> 11.012104 | R69: =('[2]Bilan 2025 AMS'!$U$22+'[2]Bilan 2025 AMS'!$U$30+SUM('[2]Bilan 2025 AMS'!$U$36:$U$40)+SUM('[2]Bilan 2025 AMS'!$U$44:$U$45)+'[2]Bilan 2025 AMS'!$U$47)/11.63 -> 13.281897 | S69: =SUM(O69:R69) -> 26.772555 | U69: Industry | V69: ER_INDUS_coal_2 | W69: ER_INDUS_oil_2 | X69: ER_INDUS_elec_2 | Y69: ER_INDUS_gas_2 | Z69: 2.1690319 | AA69: 10.809206 | AB69: 11.521837 | AC69: 9.8616999 | AD69: 34.361775
C70: Industry non energetic uses | D70: Q_Mtep_indus_21_2 | E70: Q_Mtep_indus_22_2 | F70: Q_Mtep_indus_23_2 | G70: Q_Mtep_indus_24_2 | H70: =VLOOKUP(D70,Résultats!$B$2:$AX$476,'T energie vecteurs'!N5,FALSE) -> 0.88709557 | I70: =VLOOKUP(E70,Résultats!$B$2:$AX$476,'T energie vecteurs'!N5,FALSE) -> 1.9903419 | J70: =VLOOKUP(F70,Résultats!$B$2:$AX$476,'T energie vecteurs'!N5,FALSE) -> 0 | K70: =VLOOKUP(G70,Résultats!$B$2:$AX$476,'T energie vecteurs'!N5,FALSE) -> 1.9669109 | L70: =SUM(H70:K70) -> 4.8443483 | N70: Industry non energetic uses | O70: ='[2]Bilan 2025 AMS'!$E$52/11.63 -> 3.2563954 | P70: =('[2]Bilan 2025 AMS'!$E$54+'[2]Bilan 2025 AMS'!$E$56)/11.63 -> 11.700434 | Q70: 0 | R70: =('[2]Bilan 2025 AMS'!$E$53+'[2]Bilan 2025 AMS'!$E$55+'[2]Bilan 2025 AMS'!$E$57)/11.63 -> 1.263991 | S70: =SUM(O70:R70) -> 16.22082 | U70: Industry non energetic uses | V70: Q_Mtep_indus_21_2 | W70: Q_Mtep_indus_22_2 | X70: Q_Mtep_indus_23_2 | Y70: Q_Mtep_indus_24_2 | Z70: 0.90816105 | AA70: 2.2001535 | AB70: 0 | AC70: 2.1738207 | AD70: 5.2821352
C71: Agriculture | D71: ER_AGRICULTURE_coal_2 | E71: ER_AGRICULTURE_oil_2 | F71: ER_AGRICULTURE_elec_2 | G71: ER_AGRICULTURE_gas_2 | H71: =VLOOKUP(D71,Résultats!$B$2:$AX$476,'T energie vecteurs'!N5,FALSE) -> 0 | I71: =VLOOKUP(E71,Résultats!$B$2:$AX$476,'T energie vecteurs'!N5,FALSE) -> 2.4624173 | J71: =VLOOKUP(F71,Résultats!$B$2:$AX$476,'T energie vecteurs'!N5,FALSE) -> 0.33123795 | K71: =VLOOKUP(G71,Résultats!$B$2:$AX$476,'T energie vecteurs'!N5,FALSE) -> 0.35535333 | L71: =SUM(H71:K71) -> 3.1490086 | N71: Agriculture | O71: ='[2]Bilan 2025 AMS'!$T$46/11.63 -> 0 | P71: =SUM('[2]Bilan 2025 AMS'!$T$41:$T$43)/11.63 -> 3.2326283 | Q71: ='[2]Bilan 2025 AMS'!$T$13/11.63 -> 0.62874108 | R71: =('[2]Bilan 2025 AMS'!$T$22+'[2]Bilan 2025 AMS'!$T$30+SUM('[2]Bilan 2025 AMS'!$T$36:$T$40)+SUM('[2]Bilan 2025 AMS'!$T$44:$T$45)+'[2]Bilan 2025 AMS'!$T$47)/11.63 -> 0.41978693 | S71: =SUM(O71:R71) -> 4.2811563 | U71: Agriculture | V71: ER_AGRICULTURE_coal_2 | W71: ER_AGRICULTURE_oil_2 | X71: ER_AGRICULTURE_elec_2 | Y71: ER_AGRICULTURE_gas_2 | Z71: 0 | AA71: 2.3809278 | AB71: 0.33278023 | AC71: 0.3196947 | AD71: 3.0334028
C72: Total Final Mtep | H72: =SUM(H63,H66:H68) -> 2.4889126 | I72: =SUM(I63,I66:I68) -> 59.602469 | J72: =SUM(J63,J66:J68) -> 43.084815 | K72: =SUM(K63,K66:K68) -> 42.917421 | L72: =SUM(H72:K72) -> 148.09362 | N72: Total Final Mtep | O72: =O63+O66+O67+O68+O71 -> 3.7987856 | P72: =P63+P66+P67+P68+P71 -> 59.09638 | Q72: =Q63+Q66+Q67+Q68+Q71 -> 38.489724 | R72: =R63+R66+R67+R68+R71 -> 46.341479 | S72: =SUM(O72:R72) -> 147.72637 | U72: Total Final Mtep | Z72: 3.2859294 | AA72: 65.23493 | AB72: 41.254401 | AC72: 41.441176 | AD72: 151.21644
C75: 2030 | H75: coal | I75: fuel and biofuel | J75: elec | K75: gas biogas biomass | L75: Total | N75: 2030 | O75: coal | P75: fuel and biofuel | Q75: elec | R75: gas biogas biomass | S75: Total | U75: 2030 | Z75: coal | AA75: fuel and biofuel | AB75: elec | AC75: gas biogas biomass | AD75: Total
C76: Transport | H76: =SUM(H77:H78) -> 0 | I76: =SUM(I77:I78) -> 36.258648 | J76: =SUM(J77:J78) -> 3.1451067 | K76: =SUM(K77:K78) -> 0.65718941 | L76: =SUM(H76:K76) -> 40.060944 | N76: Transport | O76: ='[2]Bilan 2030 AMS'!$X$46/11.63 -> 0 | P76: =SUM('[2]Bilan 2030 AMS'!$X$41:$X$43)/11.63 -> 30.491818 | Q76: ='[2]Bilan 2030 AMS'!$X$13/11.63 -> 2.8914418 | R76: =('[2]Bilan 2030 AMS'!$X$22+'[2]Bilan 2030 AMS'!$X$30+SUM('[2]Bilan 2030 AMS'!$X$36:$X$40)+SUM('[2]Bilan 2030 AMS'!$X$44:$X$45)+'[2]Bilan 2030 AMS'!$X$47)/11.63 -> 0.65268778 | S76: =SUM(O76:R76) -> 34.035948 | U76: Transport | Z76: 0 | AA76: 39.263725 | AB76: 3.9415173 | AC76: 0.79414934 | AD76: 43.999391
C77: Personal vehicles | D77: ER_TRANS_PRIVATE_coal_2 | E77: ER_TRANS_PRIVATE_oil_2 | F77: ER_TRANS_PRIVATE_elec_2 | G77: ER_TRANS_PRIVATE_gas_2 | H77: =VLOOKUP(D77,Résultats!$B$2:$AX$476,'T energie vecteurs'!S5,FALSE) -> 0 | I77: =VLOOKUP(E77,Résultats!$B$2:$AX$476,'T energie vecteurs'!S5,FALSE) -> 18.2051 | J77: =VLOOKUP(F77,Résultats!$B$2:$AX$476,'T energie vecteurs'!S5,FALSE) -> 0.83953442 | K77: =VLOOKUP(G77,Résultats!$B$2:$AX$476,'T energie vecteurs'!S5,FALSE) -> 3.1240377e-05 | L77: =SUM(H77:K77) -> 19.044665 | N77: Personal vehicles | U77: Personal vehicles | V77: ER_TRANS_PRIVATE_coal_2 | W77: ER_TRANS_PRIVATE_oil_2 | X77: ER_TRANS_PRIVATE_elec_2 | Y77: ER_TRANS_PRIVATE_gas_2 | Z77: 0 | AA77: 18.633731 | AB77: 0.84394343 | AC77: 2.1739307e-05 | AD77: 19.477696
C78: Public and freight transport | D78: ER_TRANS_PUBLIC_coal_2 | E78: ER_TRANS_PUBLIC_oil_2 | F78: ER_TRANS_PUBLIC_elec_2 | G78: ER_TRANS_PUBLIC_gas_2 | H78: =VLOOKUP(D78,Résultats!$B$2:$AX$476,'T energie vecteurs'!S5,FALSE) -> 0 | I78: =VLOOKUP(E78,Résultats!$B$2:$AX$476,'T energie vecteurs'!S5,FALSE) -> 18.053548 | J78: =VLOOKUP(F78,Résultats!$B$2:$AX$476,'T energie vecteurs'!S5,FALSE) -> 2.3055723 | K78: =VLOOKUP(G78,Résultats!$B$2:$AX$476,'T energie vecteurs'!S5,FALSE) -> 0.65715817 | L78: =SUM(H78:K78) -> 21.016279 | N78: Public and freight transport | U78: Public and freight transport | V78: ER_TRANS_PUBLIC_coal_2 | W78: ER_TRANS_PUBLIC_oil_2 | X78: ER_TRANS_PUBLIC_elec_2 | Y78: ER_TRANS_PUBLIC_gas_2 | Z78: 0 | AA78: 20.629994 | AB78: 3.0975738 | AC78: 0.7941276 | AD78: 24.521695
C79: Residential | D79: ER_RESIDENTIAL_coal_2 | E79: ER_RESIDENTIAL_oil_2 | F79: ER_RESIDENTIAL_elec_2 | G79: ER_RESIDENTIAL_gas_2 | H79: =VLOOKUP(D79,Résultats!$B$2:$AX$476,'T energie vecteurs'!S5,FALSE) -> 0.17205763 | I79: =VLOOKUP(E79,Résultats!$B$2:$AX$476,'T energie vecteurs'!S5,FALSE) -> 4.5360462 | J79: =VLOOKUP(F79,Résultats!$B$2:$AX$476,'T energie vecteurs'!S5,FALSE) -> 14.579842 | K79: =VLOOKUP(G79,Résultats!$B$2:$AX$476,'T energie vecteurs'!S5,FALSE)+8 -> 18.990521 | L79: =SUM(H79:K79) -> 38.278467 | N79: Residential | O79: ='[2]Bilan 2030 AMS'!$V$46/11.63 -> 0 | P79: =SUM('[2]Bilan 2030 AMS'!$V$41:$V$43)/11.63 -> 0.62652374 | Q79: ='[2]Bilan 2030 AMS'!$V$13/11.63 -> 14.530979 | R79: =('[2]Bilan 2030 AMS'!$V$22+'[2]Bilan 2030 AMS'!$V$30+SUM('[2]Bilan 2030 AMS'!$V$36:$V$40)+SUM('[2]Bilan 2030 AMS'!$V$44:$V$45)+'[2]Bilan 2030 AMS'!$V$47)/11.63 -> 20.153655 | S79: =SUM(O79:R79) -> 35.311158 | U79: Residential | V79: ER_RESIDENTIAL_coal_2 | W79: ER_RESIDENTIAL_oil_2 | X79: ER_RESIDENTIAL_elec_2 | Y79: ER_RESIDENTIAL_gas_2 | Z79: 0.15396612 | AA79: 3.8763058 | AB79: 14.29559 | AC79: 17.424506 | AD79: 35.750368
C80: Service | D80: ER_TERTIARY_coal_2 | E80: ER_TERTIARY_oil_2 | F80: ER_TERTIARY_elec_2 | G80: ER_TERTIARY_gas_2 | H80: =VLOOKUP(D80,Résultats!$B$2:$AX$476,'T energie vecteurs'!S5,FALSE) -> 0 | I80: =VLOOKUP(E80,Résultats!$B$2:$AX$476,'T energie vecteurs'!S5,FALSE) -> 1.5140238 | J80: =VLOOKUP(F80,Résultats!$B$2:$AX$476,'T energie vecteurs'!S5,FALSE) -> 10.264666 | K80: =VLOOKUP(G80,Résultats!$B$2:$AX$476,'T energie vecteurs'!S5,FALSE) -> 12.220082 | L80: =SUM(H80:K80) -> 23.998771 | N80: Service | O80: =('[2]Bilan 2030 AMS'!$W$46)/11.63 -> 0 | P80: =SUM('[2]Bilan 2030 AMS'!$W$41:$W$43)/11.63 -> 0.33746614 | Q80: =('[2]Bilan 2030 AMS'!$W$13)/11.63 -> 10.354119 | R80: =('[2]Bilan 2030 AMS'!$W$22+'[2]Bilan 2030 AMS'!$W$30+SUM('[2]Bilan 2030 AMS'!$W$36:$W$40)+SUM('[2]Bilan 2030 AMS'!$W$44:$W$45)+'[2]Bilan 2030 AMS'!$W$47)/11.63 -> 8.8144475 | S80: =SUM(O80:R80) -> 19.506033 | U80: Service | V80: ER_TERTIARY_coal_2 | W80: ER_TERTIARY_oil_2 | X80: ER_TERTIARY_elec_2 | Y80: ER_TERTIARY_gas_2 | Z80: 0 | AA80: 1.3251584 | AB80: 9.4812756 | AC80: 10.553587 | AD80: 21.360021
C81: Industry and agriculture | H81: =SUM(H82:H84) -> 1.8675915 | I81: =SUM(I82:I84) -> 9.5177782 | J81: =SUM(J82:J84) -> 17.762542 | K81: =SUM(K82:K84) -> 7.5327508 | L81: =SUM(H81:K81) -> 36.680663 | N81: Industry | O81: =O82+O83 -> 2.0127594 | P81: =P82+P83 -> 12.377492 | Q81: =Q82+Q83 -> 12.982018 | R81: =R82+R83 -> 14.480697 | S81: =SUM(O81:R81) -> 41.852966 | U81: Industry and agriculture | Z81: 2.9648768 | AA81: 14.07336 | AB81: 16.297069 | AC81: 9.0441896 | AD81: 42.379496
C82: Industry | D82: ER_INDUS_coal_2 | E82: ER_INDUS_oil_2 | F82: ER_INDUS_elec_2 | G82: ER_INDUS_gas_2 | H82: =VLOOKUP(D82,Résultats!$B$2:$AX$476,'T energie vecteurs'!S5,FALSE) -> 0.98211882 | I82: =VLOOKUP(E82,Résultats!$B$2:$AX$476,'T energie vecteurs'!S5,FALSE) -> 4.7231108 | J82: =VLOOKUP(F82,Résultats!$B$2:$AX$476,'T energie vecteurs'!S5,FALSE) -> 17.418375 | K82: =VLOOKUP(G82,Résultats!$B$2:$AX$476,'T energie vecteurs'!S5,FALSE) -> 5.2139565 | L82: =SUM(H82:K82) -> 28.337561 | N82: Industry energetic uses | O82: ='[2]Bilan 2030 AMS'!$U$46/11.63 -> 0.29026673 | P82: =SUM('[2]Bilan 2030 AMS'!$U$41:$U$43)/11.63 -> 1.2075145 | Q82: ='[2]Bilan 2030 AMS'!$U$13/11.63 -> 12.982018 | R82: =('[2]Bilan 2030 AMS'!$U$22+'[2]Bilan 2030 AMS'!$U$30+SUM('[2]Bilan 2030 AMS'!$U$36:$U$40)+SUM('[2]Bilan 2030 AMS'!$U$44:$U$45)+'[2]Bilan 2030 AMS'!$U$47)/11.63 -> 13.044479 | S82: =SUM(O82:R82) -> 27.524279 | U82: Industry | V82: ER_INDUS_coal_2 | W82: ER_INDUS_oil_2 | X82: ER_INDUS_elec_2 | Y82: ER_INDUS_gas_2 | Z82: 1.9967244 | AA82: 9.0426094 | AB82: 15.931479 | AC82: 6.4634839 | AD82: 33.434297
C83: Industry non energetic uses | D83: Q_Mtep_indus_21_2 | E83: Q_Mtep_indus_22_2 | F83: Q_Mtep_indus_23_2 | G83: Q_Mtep_indus_24_2 | H83: =VLOOKUP(D83,Résultats!$B$2:$AX$476,'T energie vecteurs'!S5,FALSE) -> 0.88547266 | I83: =VLOOKUP(E83,Résultats!$B$2:$AX$476,'T energie vecteurs'!S5,FALSE) -> 2.1186848 | J83: =VLOOKUP(F83,Résultats!$B$2:$AX$476,'T energie vecteurs'!S5,FALSE) -> 0 | K83: =VLOOKUP(G83,Résultats!$B$2:$AX$476,'T energie vecteurs'!S5,FALSE) -> 1.9476389 | L83: =SUM(H83:K83) -> 4.9517963 | N83: Industry non energetic uses | O83: ='[2]Bilan 2030 AMS'!$E$52/11.63 -> 1.7224926 | P83: =('[2]Bilan 2030 AMS'!$E$54+'[2]Bilan 2030 AMS'!$E$56)/11.63 -> 11.169978 | Q83: 0 | R83: =('[2]Bilan 2030 AMS'!$E$53+'[2]Bilan 2030 AMS'!$E$55+'[2]Bilan 2030 AMS'!$E$57)/11.63 -> 1.4362171 | S83: =SUM(O83:R83) -> 14.328688 | U83: Industry non energetic uses | V83: Q_Mtep_indus_21_2 | W83: Q_Mtep_indus_22_2 | X83: Q_Mtep_indus_23_2 | Y83: Q_Mtep_indus_24_2 | Z83: 0.9681524 | AA83: 2.4433629 | AB83: 0 | AC83: 2.2428491 | AD83: 5.6543644
C84: Agriculture | D84: ER_AGRICULTURE_coal_2 | E84: ER_AGRICULTURE_oil_2 | F84: ER_AGRICULTURE_elec_2 | G84: ER_AGRICULTURE_gas_2 | H84: =VLOOKUP(D84,Résultats!$B$2:$AX$476,'T energie vecteurs'!S5,FALSE) -> 0 | I84: =VLOOKUP(E84,Résultats!$B$2:$AX$476,'T energie vecteurs'!S5,FALSE) -> 2.6759827 | J84: =VLOOKUP(F84,Résultats!$B$2:$AX$476,'T energie vecteurs'!S5,FALSE) -> 0.34416751 | K84: =VLOOKUP(G84,Résultats!$B$2:$AX$476,'T energie vecteurs'!S5,FALSE) -> 0.3711554 | L84: =SUM(H84:K84) -> 3.3913056 | N84: Agriculture | O84: ='[2]Bilan 2030 AMS'!$T$46/11.63 -> 0 | P84: =SUM('[2]Bilan 2030 AMS'!$T$41:$T$43)/11.63 -> 3.0169334 | Q84: ='[2]Bilan 2030 AMS'!$T$13/11.63 -> 0.58880477 | R84: =('[2]Bilan 2030 AMS'!$T$22+'[2]Bilan 2030 AMS'!$T$30+SUM('[2]Bilan 2030 AMS'!$T$36:$T$40)+SUM('[2]Bilan 2030 AMS'!$T$44:$T$45)+'[2]Bilan 2030 AMS'!$T$47)/11.63 -> 0.50098805 | S84: =SUM(O84:R84) -> 4.1067262 | U84: Agriculture | V84: ER_AGRICULTURE_coal_2 | W84: ER_AGRICULTURE_oil_2 | X84: ER_AGRICULTURE_elec_2 | Y84: ER_AGRICULTURE_gas_2 | Z84: 0 | AA84: 2.5873876 | AB84: 0.36559036 | AC84: 0.33785666 | AD84: 3.2908346
C85: Total Final Mtep | H85: =SUM(H76,H79:H81) -> 2.0396491 | I85: =SUM(I76,I79:I81) -> 51.826496 | J85: =SUM(J76,J79:J81) -> 45.752156 | K85: =SUM(K76,K79:K81) -> 39.400543 | L85: =SUM(H85:K85) -> 139.01884 | N85: Total Final Mtep | O85: =O76+O79+O80+O81+O84 -> 2.0127594 | P85: =P76+P79+P80+P81+P84 -> 46.850234 | Q85: =Q76+Q79+Q80+Q81+Q84 -> 41.347363 | R85: =R76+R79+R80+R81+R84 -> 44.602475 | S85: =SUM(O85:R85) -> 134.81283 | U85: Total Final Mtep | Z85: 3.118843 | AA85: 58.538549 | AB85: 44.015452 | AC85: 37.816432 | AD85: 143.48928
C88: 2035 | H88: coal | I88: fuel and biofuel | J88: elec | K88: gas biogas biomass | L88: Total | N88: 2035 | O88: coal | P88: fuel and biofuel | Q88: elec | R88: gas biogas biomass | S88: Total | U88: 2035 | Z88: coal | AA88: fuel and biofuel | AB88: elec | AC88: gas biogas biomass | AD88: Total
C89: Transport | H89: =SUM(H90:H91) -> 0 | I89: =SUM(I90:I91) -> 29.015809 | J89: =SUM(J90:J91) -> 5.4396695 | K89: =SUM(K90:K91) -> 0.99791319 | L89: =SUM(H89:K89) -> 35.453392 | N89: Transport | O89: ='[2]Bilan 2035 AMS'!$X$46/11.63 -> 0 | P89: =SUM('[2]Bilan 2035 AMS'!$X$41:$X$43)/11.63 -> 21.38273 | Q89: ='[2]Bilan 2035 AMS'!$X$13/11.63 -> 5.4104031 | R89: =('[2]Bilan 2035 AMS'!$X$22+'[2]Bilan 2035 AMS'!$X$30+SUM('[2]Bilan 2035 AMS'!$X$36:$X$40)+SUM('[2]Bilan 2035 AMS'!$X$44:$X$45)+'[2]Bilan 2035 AMS'!$X$47)/11.63 -> 0.88574894 | S89: =SUM(O89:R89) -> 27.678882 | U89: Transport | Z89: 0 | AA89: 32.431192 | AB89: 6.6826159 | AC89: 1.2044263 | AD89: 40.318235
C90: Personal vehicles | D90: ER_TRANS_PRIVATE_coal_2 | E90: ER_TRANS_PRIVATE_oil_2 | F90: ER_TRANS_PRIVATE_elec_2 | G90: ER_TRANS_PRIVATE_gas_2 | H90: =VLOOKUP(D90,Résultats!$B$2:$AX$476,'T energie vecteurs'!T5,FALSE) -> 0 | I90: =VLOOKUP(E90,Résultats!$B$2:$AX$476,'T energie vecteurs'!T5,FALSE) -> 13.629488 | J90: =VLOOKUP(F90,Résultats!$B$2:$AX$476,'T energie vecteurs'!T5,FALSE) -> 1.744201 | K90: =VLOOKUP(G90,Résultats!$B$2:$AX$476,'T energie vecteurs'!T5,FALSE) -> 2.4827001e-05 | L90: =SUM(H90:K90) -> 15.373714 | N90: Personal vehicles | U90: Personal vehicles | V90: ER_TRANS_PRIVATE_coal_2 | W90: ER_TRANS_PRIVATE_oil_2 | X90: ER_TRANS_PRIVATE_elec_2 | Y90: ER_TRANS_PRIVATE_gas_2 | Z90: 0 | AA90: 13.970724 | AB90: 1.7621782 | AC90: 1.7425197e-05 | AD90: 15.73292
C91: Public and freight transport | D91: ER_TRANS_PUBLIC_coal_2 | E91: ER_TRANS_PUBLIC_oil_2 | F91: ER_TRANS_PUBLIC_elec_2 | G91: ER_TRANS_PUBLIC_gas_2 | H91: =VLOOKUP(D91,Résultats!$B$2:$AX$476,'T energie vecteurs'!T5,FALSE) -> 0 | I91: =VLOOKUP(E91,Résultats!$B$2:$AX$476,'T energie vecteurs'!T5,FALSE) -> 15.386321 | J91: =VLOOKUP(F91,Résultats!$B$2:$AX$476,'T energie vecteurs'!T5,FALSE) -> 3.6954685 | K91: =VLOOKUP(G91,Résultats!$B$2:$AX$476,'T energie vecteurs'!T5,FALSE) -> 0.99788836 | L91: =SUM(H91:K91) -> 20.079677 | N91: Public and freight transport | U91: Public and freight transport | V91: ER_TRANS_PUBLIC_coal_2 | W91: ER_TRANS_PUBLIC_oil_2 | X91: ER_TRANS_PUBLIC_elec_2 | Y91: ER_TRANS_PUBLIC_gas_2 | Z91: 0 | AA91: 18.460468 | AB91: 4.9204377 | AC91: 1.2044088 | AD91: 24.585314
C92: Residential | D92: ER_RESIDENTIAL_coal_2 | E92: ER_RESIDENTIAL_oil_2 | F92: ER_RESIDENTIAL_elec_2 | G92: ER_RESIDENTIAL_gas_2 | H92: =VLOOKUP(D92,Résultats!$B$2:$AX$476,'T energie vecteurs'!T5,FALSE) -> 0.13766747 | I92: =VLOOKUP(E92,Résultats!$B$2:$AX$476,'T energie vecteurs'!T5,FALSE) -> 3.8304258 | J92: =VLOOKUP(F92,Résultats!$B$2:$AX$476,'T energie vecteurs'!T5,FALSE) -> 14.081879 | K92: =VLOOKUP(G92,Résultats!$B$2:$AX$476,'T energie vecteurs'!T5,FALSE)+8 -> 17.390894 | L92: =SUM(H92:K92) -> 35.440866 | N92: Residential | O92: ='[2]Bilan 2035 AMS'!$V$46/11.63 -> 0 | P92: =SUM('[2]Bilan 2035 AMS'!$V$41:$V$43)/11.63 -> 0.26244482 | Q92: ='[2]Bilan 2035 AMS'!$V$13/11.63 -> 13.920814 | R92: =('[2]Bilan 2035 AMS'!$V$22+'[2]Bilan 2035 AMS'!$V$30+SUM('[2]Bilan 2035 AMS'!$V$36:$V$40)+SUM('[2]Bilan 2035 AMS'!$V$44:$V$45)+'[2]Bilan 2035 AMS'!$V$47)/11.63 -> 18.428809 | S92: =SUM(O92:R92) -> 32.612067 | U92: Residential | V92: ER_RESIDENTIAL_coal_2 | W92: ER_RESIDENTIAL_oil_2 | X92: ER_RESIDENTIAL_elec_2 | Y92: ER_RESIDENTIAL_gas_2 | Z92: 0.11689316 | AA92: 3.046684 | AB92: 13.518413 | AC92: 15.650591 | AD92: 32.33258
C93: Service | D93: ER_TERTIARY_coal_2 | E93: ER_TERTIARY_oil_2 | F93: ER_TERTIARY_elec_2 | G93: ER_TERTIARY_gas_2 | H93: =VLOOKUP(D93,Résultats!$B$2:$AX$476,'T energie vecteurs'!T5,FALSE) -> 0 | I93: =VLOOKUP(E93,Résultats!$B$2:$AX$476,'T energie vecteurs'!T5,FALSE) -> 1.5064791 | J93: =VLOOKUP(F93,Résultats!$B$2:$AX$476,'T energie vecteurs'!T5,FALSE) -> 10.085313 | K93: =VLOOKUP(G93,Résultats!$B$2:$AX$476,'T energie vecteurs'!T5,FALSE) -> 10.935259 | L93: =SUM(H93:K93) -> 22.527052 | N93: Service | O93: =('[2]Bilan 2035 AMS'!$W$46)/11.63 -> 0 | P93: =SUM('[2]Bilan 2035 AMS'!$W$41:$W$43)/11.63 -> 0.17752685 | Q93: =('[2]Bilan 2035 AMS'!$W$13)/11.63 -> 10.219258 | R93: =('[2]Bilan 2035 AMS'!$W$22+'[2]Bilan 2035 AMS'!$W$30+SUM('[2]Bilan 2035 AMS'!$W$36:$W$40)+SUM('[2]Bilan 2035 AMS'!$W$44:$W$45)+'[2]Bilan 2035 AMS'!$W$47)/11.63 -> 8.360433 | S93: =SUM(O93:R93) -> 18.757218 | U93: Service | V93: ER_TERTIARY_coal_2 | W93: ER_TERTIARY_oil_2 | X93: ER_TERTIARY_elec_2 | Y93: ER_TERTIARY_gas_2 | Z93: 0 | AA93: 1.3427048 | AB93: 8.0625423 | AC93: 10.613461 | AD93: 20.018708
C94: Industry and agriculture | H94: =SUM(H95:H97) -> 1.9416285 | I94: =SUM(I95:I97) -> 10.182825 | J94: =SUM(J95:J97) -> 18.583972 | K94: =SUM(K95:K97) -> 7.9675268 | L94: =SUM(H94:K94) -> 38.675953 | N94: Industry | O94: =O95+O96 -> 1.2895606 | P94: =P95+P96 -> 11.337301 | Q94: =Q95+Q96 -> 14.018808 | R94: =R95+R96 -> 15.570795 | S94: =SUM(O94:R94) -> 42.216464 | U94: Industry and agriculture | Z94: 3.2056669 | AA94: 14.999783 | AB94: 18.345464 | AC94: 9.604048 | AD94: 46.154962
C95: Industry | D95: ER_INDUS_coal_2 | E95: ER_INDUS_oil_2 | F95: ER_INDUS_elec_2 | G95: ER_INDUS_gas_2 | H95: =VLOOKUP(D95,Résultats!$B$2:$AX$476,'T energie vecteurs'!T5,FALSE) -> 1.035077 | I95: =VLOOKUP(E95,Résultats!$B$2:$AX$476,'T energie vecteurs'!T5,FALSE) -> 5.0914203 | J95: =VLOOKUP(F95,Résultats!$B$2:$AX$476,'T energie vecteurs'!T5,FALSE) -> 18.217242 | K95: =VLOOKUP(G95,Résultats!$B$2:$AX$476,'T energie vecteurs'!T5,FALSE) -> 5.5597761 | L95: =SUM(H95:K95) -> 29.903516 | N95: Industry energetic uses | O95: ='[2]Bilan 2035 AMS'!$U$46/11.63 -> 0.31437904 | P95: =SUM('[2]Bilan 2035 AMS'!$U$41:$U$43)/11.63 -> 0.93558909 | Q95: ='[2]Bilan 2035 AMS'!$U$13/11.63 -> 14.018808 | R95: =('[2]Bilan 2035 AMS'!$U$22+'[2]Bilan 2035 AMS'!$U$30+SUM('[2]Bilan 2035 AMS'!$U$36:$U$40)+SUM('[2]Bilan 2035 AMS'!$U$44:$U$45)+'[2]Bilan 2035 AMS'!$U$47)/11.63 -> 12.82851 | S95: =SUM(O95:R95) -> 28.097285 | U95: Industry | V95: ER_INDUS_coal_2 | W95: ER_INDUS_oil_2 | X95: ER_INDUS_elec_2 | Y95: ER_INDUS_gas_2 | Z95: 2.1475393 | AA95: 9.4860772 | AB95: 17.939942 | AC95: 6.7670284 | AD95: 36.340587
C96: Industry non energetic uses | D96: Q_Mtep_indus_21_2 | E96: Q_Mtep_indus_22_2 | F96: Q_Mtep_indus_23_2 | G96: Q_Mtep_indus_24_2 | H96: =VLOOKUP(D96,Résultats!$B$2:$AX$476,'T energie vecteurs'!T5,FALSE) -> 0.9065515 | I96: =VLOOKUP(E96,Résultats!$B$2:$AX$476,'T energie vecteurs'!T5,FALSE) -> 2.2101296 | J96: =VLOOKUP(F96,Résultats!$B$2:$AX$476,'T energie vecteurs'!T5,FALSE) -> 0 | K96: =VLOOKUP(G96,Résultats!$B$2:$AX$476,'T energie vecteurs'!T5,FALSE) -> 2.0216694 | L96: =SUM(H96:K96) -> 5.1383505 | N96: Industry non energetic uses | O96: ='[2]Bilan 2035 AMS'!$E$52/11.63 -> 0.97518154 | P96: =('[2]Bilan 2035 AMS'!$E$54+'[2]Bilan 2035 AMS'!$E$56)/11.63 -> 10.401712 | Q96: 0 | R96: =('[2]Bilan 2035 AMS'!$E$53+'[2]Bilan 2035 AMS'!$E$55+'[2]Bilan 2035 AMS'!$E$57)/11.63 -> 2.7422854 | S96: =SUM(O96:R96) -> 14.119179 | U96: Industry non energetic uses | V96: Q_Mtep_indus_21_2 | W96: Q_Mtep_indus_22_2 | X96: Q_Mtep_indus_23_2 | Y96: Q_Mtep_indus_24_2 | Z96: 1.0581275 | AA96: 2.7124297 | AB96: 0 | AC96: 2.4741685 | AD96: 6.2447258
C97: Agriculture | D97: ER_AGRICULTURE_coal_2 | E97: ER_AGRICULTURE_oil_2 | F97: ER_AGRICULTURE_elec_2 | G97: ER_AGRICULTURE_gas_2 | H97: =VLOOKUP(D97,Résultats!$B$2:$AX$476,'T energie vecteurs'!T5,FALSE) -> 0 | I97: =VLOOKUP(E97,Résultats!$B$2:$AX$476,'T energie vecteurs'!T5,FALSE) -> 2.8812754 | J97: =VLOOKUP(F97,Résultats!$B$2:$AX$476,'T energie vecteurs'!T5,FALSE) -> 0.36673025 | K97: =VLOOKUP(G97,Résultats!$B$2:$AX$476,'T energie vecteurs'!T5,FALSE) -> 0.38608132 | L97: =SUM(H97:K97) -> 3.634087 | N97: Agriculture | O97: ='[2]Bilan 2035 AMS'!$T$46/11.63 -> 0 | P97: =SUM('[2]Bilan 2035 AMS'!$T$41:$T$43)/11.63 -> 2.663424 | Q97: ='[2]Bilan 2035 AMS'!$T$13/11.63 -> 0.59083251 | R97: =('[2]Bilan 2035 AMS'!$T$22+'[2]Bilan 2035 AMS'!$T$30+SUM('[2]Bilan 2035 AMS'!$T$36:$T$40)+SUM('[2]Bilan 2035 AMS'!$T$44:$T$45)+'[2]Bilan 2035 AMS'!$T$47)/11.63 -> 0.57839342 | S97: =SUM(O97:R97) -> 3.8326499 | U97: Agriculture | V97: ER_AGRICULTURE_coal_2 | W97: ER_AGRICULTURE_oil_2 | X97: ER_AGRICULTURE_elec_2 | Y97: ER_AGRICULTURE_gas_2 | Z97: 0 | AA97: 2.8012764 | AB97: 0.40552185 | AC97: 0.36285111 | AD97: 3.5696494
C98: Total Final Mtep | H98: =SUM(H89,H92:H94) -> 2.0792959 | I98: =SUM(I89,I92:I94) -> 44.535539 | J98: =SUM(J89,J92:J94) -> 48.190834 | K98: =SUM(K89,K92:K94) -> 37.291593 | L98: =SUM(H98:K98) -> 132.09726 | N98: Total Final Mtep | O98: =O89+O92+O93+O94+O97 -> 1.2895606 | P98: =P89+P92+P93+P94+P97 -> 35.823427 | Q98: =Q89+Q92+Q93+Q94+Q97 -> 44.160115 | R98: =R89+R92+R93+R94+R97 -> 43.824179 | S98: =SUM(O98:R98) -> 125.09728 | U98: Total Final Mtep | Z98: 3.32256 | AA98: 51.820365 | AB98: 46.609035 | AC98: 37.072525 | AD98: 138.82448
C101: 2040 | H101: coal | I101: fuel and biofuel | J101: elec | K101: gas biogas biomass | L101: Total | N101: 2040 | O101: coal | P101: fuel and biofuel | Q101: elec | R101: gas biogas biomass | S101: Total | U101: 2040 | Z101: coal | AA101: fuel and biofuel | AB101: elec | AC101: gas biogas biomass | AD101: Total
C102: Transport | H102: =SUM(H103:H104) -> 0 | I102: =SUM(I103:I104) -> 22.129486 | J102: =SUM(J103:J104) -> 8.0151764 | K102: =SUM(K103:K104) -> 1.4227048 | L102: =SUM(H102:K102) -> 31.567367 | N102: Transport | O102: ='[2]Bilan 2040 AMS'!$X$46/11.63 -> 0 | P102: =SUM('[2]Bilan 2040 AMS'!$X$41:$X$43)/11.63 -> 12.191717 | Q102: ='[2]Bilan 2040 AMS'!$X$13/11.63 -> 8.0404185 | R102: =('[2]Bilan 2040 AMS'!$X$22+'[2]Bilan 2040 AMS'!$X$30+SUM('[2]Bilan 2040 AMS'!$X$36:$X$40)+SUM('[2]Bilan 2040 AMS'!$X$44:$X$45)+'[2]Bilan 2040 AMS'!$X$47)/11.63 -> 1.085847 | S102: =SUM(O102:R102) -> 21.317983 | U102: Transport | Z102: 0 | AA102: 25.416158 | AB102: 9.7998596 | AC102: 1.7490227 | AD102: 36.965041
C103: Personal vehicles | D103: ER_TRANS_PRIVATE_coal_2 | E103: ER_TRANS_PRIVATE_oil_2 | F103: ER_TRANS_PRIVATE_elec_2 | G103: ER_TRANS_PRIVATE_gas_2 | H103: =VLOOKUP(D103,Résultats!$B$2:$AX$476,'T energie vecteurs'!U5,FALSE) -> 0 | I103: =VLOOKUP(E103,Résultats!$B$2:$AX$476,'T energie vecteurs'!U5,FALSE) -> 9.9108947 | J103: =VLOOKUP(F103,Résultats!$B$2:$AX$476,'T energie vecteurs'!U5,FALSE) -> 2.5321016 | K103: =VLOOKUP(G103,Résultats!$B$2:$AX$476,'T energie vecteurs'!U5,FALSE) -> 1.8128149e-05 | L103: =SUM(H103:K103) -> 12.443014 | N103: Personal vehicles | U103: Personal vehicles | V103: ER_TRANS_PRIVATE_coal_2 | W103: ER_TRANS_PRIVATE_oil_2 | X103: ER_TRANS_PRIVATE_elec_2 | Y103: ER_TRANS_PRIVATE_gas_2 | Z103: 0 | AA103: 10.159979 | AB103: 2.5605391 | AC103: 1.273198e-05 | AD103: 12.720531
C104: Public and freight transport | D104: ER_TRANS_PUBLIC_coal_2 | E104: ER_TRANS_PUBLIC_oil_2 | F104: ER_TRANS_PUBLIC_elec_2 | G104: ER_TRANS_PUBLIC_gas_2 | H104: =VLOOKUP(D104,Résultats!$B$2:$AX$476,'T energie vecteurs'!U5,FALSE) -> 0 | I104: =VLOOKUP(E104,Résultats!$B$2:$AX$476,'T energie vecteurs'!U5,FALSE) -> 12.218591 | J104: =VLOOKUP(F104,Résultats!$B$2:$AX$476,'T energie vecteurs'!U5,FALSE) -> 5.4830749 | K104: =VLOOKUP(G104,Résultats!$B$2:$AX$476,'T energie vecteurs'!U5,FALSE) -> 1.4226867 | L104: =SUM(H104:K104) -> 19.124353 | N104: Public and freight transport | U104: Public and freight transport | V104: ER_TRANS_PUBLIC_coal_2 | W104: ER_TRANS_PUBLIC_oil_2 | X104: ER_TRANS_PUBLIC_elec_2 | Y104: ER_TRANS_PUBLIC_gas_2 | Z104: 0 | AA104: 15.256179 | AB104: 7.2393205 | AC104: 1.74901 | AD104: 24.24451
C105: Residential | D105: ER_RESIDENTIAL_coal_2 | E105: ER_RESIDENTIAL_oil_2 | F105: ER_RESIDENTIAL_elec_2 | G105: ER_RESIDENTIAL_gas_2 | H105: =VLOOKUP(D105,Résultats!$B$2:$AX$476,'T energie vecteurs'!U5,FALSE) -> 0.1135923 | I105: =VLOOKUP(E105,Résultats!$B$2:$AX$476,'T energie vecteurs'!U5,FALSE) -> 3.3632212 | J105: =VLOOKUP(F105,Résultats!$B$2:$AX$476,'T energie vecteurs'!U5,FALSE) -> 13.527061 | K105: =VLOOKUP(G105,Résultats!$B$2:$AX$476,'T energie vecteurs'!U5,FALSE)+8 -> 16.192646 | L105: =SUM(H105:K105) -> 33.196521 | N105: Residential | O105: ='[2]Bilan 2040 AMS'!$V$46/11.63 -> 0 | P105: =SUM('[2]Bilan 2040 AMS'!$V$41:$V$43)/11.63 -> 0.061040227 | Q105: ='[2]Bilan 2040 AMS'!$V$13/11.63 -> 13.209596 | R105: =('[2]Bilan 2040 AMS'!$V$22+'[2]Bilan 2040 AMS'!$V$30+SUM('[2]Bilan 2040 AMS'!$V$36:$V$40)+SUM('[2]Bilan 2040 AMS'!$V$44:$V$45)+'[2]Bilan 2040 AMS'!$V$47)/11.63 -> 17.347845 | S105: =SUM(O105:R105) -> 30.618481 | U105: Residential | V105: ER_RESIDENTIAL_coal_2 | W105: ER_RESIDENTIAL_oil_2 | X105: ER_RESIDENTIAL_elec_2 | Y105: ER_RESIDENTIAL_gas_2 | Z105: 0.090486627 | AA105: 2.4902618 | AB105: 12.568756 | AC105: 14.363298 | AD105: 29.512803
C106: Service | D106: ER_TERTIARY_coal_2 | E106: ER_TERTIARY_oil_2 | F106: ER_TERTIARY_elec_2 | G106: ER_TERTIARY_gas_2 | H106: =VLOOKUP(D106,Résultats!$B$2:$AX$476,'T energie vecteurs'!U5,FALSE) -> 0 | I106: =VLOOKUP(E106,Résultats!$B$2:$AX$476,'T energie vecteurs'!U5,FALSE) -> 1.4972917 | J106: =VLOOKUP(F106,Résultats!$B$2:$AX$476,'T energie vecteurs'!U5,FALSE) -> 9.8250469 | K106: =VLOOKUP(G106,Résultats!$B$2:$AX$476,'T energie vecteurs'!U5,FALSE) -> 9.7551963 | L106: =SUM(H106:K106) -> 21.077535 | N106: Service | O106: =('[2]Bilan 2040 AMS'!$W$46)/11.63 -> 0 | P106: =SUM('[2]Bilan 2040 AMS'!$W$41:$W$43)/11.63 -> 0.063880432 | Q106: =('[2]Bilan 2040 AMS'!$W$13)/11.63 -> 10.029415 | R106: =('[2]Bilan 2040 AMS'!$W$22+'[2]Bilan 2040 AMS'!$W$30+SUM('[2]Bilan 2040 AMS'!$W$36:$W$40)+SUM('[2]Bilan 2040 AMS'!$W$44:$W$45)+'[2]Bilan 2040 AMS'!$W$47)/11.63 -> 7.8410614 | S106: =SUM(O106:R106) -> 17.934357 | U106: Service | V106: ER_TERTIARY_coal_2 | W106: ER_TERTIARY_oil_2 | X106: ER_TERTIARY_elec_2 | Y106: ER_TERTIARY_gas_2 | Z106: 0 | AA106: 1.3839198 | AB106: 6.9213017 | AC106: 10.237317 | AD106: 18.542539
C107: Industry and agriculture | H107: =SUM(H108:H110) -> 2.0590589 | I107: =SUM(I108:I110) -> 11.229109 | J107: =SUM(J108:J110) -> 19.649771 | K107: =SUM(K108:K110) -> 8.6759652 | L107: =SUM(H107:K107) -> 41.613904 | N107: Industry | O107: =O108+O109 -> 1.147088 | P107: =P108+P109 -> 10.346098 | Q107: =Q108+Q109 -> 15.232489 | R107: =R108+R109 -> 16.481081 | S107: =SUM(O107:R107) -> 43.206757 | U107: Industry and agriculture | Z107: 3.5503257 | AA107: 16.617575 | AB107: 20.062292 | AC107: 10.678315 | AD107: 50.908507
C108: Industry | D108: ER_INDUS_coal_2 | E108: ER_INDUS_oil_2 | F108: ER_INDUS_elec_2 | G108: ER_INDUS_gas_2 | H108: =VLOOKUP(D108,Résultats!$B$2:$AX$476,'T energie vecteurs'!U5,FALSE) -> 1.1205204 | I108: =VLOOKUP(E108,Résultats!$B$2:$AX$476,'T energie vecteurs'!U5,FALSE) -> 5.7232904 | J108: =VLOOKUP(F108,Résultats!$B$2:$AX$476,'T energie vecteurs'!U5,FALSE) -> 19.252524 | K108: =VLOOKUP(G108,Résultats!$B$2:$AX$476,'T energie vecteurs'!U5,FALSE) -> 6.1196057 | L108: =SUM(H108:K108) -> 32.215941 | N108: Industry energetic uses | O108: ='[2]Bilan 2040 AMS'!$U$46/11.63 -> 0.23928973 | P108: =SUM('[2]Bilan 2040 AMS'!$U$41:$U$43)/11.63 -> 0.69055771 | Q108: ='[2]Bilan 2040 AMS'!$U$13/11.63 -> 15.232489 | R108: =('[2]Bilan 2040 AMS'!$U$22+'[2]Bilan 2040 AMS'!$U$30+SUM('[2]Bilan 2040 AMS'!$U$36:$U$40)+SUM('[2]Bilan 2040 AMS'!$U$44:$U$45)+'[2]Bilan 2040 AMS'!$U$47)/11.63 -> 12.396062 | S108: =SUM(O108:R108) -> 28.558398 | U108: Industry | V108: ER_INDUS_coal_2 | W108: ER_INDUS_oil_2 | X108: ER_INDUS_elec_2 | Y108: ER_INDUS_gas_2 | Z108: 2.3947452 | AA108: 10.528593 | AB108: 19.626222 | AC108: 7.5493195 | AD108: 40.09888
C109: Industry non energetic uses | D109: Q_Mtep_indus_21_2 | E109: Q_Mtep_indus_22_2 | F109: Q_Mtep_indus_23_2 | G109: Q_Mtep_indus_24_2 | H109: =VLOOKUP(D109,Résultats!$B$2:$AX$476,'T energie vecteurs'!U5,FALSE) -> 0.93853846 | I109: =VLOOKUP(E109,Résultats!$B$2:$AX$476,'T energie vecteurs'!U5,FALSE) -> 2.3535775 | J109: =VLOOKUP(F109,Résultats!$B$2:$AX$476,'T energie vecteurs'!U5,FALSE) -> 0 | K109: =VLOOKUP(G109,Résultats!$B$2:$AX$476,'T energie vecteurs'!U5,FALSE) -> 2.1481181 | L109: =SUM(H109:K109) -> 5.4402341 | N109: Industry non energetic uses | O109: ='[2]Bilan 2040 AMS'!$E$52/11.63 -> 0.90779831 | P109: =('[2]Bilan 2040 AMS'!$E$54+'[2]Bilan 2040 AMS'!$E$56)/11.63 -> 9.6555405 | Q109: 0 | R109: =('[2]Bilan 2040 AMS'!$E$53+'[2]Bilan 2040 AMS'!$E$55+'[2]Bilan 2040 AMS'!$E$57)/11.63 -> 4.0850193 | S109: =SUM(O109:R109) -> 14.648358 | U109: Industry non energetic uses | V109: Q_Mtep_indus_21_2 | W109: Q_Mtep_indus_22_2 | X109: Q_Mtep_indus_23_2 | Y109: Q_Mtep_indus_24_2 | Z109: 1.1555806 | AA109: 3.0100696 | AB109: 0 | AC109: 2.7402201 | AD109: 6.9058702
C110: Agriculture | D110: ER_AGRICULTURE_coal_2 | E110: ER_AGRICULTURE_oil_2 | F110: ER_AGRICULTURE_elec_2 | G110: ER_AGRICULTURE_gas_2 | H110: =VLOOKUP(D110,Résultats!$B$2:$AX$476,'T energie vecteurs'!U5,FALSE) -> 0 | I110: =VLOOKUP(E110,Résultats!$B$2:$AX$476,'T energie vecteurs'!U5,FALSE) -> 3.1522408 | J110: =VLOOKUP(F110,Résultats!$B$2:$AX$476,'T energie vecteurs'!U5,FALSE) -> 0.39724671 | K110: =VLOOKUP(G110,Résultats!$B$2:$AX$476,'T energie vecteurs'!U5,FALSE) -> 0.40824133 | L110: =SUM(H110:K110) -> 3.9577289 | N110: Agriculture | O110: ='[2]Bilan 2040 AMS'!$T$46/11.63 -> 0 | P110: =SUM('[2]Bilan 2040 AMS'!$T$41:$T$43)/11.63 -> 2.2837205 | Q110: ='[2]Bilan 2040 AMS'!$T$13/11.63 -> 0.59286024 | R110: =('[2]Bilan 2040 AMS'!$T$22+'[2]Bilan 2040 AMS'!$T$30+SUM('[2]Bilan 2040 AMS'!$T$36:$T$40)+SUM('[2]Bilan 2040 AMS'!$T$44:$T$45)+'[2]Bilan 2040 AMS'!$T$47)/11.63 -> 0.65579879 | S110: =SUM(O110:R110) -> 3.5323795 | U110: Agriculture | V110: ER_AGRICULTURE_coal_2 | W110: ER_AGRICULTURE_oil_2 | X110: ER_AGRICULTURE_elec_2 | Y110: ER_AGRICULTURE_gas_2 | Z110: 0 | AA110: 3.0789122 | AB110: 0.43606932 | AC110: 0.38877563 | AD110: 3.9037572
C111: Total Final Mtep | H111: =SUM(H102,H105:H107) -> 2.1726512 | I111: =SUM(I102,I105:I107) -> 38.219108 | J111: =SUM(J102,J105:J107) -> 51.017056 | K111: =SUM(K102,K105:K107) -> 36.046512 | L111: =SUM(H111:K111) -> 127.45533 | N111: Total Final Mtep | O111: =O102+O105+O106+O107+O110 -> 1.147088 | P111: =P102+P105+P106+P107+P110 -> 24.946456 | Q111: =Q102+Q105+Q106+Q107+Q110 -> 47.104779 | R111: =R102+R105+R106+R107+R110 -> 43.411633 | S111: =SUM(O111:R111) -> 116.60996 | U111: Total Final Mtep | Z111: 3.6408124 | AA111: 45.907914 | AB111: 49.352209 | AC111: 37.027954 | AD111: 135.92889
C114: 2050 | H114: coal | I114: fuel and biofuel | J114: elec | K114: gas biogas biomass | L114: Total | N114: 2050 | O114: coal | P114: fuel and biofuel | Q114: elec | R114: gas biogas biomass | S114: Total | U114: 2050 | Z114: coal | AA114: fuel and biofuel | AB114: elec | AC114: gas biogas biomass | AD114: Total
C115: Transport | H115: =SUM(H116:H117) -> 0 | I115: =SUM(I116:I117) -> 14.394152 | J115: =SUM(J116:J117) -> 11.135139 | K115: =SUM(K116:K117) -> 2.0355699 | L115: =SUM(H115:K115) -> 27.564861 | N115: Transport | O115: ='[2]Bilan 2050 AMS'!$X$46/11.63 -> 0 | P115: =SUM('[2]Bilan 2050 AMS'!$X$41:$X$43)/11.63 -> 2.2926537 | Q115: ='[2]Bilan 2050 AMS'!$X$13/11.63 -> 10.137972 | R115: =('[2]Bilan 2050 AMS'!$X$22+'[2]Bilan 2050 AMS'!$X$30+SUM('[2]Bilan 2050 AMS'!$X$36:$X$40)+SUM('[2]Bilan 2050 AMS'!$X$44:$X$45)+'[2]Bilan 2050 AMS'!$X$47)/11.63 -> 1.273728 | S115: =SUM(O115:R115) -> 13.704353 | U115: Transport | Z115: 0 | AA115: 17.669874 | AB115: 14.105115 | AC115: 2.6370006 | AD115: 34.411989
C116: Personal vehicles | D116: ER_TRANS_PRIVATE_coal_2 | E116: ER_TRANS_PRIVATE_oil_2 | F116: ER_TRANS_PRIVATE_elec_2 | G116: ER_TRANS_PRIVATE_gas_2 | H116: =VLOOKUP(D116,Résultats!$B$2:$AX$476,'T energie vecteurs'!W5,FALSE) -> 0 | I116: =VLOOKUP(E116,Résultats!$B$2:$AX$476,'T energie vecteurs'!W5,FALSE) -> 5.0610912 | J116: =VLOOKUP(F116,Résultats!$B$2:$AX$476,'T energie vecteurs'!W5,FALSE) -> 3.4076294 | K116: =VLOOKUP(G116,Résultats!$B$2:$AX$476,'T energie vecteurs'!W5,FALSE) -> 9.2594093e-06 | L116: =SUM(H116:K116) -> 8.4687299 | N116: Personal vehicles | U116: Personal vehicles | V116: ER_TRANS_PRIVATE_coal_2 | W116: ER_TRANS_PRIVATE_oil_2 | X116: ER_TRANS_PRIVATE_elec_2 | Y116: ER_TRANS_PRIVATE_gas_2 | Z116: 0 | AA116: 5.1883108 | AB116: 3.4413404 | AC116: 6.5034414e-06 | AD116: 8.6296577
C117: Public and freight transport | D117: ER_TRANS_PUBLIC_coal_2 | E117: ER_TRANS_PUBLIC_oil_2 | F117: ER_TRANS_PUBLIC_elec_2 | G117: ER_TRANS_PUBLIC_gas_2 | H117: =VLOOKUP(D117,Résultats!$B$2:$AX$476,'T energie vecteurs'!W5,FALSE) -> 0 | I117: =VLOOKUP(E117,Résultats!$B$2:$AX$476,'T energie vecteurs'!W5,FALSE) -> 9.3330605 | J117: =VLOOKUP(F117,Résultats!$B$2:$AX$476,'T energie vecteurs'!W5,FALSE) -> 7.72751 | K117: =VLOOKUP(G117,Résultats!$B$2:$AX$476,'T energie vecteurs'!W5,FALSE) -> 2.0355606 | L117: =SUM(H117:K117) -> 19.096131 | N117: Public and freight transport | U117: Public and freight transport | V117: ER_TRANS_PUBLIC_coal_2 | W117: ER_TRANS_PUBLIC_oil_2 | X117: ER_TRANS_PUBLIC_elec_2 | Y117: ER_TRANS_PUBLIC_gas_2 | Z117: 0 | AA117: 12.481563 | AB117: 10.663774 | AC117: 2.6369941 | AD117: 25.782332
C118: Residential | D118: ER_RESIDENTIAL_coal_2 | E118: ER_RESIDENTIAL_oil_2 | F118: ER_RESIDENTIAL_elec_2 | G118: ER_RESIDENTIAL_gas_2 | H118: =VLOOKUP(D118,Résultats!$B$2:$AX$476,'T energie vecteurs'!W5,FALSE) -> 0.080518409 | I118: =VLOOKUP(E118,Résultats!$B$2:$AX$476,'T energie vecteurs'!W5,FALSE) -> 2.5023484 | J118: =VLOOKUP(F118,Résultats!$B$2:$AX$476,'T energie vecteurs'!W5,FALSE) -> 12.550082 | K118: =VLOOKUP(G118,Résultats!$B$2:$AX$476,'T energie vecteurs'!W5,FALSE)+8 -> 14.429127 | L118: =SUM(H118:K118) -> 29.562076 | N118: Residential | O118: ='[2]Bilan 2050 AMS'!$V$46/11.63 -> 0 | P118: =SUM('[2]Bilan 2050 AMS'!$V$41:$V$43)/11.63 -> 0.030621685 | Q118: ='[2]Bilan 2050 AMS'!$V$13/11.63 -> 11.491747 | R118: =('[2]Bilan 2050 AMS'!$V$22+'[2]Bilan 2050 AMS'!$V$30+SUM('[2]Bilan 2050 AMS'!$V$36:$V$40)+SUM('[2]Bilan 2050 AMS'!$V$44:$V$45)+'[2]Bilan 2050 AMS'!$V$47)/11.63 -> 15.333196 | S118: =SUM(O118:R118) -> 26.855565 | U118: Residential | V118: ER_RESIDENTIAL_coal_2 | W118: ER_RESIDENTIAL_oil_2 | X118: ER_RESIDENTIAL_elec_2 | Y118: ER_RESIDENTIAL_gas_2 | Z118: 0.056021565 | AA118: 1.5078186 | AB118: 11.080748 | AC118: 12.250273 | AD118: 24.894861
C119: Service | D119: ER_TERTIARY_coal_2 | E119: ER_TERTIARY_oil_2 | F119: ER_TERTIARY_elec_2 | G119: ER_TERTIARY_gas_2 | H119: =VLOOKUP(D119,Résultats!$B$2:$AX$476,'T energie vecteurs'!W5,FALSE) -> 0 | I119: =VLOOKUP(E119,Résultats!$B$2:$AX$476,'T energie vecteurs'!W5,FALSE) -> 1.4503481 | J119: =VLOOKUP(F119,Résultats!$B$2:$AX$476,'T energie vecteurs'!W5,FALSE) -> 9.1683517 | K119: =VLOOKUP(G119,Résultats!$B$2:$AX$476,'T energie vecteurs'!W5,FALSE) -> 7.7454103 | L119: =SUM(H119:K119) -> 18.36411 | N119: Service | O119: =('[2]Bilan 2050 AMS'!$W$46)/11.63 -> 0 | P119: =SUM('[2]Bilan 2050 AMS'!$W$41:$W$43)/11.63 -> 0.0056625066 | Q119: =('[2]Bilan 2050 AMS'!$W$13)/11.63 -> 9.5724519 | R119: =('[2]Bilan 2050 AMS'!$W$22+'[2]Bilan 2050 AMS'!$W$30+SUM('[2]Bilan 2050 AMS'!$W$36:$W$40)+SUM('[2]Bilan 2050 AMS'!$W$44:$W$45)+'[2]Bilan 2050 AMS'!$W$47)/11.63 -> 6.9289113 | S119: =SUM(O119:R119) -> 16.507026 | U119: Service | V119: ER_TERTIARY_coal_2 | W119: ER_TERTIARY_oil_2 | X119: ER_TERTIARY_elec_2 | Y119: ER_TERTIARY_gas_2 | Z119: 0 | AA119: 1.4009737 | AB119: 5.43351 | AC119: 9.1016079 | AD119: 15.936092
...

Sheet T transport
A1: =Résultats!B1 -> SNBC3 | B1: Transport (milliers de km voyageurs) | C1: 2006 | D1: 2007 | E1: 2008 | F1: 2009 | G1: 2010 | H1: 2011 | I1: 2012 | J1: 2013 | K1: 2014 | L1: 2015 | M1: 2016 | N1: 2017 | O1: 2018 | P1: 2019 | Q1: 2020 | R1: 2021 | S1: 2022 | T1: 2023 | U1: 2024 | V1: 2025 | W1: 2026 | X1: 2027 | Y1: 2028 | Z1: 2029 | AA1: 2030 | AB1: 2031 | AC1: 2032 | AD1: 2033 | AE1: 2034 | AF1: 2035 | AG1: 2036 | AH1: 2037 | AI1: 2038 | AJ1: 2039 | AK1: 2040 | AL1: 2041 | AM1: 2042 | AN1: 2043 | AO1: 2044 | AP1: 2045 | AQ1: 2046 | AR1: 2047 | AS1: 2048 | AT1: 2049 | AU1: 2050 | AW1: Part modale hors avion | AX1: 2020 | AY1: 2030 | AZ1: 2050
B2: Total | C2: =C3+C4+C7 -> 842942.38 | D2: =D3+D4+D7 -> 878459.86 | E2: =E3+E4+E7 -> 895073.07 | F2: =F3+F4+F7 -> 922447.58 | G2: =G3+G4+G7 -> 944843.65 | H2: =H3+H4+H7 -> 983088.66 | I2: =I3+I4+I7 -> 1023626.7 | J2: =J3+J4+J7 -> 1068215.3 | ... AU2: =AU3+AU4+AU7 -> 1104711.8 | AW2: voiture CD | AX2: =Q8/Q7 -> 0.92268454 | AY2: =AA8/AA7 -> 0.90656364 | AZ2: =AU8/AU7 -> 0.88156461
B3: Avion (France + RDM) | C3: =Résultats!E286 -> 13442.055 | D3: =Résultats!F286 -> 13710.533 | E3: =Résultats!G286 -> 14052.662 | F3: =Résultats!H286 -> 13551.264 | G3: =Résultats!I286 -> 13076.845 | H3: =Résultats!J286 -> 13351.989 | I3: =Résultats!K286 -> 13561.709 | J3: =Résultats!L286 -> 13434.458 | ... AU3: =Résultats!AW286 -> 7187.3533 | AW3: voiture LD | AX3: =Q5/Q4 -> 0.63445403 | AY3: =AA5/AA4 -> 0.55810148 | AZ3: =AU5/AU4 -> 0.44812277
B4: Longue Distance (LD) | C4: =Résultats!E292 -> 248850.1 | D4: =Résultats!F292 -> 266931.55 | E4: =Résultats!G292 -> 279010.91 | F4: =Résultats!H292 -> 295035.9 | G4: =Résultats!I292 -> 308744.22 | H4: =Résultats!J292 -> 330162.05 | I4: =Résultats!K292 -> 355210.86 | J4: =Résultats!L292 -> 380667.45 | ... P4: =Résultats!R292 -> 431638.33 | Q4: =SUM(Q5:Q6) -> 438896.71 | R4: =SUM(R5:R6) -> 342401.16 | S4: =SUM(S5:S6) -> 344535.47 | T4: =SUM(T5:T6) -> 345336.82 | U4: =SUM(U5:U6) -> 328894.26 | V4: =SUM(V5:V6) -> 316243.43 | W4: =SUM(W5:W6) -> 321491.69 | X4: =SUM(X5:X6) -> 323087.95 | ... AU4: =SUM(AU5:AU6) -> 502556.81 | AW4: voiture CD+LD | AX4: =Q10/(Q7+Q4) -> 0.81444854 | AY4: =AA10/(AA7+AA4) -> 0.76831677 | AZ4: =AU10/(AU7+AU4) -> 0.68309145
B5: voiture LD | C5: =Résultats!E287 -> 163461.3 | D5: =Résultats!F287 -> 173277.53 | E5: =Résultats!G287 -> 180525.77 | F5: =Résultats!H287 -> 188717.15 | G5: =Résultats!I287 -> 196734.65 | H5: =Résultats!J287 -> 206682.56 | I5: =Résultats!K287 -> 222217.52 | J5: =Résultats!L287 -> 238372.94 | ... AU5: =Résultats!AW287 -> 225207.15
B6: train | C6: =Résultats!E290 -> 47168.088 | D6: =Résultats!F290 -> 48543.657 | E6: =Résultats!G290 -> 48452.153 | F6: =Résultats!H290 -> 49450.099 | G6: =Résultats!I290 -> 50052.596 | H6: =Résultats!J290 -> 51514.113 | I6: =Résultats!K290 -> 52007.677 | J6: =Résultats!L290 -> 53048.385 | ... P6: =Résultats!R290 -> 56826.888 | Q6: =Résultats!S289 -> 160436.93 | R6: =Résultats!T290 -> 55747.73 | S6: =Résultats!U290 -> 55771.068 | T6: =Résultats!V290 -> 56044.438 | U6: =Résultats!W290 -> 59372.938 | V6: =Résultats!X290 -> 62088.291 | W6: =Résultats!Y290 -> 62152.601 | X6: =Résultats!Z290 -> 62605.11 | Y6: =Résultats!AA290 -> 63204.69 | Z6: =Résultats!AB290 -> 63929.834 | AA6: =Résultats!AC289 -> 201194.28 | AB6: =Résultats!AD290 -> 64922.776 | AC6: =Résultats!AE290 -> 65198.948 | AD6: =Résultats!AF290 -> 65419.148 | AE6: =Résultats!AG290 -> 65632.654 | AF6: =Résultats!AH290 -> 65831.701 | AG6: =Résultats!AI290 -> 66200.801 | AH6: =Résultats!AJ290 -> 66559.129 | AI6: =Résultats!AK290 -> 66856.547 | ... AT6: =Résultats!AV290 -> 70430.368 | AU6: =Résultats!AW289 -> 277349.66 | BB6: Cibles DGEC
B7: Courte Distance (CD) | C7: =Résultats!E291 -> 580650.23 | D7: =Résultats!F291 -> 597817.78 | E7: =Résultats!G291 -> 602009.49 | F7: =Résultats!H291 -> 613860.42 | G7: =Résultats!I291 -> 623022.58 | H7: =Résultats!J291 -> 639574.62 | I7: =Résultats!K291 -> 654854.1 | J7: =Résultats!L291 -> 674113.35 | ... P7: =Résultats!R291 -> 725082.39 | Q7: =SUM(Q8:Q9) -> 729877.28 | R7: =SUM(R8:R9) -> 833943.9 | S7: =SUM(S8:S9) -> 835476.47 | T7: =SUM(T8:T9) -> 837997.52 | U7: =SUM(U8:U9) -> 841257.07 | V7: =SUM(V8:V9) -> 843027.89 | W7: =SUM(W8:W9) -> 840671.61 | X7: =SUM(X8:X9) -> 838057.52 | ... AU7: =SUM(AU8:AU9) -> 594967.64 | AW7: Avion | AX7: =Q3/Q2 -> 0.012702 | AY7: =AA3/AA2 -> 0.011044989 | AZ7: =AU3/AU2 -> 0.0065060889 | BB7: =[4]Trafic!$H$27/([4]Trafic!$H$30-[4]Trafic!$H$29) -> 0.0096732537 | BC7: =[4]Trafic!$J$27/([4]Trafic!$J$30-[4]Trafic!$J$29) -> 0.014577968 | BD7: =[4]Trafic!$N$27/([4]Trafic!$N$30-[4]Trafic!$N$29) -> 0.0065864877
B8: voiture CD | C8: =Résultats!E288 -> 533482.14 | D8: =Résultats!F288 -> 549274.13 | E8: =Résultats!G288 -> 553559.43 | F8: =Résultats!H288 -> 564412.48 | G8: =Résultats!I288 -> 572972.37 | H8: =Résultats!J288 -> 588063.14 | I8: =Résultats!K288 -> 602854.78 | J8: =Résultats!L288 -> 621076.01 | ... AU8: =Résultats!AW288 -> 524502.42 | AW8: train | AX8: =+Q6/Q2 -> 0.13552582 | AY8: =+AA6/AA2 -> 0.17337991 | AZ8: =+AU6/AU2 -> 0.25106065 | BB8: =[4]Trafic!$H$25/[4]Trafic!$H$31 -> 0.086581999 | BC8: =[4]Trafic!$J$25/[4]Trafic!$J$31 -> 0.14233557 | BD8: =[4]Trafic!$N$25/[4]Trafic!$N$31 -> 0.18954037
B9: bus | C9: =Résultats!E289 -> 85388.793 | D9: =Résultats!F289 -> 93689.859 | E9: =Résultats!G289 -> 98525.392 | F9: =Résultats!H289 -> 106396.98 | G9: =Résultats!I289 -> 112095.42 | H9: =Résultats!J289 -> 123662.94 | I9: =Résultats!K289 -> 133190.83 | J9: =Résultats!L289 -> 142506.46 | ... P9: =Résultats!R289 -> 161701.19 | Q9: =Résultats!S290 -> 56430.796 | R9: =Résultats!T289 -> 158577.18 | S9: =Résultats!U289 -> 158556.69 | T9: =Résultats!V289 -> 159301.99 | U9: =Résultats!W289 -> 172828.14 | V9: =Résultats!X289 -> 184625.13 | W9: =Résultats!Y289 -> 186632.01 | X9: =Résultats!Z289 -> 189620.16 | Y9: =Résultats!AA289 -> 193112.78 | Z9: =Résultats!AB289 -> 197082.15 | AA9: =Résultats!AC290 -> 64687.145 | AB9: =Résultats!AD289 -> 204255.17 | AC9: =Résultats!AE289 -> 207549.28 | AD9: =Résultats!AF289 -> 210839.81 | AE9: =Résultats!AG289 -> 214173.45 | AF9: =Résultats!AH289 -> 217539.82 | AG9: =Résultats!AI289 -> 221137.99 | AH9: =Résultats!AJ289 -> 224842.07 | AI9: =Résultats!AK289 -> 228508.81 | ... AT9: =Résultats!AV289 -> 272909.55 | AU9: =Résultats!AW290 -> 70465.223 | AW9: bus | AX9: =Q9/Q2 -> 0.047668764 | AY9: =AA9/AA2 -> 0.055744383 | AZ9: =AU9/AU2 -> 0.063786069 | BB9: =[4]Trafic!$H$26/[4]Trafic!$H$31 -> 0.050587052 | BC9: =[4]Trafic!$J$26/[4]Trafic!$J$31 -> 0.076007848 | BD9: =[4]Trafic!$N$26/[4]Trafic!$N$31 -> 0.098293993
B10: Voiture CD+LD | C10: =C5+C8 -> 696943.45 | D10: =D5+D8 -> 722551.66 | E10: =E5+E8 -> 734085.2 | F10: =F5+F8 -> 753129.63 | G10: =G5+G8 -> 769707.03 | H10: =H5+H8 -> 794745.7 | I10: =I5+I8 -> 825072.3 | J10: =J5+J8 -> 859448.94 | ... AU10: =AU5+AU8 -> 749709.57 | AW10: route | AX10: =1-SUM(AX7:AX9) -> 0.80410341 | AY10: =1-SUM(AY7:AY9) -> 0.75983072 | AZ10: =1-SUM(AZ7:AZ9) -> 0.67864719 | BB10: =([4]Trafic!$H$23+[4]Trafic!$H$28)/[4]Trafic!$H$30 -> 0.84698145 | BC10: =([4]Trafic!$J$23+[4]Trafic!$J$28)/[4]Trafic!$J$30 -> 0.75252159 | BD10: =([4]Trafic!$N$23+[4]Trafic!$N$28)/[4]Trafic!$N$30 -> 0.68588807
A12: TEND | B12: Transport (milliers de km voyageurs) | C12: 2006 | D12: 2007 | E12: 2008 | F12: 2009 | G12: 2010 | H12: 2011 | I12: 2012 | J12: 2013 | K12: 2014 | L12: 2015 | M12: 2016 | N12: 2017 | O12: 2018 | P12: 2019 | Q12: 2020 | R12: 2021 | S12: 2022 | T12: 2023 | U12: 2024 | V12: 2025 | W12: 2026 | X12: 2027 | Y12: 2028 | Z12: 2029 | AA12: 2030 | AB12: 2031 | AC12: 2032 | AD12: 2033 | AE12: 2034 | AF12: 2035 | AG12: 2036 | AH12: 2037 | AI12: 2038 | AJ12: 2039 | AK12: 2040 | AL12: 2041 | AM12: 2042 | AN12: 2043 | AO12: 2044 | AP12: 2045 | AQ12: 2046 | AR12: 2047 | AS12: 2048 | AT12: 2049 | AU12: 2050 | AW12: Part modale hors avion | AX12: 2020 | AY12: 2030 | AZ12: 2050
B13: Total | C13: =C14+C15+C18 -> 842942.38 | D13: =D14+D15+D18 -> 878459.86 | E13: =E14+E15+E18 -> 895073.07 | F13: =F14+F15+F18 -> 922447.58 | G13: =G14+G15+G18 -> 944843.65 | H13: =H14+H15+H18 -> 983088.66 | I13: =I14+I15+I18 -> 1023626.7 | J13: =J14+J15+J18 -> 1068215.3 | ... AU13: =AU14+AU15+AU18 -> 1322883 | AW13: voiture CD | AX13: =Q19/Q18 -> 0.92272326 | AY13: =AA19/AA18 -> 0.91217426 | AZ13: =AU19/AU18 -> 0.89747798
B14: Avion (France + RDM) | C14: =Résultats!E294 -> 13442.055 | D14: =Résultats!F294 -> 13710.533 | E14: =Résultats!G294 -> 14052.662 | F14: =Résultats!H294 -> 13551.264 | G14: =Résultats!I294 -> 13076.845 | H14: =Résultats!J294 -> 13351.989 | I14: =Résultats!K294 -> 13561.709 | J14: =Résultats!L294 -> 13434.458 | ... AU14: =Résultats!AW294 -> 23522.359 | AW14: voiture LD | AX14: =Q16/Q15 -> 0.63520091 | AY14: =AA16/AA15 -> 0.63970119 | AZ14: =AU16/AU15 -> 0.66883457
B15: Longue Distance (LD) | C15: =Résultats!E300 -> 248850.1 | D15: =Résultats!F300 -> 266931.55 | E15: =Résultats!G300 -> 279010.91 | F15: =Résultats!H300 -> 295035.9 | G15: =Résultats!I300 -> 308744.22 | H15: =Résultats!J300 -> 330162.05 | I15: =Résultats!K300 -> 355210.86 | J15: =Résultats!L300 -> 380667.45 | ... AU15: =Résultats!AW300 -> 495954.56 | AW15: voiture CD+LD | AX15: =Q21/(Q18+Q15) -> 0.81482967 | AY15: =AA21/(AA18+AA15) -> 0.80975437 | AZ15: =AU21/(AU18+AU15) -> 0.8102068
B16: voiture LD | C16: =Résultats!E295 -> 163461.3 | D16: =Résultats!F295 -> 173277.53 | E16: =Résultats!G295 -> 180525.77 | F16: =Résultats!H295 -> 188717.15 | G16: =Résultats!I295 -> 196734.65 | H16: =Résultats!J295 -> 206682.56 | I16: =Résultats!K295 -> 222217.52 | J16: =Résultats!L295 -> 238372.94 | ... AU16: =Résultats!AW295 -> 331711.55
B17: train | C17: =Résultats!E298 -> 47168.088 | D17: =Résultats!F298 -> 48543.657 | E17: =Résultats!G298 -> 48452.153 | F17: =Résultats!H298 -> 49450.099 | G17: =Résultats!I298 -> 50052.596 | H17: =Résultats!J298 -> 51514.113 | I17: =Résultats!K298 -> 52007.677 | J17: =Résultats!L298 -> 53048.385 | ... P17: =Résultats!R298 -> 56826.888 | Q17: =Résultats!S297 -> 160436.93 | R17: =Résultats!T298 -> 55747.73 | S17: =Résultats!U298 -> 55771.068 | T17: =Résultats!V298 -> 56036.847 | U17: =Résultats!W298 -> 56117.055 | V17: =Résultats!X298 -> 56129.791 | W17: =Résultats!Y298 -> 56600.768 | X17: =Résultats!Z298 -> 56828.53 | Y17: =Résultats!AA298 -> 57026.431 | Z17: =Résultats!AB298 -> 57184.287 | AA17: =Résultats!AC297 -> 162753.77 | AB17: =Résultats!AD298 -> 57415.701 | AC17: =Résultats!AE298 -> 57270.762 | AD17: =Résultats!AF298 -> 57241.983 | AE17: =Résultats!AG298 -> 57255.749 | AF17: =Résultats!AH298 -> 57037.383 | AG17: =Résultats!AI298 -> 57226.333 | AH17: =Résultats!AJ298 -> 57367.701 | AI17: =Résultats!AK298 -> 57483.242 | ... AT17: =Résultats!AV298 -> 58760.586 | AU17: =Résultats!AW297 -> 165030.89
B18: Courte Distance (CD) | C18: =Résultats!E299 -> 580650.23 | D18: =Résultats!F299 -> 597817.78 | E18: =Résultats!G299 -> 602009.49 | F18: =Résultats!H299 -> 613860.42 | G18: =Résultats!I299 -> 623022.58 | H18: =Résultats!J299 -> 639574.62 | I18: =Résultats!K299 -> 654854.1 | J18: =Résultats!L299 -> 674113.35 | ... AU18: =Résultats!AW299 -> 803406.05
B19: voiture CD | C19: =Résultats!E296 -> 533482.14 | D19: =Résultats!F296 -> 549274.13 | E19: =Résultats!G296 -> 553559.43 | F19: =Résultats!H296 -> 564412.48 | G19: =Résultats!I296 -> 572972.37 | H19: =Résultats!J296 -> 588063.14 | I19: =Résultats!K296 -> 602854.78 | J19: =Résultats!L296 -> 621076.01 | ... AU19: =Résultats!AW296 -> 721039.24
B20: bus | C20: =Résultats!E297 -> 85388.793 | D20: =Résultats!F297 -> 93689.859 | E20: =Résultats!G297 -> 98525.392 | F20: =Résultats!H297 -> 106396.98 | G20: =Résultats!I297 -> 112095.42 | H20: =Résultats!J297 -> 123662.94 | I20: =Résultats!K297 -> 133190.83 | J20: =Résultats!L297 -> 142506.46 | ... P20: =Résultats!R297 -> 161701.19 | Q20: =Résultats!S298 -> 56430.796 | R20: =Résultats!T297 -> 158577.18 | S20: =Résultats!U297 -> 158556.69 | T20: =Résultats!V297 -> 159290.01 | U20: =Résultats!W297 -> 159447.26 | V20: =Résultats!X297 -> 159424.7 | W20: =Résultats!Y297 -> 160888.47 | X20: =Résultats!Z297 -> 161530.44 | Y20: =Résultats!AA297 -> 162056.43 | Z20: =Résultats!AB297 -> 162458.83 | AA20: =Résultats!AC298 -> 57303.752 | AB20: =Résultats!AD297 -> 163031.33 | AC20: =Résultats!AE297 -> 162493.27 | AD20: =Résultats!AF297 -> 162317.45 | AE20: =Résultats!AG297 -> 162279.92 | AF20: =Résultats!AH297 -> 161463.55 | AG20: =Résultats!AI297 -> 161974.64 | AH20: =Résultats!AJ297 -> 162306.65 | AI20: =Résultats!AK297 -> 162536.32 | ... AT20: =Résultats!AV297 -> 164752.37 | AU20: =Résultats!AW298 -> 58897.124
B21: Voiture CD+LD | C21: =C16+C19 -> 696943.45 | D21: =D16+D19 -> 722551.66 | E21: =E16+E19 -> 734085.2 | F21: =F16+F19 -> 753129.63 | G21: =G16+G19 -> 769707.03 | H21: =H16+H19 -> 794745.7 | I21: =I16+I19 -> 825072.3 | J21: =J16+J19 -> 859448.94 | ... AU21: =AU16+AU19 -> 1052750.8
A23: ="Ecarts "&Résultats!B1&" - TEND" -> Ecarts SNBC3 - TEND | B23: Ecarts de transport (milliers de km voyageurs) | C23: 2006 | D23: 2007 | E23: 2008 | F23: 2009 | G23: 2010 | H23: 2011 | I23: 2012 | J23: 2013 | K23: 2014 | L23: 2015 | M23: 2016 | N23: 2017 | O23: 2018 | P23: 2019 | Q23: 2020 | R23: 2021 | S23: 2022 | T23: 2023 | U23: 2024 | V23: 2025 | W23: 2026 | X23: 2027 | Y23: 2028 | Z23: 2029 | AA23: 2030 | AB23: 2031 | AC23: 2032 | AD23: 2033 | AE23: 2034 | AF23: 2035 | AG23: 2036 | AH23: 2037 | AI23: 2038 | AJ23: 2039 | AK23: 2040 | AL23: 2041 | AM23: 2042 | AN23: 2043 | AO23: 2044 | AP23: 2045 | AQ23: 2046 | AR23: 2047 | AS23: 2048 | AT23: 2049 | AU23: 2050
B24: Total | C24: =C2-C13 -> 0 | D24: =D2-D13 -> 0 | E24: =E2-E13 -> 0 | F24: =F2-F13 -> 0 | G24: =G2-G13 -> 0 | H24: =H2-H13 -> 0 | I24: =I2-I13 -> 0 | J24: =J2-J13 -> 0 | ... AU24: =AU2-AU13 -> -218171.16
B25: Avion (France + RDM) | C25: =C3-C14 -> 0 | D25: =D3-D14 -> 0 | E25: =E3-E14 -> 0 | F25: =F3-F14 -> 0 | G25: =G3-G14 -> 0 | H25: =H3-H14 -> 0 | I25: =I3-I14 -> 0 | J25: =J3-J14 -> 0 | ... AU25: =AU3-AU14 -> -16335.006
B26: Longue Distance (LD) | C26: =SUM(C27:C28) -> 0 | D26: =SUM(D27:D28) -> 0 | E26: =SUM(E27:E28) -> 0 | F26: =SUM(F27:F28) -> 0 | G26: =SUM(G27:G28) -> 0 | H26: =SUM(H27:H28) -> 0 | I26: =SUM(I27:I28) -> 0 | J26: =SUM(J27:J28) -> 0 | ... AU26: =SUM(AU27:AU28) -> 5814.3644
B27: voiture LD | C27: =C5-C16 -> 0 | D27: =D5-D16 -> 0 | E27: =E5-E16 -> 0 | F27: =F5-F16 -> 0 | G27: =G5-G16 -> 0 | H27: =H5-H16 -> 0 | I27: =I5-I16 -> 0 | J27: =J5-J16 -> 0 | ... AU27: =AU5-AU16 -> -106504.41
B28: train | C28: =C6-C17 -> 0 | D28: =D6-D17 -> 0 | E28: =E6-E17 -> 0 | F28: =F6-F17 -> 0 | G28: =G6-G17 -> 0 | H28: =H6-H17 -> 0 | I28: =I6-I17 -> 0 | J28: =J6-J17 -> 0 | ... AU28: =AU6-AU17 -> 112318.77
B29: Courte Distance (CD) | C29: =SUM(C30:C31) -> 0 | D29: =SUM(D30:D31) -> 0 | E29: =SUM(E30:E31) -> 0 | F29: =SUM(F30:F31) -> 0 | G29: =SUM(G30:G31) -> 0 | H29: =SUM(H30:H31) -> 0 | I29: =SUM(I30:I31) -> 0 | J29: =SUM(J30:J31) -> 0 | ... AU29: =SUM(AU30:AU31) -> -184968.72
B30: voiture CD | C30: =C8-C19 -> 0 | D30: =D8-D19 -> 0 | E30: =E8-E19 -> 0 | F30: =F8-F19 -> 0 | G30: =G8-G19 -> 0 | H30: =H8-H19 -> 0 | I30: =I8-I19 -> 0 | J30: =J8-J19 -> 0 | ... AU30: =AU8-AU19 -> -196536.82
B31: bus | C31: =C9-C20 -> 0 | D31: =D9-D20 -> 0 | E31: =E9-E20 -> 0 | F31: =F9-F20 -> 0 | G31: =G9-G20 -> 0 | H31: =H9-H20 -> 0 | I31: =I9-I20 -> 0 | J31: =J9-J20 -> 0 | ... AU31: =AU9-AU20 -> 11568.099
B32: Voiture CD+LD | C32: =SUM(C27,C30) -> 0 | D32: =SUM(D27,D30) -> 0 | E32: =SUM(E27,E30) -> 0 | F32: =SUM(F27,F30) -> 0 | G32: =SUM(G27,G30) -> 0 | H32: =SUM(H27,H30) -> 0 | I32: =SUM(I27,I30) -> 0 | J32: =SUM(J27,J30) -> 0 | ... AU32: =SUM(AU27,AU30) -> -303041.23
A36: =[5]Résultats!B1 -> SNBC3 | B36: Transport (parts modales en %) | C36: 2006 | D36: 2007 | E36: 2008 | F36: 2009 | G36: 2010 | H36: 2011 | I36: 2012 | J36: 2013 | K36: 2014 | L36: 2015 | M36: 2016 | N36: 2017 | O36: 2018 | P36: 2019 | Q36: 2020 | R36: 2021 | S36: 2022 | T36: 2023 | U36: 2024 | V36: 2025 | W36: 2026 | X36: 2027 | Y36: 2028 | Z36: 2029 | AA36: 2030 | AB36: 2031 | AC36: 2032 | AD36: 2033 | AE36: 2034 | AF36: 2035 | AG36: 2036 | AH36: 2037 | AI36: 2038 | AJ36: 2039 | AK36: 2040 | AL36: 2041 | AM36: 2042 | AN36: 2043 | AO36: 2044 | AP36: 2045 | AQ36: 2046 | AR36: 2047 | AS36: 2048 | AT36: 2049 | AU36: 2050 | AW36: 2030/2019 | AX36: 2050/2019
B37: Total hors avion | C37: =C38+C39+C42 -> 1 | D37: =D38+D39+D42 -> 1 | E37: =E38+E39+E42 -> 1 | F37: =F38+F39+F42 -> 1 | G37: =G38+G39+G42 -> 1 | H37: =H38+H39+H42 -> 1 | I37: =I38+I39+I42 -> 1 | J37: =J38+J39+J42 -> 1 | ... AU37: =AU38+AU39+AU42 -> 1
B38: Avion (France + RDM)
B39: Longue Distance (LD) | C39: =C4/(C$2-C$3) -> 0.3 | D39: =D4/(D$2-D$3) -> 0.30868084 | E39: =E4/(E$2-E$3) -> 0.31669064 | F39: =F4/(F$2-F$3) -> 0.32460897 | G39: =G4/(G$2-G$3) -> 0.33135353 | H39: =H4/(H$2-H$3) -> 0.34046567 | I39: =I4/(I$2-I$3) -> 0.3516713 | J39: =J4/(J$2-J$3) -> 0.36089721 | ... AU39: =AU4/(AU$2-AU$3) -> 0.45790033 | AW39: =AA39-P39 -> 0.023577328 | AX39: =AU39-P39 -> 0.084743417
B40: voiture LD | C40: =C5/(C$2-C$3) -> 0.19705996 | D40: =D5/(D$2-D$3) -> 0.20037892 | E40: =E5/(E$2-E$3) -> 0.20490532 | F40: =F5/(F$2-F$3) -> 0.20763331 | G40: =G5/(G$2-G$3) -> 0.21114151 | H40: =H5/(H$2-H$3) -> 0.21313266 | I40: =I5/(I$2-I$3) -> 0.2200032 | J40: =J5/(J$2-J$3) -> 0.22599287 | ... AU40: =AU5/(AU$2-AU$3) -> 0.20519556 | AW40: =AA40-P40 -> -0.012324756 | AX40: =AU40-P40 -> -0.02854716
B41: train | C41: =C6/(C$2-C$3) -> 0.056863254 | D41: =D6/(D$2-D$3) -> 0.056136102 | E41: =E6/(E$2-E$3) -> 0.054995494 | F41: =F6/(F$2-F$3) -> 0.054406754 | G41: =G6/(G$2-G$3) -> 0.053717943 | H41: =H6/(H$2-H$3) -> 0.053121754 | I41: =I6/(I$2-I$3) -> 0.051489438 | J41: =J6/(J$2-J$3) -> 0.050293278 | ... AU41: =AU6/(AU$2-AU$3) -> 0.25270477 | AW41: =AA41-P41 -> 0.1261887 | AX41: =AU41-P41 -> 0.20357719
B42: Courte Distance (CD) | C42: =C7/(C$2-C$3) -> 0.7 | D42: =D7/(D$2-D$3) -> 0.69131916 | E42: =E7/(E$2-E$3) -> 0.68330936 | F42: =F7/(F$2-F$3) -> 0.67539103 | G42: =G7/(G$2-G$3) -> 0.66864647 | H42: =H7/(H$2-H$3) -> 0.65953433 | I42: =I7/(I$2-I$3) -> 0.6483287 | J42: =J7/(J$2-J$3) -> 0.63910279 | ... AU42: =AU7/(AU$2-AU$3) -> 0.54209967 | AW42: =AA42-P42 -> -0.023577328 | AX42: =AU42-P42 -> -0.084743417
B43: voiture CD | C43: =C8/(C$2-C$3) -> 0.64313674 | D43: =D8/(D$2-D$3) -> 0.63518306 | E43: =E8/(E$2-E$3) -> 0.62831624 | F43: =F8/(F$2-F$3) -> 0.62098665 | G43: =G8/(G$2-G$3) -> 0.61493109 | H43: =H8/(H$2-H$3) -> 0.60641529 | I43: =I8/(I$2-I$3) -> 0.59684753 | J43: =J8/(J$2-J$3) -> 0.58881998 | ... AU43: =AU8/(AU$2-AU$3) -> 0.47789589 | AW43: =AA43-P43 -> -0.030838138 | AX43: =AU43-P43 -> -0.099841055
B44: bus | C44: =C9/(C$2-C$3) -> 0.10294003 | D44: =D9/(D$2-D$3) -> 0.10834337 | E44: =E9/(E$2-E$3) -> 0.111831 | F44: =F9/(F$2-F$3) -> 0.11706174 | G44: =G9/(G$2-G$3) -> 0.12030416 | H44: =H9/(H$2-H$3) -> 0.12752218 | I44: =I9/(I$2-I$3) -> 0.13186363 | J44: =J9/(J$2-J$3) -> 0.13510528 | ... AU44: =AU9/(AU$2-AU$3) -> 0.064203784 | AW44: =AA44-P44 -> -0.083425809 | AX44: =AU44-P44 -> -0.07558898
B45: Voiture CD+LD | C45: =C10/(C$2-C$3) -> 0.84019671 | D45: =D10/(D$2-D$3) -> 0.83556198 | E45: =E10/(E$2-E$3) -> 0.83322156 | F45: =F10/(F$2-F$3) -> 0.82861996 | G45: =G10/(G$2-G$3) -> 0.8260726 | H45: =H10/(H$2-H$3) -> 0.81954795 | I45: =I10/(I$2-I$3) -> 0.81685073 | J45: =J10/(J$2-J$3) -> 0.81481284 | ... AU45: =AU10/(AU$2-AU$3) -> 0.68309145 | AW45: =AA45-P45 -> -0.043162894 | AX45: =AU45-P45 -> -0.12838821
A47: TEND | B47: Transport (parts modales en %) | C47: 2006 | D47: 2007 | E47: 2008 | F47: 2009 | G47: 2010 | H47: 2011 | I47: 2012 | J47: 2013 | K47: 2014 | L47: 2015 | M47: 2016 | N47: 2017 | O47: 2018 | P47: 2019 | Q47: 2020 | R47: 2021 | S47: 2022 | T47: 2023 | U47: 2024 | V47: 2025 | W47: 2026 | X47: 2027 | Y47: 2028 | Z47: 2029 | AA47: 2030 | AB47: 2031 | AC47: 2032 | AD47: 2033 | AE47: 2034 | AF47: 2035 | AG47: 2036 | AH47: 2037 | AI47: 2038 | AJ47: 2039 | AK47: 2040 | AL47: 2041 | AM47: 2042 | AN47: 2043 | AO47: 2044 | AP47: 2045 | AQ47: 2046 | AR47: 2047 | AS47: 2048 | AT47: 2049 | AU47: 2050 | AW47: 2030/2019 | AX47: 2050/2019
B48: Total | C48: =C49+C50+C53 -> 1 | D48: =D49+D50+D53 -> 1 | E48: =E49+E50+E53 -> 1 | F48: =F49+F50+F53 -> 1 | G48: =G49+G50+G53 -> 1 | H48: =H49+H50+H53 -> 1 | I48: =I49+I50+I53 -> 1 | J48: =J49+J50+J53 -> 1 | ... AU48: =AU49+AU50+AU53 -> 1.1839013
B49: Avion (France + RDM)
B50: Longue Distance (LD) | C50: =C15/(C$2-C$3) -> 0.3 | D50: =D15/(D$2-D$3) -> 0.30868084 | E50: =E15/(E$2-E$3) -> 0.31669064 | F50: =F15/(F$2-F$3) -> 0.32460897 | G50: =G15/(G$2-G$3) -> 0.33135353 | H50: =H15/(H$2-H$3) -> 0.34046567 | I50: =I15/(I$2-I$3) -> 0.3516713 | J50: =J15/(J$2-J$3) -> 0.36089721 | ... AU50: =AU15/(AU$2-AU$3) -> 0.45188475 | AW50: =AA50-P50 -> 0.018889016 | AX50: =AU50-P50 -> 0.078727836
B51: voiture LD | C51: =C16/(C$2-C$3) -> 0.19705996 | D51: =D16/(D$2-D$3) -> 0.20037892 | E51: =E16/(E$2-E$3) -> 0.20490532 | F51: =F16/(F$2-F$3) -> 0.20763331 | G51: =G16/(G$2-G$3) -> 0.21114151 | H51: =H16/(H$2-H$3) -> 0.21313266 | I51: =I16/(I$2-I$3) -> 0.2200032 | J51: =J16/(J$2-J$3) -> 0.22599287 | ... AU51: =AU16/(AU$2-AU$3) -> 0.30223614 | AW51: =AA51-P51 -> 0.017049526 | AX51: =AU51-P51 -> 0.068493419
B52: train | C52: =C17/(C$2-C$3) -> 0.056863254 | D52: =D17/(D$2-D$3) -> 0.056136102 | E52: =E17/(E$2-E$3) -> 0.054995494 | F52: =F17/(F$2-F$3) -> 0.054406754 | G52: =G17/(G$2-G$3) -> 0.053717943 | H52: =H17/(H$2-H$3) -> 0.053121754 | I52: =I17/(I$2-I$3) -> 0.051489438 | J52: =J17/(J$2-J$3) -> 0.050293278 | ... AU52: =AU17/(AU$2-AU$3) -> 0.15036648 | AW52: =AA52-P52 -> 0.092692482 | AX52: =AU52-P52 -> 0.1012389
B53: Courte Distance (CD) | C53: =C18/(C$2-C$3) -> 0.7 | D53: =D18/(D$2-D$3) -> 0.69131916 | E53: =E18/(E$2-E$3) -> 0.68330936 | F53: =F18/(F$2-F$3) -> 0.67539103 | G53: =G18/(G$2-G$3) -> 0.66864647 | H53: =H18/(H$2-H$3) -> 0.65953433 | I53: =I18/(I$2-I$3) -> 0.6483287 | J53: =J18/(J$2-J$3) -> 0.63910279 | ... AU53: =AU18/(AU$2-AU$3) -> 0.73201653 | AW53: =AA53-P53 -> 0.024091524 | AX53: =AU53-P53 -> 0.10517345
B54: voiture CD | C54: =C19/(C$2-C$3) -> 0.64313674 | D54: =D19/(D$2-D$3) -> 0.63518306 | E54: =E19/(E$2-E$3) -> 0.62831624 | F54: =F19/(F$2-F$3) -> 0.62098665 | G54: =G19/(G$2-G$3) -> 0.61493109 | H54: =H19/(H$2-H$3) -> 0.60641529 | I54: =I19/(I$2-I$3) -> 0.59684753 | J54: =J19/(J$2-J$3) -> 0.58881998 | ... AU54: =AU19/(AU$2-AU$3) -> 0.65696872 | AW54: =AA54-P54 -> 0.016028859 | AX54: =AU54-P54 -> 0.079231783
B55: bus | C55: =C20/(C$2-C$3) -> 0.10294003 | D55: =D20/(D$2-D$3) -> 0.10834337 | E55: =E20/(E$2-E$3) -> 0.111831 | F55: =F20/(F$2-F$3) -> 0.11706174 | G55: =G20/(G$2-G$3) -> 0.12030416 | H55: =H20/(H$2-H$3) -> 0.12752218 | I55: =I20/(I$2-I$3) -> 0.13186363 | J55: =J20/(J$2-J$3) -> 0.13510528 | ... AU55: =AU20/(AU$2-AU$3) -> 0.05366361 | AW55: =AA55-P55 -> -0.089859535 | AX55: =AU55-P55 -> -0.086129155
B56: Voiture CD+LD | C56: =C21/(C$2-C$3) -> 0.84019671 | D56: =D21/(D$2-D$3) -> 0.83556198 | E56: =E21/(E$2-E$3) -> 0.83322156 | F56: =F21/(F$2-F$3) -> 0.82861996 | G56: =G21/(G$2-G$3) -> 0.8260726 | H56: =H21/(H$2-H$3) -> 0.81954795 | I56: =I21/(I$2-I$3) -> 0.81685073 | J56: =J21/(J$2-J$3) -> 0.81481284 | ... AU56: =AU21/(AU$2-AU$3) -> 0.95920486 | AW56: =AA56-P56 -> 0.033078385 | AX56: =AU56-P56 -> 0.1477252
A58: ="Ecarts "&[5]Résultats!B1&" - TEND" -> Ecarts SNBC3 - TEND | B58: Ecarts de transport (points de %) | C58: 2006 | D58: 2007 | E58: 2008 | F58: 2009 | G58: 2010 | H58: 2011 | I58: 2012 | J58: 2013 | K58: 2014 | L58: 2015 | M58: 2016 | N58: 2017 | O58: 2018 | P58: 2019 | Q58: 2020 | R58: 2021 | S58: 2022 | T58: 2023 | U58: 2024 | V58: 2025 | W58: 2026 | X58: 2027 | Y58: 2028 | Z58: 2029 | AA58: 2030 | AB58: 2031 | AC58: 2032 | AD58: 2033 | AE58: 2034 | AF58: 2035 | AG58: 2036 | AH58: 2037 | AI58: 2038 | AJ58: 2039 | AK58: 2040 | AL58: 2041 | AM58: 2042 | AN58: 2043 | AO58: 2044 | AP58: 2045 | AQ58: 2046 | AR58: 2047 | AS58: 2048 | AT58: 2049 | AU58: 2050
B59: Total
B60: Avion (France + RDM)
B61: Longue Distance (LD) | C61: =C39-C50 -> 0 | D61: =D39-D50 -> 0 | E61: =E39-E50 -> 0 | F61: =F39-F50 -> 0 | G61: =G39-G50 -> 0 | H61: =H39-H50 -> 0 | I61: =I39-I50 -> 0 | J61: =J39-J50 -> 0 | ... AU61: =AU39-AU50 -> 0.0060155809
B62: voiture LD | C62: =C40-C51 -> 0 | D62: =D40-D51 -> 0 | E62: =E40-E51 -> 0 | F62: =F40-F51 -> 0 | G62: =G40-G51 -> 0 | H62: =H40-H51 -> 0 | I62: =I40-I51 -> 0 | J62: =J40-J51 -> 0 | ... AU62: =AU40-AU51 -> -0.097040579
B63: train | C63: =C41-C52 -> 0 | D63: =D41-D52 -> 0 | E63: =E41-E52 -> 0 | F63: =F41-F52 -> 0 | G63: =G41-G52 -> 0 | H63: =H41-H52 -> 0 | I63: =I41-I52 -> 0 | J63: =J41-J52 -> 0 | ... AU63: =AU41-AU52 -> 0.10233829
B64: Courte Distance (CD) | C64: =C42-C53 -> 0 | D64: =D42-D53 -> 0 | E64: =E42-E53 -> 0 | F64: =F42-F53 -> 0 | G64: =G42-G53 -> 0 | H64: =H42-H53 -> 0 | I64: =I42-I53 -> 0 | J64: =J42-J53 -> 0 | ... AU64: =AU42-AU53 -> -0.18991686
B65: voiture CD | C65: =C43-C54 -> 0 | D65: =D43-D54 -> 0 | E65: =E43-E54 -> 0 | F65: =F43-F54 -> 0 | G65: =G43-G54 -> 0 | H65: =H43-H54 -> 0 | I65: =I43-I54 -> 0 | J65: =J43-J54 -> 0 | ... AU65: =AU43-AU54 -> -0.17907284
B66: bus | C66: =C44-C55 -> 0 | D66: =D44-D55 -> 0 | E66: =E44-E55 -> 0 | F66: =F44-F55 -> 0 | G66: =G44-G55 -> 0 | H66: =H44-H55 -> 0 | I66: =I44-I55 -> 0 | J66: =J44-J55 -> 0 | ... AU66: =AU44-AU55 -> 0.010540174
B67: Voiture CD+LD | C67: =C45-C56 -> 0 | D67: =D45-D56 -> 0 | E67: =E45-E56 -> 0 | F67: =F45-F56 -> 0 | G67: =G45-G56 -> 0 | H67: =H45-H56 -> 0 | I67: =I45-I56 -> 0 | J67: =J45-J56 -> 0 | ... AU67: =AU45-AU56 -> -0.27611342

Sheet Résultats
A1: 1) Copier-coller sorties Eviews en B2 2) veillez à ce que les données commencent en 2004 3) modifier le scénario si besoin en B1 | B1: SNBC3 | C1: 2 | D1: =C1+1 -> 3 | E1: =D1+1 -> 4 | F1: =E1+1 -> 5 | G1: =F1+1 -> 6 | H1: =G1+1 -> 7 | I1: =H1+1 -> 8 | J1: =I1+1 -> 9 | K1: =J1+1 -> 10 | ... AW1: =AV1+1 -> 48
C2: 2004 | D2: 2005 | E2: 2006 | F2: 2007 | G2: 2008 | H2: 2009 | I2: 2010 | J2: 2011 | K2: 2012 | L2: 2013 | M2: 2014 | N2: 2015 | O2: 2016 | P2: 2017 | Q2: 2018 | R2: 2019 | S2: 2020 | T2: 2021 | U2: 2022 | V2: 2023 | W2: 2024 | X2: 2025 | Y2: 2026 | Z2: 2027 | AA2: 2028 | AB2: 2029 | AC2: 2030 | AD2: 2031 | AE2: 2032 | AF2: 2033 | AG2: 2034 | AH2: 2035 | AI2: 2036 | AJ2: 2037 | AK2: 2038 | AL2: 2039 | AM2: 2040 | AN2: 2041 | AO2: 2042 | AP2: 2043 | AQ2: 2044 | AR2: 2045 | AS2: 2046 | AT2: 2047 | AU2: 2048 | AV2: 2049 | AW2: 2050
B3: ER_OIL_2 | C3: 78.155731 | D3: 79.410547 | E3: 80.671203 | F3: 81.230879 | G3: 78.337043 | H3: 76.35819 | I3: 75.168414 | J3: 73.713688 | K3: 71.891901 | L3: 70.627817 | M3: 70.711585 | N3: 71.498434 | O3: 70.101705 | P3: 68.524865 | Q3: 66.192346 | R3: 64.959362 | S3: 63.373763 | T3: 62.700539 | U3: 61.965191 | V3: 60.93266 | W3: 58.741659 | X3: 56.34332 | Y3: 54.279284 | Z3: 52.308874 | AA3: 50.385184 | AB3: 48.368398 | AC3: 46.357903 | AD3: 44.367443 | AE3: 42.446905 | AF3: 40.558918 | AG3: 38.7351 | AH3: 36.954254 | AI3: 35.147904 | AJ3: 33.420333 | AK3: 31.722995 | AL3: 30.140284 | AM3: 28.583379 | AN3: 27.256342 | AO3: 26.001325 | AP3: 24.75351 | AQ3: 23.558766 | AR3: 22.379131 | AS3: 21.498348 | AT3: 20.657662 | AU3: 19.86208 | AV3: 19.103497 | AW3: 18.386356
B4: ER_OIL_2201_2 | C4: 77.477679 | D4: 78.721608 | E4: 80.003737 | F4: 80.228086 | G4: 77.052367 | H4: 74.797652 | I4: 73.329929 | J4: 71.615586 | K4: 69.558933 | L4: 68.055349 | M4: 67.856364 | N4: 68.329788 | O4: 66.944968 | P4: 65.387163 | Q4: 63.107949 | R4: 61.876354 | S4: 60.30747 | T4: 59.506878 | U4: 58.656049 | V4: 57.533075 | W4: 55.099926 | X4: 52.477904 | Y4: 50.398255 | Z4: 48.403516 | AA4: 46.449232 | AB4: 44.409411 | AC4: 42.37233 | AD4: 39.755632 | AE4: 37.192596 | AF4: 34.64543 | AG4: 32.146979 | AH4: 29.661485 | AI4: 27.044891 | AJ4: 24.45255 | AK4: 21.833336 | AL4: 19.269661 | AM4: 16.632724 | AN4: 15.086622 | AO4: 13.5467 | AP4: 11.966156 | AQ4: 10.352987 | AR4: 8.6686499 | AS4: 8.1508189 | AT4: 7.6426005 | AU4: 7.1435889 | AV4: 6.6480012 | AW4: 6.153852
B5: ER_OIL_2202_2 | C5: 0.67805251 | D5: 0.68893886 | E5: 0.66746538 | F5: 1.0027933 | G5: 1.284676 | H5: 1.5605372 | I5: 1.8384849 | J5: 2.0981018 | K5: 2.3329679 | L5: 2.5724686 | M5: 2.8552211 | N5: 3.1686457 | O5: 3.1567371 | P5: 3.137703 | Q5: 3.0843969 | R5: 3.0830077 | S5: 3.0662927 | T5: 3.193661 | U5: 3.3091416 | V5: 3.3995855 | W5: 3.641733 | X5: 3.8654156 | Y5: 3.8810289 | Z5: 3.9053571 | AA5: 3.9359524 | AB5: 3.9589871 | AC5: 3.9855734 | AD5: 4.611811 | AE5: 5.2543092 | AF5: 5.9134875 | AG5: 6.5881202 | AH5: 7.2927691 | AI5: 8.1030132 | AJ5: 8.9677829 | AK5: 9.889659 | AL5: 10.870622 | AM5: 11.950655 | AN5: 12.16972 | AO5: 12.454626 | AP5: 12.787354 | AQ5: 13.205779 | AR5: 13.710481 | AS5: 13.347529 | AT5: 13.015062 | AU5: 12.718492 | AV5: 12.455496 | AW5: 12.232504
B6: ER_ELEC_2301_2 | C6: 28.634797 | D6: 29.094538 | E6: 29.720949 | F6: 30.551326 | G6: 31.268226 | H6: 29.125055 | I6: 30.256846 | J6: 31.323004 | K6: 31.689898 | L6: 31.571325 | M6: 31.465978 | N6: 30.94722 | O6: 29.332225 | P6: 28.892747 | Q6: 28.821975 | R6: 27.86219 | S6: 26.892231 | T6: 26.743234 | U6: 26.690278 | V6: 26.399789 | W6: 27.337714 | X6: 27.833454 | Y6: 27.560237 | Z6: 27.227235 | AA6: 26.876024 | AB6: 26.652593 | AC6: 26.461518 | AD6: 25.722128 | AE6: 24.981508 | AF6: 24.257448 | AG6: 23.436999 | AH6: 22.619557 | AI6: 22.327657 | AJ6: 22.025238 | AK6: 21.722138 | AL6: 21.47247 | AM6: 21.191571 | AN6: 20.388962 | AO6: 19.620256 | AP6: 18.846858 | AQ6: 18.084252 | AR6: 17.323615 | AS6: 16.567313 | AT6: 15.823548 | AU6: 15.090132 | AV6: 14.363182 | AW6: 13.645181
B7: ER_ELEC_2302_2 | C7: 0.3674935 | D7: 0.37339372 | E7: 0.38143295 | F7: 0.37148643 | G7: 0.36022471 | H7: 0.3179028 | I7: 0.31290219 | J7: 0.30690623 | K7: 0.29418498 | L7: 0.27768333 | M7: 0.26221383 | N7: 0.24433932 | O7: 0.21316768 | P7: 0.19039124 | Q7: 0.16877833 | R7: 0.14095614 | S7: 0.11269292 | T7: 0.14899317 | U7: 0.18674726 | V7: 0.22359305 | W7: 0.15856736 | X7: 0.094730453 | Y7: 0.072284178 | Z7: 0.050123219 | AA7: 0.028432862 | AB7: 0.025331335 | AC7: 0.022298986 | AD7: 0.021835337 | AE7: 0.021367719 | AF7: 0.020911263 | AG7: 0.020353795 | AH7: 0.01979386 | AI7: 0.0159331 | AJ7: 0.012130758 | AK7: 0.0083966348 | AL7: 0.0089663731 | AM7: 0.0095114954 | AN7: 0.0091361057 | AO7: 0.0087761566 | AP7: 0.0084143583 | AQ7: 0.0080576474 | AR7: 0.0077020991 | AS7: 0.0076443177 | AT7: 0.0075880072 | AU7: 0.0075322569 | AV7: 0.0074751169 | AW7: 0.0074177517
B8: ER_ELEC_2303_2 | C8: 1.4676116 | D8: 1.4911746 | E8: 1.5232799 | F8: 1.5681164 | G8: 1.6072472 | H8: 1.4992616 | I8: 1.5597878 | J8: 1.6170984 | K8: 1.6384195 | L8: 1.6346632 | M8: 1.6315782 | N8: 1.6070135 | O8: 1.7058576 | P8: 1.8745305 | Q8: 2.0796826 | R8: 2.2306383 | S8: 2.3846433 | T8: 2.2924332 | U8: 2.20649 | V8: 2.0992975 | W8: 2.3062018 | X8: 2.468997 | Y8: 2.3827285 | Z8: 2.2925659 | AA8: 2.2023234 | AB8: 2.1256269 | AC8: 2.052294 | AD8: 1.9251478 | AE8: 1.7991899 | AF8: 1.675739 | AG8: 1.5535547 | AH8: 1.4337896 | AI8: 1.1642564 | AJ8: 0.89876488 | AK8: 0.63802165 | AL8: 0.39549642 | AM8: 0.15648205 | AN8: 0.16629813 | AO8: 0.17613202 | AP8: 0.18566444 | AQ8: 0.19502351 | AR8: 0.20410733 | AS8: 0.21063675 | AT8: 0.21708639 | AU8: 0.2234339 | AV8: 0.22962115 | AW8: 0.23568073
B9: ER_ELEC_2304_2 | C9: 1.4643634 | D9: 1.4878742 | E9: 1.5199084 | F9: 1.4386712 | G9: 1.3558495 | H9: 1.1629251 | I9: 1.1124625 | J9: 1.0604785 | K9: 0.98795248 | L9: 0.90632667 | M9: 0.83178279 | N9: 0.75329847 | O9: 0.63402697 | P9: 0.53952358 | Q9: 0.44640929 | R9: 0.33517036 | S9: 0.22211801 | T9: 0.21340186 | U9: 0.20526583 | V9: 0.19515023 | W9: 0.12461028 | X9: 0.05604005 | Y9: 0.043190463 | Z9: 0.030499915 | AA9: 0.018077143 | AB9: 0.017946166 | AC9: 0.017836717 | AD9: 0.01473439 | AE9: 0.011679122 | AF9: 0.008680626 | AG9: 0.0085405674 | AH9: 0.0083964011 | AI9: 0.0083229061 | AJ9: 0.0082448526 | AK9: 0.0081658807 | AL9: 0.008101913 | AM9: 0.0080256423 | AN9: 0.0079575138 | AO9: 0.0078987413 | AP9: 0.0078341948 | AQ9: 0.0077699447 | AR9: 0.0077020991 | AS9: 0.0076443177 | AT9: 0.0075880072 | AU9: 0.0075322569 | AV9: 0.0074751169 | AW9: 0.0074177517
B10: ER_ELEC_2305_2 | C10: 0.29584764 | D10: 0.30059757 | E10: 0.30706949 | F10: 0.65529597 | G10: 0.99168066 | H10: 1.1960421 | I10: 1.4948095 | J10: 1.7726596 | K10: 1.9787878 | L10: 2.1055701 | M10: 2.1709373 | N10: 2.1314552 | O10: 2.2791746 | P10: 2.5203105 | Q10: 2.8114068 | R10: 3.0298895 | S10: 3.2527421 | T10: 3.4385807 | U10: 3.6418406 | V10: 3.8168505 | W10: 4.0438348 | X10: 4.2007099 | Y10: 4.4537391 | Z10: 4.6910606 | AA10: 4.9183502 | AB10: 5.1541237 | AC10: 5.392444 | AD10: 6.0137499 | AE10: 6.6206078 | AF10: 7.2173183 | AG10: 7.7146262 | AH10: 8.1877982 | AI10: 8.724135 | AJ10: 9.2446226 | AK10: 9.7526094 | AL10: 10.240954 | AM10: 10.703972 | AN10: 11.262011 | AO10: 11.822943 | AP10: 12.365175 | AQ10: 12.897373 | AR10: 13.412831 | AS10: 13.927487 | AT10: 14.435639 | AU10: 14.935837 | AV10: 15.424194 | AW10: 15.902869
B11: ER_ELEC_2306_2 | C11: 0.066565719 | D11: 0.067634453 | E11: 0.069090635 | F11: 0.094486438 | G11: 0.12865468 | H11: 0.15943071 | I11: 0.22034936 | J11: 0.30348306 | K11: 0.40848376 | L11: 0.54141422 | M11: 0.7178951 | N11: 0.93934323 | O11: 1.0044439 | P11: 1.1107137 | Q11: 1.2390014 | R11: 1.3352878 | S11: 1.4335001 | T11: 1.4945726 | U11: 1.5627298 | V11: 1.6183878 | W11: 1.8514297 | X11: 2.0454949 | Y11: 2.4004173 | Z11: 2.7424272 | AA11: 3.0738167 | AB11: 3.4022079 | AC11: 3.7299826 | AD11: 4.0793864 | AE11: 4.4202742 | AF11: 4.7555506 | AG11: 5.0262101 | AH11: 5.2828913 | AI11: 5.4990319 | AJ11: 5.707383 | AK11: 5.910148 | AL11: 6.1092069 | AM11: 6.2947418 | AN11: 6.5402314 | AO11: 6.7886436 | AP11: 7.0274608 | AQ11: 7.2617056 | AR11: 7.4876279 | AS11: 7.6496051 | AT11: 7.8097982 | AU11: 7.9673699 | AV11: 8.1202502 | AW11: 8.269618
B12: ER_ELEC_2307_2 | C12: 3.3276745 | D12: 3.3811014 | E12: 3.4538971 | F12: 3.4253584 | G12: 3.3822713 | H12: 3.0394933 | I12: 3.0464027 | J12: 3.0426801 | K12: 2.9699078 | L12: 2.8545928 | M12: 2.7448702 | N12: 2.6045426 | O12: 2.7850491 | P12: 3.0797063 | Q12: 3.435413 | R12: 3.702389 | S12: 3.9747049 | T12: 4.1820071 | U12: 4.4100339 | V12: 4.6034939 | W12: 4.5736079 | X12: 4.4796948 | Y12: 4.4452087 | Z12: 4.4008851 | AA12: 4.3533957 | AB12: 4.3243173 | AC12: 4.3003933 | AD12: 4.3100264 | AE12: 4.3170725 | AF12: 4.3245363 | AG12: 4.277762 | AH12: 4.2281648 | AI12: 4.159997 | AJ12: 4.0901182 | AK12: 4.0203715 | AL12: 3.9643046 | AM12: 3.902643 | AN12: 3.8905434 | AO12: 3.8826826 | AP12: 3.8716578 | AQ12: 3.860439 | AR12: 3.8470847 | AS12: 3.8092112 | AT12: 3.772205 | AU12: 3.7356095 | AV12: 3.6984578 | AW12: 3.6613298
B13: ER_ELEC_2308_2 | C13: 0.21556469 | D13: 0.21902565 | E13: 0.22374131 | F13: 0.25780654 | G13: 0.29576549 | H13: 0.30881003 | I13: 0.35960744 | J13: 0.41730039 | K13: 0.47324562 | L13: 0.52849264 | M13: 0.59042909 | N13: 0.65092138 | O13: 0.59972683 | P13: 0.57242878 | Q13: 0.55125163 | R13: 0.5121329 | S13: 0.47246286 | T13: 0.4998806 | U13: 0.52984087 | V13: 0.55569882 | W13: 0.65144649 | X13: 0.73274733 | Y13: 0.71077684 | Z13: 0.68756816 | AA13: 0.66424587 | AB13: 0.64396799 | AC13: 0.62466978 | AD13: 0.64727861 | AE13: 0.6691216 | AF13: 0.69065376 | AG13: 0.70507585 | AH13: 0.71830801 | AI13: 0.75028016 | AJ13: 0.78114473 | AK13: 0.81120045 | AL13: 0.8408557 | AM13: 0.86861079 | AN13: 0.86927779 | AO13: 0.87083861 | AP13: 0.87163825 | AQ13: 0.87234072 | AR13: 0.87250605 | AS13: 0.87374251 | AT13: 0.87503094 | AU13: 0.87626988 | AV13: 0.87723224 | AW13: 0.8780516
B14: ER_ELEC_2 | C14: 35.839918 | D14: 36.41534 | E14: 37.199368 | F14: 38.362547 | G14: 39.38992 | H14: 36.808921 | I14: 38.363167 | J14: 39.84361 | K14: 40.44088 | L14: 40.420068 | M14: 40.415684 | N14: 39.878134 | O14: 38.553672 | P14: 38.780352 | Q14: 39.553918 | R14: 39.148654 | S14: 38.745095 | T14: 39.013104 | U14: 39.433227 | V14: 39.512261 | W14: 41.047412 | X14: 41.911868 | Y14: 42.068582 | Z14: 42.122365 | AA14: 42.134666 | AB14: 42.346114 | AC14: 42.601437 | AD14: 42.734287 | AE14: 42.840821 | AF14: 42.950838 | AG14: 42.743123 | AH14: 42.498699 | AI14: 42.649613 | AJ14: 42.767647 | AK14: 42.871051 | AL14: 43.040355 | AM14: 43.135558 | AN14: 43.134418 | AO14: 43.178171 | AP14: 43.184703 | AQ14: 43.186962 | AR14: 43.163176 | AS14: 43.053284 | AT14: 42.948483 | AU14: 42.843717 | AV14: 42.727887 | AW14: 42.607566
... B114: (DP_G_VAL_2-DP_G_VAL_1)*100 | C114: 0 | D114: 0 | E114: 0 | F114: 0 | G114: 0 | H114: 0 | I114: 0 | J114: 0 | K114: 0 | L114: 0 | M114: 0 | N114: 0 | O114: 0 | P114: 0 | Q114: 0 | R114: 0 | S114: 0 | T114: 0 | U114: 0 | V114: -0.00444377 | W114: 0.11868994 | X114: 0.215704 | Y114: 0.22151695 | Z114: -0.0293954 | AA114: -0.19010724 | AB114: -0.23004729 | AC114: -0.16779989 | AD114: -0.13280529 | AE114: -0.18856163 | AF114: -0.19322567 | AG114: -0.16003316 | AH114: -0.08986416 | AI114: -0.03574641 | AJ114: -0.04186379 | AK114: -0.09716658 | AL114: -0.00771248 | AM114: -0.05600405 | AN114: -0.07740441 | AO114: -0.07282543 | AP114: -0.20509791 | AQ114: -0.24048597 | AR114: -0.25132284 | AS114: -0.21993487 | AT114: -0.18135123 | AU114: -0.17246432 | AV114: -0.17880942 | AW114: -0.17117007
B115: EMS_TOT_2/@ELEM(EMS_TOT,"2006")*100 | C115: 96.864644 | D115: 98.419838 | E115: 100.02655 | F115: 99.861437 | G115: 95.245321 | H115: 90.521531 | I115: 89.190862 | J115: 86.924835 | K115: 83.556728 | L115: 81.349052 | M115: 80.439551 | N115: 80.268161 | O115: 78.052368 | P115: 76.099561 | Q115: 73.084905 | R115: 71.092384 | S115: 69.125072 | T115: 67.892228 | U115: 66.664759 | V115: 65.25772 | W115: 62.97683 | X115: 60.317365 | Y115: 57.728822 | Z115: 55.308301 | AA115: 52.969134 | AB115: 50.617147 | AC115: 48.325841 | AD115: 45.251148 | AE115: 42.271486 | AF115: 39.295725 | AG115: 36.81587 | AH115: 34.378005 | AI115: 31.855852 | AJ115: 29.371864 | AK115: 26.885216 | AL115: 25.453013 | AM115: 23.879484 | AN115: 22.125203 | AO115: 20.375506 | AP115: 18.583196 | AQ115: 16.762173 | AR115: 14.861797 | AS115: 14.641212 | AT115: 14.433335 | AU115: 14.227783 | AV115: 14.023716 | AW115: 13.825238 | AX115: 9.0244863
B116: 100*(GDP_2/GDP_1-1) | C116: 0 | D116: 0 | E116: 0 | F116: 0 | G116: 0 | H116: 0 | I116: 0 | J116: 0 | K116: 0 | L116: 0 | M116: 0 | N116: 0 | O116: 0 | P116: 0 | Q116: 0 | R116: 0 | S116: 0 | T116: 0 | U116: 0 | V116: 0.058988853 | W116: 0.097304557 | X116: 0.026581278 | Y116: 0.49296793 | Z116: 0.86877419 | AA116: 1.1002665 | AB116: 1.2171828 | AC116: 1.2354656 | AD116: 1.4822098 | AE116: 1.59935 | AF116: 1.6516129 | AG116: 1.6018228 | AH116: 1.4779835 | AI116: 1.4857088 | AJ116: 1.4874958 | AK116: 1.4290576 | AL116: 1.4247016 | AM116: 1.3555352 | AN116: 1.4331965 | AO116: 1.5443641 | AP116: 1.5883381 | AQ116: 1.6356742 | AR116: 1.6306883 | AS116: 1.5474058 | AT116: 1.5163572 | AU116: 1.4995563 | AV116: 1.4886804 | AW116: 1.4369641
B117: 100*(CH_2/CH_1-1) | C117: 0 | D117: 0 | E117: 0 | F117: 0 | G117: 0 | H117: 0 | I117: 0 | J117: 0 | K117: 0 | L117: 0 | M117: 0 | N117: 0 | O117: 0 | P117: 0 | Q117: 0 | R117: 0 | S117: 0 | T117: 0 | U117: 0 | V117: 0.034185333 | W117: 0.62643899 | X117: 0.61067709 | Y117: 0.5969201 | Z117: 0.9795308 | AA117: 1.258707 | AB117: 1.3786541 | AC117: 1.3537192 | AD117: 1.4830261 | AE117: 1.7584401 | AF117: 1.838407 | AG117: 1.8409627 | AH117: 1.7999754 | AI117: 1.6249539 | AJ117: 1.5582938 | AK117: 1.3929352 | AL117: 1.3117555 | AM117: 1.1783644 | AN117: 1.1939414 | AO117: 1.3390567 | AP117: 1.3873348 | AQ117: 1.4211247 | AR117: 1.4833383 | AS117: 1.4776946 | AT117: 1.4385643 | AU117: 1.4295182 | AV117: 1.430673 | AW117: 1.3324191
B118: 100*(I_2/I_1-1) | C118: 0 | D118: 0 | E118: 0 | F118: 0 | G118: 0 | H118: 0 | I118: 0 | J118: 0 | K118: 0 | L118: 0 | M118: 0 | N118: 0 | O118: 0 | P118: 0 | Q118: 0 | R118: 0 | S118: 0 | T118: 0 | U118: 0 | V118: 0.47006888 | W118: -0.42486851 | X118: -0.8463506 | Y118: 0.80809746 | Z118: 1.5598594 | AA118: 1.9923793 | AB118: 2.2015322 | AC118: 2.2686926 | AD118: 4.008993 | AE118: 4.2704384 | AF118: 4.412269 | AG118: 4.5300828 | AH118: 4.5311056 | AI118: 5.2788223 | AJ118: 5.4605529 | AK118: 5.4860622 | AL118: 5.7180536 | AM118: 5.5489815 | AN118: 6.3389198 | AO118: 6.6716998 | AP118: 6.7633702 | AQ118: 6.935864 | AR118: 6.6190933 | AS118: 5.8876231 | AT118: 5.9248233 | AU118: 5.9795033 | AV118: 6.0401845 | AW118: 6.0466959
B119: 100*(X_2/X_1-1) | C119: 0 | D119: 0 | E119: 0 | F119: 0 | G119: 0 | H119: 0 | I119: 0 | J119: 0 | K119: 0 | L119: 0 | M119: 0 | N119: 0 | O119: 0 | P119: 0 | Q119: 0 | R119: 0 | S119: 0 | T119: 0 | U119: 0 | V119: 0.0013956712 | W119: -0.0018063714 | X119: -0.0026410516 | Y119: -0.029723177 | Z119: -0.063982294 | AA119: -0.11055467 | AB119: -0.17605282 | AC119: -0.26644489 | AD119: -0.31532333 | AE119: -0.36820555 | AF119: -0.43052332 | AG119: -0.74352668 | AH119: -1.0502183 | AI119: -1.1352241 | AJ119: -1.2164193 | AK119: -1.3090653 | AL119: -1.3858283 | AM119: -1.4724711 | AN119: -1.5677665 | AO119: -1.6469229 | AP119: -1.7419641 | AQ119: -1.8420346 | AR119: -1.9392576 | AS119: -2.0483014 | AT119: -2.1558402 | AU119: -2.2604685 | AV119: -2.3622609 | AW119: -2.4600988
B120: 100*(M_2/M_1-1) | C120: 0 | D120: 0 | E120: 0 | F120: 0 | G120: 0 | H120: 0 | I120: 0 | J120: 0 | K120: 0 | L120: 0 | M120: 0 | N120: 0 | O120: 0 | P120: 0 | Q120: 0 | R120: 0 | S120: 0 | T120: 0 | U120: 0 | V120: 0.1165799 | W120: 0.59572308 | X120: 0.57070942 | Y120: -0.10345646 | Z120: -0.25443751 | AA120: -0.31123367 | AB120: -0.42381602 | AC120: -0.58114042 | AD120: -0.29929918 | AE120: -0.10335343 | AF120: -0.11634163 | AG120: -0.21103703 | AH120: -0.20700836 | AI120: -0.23940467 | AJ120: -0.35103588 | AK120: -0.5387926 | AL120: -0.62653145 | AM120: -0.81768085 | AN120: -0.73474903 | AO120: -0.74079198 | AP120: -0.84610968 | AQ120: -0.95155262 | AR120: -1.0926673 | AS120: -1.3291973 | AT120: -1.3943644 | AU120: -1.4396871 | AV120: -1.479775 | AW120: -1.5848866
B121: 100*(UNR_TOT_2-UNR_TOT_1) | C121: 0 | D121: 0 | E121: 0 | F121: 0 | G121: 0 | H121: 0 | I121: 0 | J121: 0 | K121: 0 | L121: 0 | M121: 0 | N121: 0 | O121: 0 | P121: 0 | Q121: 0 | R121: 0 | S121: 0 | T121: 0 | U121: 0 | V121: -0.01053071 | W121: 0.00284252 | X121: 0.05834347 | Y121: -0.01239764 | Z121: -0.23033903 | AA121: -0.39061746 | AB121: -0.44231582 | AC121: -0.43241232 | AD121: -0.46427338 | AE121: -0.54384956 | AF121: -0.59044481 | AG121: -0.60400175 | AH121: -0.59233801 | AI121: -0.58706594 | AJ121: -0.6065594 | AK121: -0.61943724 | AL121: -0.6022934 | AM121: -0.60147762 | AN121: -0.60880058 | AO121: -0.64425778 | AP121: -0.70272001 | AQ121: -0.73317448 | AR121: -0.74471123 | AS121: -0.72811148 | AT121: -0.69788796 | AU121: -0.68233613 | AV121: -0.67663817 | AW121: -0.66723913
B122: 100*(L_2/L_1-1) | C122: 0 | D122: 0 | E122: 0 | F122: 0 | G122: 0 | H122: 0 | I122: 0 | J122: 0 | K122: 0 | L122: 0 | M122: 0 | N122: 0 | O122: 0 | P122: 0 | Q122: 0 | R122: 0 | S122: 0 | T122: 0 | U122: 0 | V122: 0.017253028 | W122: -0.0046569105 | X122: -0.095571776 | Y122: 0.020319454 | Z122: 0.37803451 | AA122: 0.64174641 | AB122: 0.72699633 | AC122: 0.71078787 | AD122: 0.7633162 | AE122: 0.89435739 | AF122: 0.97096746 | AG122: 0.99315373 | AH122: 0.9737581 | AI122: 0.96493478 | AJ122: 0.99704786 | AK122: 1.0182797 | AL122: 0.99001253 | AM122: 0.98864517 | AN122: 1.0007382 | AO122: 1.0593017 | AP122: 1.1558838 | AQ122: 1.2063008 | AR122: 1.2254893 | AS122: 1.198218 | AT122: 1.1484384 | AU122: 1.1228569 | AV122: 1.1135211 | AW122: 1.0979676
B123: 100*((W_2/PCH_2)/(W_1/PCH_1)-1) | C123: 0 | D123: 0 | E123: 0 | F123: 0 | G123: 0 | H123: 0 | I123: 0 | J123: 0 | K123: 0 | L123: 0 | M123: 0 | N123: 0 | O123: 0 | P123: 0 | Q123: 0 | R123: 0 | S123: 0 | T123: 0 | U123: 0 | V123: 0.025152387 | W123: -0.084094632 | X123: -0.14917055 | Y123: 0.035578036 | Z123: 0.16986548 | AA123: 0.41539518 | AB123: 0.66777933 | AC123: 0.88554542 | AD123: 1.1525347 | AE123: 1.3035867 | AF123: 1.4717671 | AG123: 1.6210261 | AH123: 1.7105891 | AI123: 1.8265005 | AJ123: 1.8907717 | AK123: 1.929757 | AL123: 2.0261724 | AM123: 2.037007 | AN123: 2.1026083 | AO123: 2.1949292 | AP123: 2.2403963 | AQ123: 2.345303 | AR123: 2.4447892 | AS123: 2.500576 | AT123: 2.5524215 | AU123: 2.5731135 | AV123: 2.5818746 | AW123: 2.5768405
B124: 100*(PCH_2/PCH_1-1) | C124: 0 | D124: 0 | E124: 0 | F124: 0 | G124: 0 | H124: 0 | I124: 0 | J124: 0 | K124: 0 | L124: 0 | M124: 0 | N124: 0 | O124: 0 | P124: 0 | Q124: 0 | R124: 0 | S124: 0 | T124: 0 | U124: 0 | V124: -0.013166058 | W124: 0.10171547 | X124: 0.16914559 | Y124: 0.15200635 | Z124: 0.16269738 | AA124: 0.2211563 | AB124: 0.40897266 | AC124: 0.63923268 | AD124: 0.82043723 | AE124: 0.99884376 | AF124: 1.1569532 | AG124: 1.3125414 | AH124: 1.465478 | AI124: 1.5683685 | AJ124: 1.6722013 | AK124: 1.8007118 | AL124: 1.9079581 | AM124: 2.0381752 | AN124: 2.1817197 | AO124: 2.2915921 | AP124: 2.4322883 | AQ124: 2.587823 | AR124: 2.7432779 | AS124: 2.8949624 | AT124: 3.0372921 | AU124: 3.1713646 | AV124: 3.2989535 | AW124: 3.4174723
B125: 100*(R_2-R_1) | C125: 0 | D125: 0 | E125: 0 | F125: 0 | G125: 0 | H125: 0 | I125: 0 | J125: 0 | K125: 0 | L125: 0 | M125: 0 | N125: 0 | O125: 0 | P125: 0 | Q125: 0 | R125: 0 | S125: 0 | T125: 0 | U125: 0 | V125: -0.01343871 | W125: 0.11726269 | X125: 0.06873806 | Y125: -0.01745314 | Z125: 0.01088568 | AA125: 0.05950645 | AB125: 0.1910431 | AC125: 0.2337521 | AD125: 0.18352795 | AE125: 0.18032679 | AF125: 0.15954928 | AG125: 0.15678105 | AH125: 0.15385072 | AI125: 0.10339255 | AJ125: 0.1042323 | AK125: 0.1288732 | AL125: 0.10741178 | AM125: 0.13027966 | AN125: 0.1434409 | AO125: 0.10963688 | AP125: 0.14024213 | AQ125: 0.15481764 | AR125: 0.15449993 | AS125: 0.15052536 | AT125: 0.14103467 | AU125: 0.13266876 | AV125: 0.12608517 | AW125: 0.11699145
B126: 100*(DEBT_G_VAL_2/(PGDP_2*GDP_2)-DEBT_G_VAL_1/(PGDP_1*GDP_1)) | C126: 0 | D126: 0 | E126: 0 | F126: 0 | G126: 0 | H126: 0 | I126: 0 | J126: 0 | K126: 0 | L126: 0 | M126: 0 | N126: 0 | O126: 0 | P126: 0 | Q126: 0 | R126: 0 | S126: 0 | T126: 0 | U126: 0 | V126: -0.057429506 | W126: -0.032311427 | X126: 0.20767072 | Y126: -0.21349649 | Z126: -0.75888956 | AA126: -1.3149126 | AB126: -1.9158599 | AC126: -2.3671061 | AD126: -3.0190253 | AE126: -3.5129618 | AF126: -3.9051552 | AG126: -4.1051955 | AH126: -4.0939922 | AI126: -4.1863676 | AJ126: -4.2693684 | AK126: -4.3428837 | AL126: -4.3731275 | AM126: -4.3826609 | AN126: -4.7162358 | AO126: -5.0472625 | AP126: -5.4429643 | AQ126: -5.8933366 | AR126: -6.2375993 | AS126: -6.4136928 | AT126: -6.6421566 | AU126: -6.8736529 | AV126: -7.1098096 | AW126: -7.2298084
B127: 100*(DP_G_VAL_2-DP_G_VAL_1) | C127: 0 | D127: 0 | E127: 0 | F127: 0 | G127: 0 | H127: 0 | I127: 0 | J127: 0 | K127: 0 | L127: 0 | M127: 0 | N127: 0 | O127: 0 | P127: 0 | Q127: 0 | R127: 0 | S127: 0 | T127: 0 | U127: 0 | V127: -0.00444377 | W127: 0.11868994 | X127: 0.215704 | Y127: 0.22151695 | Z127: -0.0293954 | AA127: -0.19010724 | AB127: -0.23004729 | AC127: -0.16779989 | AD127: -0.13280529 | AE127: -0.18856163 | AF127: -0.19322567 | AG127: -0.16003316 | AH127: -0.08986416 | AI127: -0.03574641 | AJ127: -0.04186379 | AK127: -0.09716658 | AL127: -0.00771248 | AM127: -0.05600405 | AN127: -0.07740441 | AO127: -0.07282543 | AP127: -0.20509791 | AQ127: -0.24048597 | AR127: -0.25132284 | AS127: -0.21993487 | AT127: -0.18135123 | AU127: -0.17246432 | AV127: -0.17880942 | AW127: -0.17117007
B128: 100*(GDP_2/@ELEM(GDP_2,"2006")) | C128: 97.660265 | D128: 99.228232 | E128: 100 | F128: 103.54297 | G128: 103.87478 | H128: 100.50159 | I128: 102.89837 | J128: 105.16023 | K128: 105.71021 | L128: 105.94841 | M128: 107.01921 | N128: 107.84515 | O128: 109.18861 | P128: 112.1617 | Q128: 114.70368 | R128: 117.18596 | S128: 118.44803 | T128: 120.09611 | U128: 121.40147 | V128: 123.60711 | W128: 125.19173 | X128: 126.13786 | Y128: 127.36259 | Z128: 128.72231 | AA128: 130.03141 | AB128: 131.22677 | AC128: 132.34737 | AD128: 133.86547 | AE128: 135.34213 | AF128: 136.8212 | AG128: 138.23832 | AH128: 139.72607 | AI128: 141.50455 | AJ128: 143.36764 | AK128: 145.24811 | AL128: 147.28323 | AM128: 149.26716 | AN128: 151.47448 | AO128: 153.82876 | AP128: 156.09009 | AQ128: 158.39319 | AR128: 160.59706 | AS128: 162.71907 | AT128: 164.93217 | AU128: 167.18982 | AV128: 169.48064 | AW128: 171.83254 | AX128: 178.52723
B129: 100*(EMS_TOT_2/EMS_TOT_1-1) | C129: 0 | D129: 0 | E129: 0 | F129: 0 | G129: 0 | H129: 0 | I129: 0 | J129: 0 | K129: 0 | L129: 0 | M129: 0 | N129: 0 | O129: 0 | P129: 0 | Q129: 0 | R129: 0 | S129: 0 | T129: 0 | U129: 0 | V129: -0.59261738 | W129: -3.7457551 | X129: -6.9634117 | Y129: -10.246628 | Z129: -13.728404 | AA129: -17.282085 | AB129: -20.971993 | AC129: -24.675171 | AD129: -29.066993 | AE129: -33.368798 | AF129: -37.7213 | AG129: -41.342489 | AH129: -44.959451 | AI129: -48.85491 | AJ129: -52.735061 | AK129: -56.660187 | AL129: -58.915401 | AM129: -61.413955 | AN129: -64.130881 | AO129: -66.856982 | AP129: -69.664768 | AQ129: -72.542193 | AR129: -75.56528 | AS129: -75.967814 | AT129: -76.365977 | AU129: -76.759368 | AV129: -77.15166 | AW129: -77.546049
B130: 100*(EMS_TOT_2/@ELEM(EMS_TOT_2,"2006")) | C130: 96.838934 | D130: 98.393714 | E130: 100 | F130: 99.834931 | G130: 95.22004 | H130: 90.497504 | I130: 89.167188 | J130: 86.901763 | K130: 83.53455 | L130: 81.32746 | M130: 80.4182 | N130: 80.246856 | O130: 78.031651 | P130: 76.079362 | Q130: 73.065506 | R130: 71.073514 | S130: 69.106724 | T130: 67.874207 | U130: 66.647064 | V130: 65.240399 | W130: 62.960114 | X130: 60.301355 | Y130: 57.713499 | Z130: 55.29362 | AA130: 52.955074 | AB130: 50.603712 | AC130: 48.313014 | AD130: 45.239137 | AE130: 42.260266 | AF130: 39.285295 | AG130: 36.806098 | AH130: 34.36888 | AI130: 31.847396 | AJ130: 29.364068 | AK130: 26.87808 | AL130: 25.446257 | AM130: 23.873146 | AN130: 22.11933 | AO130: 20.370098 | AP130: 18.578263 | AQ130: 16.757723 | AR130: 14.857852 | AS130: 14.637325 | AT130: 14.429504 | AU130: 14.224006 | AV130: 14.019994 | AW130: 13.821568 | AX130: 9.0244863
B131: EMS_DC_04_2 | C131: 651205.12 | D131: 661660.43 | E131: 672283.61 | F131: 690924.67 | G131: 678581.71 | H131: 619435.66 | I131: 636180.69 | J131: 653802.58 | K131: 644454.95 | L131: 636957.33 | M131: 640329.72 | N131: 649163.82 | O131: 659683.12 | P131: 687399.42 | Q131: 700150.7 | R131: 714944.25 | S131: 718610.78 | T131: 730887.63 | U131: 739482.67 | V131: 753871.23 | W131: 804446.72 | X131: 864617.35 | Y131: 941847.08 | Z131: 1039590.9 | AA131: 1158751.7 | AB131: 1302804.8 | AC131: 1477596.6 | AD131: 1486305.2 | AE131: 1494500.9 | AF131: 1502024.9 | AG131: 1509509.5 | AH131: 1517477.8 | AI131: 1527154.4 | AJ131: 1537690.6 | AK131: 1548123.6 | AL131: 1560047 | AM131: 1571166 | AN131: 1583701.1 | AO131: 1597770.5 | AP131: 1610578.8 | AQ131: 1623618.1 | AR131: 1635589.7 | AS131: 1646820.2 | AT131: 1658476.2 | AU131: 1670413.8 | AV131: 1682509.9 | AW131: 1694934
B132: EMS_DC_05_2 | C132: 11699516 | D132: 11887355 | E132: 12078211 | F132: 12394208 | G132: 12130936 | H132: 11018218 | I132: 11233802 | J132: 11656712 | K132: 11446952 | L132: 11263844 | M132: 11300822 | N132: 11409654 | O132: 11619493 | P132: 12136393 | Q132: 12362443 | R132: 12640257 | S132: 12773050 | T132: 13043589 | U132: 13151091 | V132: 13491317 | W132: 13564662 | X132: 13565752 | Y132: 13572774 | Z132: 13608650 | AA132: 13644796 | AB132: 13666332 | AC132: 13705210 | AD132: 13817890 | AE132: 13884507 | AF132: 13941800 | AG132: 14000274 | AH132: 14074105 | AI132: 14166421 | AJ132: 14242065 | AK132: 14330378 | AL132: 14429128 | AM132: 14523141 | AN132: 14668472 | AO132: 14811761 | AP132: 14946520 | AQ132: 15099051 | AR132: 15222602 | AS132: 15335043 | AT132: 15474763 | AU132: 15614087 | AV132: 15756218 | AW132: 15922740
B133: EMS_DC_2 | C133: 12350721 | D133: 12549016 | E133: 12750494 | F133: 13085133 | G133: 12809518 | H133: 11637654 | I133: 11869983 | J133: 12310515 | K133: 12091407 | L133: 11900801 | M133: 11941152 | N133: 12058818 | O133: 12279176 | P133: 12823793 | Q133: 13062594 | R133: 13355201 | S133: 13491661 | T133: 13774477 | U133: 13890574 | V133: 14245189 | W133: 14369109 | X133: 14430370 | Y133: 14514621 | Z133: 14648240 | AA133: 14803548 | AB133: 14969137 | AC133: 15182807 | AD133: 15304195 | AE133: 15379008 | AF133: 15443825 | AG133: 15509784 | AH133: 15591583 | AI133: 15693575 | AJ133: 15779755 | AK133: 15878501 | AL133: 15989175 | AM133: 16094307 | AN133: 16252173 | AO133: 16409531 | AP133: 16557098 | AQ133: 16722670 | AR133: 16858192 | AS133: 16981864 | AT133: 17133239 | AU133: 17284501 | AV133: 17438728 | AW133: 17617674
B134: EMS_HH_2 | C134: 1.4491312e+08 | D134: 1.4723974e+08 | E134: 1.4960372e+08 | F134: 1.4698239e+08 | G134: 1.4285014e+08 | H134: 1.4213327e+08 | I134: 1.3942695e+08 | J134: 1.3602897e+08 | K134: 1.3190995e+08 | L134: 128701546 | M134: 126040694 | N134: 1.2406695e+08 | O134: 1.2332084e+08 | P134: 1.2195143e+08 | Q134: 1.1955505e+08 | R134: 1.1819882e+08 | S134: 1.1604533e+08 | T134: 1.1254577e+08 | U134: 1.0884021e+08 | V134: 1.0423109e+08 | W134: 1.0103236e+08 | X134: 97522814 | Y134: 93612634 | Z134: 89257237 | AA134: 84678396 | AB134: 79741808 | AC134: 74737789 | AD134: 68336004 | AE134: 62100729 | AF134: 56089906 | AG134: 50821625 | AH134: 45762178 | AI134: 40811095 | AJ134: 36111170 | AK134: 31600775 | AL134: 28471814 | AM134: 25385000 | AN134: 22178215 | AO134: 19128068 | AP134: 16214616 | AQ134: 13421872 | AR134: 10688791 | AS134: 10033843 | AT134: 9421551 | AU134: 8845965.2 | AV134: 8305276.4 | AW134: 7796327.4
B135: EMS_HH_21_2 | C135: 1098851.9 | D135: 1116494.3 | E135: 1134420 | F135: 1106961.4 | G135: 1078249.5 | H135: 1050179.5 | I135: 1027422.8 | J135: 1004924 | K135: 979736.39 | L135: 951685.31 | M135: 924203.91 | N135: 900436.86 | O135: 883688.16 | P135: 869994.74 | Q135: 854535.67 | R135: 831385.98 | S135: 806111.78 | T135: 778464.12 | U135: 751470.84 | V135: 724237.98 | W135: 695116.05 | X135: 664643.36 | Y135: 633959.17 | Z135: 604558.88 | AA135: 577133.41 | AB135: 551790.93 | AC135: 527528.7 | AD135: 503761.68 | AE135: 481198.48 | AF135: 460117.48 | AG135: 440414.07 | AH135: 422088.45 | AI135: 405125.11 | AJ135: 389388.66 | AK135: 374808.46 | AL135: 361258.56 | AM135: 348273.99 | AN135: 335938 | AO135: 324244.71 | AP135: 313111.29 | AQ135: 302498.88 | AR135: 292385.14 | AS135: 282713.6 | AT135: 273338.83 | AU135: 264230.83 | AV135: 255381.24 | AW135: 246869.44
B136: EMS_HH_21_H01_2 | C136: 1098851.9 | D136: 1116494.3 | E136: 1134420 | F136: 1106961.4 | G136: 1078249.5 | H136: 1050179.5 | I136: 1027422.8 | J136: 1004924 | K136: 979736.39 | L136: 951685.31 | M136: 924203.91 | N136: 900436.86 | O136: 883688.16 | P136: 869994.74 | Q136: 854535.67 | R136: 831385.98 | S136: 806111.78 | T136: 778464.12 | U136: 751470.84 | V136: 724237.98 | W136: 695116.05 | X136: 664643.36 | Y136: 633959.17 | Z136: 604558.88 | AA136: 577133.41 | AB136: 551790.93 | AC136: 527528.7 | AD136: 503761.68 | AE136: 481198.48 | AF136: 460117.48 | AG136: 440414.07 | AH136: 422088.45 | AI136: 405125.11 | AJ136: 389388.66 | AK136: 374808.46 | AL136: 361258.56 | AM136: 348273.99 | AN136: 335938 | AO136: 324244.71 | AP136: 313111.29 | AQ136: 302498.88 | AR136: 292385.14 | AS136: 282713.6 | AT136: 273338.83 | AU136: 264230.83 | AV136: 255381.24 | AW136: 246869.44
B137: EMS_HH_22_2 | C137: 1.0587527e+08 | D137: 1.0757513e+08 | E137: 1.0930228e+08 | F137: 1.0779719e+08 | G137: 105382384 | H137: 1.0618627e+08 | I137: 1.0422003e+08 | J137: 1.0222507e+08 | K137: 1.0005944e+08 | L137: 98439353 | M137: 96996288 | N137: 96015650 | O137: 95259776 | P137: 94312562 | Q137: 93164599 | R137: 92850343 | S137: 91319813 | T137: 89512133 | U137: 87244197 | V137: 84149145 | W137: 81490654 | X137: 78819028 | Y137: 76167833 | Z137: 73033089 | AA137: 69628737 | AB137: 65927976 | AC137: 62070092 | AD137: 57283935 | AE137: 52543895 | AF137: 47910784 | AG137: 43468588 | AH137: 39178353 | AI137: 34955565 | AJ137: 30920997 | AK137: 27029636 | AL137: 23330389 | AM137: 19710792 | AN137: 17369611 | AO137: 15142165 | AP137: 12999515 | AQ137: 10927276 | AR137: 8869289.9 | AS137: 8014324.1 | AT137: 7215569.6 | AU137: 6472611.9 | AV137: 5776968.4 | AW137: 5125609.1
B138: EMS_HH_22_H01_2 | C138: 1.0587527e+08 | D138: 1.0757513e+08 | E138: 1.0930228e+08 | F138: 1.0779719e+08 | G138: 105382384 | H138: 1.0618627e+08 | I138: 1.0422003e+08 | J138: 1.0222507e+08 | K138: 1.0005944e+08 | L138: 98439353 | M138: 96996288 | N138: 96015650 | O138: 95259776 | P138: 94312562 | Q138: 93164599 | R138: 92850343 | S138: 91319813 | T138: 89512133 | U138: 87244197 | V138: 84149145 | W138: 81490654 | X138: 78819028 | Y138: 76167833 | Z138: 73033089 | AA138: 69628737 | AB138: 65927976 | AC138: 62070092 | AD138: 57283935 | AE138: 52543895 | AF138: 47910784 | AG138: 43468588 | AH138: 39178353 | AI138: 34955565 | AJ138: 30920997 | AK138: 27029636 | AL138: 23330389 | AM138: 19710792 | AN138: 17369611 | AO138: 15142165 | AP138: 12999515 | AQ138: 10927276 | AR138: 8869289.9 | AS138: 8014324.1 | AT138: 7215569.6 | AU138: 6472611.9 | AV138: 5776968.4 | AW138: 5125609.1
B139: EMS_HH_24_2 | C139: 37938998 | D139: 38548121 | E139: 39167023 | F139: 38078246 | G139: 36389508 | H139: 34896821 | I139: 34179501 | J139: 32798979 | K139: 30870777 | L139: 29310508 | M139: 28120202 | N139: 27150863 | O139: 27177372 | P139: 26768877 | Q139: 25535915 | R139: 24517087 | S139: 23919408 | T139: 22255175 | U139: 20844542 | V139: 19357711 | W139: 18846595 | X139: 18039143 | Y139: 16810842 | Z139: 15619589 | AA139: 14472526 | AB139: 13262041 | AC139: 12140168 | AD139: 10548308 | AE139: 9075635.8 | AF139: 7719004.9 | AG139: 6912623.5 | AH139: 6161737.3 | AI139: 5450404.9 | AJ139: 4800784.5 | AK139: 4196330.6 | AL139: 4780166.3 | AM139: 5325934.3 | AN139: 4472665.8 | AO139: 3661657.9 | AP139: 2901989.4 | AQ139: 2192096.8 | AR139: 1527116.3 | AS139: 1736805.5 | AT139: 1932642.6 | AU139: 2109122.4 | AV139: 2272926.7 | AW139: 2423848.8
B140: EMS_HH_24_H01_2 | C140: 37938998 | D140: 38548121 | E140: 39167023 | F140: 38078246 | G140: 36389508 | H140: 34896821 | I140: 34179501 | J140: 32798979 | K140: 30870777 | L140: 29310508 | M140: 28120202 | N140: 27150863 | O140: 27177372 | P140: 26768877 | Q140: 25535915 | R140: 24517087 | S140: 23919408 | T140: 22255175 | U140: 20844542 | V140: 19357711 | W140: 18846595 | X140: 18039143 | Y140: 16810842 | Z140: 15619589 | AA140: 14472526 | AB140: 13262041 | AC140: 12140168 | AD140: 10548308 | AE140: 9075635.8 | AF140: 7719004.9 | AG140: 6912623.5 | AH140: 6161737.3 | AI140: 5450404.9 | AJ140: 4800784.5 | AK140: 4196330.6 | AL140: 4780166.3 | AM140: 5325934.3 | AN140: 4472665.8 | AO140: 3661657.9 | AP140: 2901989.4 | AQ140: 2192096.8 | AR140: 1527116.3 | AS140: 1736805.5 | AT140: 1932642.6 | AU140: 2109122.4 | AV140: 2272926.7 | AW140: 2423848.8
B141: EMS_SEC_TOT_01_2 | C141: 7249974.7 | D141: 7366375.4 | E141: 7487365.2 | F141: 7682230.3 | G141: 7302083.1 | H141: 7627882.8 | I141: 7827474.2 | J141: 7384345.9 | K141: 7073106.2 | L141: 6841057.2 | M141: 7272514 | N141: 7702513.6 | O141: 7946722.3 | P141: 7980434.5 | Q141: 7420324.5 | R141: 7403246.4 | S141: 7453688.7 | T141: 7472352.7 | U141: 7483596.4 | V141: 7510383.1 | W141: 7451962.2 | X141: 7333009.1 | Y141: 7354957.8 | Z141: 7381513.6 | AA141: 7396695 | AB141: 7393547.4 | AC141: 7365426.6 | AD141: 7203283.4 | AE141: 7029200.9 | AF141: 6833573.9 | AG141: 6635139.4 | AH141: 6410697 | AI141: 6138656.3 | AJ141: 5835384.6 | AK141: 5478577 | AL141: 5137470.1 | AM141: 4722862.3 | AN141: 4455736.2 | AO141: 4158884.7 | AP141: 3815291.8 | AQ141: 3423851.9 | AR141: 2971586 | AS141: 2902901.1 | AT141: 2826168.9 | AU141: 2742648.4 | AV141: 2650465.6 | AW141: 2548186
B142: EMS_SEC_TOT_02_2 | C142: 11428306 | D142: 11611791 | E142: 11800891 | F142: 11961560 | G142: 11250191 | H142: 11366164 | I142: 11193329 | J142: 10836881 | K142: 10122109 | L142: 9816901.3 | M142: 9885245.9 | N142: 10014156 | O142: 9302198 | P142: 8559795.5 | Q142: 7679257.6 | R142: 7138535.6 | S142: 6883114.5 | T142: 6729713.4 | U142: 6664787.8 | V142: 6595199.5 | W142: 5719896.8 | X142: 4822040.2 | Y142: 4142629.4 | Z142: 3610204.5 | AA142: 3182703.1 | AB142: 2831948.7 | AC142: 2536535.1 | AD142: 2400730.9 | AE142: 2304008 | AF142: 2207680.3 | AG142: 2144058.7 | AH142: 2070089.3 | AI142: 1979317.8 | AJ142: 1881616.4 | AK142: 1768718.5 | AL142: 1766262.4 | AM142: 1746838.4 | AN142: 1624564 | AO142: 1491480.3 | AP142: 1342834.4 | AQ142: 1178074.2 | AR142: 993147.19 | AS142: 1017761.4 | AT142: 1040556.9 | AU142: 1061833.9 | AV142: 1081214.5 | AW142: 1098244.8
... B300: KM_TRAVELER_LD_H01_1 | C300: 241047.76 | D300: 244917.86 | E300: 248850.1 | F300: 266931.55 | G300: 279010.91 | H300: 295035.9 | I300: 308744.22 | J300: 330162.05 | K300: 355210.86 | L300: 380667.45 | M300: 410196.44 | N300: 441858.4 | O300: 440844.3 | P300: 436493.58 | Q300: 434389.53 | R300: 431638.33 | S300: 438380.65 | T300: 444622.18 | U300: 446706.94 | V300: 447974.55 | W300: 449489.34 | X300: 450889.55 | Y300: 448682.55 | Z300: 448065.79 | AA300: 448280.97 | AB300: 448972.47 | AC300: 449914.87 | AD300: 451045.57 | AE300: 454172.6 | AF300: 456679.23 | AG300: 458946.17 | AH300: 463016.09 | AI300: 464474.77 | AJ300: 466391.2 | AK300: 468550.44 | AL300: 470853.77 | AM300: 473247.69 | AN300: 475848.78 | AO300: 478249.03 | AP300: 480551.17 | AQ300: 482794.98 | AR300: 484996.13 | AS300: 487314.38 | AT300: 489529.49 | AU300: 491692.91 | AV300: 493831.28 | AW300: 495954.56

Sheet T CO2
A1: Emissions CO2 (MtCO2)
A3: =Résultats!B1 -> SNBC3
A5: 2015 | C5: coal | D5: oil | E5: elec | F5: gas | G5: decarb | H5: Total
A6: Transport | C6: =C7+C8 -> 0 | D6: =D7+D8 -> 130.10436 | E6: =E7+E8 -> 0.60388346 | F6: =F7+F8 -> 0.38537498 | G6: =G7+G8 -> 0 | H6: =SUM(C6:G6) -> 131.09362 | K6: Cf. onglet "G emissions"
A7: Personal vehicles | C7: 0 | D7: ='T energie usages'!I12*3.2*Résultats!L283 -> 74.627348 | E7: ='T energie usages'!J12/'T energie usages'!J$20*(Résultats!N$192+Résultats!N$193+Résultats!N$194)/1000000 -> 0.014334856 | F7: ='T energie usages'!K12*2.394*Résultats!L284 -> 1.8594527e-05 | G7: 0 | H7: =SUM(C7:G7) -> 74.641701 | L7: 2020 | M7: 2030 | N7: 2050
A8: Public and freight transport | C8: 0 | D8: =(Résultats!N$183+Résultats!N$184+Résultats!N$185+Résultats!N$186+Résultats!N$187)/1000000 -> 55.477012 | E8: ='T energie usages'!J13/'T energie usages'!J$20*(Résultats!N$192+Résultats!N$193+Résultats!N$194)/1000000 -> 0.5895486 | F8: =(Résultats!N$209+Résultats!N$210+Résultats!N$211+Résultats!N$212+Résultats!N$213)/1000000 -> 0.38535639 | G8: 0 | H8: =SUM(C8:G8) -> 56.451917 | K8: Transport | L8: =H19 -> 126.95565 | M8: =H45 -> 97.741445 | N8: =H71 -> 10.292497
A9: Residential | C9: =Résultats!N$135/1000000 -> 0.90043686 | D9: ='T energie usages'!I14*3.2*Résultats!L283 -> 22.123013 | E9: ='T energie usages'!J14/'T energie usages'!J$20*(Résultats!N$192+Résultats!N$193+Résultats!N$194)/1000000 -> 6.9660182 | F9: =('T energie usages'!K14-8)*2.394*Résultats!L284 -> 23.315406 | G9: 0 | H9: =SUM(C9:G9) -> 53.304874 | K9: Residentiel | L9: =H22 -> 45.730064 | M9: =H48 -> 26.911951 | N9: =H74 -> 4.4342211
A10: Service | C10: =(Résultats!N$168+Résultats!N$169)/1000000 -> 0 | D10: =(Résultats!N$188+Résultats!N$189)/1000000 -> 12.462403 | E10: ='T energie usages'!J15/'T energie usages'!J$20*(Résultats!N$192+Résultats!N$193+Résultats!N$194)/1000000 -> 6.6120429 | F10: =(Résultats!N$214+Résultats!N$215)/1000000 -> 16.321585 | G10: 0 | H10: =SUM(C10:G10) -> 35.39603 | K10: Service | L10: =H23 -> 26.808207 | M10: =H49 -> 18.750753 | N10: =H75 -> 3.9057572
A11: Industry and agriculture | C11: =C12+C13 -> 19.550146 | D11: =D12+D13 -> 62.829798 | E11: =E12+E13 -> 5.6260478 | F11: =F12+F13 -> 24.348839 | G11: =G12+G13 -> 12.058818 | H11: =SUM(C11:G11) -> 124.41365 | K11: Industrie et agriculture | L11: =H24 -> 96.100582 | M11: =H50 -> 65.572292 | N11: =H76 -> 41.167276
A12: Industry | C12: =(Résultats!N$162+Résultats!N$163+Résultats!N$164+Résultats!N$165+Résultats!N$166+Résultats!N$167)/1000000 -> 19.550146 | D12: =(Résultats!N$171+Résultats!N$173+Résultats!N$174+Résultats!N$175+Résultats!N$176+Résultats!N$177+Résultats!N$178+Résultats!N$179+Résultats!N$180+Résultats!N$181+Résultats!N$182)/1000000 -> 55.739319 | E12: ='T energie usages'!J17/'T energie usages'!J$20*(Résultats!N$192+Résultats!N$193+Résultats!N$194)/1000000 -> 5.4691952 | F12: =(Résultats!N$197+Résultats!N$198+Résultats!N$199+Résultats!N$200+Résultats!N$201+Résultats!N$202+Résultats!N$203+Résultats!N$204+Résultats!N$205+Résultats!N$206+Résultats!N$207+Résultats!N$208+Résultats!N$216+Résultats!N$218)/1000000 -> 23.736805 | G12: =Résultats!N$133/1000000 -> 12.058818 | H12: =SUM(C12:G12) -> 116.55428 | K12: Total | L12: =SUM(L8:L11) -> 295.5945 | M12: =SUM(M8:M11) -> 208.97644 | N12: =SUM(N8:N11) -> 59.799751
A13: Agriculture | C13: 0 | D13: =(Résultats!N$172)/1000000 -> 7.0904795 | E13: ='T energie usages'!J19/'T energie usages'!J$20*(Résultats!N$192+Résultats!N$193+Résultats!N$194)/1000000 -> 0.15685265 | F13: =(Résultats!N$196)/1000000 -> 0.61203409 | G13: 0 | H13: =SUM(C13:G13) -> 7.8593663
A14: Total Final MTEC | C14: =SUM(C9:C11)+C6 -> 20.450583 | D14: =SUM(D9:D11)+D6 -> 227.51957 | E14: =SUM(E9:E11)+E6 -> 19.807992 | F14: =SUM(F9:F11)+F6 -> 64.371205 | G14: =SUM(G9:G11)+G6 -> 12.058818 | H14: =SUM(C14:G14) -> 344.20817
A15: Verif | C15: =(Résultats!N$135+Résultats!N$162+Résultats!N$163+Résultats!N$164+Résultats!N$165+Résultats!N$166+Résultats!N$167+Résultats!N$168+Résultats!N$169)/1000000 -> 20.450583 | D15: =(Résultats!N$137+Résultats!N$171+Résultats!N$172+Résultats!N$173+Résultats!N$174+Résultats!N$175+Résultats!N$176+Résultats!N$177+Résultats!N$178+Résultats!N$179+Résultats!N$180+Résultats!N$181+Résultats!N$182+Résultats!N$183+Résultats!N$184+Résultats!N$185+Résultats!N$186+Résultats!N$187+Résultats!N$188+Résultats!N$189)/1000000 -> 226.78486 | E15: =(Résultats!N$192+Résultats!N$193+Résultats!N$194)/1000000 -> 19.807992 | F15: =(Résultats!N$139+Résultats!N$196+Résultats!N$197+Résultats!N$198+Résultats!N$199+Résultats!N$200+Résultats!N$201+Résultats!N$202+Résultats!N$203+Résultats!N$204+Résultats!N$205+Résultats!N$206+Résultats!N$207+Résultats!N$208+Résultats!N$209+Résultats!N$210+Résultats!N$211+Résultats!N$212+Résultats!N$213+Résultats!N$214+Résultats!N$215+Résultats!N$216+Résultats!N$218)/1000000 -> 68.206643 | G15: =Résultats!N$133/1000000 -> 12.058818 | H15: =SUM(C15:G15) -> 347.3089
H16: =Résultats!N227/1000000 -> 347.3089
A18: 2020 | C18: coal | D18: oil | E18: elec | F18: gas | G18: decarb | H18: Total
A19: Transport | C19: =C20+C21 -> 0 | D19: =D20+D21 -> 126.01611 | E19: =E20+E21 -> 0.52019736 | F19: =F20+F21 -> 0.41934153 | G19: =G20+G21 -> 0 | H19: =SUM(C19:G19) -> 126.95565
A20: Personal vehicles | C20: 0 | D20: ='T energie usages'!I25*3.2*Résultats!S283 -> 72.167009 | E20: ='T energie usages'!J25/'T energie usages'!J$33*(Résultats!S$192+Résultats!S$193+Résultats!S$194)/1000000 -> 0.039832283 | F20: ='T energie usages'!K25*2.394*Résultats!S284 -> 2.6282642e-05 | G20: 0 | H20: =SUM(C20:G20) -> 72.206868
A21: Public and freight transport | C21: 0 | D21: =(Résultats!S$183+Résultats!S$184+Résultats!S$185+Résultats!S$186+Résultats!S$187)/1000000 -> 53.849098 | E21: ='T energie usages'!J26/'T energie usages'!J$33*(Résultats!S$192+Résultats!S$193+Résultats!S$194)/1000000 -> 0.48036508 | F21: =(Résultats!S$209+Résultats!S$210+Résultats!S$211+Résultats!S$212+Résultats!S$213)/1000000 -> 0.41931525 | G21: 0 | H21: =SUM(C21:G21) -> 54.748778
A22: Residential | C22: =Résultats!S$135/1000000 -> 0.80611178 | D22: ='T energie usages'!I27*3.2*Résultats!S283 -> 19.097652 | E22: ='T energie usages'!J27/'T energie usages'!J$33*(Résultats!S$192+Résultats!S$193+Résultats!S$194)/1000000 -> 5.3516058 | F22: =('T energie usages'!K27-8)*2.394*Résultats!S284 -> 20.474694 | G22: 0 | H22: =SUM(C22:G22) -> 45.730064
A23: Service | C23: =(Résultats!S$168+Résultats!S$169)/1000000 -> 0 | D23: =(Résultats!S$188+Résultats!S$189)/1000000 -> 9.0478276 | E23: ='T energie usages'!J28/'T energie usages'!J$33*(Résultats!S$192+Résultats!S$193+Résultats!S$194)/1000000 -> 4.7251646 | F23: =(Résultats!S$214+Résultats!S$215)/1000000 -> 13.035215 | G23: 0 | H23: =SUM(C23:G23) -> 26.808207
A24: Industry and agriculture | C24: =C25+C26 -> 10.631845 | D24: =D25+D26 -> 44.303423 | E24: =E25+E26 -> 3.5127789 | F24: =F25+F26 -> 24.160874 | G24: =G25+G26 -> 13.491661 | H24: =SUM(C24:G24) -> 96.100582
A25: Industry | C25: =(Résultats!S$162+Résultats!S$163+Résultats!S$164+Résultats!S$165+Résultats!S$166+Résultats!S$167)/1000000 -> 10.631845 | D25: =(Résultats!S$171+Résultats!S$173+Résultats!S$174+Résultats!S$175+Résultats!S$176+Résultats!S$177+Résultats!S$178+Résultats!S$179+Résultats!S$180+Résultats!S$181+Résultats!S$182)/1000000 -> 37.392595 | E25: ='T energie usages'!J30/'T energie usages'!J$33*(Résultats!S$192+Résultats!S$193+Résultats!S$194)/1000000 -> 3.3993464 | F25: =(Résultats!S$197+Résultats!S$198+Résultats!S$199+Résultats!S$200+Résultats!S$201+Résultats!S$202+Résultats!S$203+Résultats!S$204+Résultats!S$205+Résultats!S$206+Résultats!S$207+Résultats!S$208+Résultats!S$216+Résultats!S$218)/1000000 -> 23.618014 | G25: =Résultats!S$133/1000000 -> 13.491661 | H25: =SUM(C25:G25) -> 88.533461
A26: Agriculture | C26: 0 | D26: =(Résultats!S$172)/1000000 -> 6.9108283 | E26: ='T energie usages'!J32/'T energie usages'!J$33*(Résultats!S$192+Résultats!S$193+Résultats!S$194)/1000000 -> 0.11343254 | F26: =(Résultats!S$196)/1000000 -> 0.54286044 | G26: 0 | H26: =SUM(C26:G26) -> 7.5671212
A27: Total Final MTEC | C27: =SUM(C22:C24)+C19 -> 11.437957 | D27: =SUM(D22:D24)+D19 -> 198.46501 | E27: =SUM(E22:E24)+E19 -> 14.109747 | F27: =SUM(F22:F24)+F19 -> 58.090125 | G27: =SUM(G22:G24)+G19 -> 13.491661 | H27: =SUM(C27:G27) -> 295.5945
A28: Verif | C28: =(Résultats!S$135+Résultats!S$162+Résultats!S$163+Résultats!S$164+Résultats!S$165+Résultats!S$166+Résultats!S$167+Résultats!S$168+Résultats!S$169)/1000000 -> 11.437957 | D28: =(Résultats!S$137+Résultats!S$171+Résultats!S$172+Résultats!S$173+Résultats!S$174+Résultats!S$175+Résultats!S$176+Résultats!S$177+Résultats!S$178+Résultats!S$179+Résultats!S$180+Résultats!S$181+Résultats!S$182+Résultats!S$183+Résultats!S$184+Résultats!S$185+Résultats!S$186+Résultats!S$187+Résultats!S$188+Résultats!S$189)/1000000 -> 198.52016 | E28: =(Résultats!S$192+Résultats!S$193+Résultats!S$194)/1000000 -> 14.109747 | F28: =(Résultats!S$139+Résultats!S$196+Résultats!S$197+Résultats!S$198+Résultats!S$199+Résultats!S$200+Résultats!S$201+Résultats!S$202+Résultats!S$203+Résultats!S$204+Résultats!S$205+Résultats!S$206+Résultats!S$207+Résultats!S$208+Résultats!S$209+Résultats!S$210+Résultats!S$211+Résultats!S$212+Résultats!S$213+Résultats!S$214+Résultats!S$215+Résultats!S$216+Résultats!S$218)/1000000 -> 61.534812 | G28: =Résultats!S$133/1000000 -> 13.491661 | H28: =SUM(C28:G28) -> 299.09434
H29: =Résultats!S227/1000000 -> 299.09434
A31: 2025 | C31: coal | D31: oil | E31: elec | F31: gas | G31: decarb | H31: Total
A32: Transport | C32: =C33+C34 -> 0 | D32: =D33+D34 -> 116.20451 | E32: =E33+E34 -> 0.45082129 | F32: =F33+F34 -> 0.59440991 | G32: =G33+G34 -> 0 | H32: =SUM(C32:G32) -> 117.24974
A33: Personal vehicles | C33: 0 | D33: ='T energie usages'!I64*3.2*Résultats!X283 -> 63.196589 | E33: ='T energie usages'!J64/'T energie usages'!J$72*(Résultats!X$192+Résultats!X$193+Résultats!X$194)/1000000 -> 0.076143835 | F33: ='T energie usages'!K64*2.394*Résultats!X284 -> 3.7286434e-05 | G33: 0 | H33: =SUM(C33:G33) -> 63.27277
A34: Public and freight transport | C34: 0 | D34: =(Résultats!X$183+Résultats!X$184+Résultats!X$185+Résultats!X$186+Résultats!X$187)/1000000 -> 53.007919 | E34: ='T energie usages'!J65/'T energie usages'!J$72*(Résultats!X$192+Résultats!X$193+Résultats!X$194)/1000000 -> 0.37467746 | F34: =(Résultats!X$209+Résultats!X$210+Résultats!X$211+Résultats!X$212+Résultats!X$213)/1000000 -> 0.59437263 | G34: 0 | H34: =SUM(C34:G34) -> 53.976969
A35: Residential | C35: =Résultats!X$135/1000000 -> 0.66464336 | D35: ='T energie usages'!I66*3.2*Résultats!X283 -> 15.574837 | E35: ='T energie usages'!J66/'T energie usages'!J$72*(Résultats!X$192+Résultats!X$193+Résultats!X$194)/1000000 -> 3.572125 | F35: =('T energie usages'!K66-8)*2.394*Résultats!X284 -> 17.912654 | G35: 0 | H35: =SUM(C35:G35) -> 37.724259
A36: Service | C36: =(Résultats!X$168+Résultats!X$169)/1000000 -> 0 | D36: =(Résultats!X$188+Résultats!X$189)/1000000 -> 6.4248537 | E36: ='T energie usages'!J67/'T energie usages'!J$72*(Résultats!X$192+Résultats!X$193+Résultats!X$194)/1000000 -> 3.1330342 | F36: =(Résultats!X$214+Résultats!X$215)/1000000 -> 14.69721 | G36: 0 | H36: =SUM(C36:G36) -> 24.255098
A37: Industry and agriculture | C37: =C38+C39 -> 9.0885356 | D37: =D38+D39 -> 39.369031 | E37: =E38+E39 -> 3.1738101 | F37: =F38+F39 -> 15.519748 | G37: =G38+G39 -> 14.43037 | H37: =SUM(C37:G37) -> 81.581494
A38: Industry | C38: =(Résultats!X$162+Résultats!X$163+Résultats!X$164+Résultats!X$165+Résultats!X$166+Résultats!X$167)/1000000 -> 9.0885356 | D38: =(Résultats!X$171+Résultats!X$173+Résultats!X$174+Résultats!X$175+Résultats!X$176+Résultats!X$177+Résultats!X$178+Résultats!X$179+Résultats!X$180+Résultats!X$181+Résultats!X$182)/1000000 -> 32.52796 | E38: ='T energie usages'!J69/'T energie usages'!J$72*(Résultats!X$192+Résultats!X$193+Résultats!X$194)/1000000 -> 3.0943942 | F38: =(Résultats!X$197+Résultats!X$198+Résultats!X$199+Résultats!X$200+Résultats!X$201+Résultats!X$202+Résultats!X$203+Résultats!X$204+Résultats!X$205+Résultats!X$206+Résultats!X$207+Résultats!X$208+Résultats!X$216+Résultats!X$218)/1000000 -> 15.027809 | G38: =Résultats!X$133/1000000 -> 14.43037 | H38: =SUM(C38:G38) -> 74.169069
A39: Agriculture | C39: 0 | D39: =(Résultats!X$172)/1000000 -> 6.8410706 | E39: ='T energie usages'!J71/'T energie usages'!J$72*(Résultats!X$192+Résultats!X$193+Résultats!X$194)/1000000 -> 0.079415884 | F39: =(Résultats!X$196)/1000000 -> 0.49193846 | G39: 0 | H39: =SUM(C39:G39) -> 7.412425
A40: Total Final MTEC | C40: =SUM(C35:C37)+C32 -> 9.7531789 | D40: =SUM(D35:D37)+D32 -> 177.57323 | E40: =SUM(E35:E37)+E32 -> 10.329791 | F40: =SUM(F35:F37)+F32 -> 48.724021 | G40: =SUM(G35:G37)+G32 -> 14.43037 | H40: =SUM(C40:G40) -> 260.81059
A41: Verif | C41: =(Résultats!X$135+Résultats!X$162+Résultats!X$163+Résultats!X$164+Résultats!X$165+Résultats!X$166+Résultats!X$167+Résultats!X$168+Résultats!X$169)/1000000 -> 9.7531789 | D41: =+(Résultats!X$137+Résultats!X$171+Résultats!X$172+Résultats!X$173+Résultats!X$174+Résultats!X$175+Résultats!X$176+Résultats!X$177+Résultats!X$178+Résultats!X$179+Résultats!X$180+Résultats!X$181+Résultats!X$182+Résultats!X$183+Résultats!X$184+Résultats!X$185+Résultats!X$186+Résultats!X$187+Résultats!X$188+Résultats!X$189)/1000000 -> 177.62083 | E41: =(Résultats!X$192+Résultats!X$193+Résultats!X$194)/1000000 -> 10.329791 | F41: =(Résultats!X$139+Résultats!X$196+Résultats!X$197+Résultats!X$198+Résultats!X$199+Résultats!X$200+Résultats!X$201+Résultats!X$202+Résultats!X$203+Résultats!X$204+Résultats!X$205+Résultats!X$206+Résultats!X$207+Résultats!X$208+Résultats!X$209+Résultats!X$210+Résultats!X$211+Résultats!X$212+Résultats!X$213+Résultats!X$214+Résultats!X$215+Résultats!X$216+Résultats!X$218)/1000000 -> 48.850473 | G41: =Résultats!X$133/1000000 -> 14.43037 | H41: =SUM(C41:G41) -> 260.98464
H42: =Résultats!X227/1000000 -> 260.98464
A44: 2030 | C44: coal | D44: oil | E44: elec | F44: gas | G44: decarb | H44: Total
A45: Transport | C45: =C46+C47 -> 0 | D45: =D46+D47 -> 96.596833 | E45: =E46+E47 -> 0.42196236 | F45: =F46+F47 -> 0.7226495 | G45: =G46+G47 -> 0 | H45: =SUM(C45:G45) -> 97.741445
A46: Personal vehicles | C46: 0 | D46: ='T energie usages'!I77*3.2*Résultats!AC283 -> 49.659317 | E46: ='T energie usages'!J77/'T energie usages'!J$85*(Résultats!AC$192+Résultats!AC$193+Résultats!AC$194)/1000000 -> 0.1126359 | F46: ='T energie usages'!K77*2.394*Résultats!AC284 -> 3.4266233e-05 | G46: 0 | H46: =SUM(C46:G46) -> 49.771987
A47: Public and freight transport | C47: 0 | D47: =(Résultats!AC$183+Résultats!AC$184+Résultats!AC$185+Résultats!AC$186+Résultats!AC$187)/1000000 -> 46.937517 | E47: ='T energie usages'!J78/'T energie usages'!J$85*(Résultats!AC$192+Résultats!AC$193+Résultats!AC$194)/1000000 -> 0.30932646 | F47: =(Résultats!AC$209+Résultats!AC$210+Résultats!AC$211+Résultats!AC$212+Résultats!AC$213)/1000000 -> 0.72261523 | G47: 0 | H47: =SUM(C47:G47) -> 47.969458
A48: Residential | C48: =Résultats!AC$135/1000000 -> 0.5275287 | D48: ='T energie usages'!I79*3.2*Résultats!AC283 -> 12.373289 | E48: ='T energie usages'!J79/'T energie usages'!J$85*(Résultats!AC$192+Résultats!AC$193+Résultats!AC$194)/1000000 -> 1.9561004 | F48: =('T energie usages'!K79-8)*2.394*Résultats!AC284 -> 12.055033 | G48: 0 | H48: =SUM(C48:G48) -> 26.911951
A49: Service | C49: =(Résultats!AC$168+Résultats!AC$169)/1000000 -> 0 | D49: =(Résultats!AC$188+Résultats!AC$189)/1000000 -> 3.9363187 | E49: ='T energie usages'!J80/'T energie usages'!J$85*(Résultats!AC$192+Résultats!AC$193+Résultats!AC$194)/1000000 -> 1.377156 | F49: =(Résultats!AC$214+Résultats!AC$215)/1000000 -> 13.437278 | G49: 0 | H49: =SUM(C49:G49) -> 18.750753
A50: Industry and agriculture | C50: =C51+C52 -> 7.4703659 | D50: =D51+D52 -> 31.923256 | E50: =E51+E52 -> 2.3831065 | F50: =F51+F52 -> 8.6127574 | G50: =G51+G52 -> 15.182807 | H50: =SUM(C50:G50) -> 65.572292
A51: Industry | C51: =(Résultats!AC$162+Résultats!AC$163+Résultats!AC$164+Résultats!AC$165+Résultats!AC$166+Résultats!AC$167)/1000000 -> 7.4703659 | D51: =(Résultats!AC$171+Résultats!AC$173+Résultats!AC$174+Résultats!AC$175+Résultats!AC$176+Résultats!AC$177+Résultats!AC$178+Résultats!AC$179+Résultats!AC$180+Résultats!AC$181+Résultats!AC$182)/1000000 -> 24.965954 | E51: ='T energie usages'!J82/'T energie usages'!J$85*(Résultats!AC$192+Résultats!AC$193+Résultats!AC$194)/1000000 -> 2.3369314 | F51: =(Résultats!AC$197+Résultats!AC$198+Résultats!AC$199+Résultats!AC$200+Résultats!AC$201+Résultats!AC$202+Résultats!AC$203+Résultats!AC$204+Résultats!AC$205+Résultats!AC$206+Résultats!AC$207+Résultats!AC$208+Résultats!AC$216+Résultats!AC$218)/1000000 -> 8.2046326 | G51: =Résultats!AC$133/1000000 -> 15.182807 | H51: =SUM(C51:G51) -> 58.16069
A52: Agriculture | C52: 0 | D52: =(Résultats!AC$172)/1000000 -> 6.9573018 | E52: ='T energie usages'!J84/'T energie usages'!J$85*(Résultats!AC$192+Résultats!AC$193+Résultats!AC$194)/1000000 -> 0.046175137 | F52: =(Résultats!AC$196)/1000000 -> 0.40812479 | G52: 0 | H52: =SUM(C52:G52) -> 7.4116017
A53: Total Final MTEC | C53: =SUM(C48:C50)+C45 -> 7.9978946 | D53: =SUM(D48:D50)+D45 -> 144.8297 | E53: =SUM(E48:E50)+E45 -> 6.1383253 | F53: =SUM(F48:F50)+F45 -> 34.827718 | G53: =SUM(G48:G50)+G45 -> 15.182807 | H53: =SUM(C53:G53) -> 208.97644
A54: Verif | C54: =(Résultats!AC$135+Résultats!AC$162+Résultats!AC$163+Résultats!AC$164+Résultats!AC$165+Résultats!AC$166+Résultats!AC$167+Résultats!AC$168+Résultats!AC$169)/1000000 -> 7.9978946 | D54: =(Résultats!AC$137+Résultats!AC$171+Résultats!AC$172+Résultats!AC$173+Résultats!AC$174+Résultats!AC$175+Résultats!AC$176+Résultats!AC$177+Résultats!AC$178+Résultats!AC$179+Résultats!AC$180+Résultats!AC$181+Résultats!AC$182+Résultats!AC$183+Résultats!AC$184+Résultats!AC$185+Résultats!AC$186+Résultats!AC$187+Résultats!AC$188+Résultats!AC$189)/1000000 -> 144.86718 | E54: =(Résultats!AC$192+Résultats!AC$193+Résultats!AC$194)/1000000 -> 6.1383253 | F54: =(Résultats!AC$139+Résultats!AC$196+Résultats!AC$197+Résultats!AC$198+Résultats!AC$199+Résultats!AC$200+Résultats!AC$201+Résultats!AC$202+Résultats!AC$203+Résultats!AC$204+Résultats!AC$205+Résultats!AC$206+Résultats!AC$207+Résultats!AC$208+Résultats!AC$209+Résultats!AC$210+Résultats!AC$211+Résultats!AC$212+Résultats!AC$213+Résultats!AC$214+Résultats!AC$215+Résultats!AC$216+Résultats!AC$218)/1000000 -> 34.912819 | G54: =Résultats!AC$133/1000000 -> 15.182807 | H54: =SUM(C54:G54) -> 209.09903
H55: =Résultats!AC227/1000000 -> 209.09903
A57: 2035 | C57: coal | D57: oil | E57: elec | F57: gas | G57: decarb | H57: Total
A58: Transport | C58: =C59+C60 -> 0 | D58: =D59+D60 -> 63.451936 | E58: =E59+E60 -> 0.29348392 | F58: =F59+F60 -> 0.65180828 | G58: =G59+G60 -> 0 | H58: =SUM(C58:G58) -> 64.397228
A59: Personal vehicles | C59: 0 | D59: ='T energie usages'!I90*3.2*Résultats!AH283 -> 30.564778 | E59: ='T energie usages'!J90/'T energie usages'!J$98*(Résultats!AH$192+Résultats!AH$193+Résultats!AH$194)/1000000 -> 0.094104052 | F59: ='T energie usages'!K90*2.394*Résultats!AH284 -> 1.6175746e-05 | G59: 0 | H59: =SUM(C59:G59) -> 30.658899
A60: Public and freight transport | C60: 0 | D60: =(Résultats!AH$183+Résultats!AH$184+Résultats!AH$185+Résultats!AH$186+Résultats!AH$187)/1000000 -> 32.887157 | E60: ='T energie usages'!J91/'T energie usages'!J$98*(Résultats!AH$192+Résultats!AH$193+Résultats!AH$194)/1000000 -> 0.19937987 | F60: =(Résultats!AH$209+Résultats!AH$210+Résultats!AH$211+Résultats!AH$212+Résultats!AH$213)/1000000 -> 0.65179211 | G60: 0 | H60: =SUM(C60:G60) -> 33.738329
A61: Residential | C61: =Résultats!AH$135/1000000 -> 0.42208845 | D61: ='T energie usages'!I92*3.2*Résultats!AH283 -> 8.5899129 | E61: ='T energie usages'!J92/'T energie usages'!J$98*(Résultats!AH$192+Résultats!AH$193+Résultats!AH$194)/1000000 -> 0.75975294 | F61: =('T energie usages'!K92-8)*2.394*Résultats!AH284 -> 6.1185282 | G61: 0 | H61: =SUM(C61:G61) -> 15.890282
A62: Service | C62: =(Résultats!AH$168+Résultats!AH$169)/1000000 -> 0 | D62: =(Résultats!AH$188+Résultats!AH$189)/1000000 -> 3.2199911 | E62: ='T energie usages'!J93/'T energie usages'!J$98*(Résultats!AH$192+Résultats!AH$193+Résultats!AH$194)/1000000 -> 0.54412815 | F62: =(Résultats!AH$214+Résultats!AH$215)/1000000 -> 7.1425984 | G62: 0 | H62: =SUM(C62:G62) -> 10.906718
A63: Industry and agriculture | C63: =C64+C65 -> 7.7665139 | D63: =D64+D65 -> 27.708963 | E63: =E64+E65 -> 1.0026523 | F63: =F64+F65 -> 5.4179341 | G63: =G64+G65 -> 15.591583 | H63: =SUM(C63:G63) -> 57.487646
A64: Industry | C64: =(Résultats!AH$162+Résultats!AH$163+Résultats!AH$164+Résultats!AH$165+Résultats!AH$166+Résultats!AH$167)/1000000 -> 7.7665139 | D64: =(Résultats!AH$171+Résultats!AH$173+Résultats!AH$174+Résultats!AH$175+Résultats!AH$176+Résultats!AH$177+Résultats!AH$178+Résultats!AH$179+Résultats!AH$180+Résultats!AH$181+Résultats!AH$182)/1000000 -> 21.550443 | E64: ='T energie usages'!J95/'T energie usages'!J$98*(Résultats!AH$192+Résultats!AH$193+Résultats!AH$194)/1000000 -> 0.98286626 | F64: =(Résultats!AH$197+Résultats!AH$198+Résultats!AH$199+Résultats!AH$200+Résultats!AH$201+Résultats!AH$202+Résultats!AH$203+Résultats!AH$204+Résultats!AH$205+Résultats!AH$206+Résultats!AH$207+Résultats!AH$208+Résultats!AH$216+Résultats!AH$218)/1000000 -> 5.1657568 | G64: =Résultats!AH$133/1000000 -> 15.591583 | H64: =SUM(C64:G64) -> 51.057163
A65: Agriculture | C65: 0 | D65: =(Résultats!AH$172)/1000000 -> 6.1585197 | E65: ='T energie usages'!J97/'T energie usages'!J$98*(Résultats!AH$192+Résultats!AH$193+Résultats!AH$194)/1000000 -> 0.019786024 | F65: =(Résultats!AH$196)/1000000 -> 0.25217726 | G65: 0 | H65: =SUM(C65:G65) -> 6.430483
A66: Total Final MTEC | C66: =SUM(C61:C63)+C58 -> 8.1886024 | D66: =SUM(D61:D63)+D58 -> 102.9708 | E66: =SUM(E61:E63)+E58 -> 2.6000173 | F66: =SUM(F61:F63)+F58 -> 19.330869 | G66: =SUM(G61:G63)+G58 -> 15.591583 | H66: =SUM(C66:G66) -> 148.68187
A67: Verif | C67: =(Résultats!AH$135+Résultats!AH$162+Résultats!AH$163+Résultats!AH$164+Résultats!AH$165+Résultats!AH$166+Résultats!AH$167+Résultats!AH$168+Résultats!AH$169)/1000000 -> 8.1886024 | D67: =(Résultats!AH$137+Résultats!AH$171+Résultats!AH$172+Résultats!AH$173+Résultats!AH$174+Résultats!AH$175+Résultats!AH$176+Résultats!AH$177+Résultats!AH$178+Résultats!AH$179+Résultats!AH$180+Résultats!AH$181+Résultats!AH$182+Résultats!AH$183+Résultats!AH$184+Résultats!AH$185+Résultats!AH$186+Résultats!AH$187+Résultats!AH$188+Résultats!AH$189)/1000000 -> 102.99446 | E67: =(Résultats!AH$192+Résultats!AH$193+Résultats!AH$194)/1000000 -> 2.6000173 | F67: =(Résultats!AH$139+Résultats!AH$196+Résultats!AH$197+Résultats!AH$198+Résultats!AH$199+Résultats!AH$200+Résultats!AH$201+Résultats!AH$202+Résultats!AH$203+Résultats!AH$204+Résultats!AH$205+Résultats!AH$206+Résultats!AH$207+Résultats!AH$208+Résultats!AH$209+Résultats!AH$210+Résultats!AH$211+Résultats!AH$212+Résultats!AH$213+Résultats!AH$214+Résultats!AH$215+Résultats!AH$216+Résultats!AH$218)/1000000 -> 19.374062 | G67: =Résultats!AH$133/1000000 -> 15.591583 | H67: =SUM(C67:G67) -> 148.74873
H68: =Résultats!AH227/1000000 -> 148.74873
A70: 2050 | C70: coal | D70: oil | E70: elec | F70: gas | G70: decarb | H70: Total
A71: Transport | C71: =C72+C73 -> 4.412269e-06 | D71: =D72+D73 -> 9.4524723 | E71: =E72+E73 -> 0.076059255 | F71: =F72+F73 -> 0.76396054 | G71: =G72+G73 -> 0 | H71: =SUM(C71:G71) -> 10.292497
A72: Personal vehicles | C72: =Résultats!AF$118/1000000 -> 4.412269e-06 | D72: ='T energie usages'!I116*3.2*Résultats!AW283 -> 3.4277405 | E72: ='T energie usages'!J116/'T energie usages'!J$124*(Résultats!AW$192+Résultats!AW$193+Résultats!AW$194)/1000000 -> 0.023276022 | F72: ='T energie usages'!K116*2.394*Résultats!AW284 -> 3.4664194e-06 | G72: 0 | H72: =SUM(C72:G72) -> 3.4510244
A73: Public and freight transport | C73: 0 | D73: =(Résultats!AW$183+Résultats!AW$184+Résultats!AW$185+Résultats!AW$186+Résultats!AW$187)/1000000 -> 6.0247318 | E73: ='T energie usages'!J117/'T energie usages'!J$124*(Résultats!AW$192+Résultats!AW$193+Résultats!AW$194)/1000000 -> 0.052783232 | F73: =(Résultats!AW$209+Résultats!AW$210+Résultats!AW$211+Résultats!AW$212+Résultats!AW$213)/1000000 -> 0.76395707 | G73: 0 | H73: =SUM(C73:G73) -> 6.8414721
A74: Residential | C74: =Résultats!AW$135/1000000 -> 0.24686944 | D74: ='T energie usages'!I118*3.2*Résultats!AW283 -> 1.694773 | E74: ='T energie usages'!J118/'T energie usages'!J$124*(Résultats!AW$192+Résultats!AW$193+Résultats!AW$194)/1000000 -> 0.085724107 | F74: =('T energie usages'!K118-8)*2.394*Résultats!AW284 -> 2.4068545 | G74: 0 | H74: =SUM(C74:G74) -> 4.4342211
A75: Service | C75: =(Résultats!AW$168+Résultats!AW$169)/1000000 -> 0 | D75: =(Résultats!AW$188+Résultats!AW$189)/1000000 -> 0.93623718 | E75: ='T energie usages'!J119/'T energie usages'!J$124*(Résultats!AW$192+Résultats!AW$193+Résultats!AW$194)/1000000 -> 0.06262499 | F75: =(Résultats!AW$214+Résultats!AW$215)/1000000 -> 2.906895 | G75: 0 | H75: =SUM(C75:G75) -> 3.9057572
A76: Industry and agriculture | C76: =C77+C78 -> 8.8357452 | D76: =D77+D78 -> 10.599376 | E76: =E77+E78 -> 0.15037128 | F76: =F77+F78 -> 3.9641091 | G76: =G77+G78 -> 17.617674 | H76: =SUM(C76:G76) -> 41.167276
A77: Industry | C77: =(Résultats!AW$162+Résultats!AW$163+Résultats!AW$164+Résultats!AW$165+Résultats!AW$166+Résultats!AW$167)/1000000 -> 8.8357452 | D77: =(Résultats!AW$171+Résultats!AW$173+Résultats!AW$174+Résultats!AW$175+Résultats!AW$176+Résultats!AW$177+Résultats!AW$178+Résultats!AW$179+Résultats!AW$180+Résultats!AW$181+Résultats!AW$182)/1000000 -> 8.2254566 | E77: ='T energie usages'!J121/'T energie usages'!J$124*(Résultats!AW$192+Résultats!AW$193+Résultats!AW$194)/1000000 -> 0.14715984 | F77: =(Résultats!AW$197+Résultats!AW$198+Résultats!AW$199+Résultats!AW$200+Résultats!AW$201+Résultats!AW$202+Résultats!AW$203+Résultats!AW$204+Résultats!AW$205+Résultats!AW$206+Résultats!AW$207+Résultats!AW$208+Résultats!AW$216+Résultats!AW$218)/1000000 -> 3.7898428 | G77: =Résultats!AW$133/1000000 -> 17.617674 | H77: =SUM(C77:G77) -> 38.615879
A78: Agriculture | C78: 0 | D78: =(Résultats!AW$172)/1000000 -> 2.3739196 | E78: ='T energie usages'!J123/'T energie usages'!J$124*(Résultats!AW$192+Résultats!AW$193+Résultats!AW$194)/1000000 -> 0.0032114462 | F78: =(Résultats!AW$196)/1000000 -> 0.17426635 | G78: 0 | H78: =SUM(C78:G78) -> 2.5513974
A79: Total Final MTEC | C79: =SUM(C74:C76)+C71 -> 9.0826191 | D79: =SUM(D74:D76)+D71 -> 22.682859 | E79: =SUM(E74:E76)+E71 -> 0.37477964 | F79: =SUM(F74:F76)+F71 -> 10.041819 | G79: =SUM(G74:G76)+G71 -> 17.617674 | H79: =SUM(C79:G79) -> 59.799751
A80: Verif | C80: =(Résultats!AW$135+Résultats!AW$162+Résultats!AW$163+Résultats!AW$164+Résultats!AW$165+Résultats!AW$166+Résultats!AW$167+Résultats!AW$168+Résultats!AW$169)/1000000 -> 9.0826147 | D80: =(Résultats!AW$137+Résultats!AW$171+Résultats!AW$172+Résultats!AW$173+Résultats!AW$174+Résultats!AW$175+Résultats!AW$176+Résultats!AW$177+Résultats!AW$178+Résultats!AW$179+Résultats!AW$180+Résultats!AW$181+Résultats!AW$182+Résultats!AW$183+Résultats!AW$184+Résultats!AW$185+Résultats!AW$186+Résultats!AW$187+Résultats!AW$188+Résultats!AW$189)/1000000 -> 22.685954 | E80: =(Résultats!AW$192+Résultats!AW$193+Résultats!AW$194)/1000000 -> 0.37477964 | F80: =(Résultats!AW$139+Résultats!AW$196+Résultats!AW$197+Résultats!AW$198+Résultats!AW$199+Résultats!AW$200+Résultats!AW$201+Résultats!AW$202+Résultats!AW$203+Résultats!AW$204+Résultats!AW$205+Résultats!AW$206+Résultats!AW$207+Résultats!AW$208+Résultats!AW$209+Résultats!AW$210+Résultats!AW$211+Résultats!AW$212+Résultats!AW$213+Résultats!AW$214+Résultats!AW$215+Résultats!AW$216+Résultats!AW$218)/1000000 -> 10.05881 | G80: =Résultats!AW133/1000000 -> 17.617674 | H80: =SUM(C80:G80) -> 59.819833
H81: =Résultats!AW227/1000000 -> 59.819833

Sheet T logement
A1: Logement | AC1: Logement
E2: ='T energie vecteurs'!E5 -> 4 | F2: =E2+9 -> 13 | G2: =F2+3 -> 16 | H2: =G2+1 -> 17 | I2: =H2+1 -> 18 | J2: =I2+1 -> 19 | K2: =J2+1 -> 20 | L2: =K2+1 -> 21 | M2: =L2+1 -> 22 | N2: =M2+1 -> 23 | O2: =N2+1 -> 24 | ... S2: =R2+1 -> 28 | T2: =S2+5 -> 33 | U2: =T2+5 -> 38 | V2: =U2+5 -> 43 | W2: =V2+5 -> 48 | AG2: 3 | AH2: 12 | AI2: 15 | AJ2: 16 | AK2: 17 | AL2: 18 | AM2: 19 | AN2: 20 | AO2: 21 | AP2: 22 | AQ2: 23 | AR2: 24 | AS2: 25 | AT2: 26 | AU2: 27 | AV2: 32 | AW2: 37 | AX2: 42 | AY2: 47
E3: 2006 | F3: 2015 | G3: 2018 | H3: 2019 | I3: 2020 | J3: 2021 | K3: 2022 | L3: 2023 | M3: 2024 | N3: 2025 | O3: 2026 | P3: 2027 | Q3: 2028 | R3: 2029 | S3: 2030 | T3: 2035 | U3: 2040 | V3: 2045 | W3: 2050 | AG3: 2006 | AH3: 2015 | AI3: 2018 | AJ3: 2019 | AK3: 2020 | AL3: 2021 | AM3: 2022 | AN3: 2023 | AO3: 2024 | AP3: 2025 | AQ3: 2026 | AR3: 2027 | AS3: 2028 | AT3: 2029 | AU3: 2030 | AV3: 2035 | AW3: 2040 | AX3: 2045 | AY3: 2050
A4: =Résultats!B1 -> SNBC3 | B4: Parc logement (m²) | C4: Total | D4: ER_BUIL_2 | E4: =VLOOKUP($D4,Résultats!$B$2:$AX$212,E$2,FALSE) -> 2393165780 | F4: =VLOOKUP($D4,Résultats!$B$2:$AX$212,F$2,FALSE) -> 2623669000 | G4: =VLOOKUP($D4,Résultats!$B$2:$AX$212,G$2,FALSE)/1000000 -> 2715.6825 | H4: =VLOOKUP($D4,Résultats!$B$2:$AX$212,H$2,FALSE)/1000000 -> 2745.4671 | I4: =VLOOKUP($D4,Résultats!$B$2:$AX$212,I$2,FALSE)/1000000 -> 2775.1517 | J4: =VLOOKUP($D4,Résultats!$B$2:$AX$212,J$2,FALSE)/1000000 -> 2804.2296 | K4: =VLOOKUP($D4,Résultats!$B$2:$AX$212,K$2,FALSE)/1000000 -> 2833.0576 | L4: =VLOOKUP($D4,Résultats!$B$2:$AX$212,L$2,FALSE)/1000000 -> 2863.7832 | M4: =VLOOKUP($D4,Résultats!$B$2:$AX$212,M$2,FALSE)/1000000 -> 2893.2944 | N4: =VLOOKUP($D4,Résultats!$B$2:$AX$212,N$2,FALSE)/1000000 -> 2920.6835 | ... W4: =VLOOKUP($D4,Résultats!$B$2:$AX$212,W$2,FALSE)/1000000 -> 3207.0357 | AC4: S1 | AD4: Parc logement (m²) | AE4: Total | AF4: ER_BUIL_2 | AG4: 2.3553499e+09 | AH4: 2596998398 | AI4: 2655.7572 | AJ4: 2671.9482 | AK4: 2688.2379 | AL4: 2704.6269 | AM4: 2721.2511 | AN4: 2733.315 | AO4: 2745.2011 | AP4: 2756.9503 | AQ4: 2768.5617 | AR4: 2779.9931 | AS4: 2791.5775 | AT4: 2802.8556 | AU4: 2814.3284 | AV4: 2869.6228 | AW4: 2921.419 | AX4: 2966.1644 | AY4: 3002.7028
