Workbook

Sheet T energie vecteurs
A1: Energie par vecteur énergétique | D1: c
A3: Energie primaire (Mtep)
A4: =Résultats!B1 -> SNBC3
E5: =Résultats!E1 -> 4 | F5: =E5+9 -> 13 | G5: =F5+3 -> 16 | H5: =G5+1 -> 17 | I5: =H5+1 -> 18 | J5: =I5+1 -> 19 | K5: =J5+1 -> 20 | L5: =K5+1 -> 21 | M5: =L5+1 -> 22 | N5: =M5+1 -> 23 | O5: =N5+1 -> 24 | ... S5: =R5+1 -> 28 | T5: =S5+5 -> 33 | U5: =T5+5 -> 38 | V5: =U5+5 -> 43 | W5: =V5+5 -> 48
E6: 2006 | F6: 2015 | G6: 2018 | H6: 2019 | I6: 2020 | J6: 2021 | K6: 2022 | L6: 2023 | M6: 2024 | N6: 2025 | O6: 2026 | P6: 2027 | Q6: 2028 | R6: 2029 | S6: 2030 | T6: 2035 | U6: 2040 | V6: 2045 | W6: 2050 | Z6: Cf. onglet "G énergie"
B7: Refined petroleum products | C7: Total | E7: =SUM(E8:E9) -> 85.507506 | F7: =SUM(F8:F9) -> 73.627917 | G7: =SUM(G8:G9) -> 67.118467 | H7: =SUM(H8:H9) -> 65.246975 | I7: =SUM(I8:I9) -> 63.540529 | J7: =SUM(J8:J9) -> 63.723147 | K7: =SUM(K8:K9) -> 63.749867 | L7: =SUM(L8:L9) -> 63.878995 | ... W7: =SUM(W8:W9) -> 53.061753 | AA7: 2020 | AB7: 2030 | AC7: 2050
C8: Oil | D8: Q_Mtep_ep_2201_2 | E8: =VLOOKUP($D8,Résultats!$B$2:$AX$476,E$5,FALSE) -> 84.840078 | F8: =VLOOKUP($D8,Résultats!$B$2:$AX$476,F$5,FALSE) -> 70.466412 | G8: =VLOOKUP($D8,Résultats!$B$2:$AX$476,G$5,FALSE) -> 64.067131 | H8: =VLOOKUP($D8,Résultats!$B$2:$AX$476,H$5,FALSE) -> 62.218773 | I8: =VLOOKUP($D8,Résultats!$B$2:$AX$476,I$5,FALSE) -> 60.527148 | J8: =VLOOKUP($D8,Résultats!$B$2:$AX$476,J$5,FALSE) -> 60.553253 | K8: =VLOOKUP($D8,Résultats!$B$2:$AX$476,K$5,FALSE) -> 60.43687 | L8: =VLOOKUP($D8,Résultats!$B$2:$AX$476,L$5,FALSE) -> 60.423066 | ... W8: =VLOOKUP($D8,Résultats!$B$2:$AX$476,W$5,FALSE) -> 50.191049 | X8: =W8-'[1]Cibles THREEME'!$H4 -> 39.790442 | Z8: Energie primaire | AA8: =I27 -> 227.83871 | AB8: =S27 -> 246.79317 | AC8: =W27 -> 247.56772
C9: Biofuels | D9: Q_Mtep_ep_2202_2 | E9: =VLOOKUP($D9,Résultats!$B$2:$AX$476,E$5,FALSE) -> 0.66742791 | F9: =VLOOKUP($D9,Résultats!$B$2:$AX$476,F$5,FALSE) -> 3.1615056 | G9: =VLOOKUP($D9,Résultats!$B$2:$AX$476,G$5,FALSE) -> 3.0513356 | H9: =VLOOKUP($D9,Résultats!$B$2:$AX$476,H$5,FALSE) -> 3.0282026 | I9: =VLOOKUP($D9,Résultats!$B$2:$AX$476,I$5,FALSE) -> 3.0133803 | J9: =VLOOKUP($D9,Résultats!$B$2:$AX$476,J$5,FALSE) -> 3.169894 | K9: =VLOOKUP($D9,Résultats!$B$2:$AX$476,K$5,FALSE) -> 3.3129965 | L9: =VLOOKUP($D9,Résultats!$B$2:$AX$476,L$5,FALSE) -> 3.4559291 | ... W9: =VLOOKUP($D9,Résultats!$B$2:$AX$476,W$5,FALSE) -> 2.8707035 | X9: =W9-'[1]Cibles THREEME'!$H5 -> -0.62613767
B10: Electric power generation, transmission and distribution | C10: Total | E10: =SUM(E11:E18) -> 135.21088 | F10: =SUM(F11:F18) -> 142.78155 | G10: =SUM(G11:G18) -> 132.04365 | H10: =SUM(H11:H18) -> 127.8628 | I10: =SUM(I11:I18) -> 123.23361 | J10: =SUM(J11:J18) -> 121.44619 | K10: =SUM(K11:K18) -> 119.91166 | L10: =SUM(L11:L18) -> 118.6704 | ... W10: =SUM(W11:W18) -> 148.67093
C11: Nuclear | D11: Q_Mtep_ep_2301_2 | E11: =VLOOKUP($D11,Résultats!$B$2:$AX$476,E$5,FALSE) -> 118.47205 | F11: =VLOOKUP($D11,Résultats!$B$2:$AX$476,F$5,FALSE) -> 123.93637 | G11: =VLOOKUP($D11,Résultats!$B$2:$AX$476,G$5,FALSE) -> 112.53772 | H11: =VLOOKUP($D11,Résultats!$B$2:$AX$476,H$5,FALSE) -> 108.19484 | I11: =VLOOKUP($D11,Résultats!$B$2:$AX$476,I$5,FALSE) -> 103.46436 | J11: =VLOOKUP($D11,Résultats!$B$2:$AX$476,J$5,FALSE) -> 101.41066 | K11: =VLOOKUP($D11,Résultats!$B$2:$AX$476,K$5,FALSE) -> 99.570109 | L11: =VLOOKUP($D11,Résultats!$B$2:$AX$476,L$5,FALSE) -> 97.972638 | ... W11: =VLOOKUP($D11,Résultats!$B$2:$AX$476,W$5,FALSE) -> 122.74066 | X11: =W11-'[1]Cibles THREEME'!$H10 -> 120.08296
C12: Fuel | D12: Q_Mtep_ep_2302_2 | E12: =VLOOKUP($D12,Résultats!$B$2:$AX$476,E$5,FALSE) -> 1.3210313 | F12: =VLOOKUP($D12,Résultats!$B$2:$AX$476,F$5,FALSE) -> 0.75271214 | G12: =VLOOKUP($D12,Résultats!$B$2:$AX$476,G$5,FALSE) -> 0.50197807 | H12: =VLOOKUP($D12,Résultats!$B$2:$AX$476,H$5,FALSE) -> 0.41556582 | I12: =VLOOKUP($D12,Résultats!$B$2:$AX$476,I$5,FALSE) -> 0.32808932 | J12: =VLOOKUP($D12,Résultats!$B$2:$AX$476,J$5,FALSE) -> 0.4331748 | K12: =VLOOKUP($D12,Résultats!$B$2:$AX$476,K$5,FALSE) -> 0.54108924 | L12: =VLOOKUP($D12,Résultats!$B$2:$AX$476,L$5,FALSE) -> 0.65272665 | ... W12: =VLOOKUP($D12,Résultats!$B$2:$AX$476,W$5,FALSE) -> 0.81773955 | X12: =W12-'[1]Cibles THREEME'!$H11 -> 0.81773955
C13: Combined gas | D13: Q_Mtep_ep_2303_2 | E13: =VLOOKUP($D13,Résultats!$B$2:$AX$476,E$5,FALSE) -> 3.5861625 | F13: =VLOOKUP($D13,Résultats!$B$2:$AX$476,F$5,FALSE) -> 4.092452 | G13: =VLOOKUP($D13,Résultats!$B$2:$AX$476,G$5,FALSE) -> 5.1256665 | H13: =VLOOKUP($D13,Résultats!$B$2:$AX$476,H$5,FALSE) -> 5.4541375 | I13: =VLOOKUP($D13,Résultats!$B$2:$AX$476,I$5,FALSE) -> 5.7625902 | J13: =VLOOKUP($D13,Résultats!$B$2:$AX$476,J$5,FALSE) -> 5.4711712 | K13: =VLOOKUP($D13,Résultats!$B$2:$AX$476,K$5,FALSE) -> 5.1912499 | L13: =VLOOKUP($D13,Résultats!$B$2:$AX$476,L$5,FALSE) -> 4.9232194 | ... W13: =VLOOKUP($D13,Résultats!$B$2:$AX$476,W$5,FALSE) -> 6.1678364 | X13: =W13-'[1]Cibles THREEME'!$H12 -> 3.8749158
C14: Coal | D14: Q_Mtep_ep_2304_2 | E14: =VLOOKUP($D14,Résultats!$B$2:$AX$476,E$5,FALSE) -> 5.2639567 | F14: =VLOOKUP($D14,Résultats!$B$2:$AX$476,F$5,FALSE) -> 3.2632691 | G14: =VLOOKUP($D14,Résultats!$B$2:$AX$476,G$5,FALSE) -> 1.8607648 | H14: =VLOOKUP($D14,Résultats!$B$2:$AX$476,H$5,FALSE) -> 1.3833052 | I14: =VLOOKUP($D14,Résultats!$B$2:$AX$476,I$5,FALSE) -> 0.90422959 | J14: =VLOOKUP($D14,Résultats!$B$2:$AX$476,J$5,FALSE) -> 0.85863077 | K14: =VLOOKUP($D14,Résultats!$B$2:$AX$476,K$5,FALSE) -> 0.81476638 | L14: =VLOOKUP($D14,Résultats!$B$2:$AX$476,L$5,FALSE) -> 0.77269918 | ... W14: =VLOOKUP($D14,Résultats!$B$2:$AX$476,W$5,FALSE) -> 0.9680418 | X14: =W14-'[1]Cibles THREEME'!$H13 -> 0.9680418
C15: Wind | D15: Q_Mtep_ep_2305_2 | E15: =VLOOKUP($D15,Résultats!$B$2:$AX$476,E$5,FALSE) -> 0.36837867 | F15: =VLOOKUP($D15,Résultats!$B$2:$AX$476,F$5,FALSE) -> 2.4987876 | G15: =VLOOKUP($D15,Résultats!$B$2:$AX$476,G$5,FALSE) -> 3.2232105 | H15: =VLOOKUP($D15,Résultats!$B$2:$AX$476,H$5,FALSE) -> 3.4581631 | I15: =VLOOKUP($D15,Résultats!$B$2:$AX$476,I$5,FALSE) -> 3.6819429 | J15: =VLOOKUP($D15,Résultats!$B$2:$AX$476,J$5,FALSE) -> 3.8347266 | K15: =VLOOKUP($D15,Résultats!$B$2:$AX$476,K$5,FALSE) -> 3.993968 | L15: =VLOOKUP($D15,Résultats!$B$2:$AX$476,L$5,FALSE) -> 4.1623613 | ... W15: =VLOOKUP($D15,Résultats!$B$2:$AX$476,W$5,FALSE) -> 5.2146293 | X15: =W15-'[1]Cibles THREEME'!$H14 -> -12.558372
C16: Solar | D16: Q_Mtep_ep_2306_2 | E16: =VLOOKUP($D16,Résultats!$B$2:$AX$476,E$5,FALSE) -> 0.0828852 | F16: =VLOOKUP($D16,Résultats!$B$2:$AX$476,F$5,FALSE) -> 1.1012285 | G16: =VLOOKUP($D16,Résultats!$B$2:$AX$476,G$5,FALSE) -> 1.4204854 | H16: =VLOOKUP($D16,Résultats!$B$2:$AX$476,H$5,FALSE) -> 1.5240302 | I16: =VLOOKUP($D16,Résultats!$B$2:$AX$476,I$5,FALSE) -> 1.6226511 | J16: =VLOOKUP($D16,Résultats!$B$2:$AX$476,J$5,FALSE) -> 1.6667567 | K16: =VLOOKUP($D16,Résultats!$B$2:$AX$476,K$5,FALSE) -> 1.7138292 | L16: =VLOOKUP($D16,Résultats!$B$2:$AX$476,L$5,FALSE) -> 1.7648884 | ... W16: =VLOOKUP($D16,Résultats!$B$2:$AX$476,W$5,FALSE) -> 2.2110619 | X16: =W16-'[1]Cibles THREEME'!$H17 -> -8.2790499
C17: Hydraulic | D17: Q_Mtep_ep_2307_2 | E17: =VLOOKUP($D17,Résultats!$B$2:$AX$476,E$5,FALSE) -> 4.6466944 | F17: =VLOOKUP($D17,Résultats!$B$2:$AX$476,F$5,FALSE) -> 3.2599772 | G17: =VLOOKUP($D17,Résultats!$B$2:$AX$476,G$5,FALSE) -> 4.2218789 | H17: =VLOOKUP($D17,Résultats!$B$2:$AX$476,H$5,FALSE) -> 4.5356061 | I17: =VLOOKUP($D17,Résultats!$B$2:$AX$476,I$5,FALSE) -> 4.8354557 | J17: =VLOOKUP($D17,Résultats!$B$2:$AX$476,J$5,FALSE) -> 5.0155576 | K17: =VLOOKUP($D17,Résultats!$B$2:$AX$476,K$5,FALSE) -> 5.204495 | L17: =VLOOKUP($D17,Résultats!$B$2:$AX$476,L$5,FALSE) -> 5.4056572 | ... W17: =VLOOKUP($D17,Résultats!$B$2:$AX$476,W$5,FALSE) -> 6.7722372 | X17: =W17-'[1]Cibles THREEME'!$H18 -> 1.31222
C18: Cogeneration (CHP) | D18: Q_Mtep_ep_2308_2 | E18: =VLOOKUP($D18,Résultats!$B$2:$AX$476,E$5,FALSE) -> 1.4697163 | F18: =VLOOKUP($D18,Résultats!$B$2:$AX$476,F$5,FALSE) -> 3.8767476 | G18: =VLOOKUP($D18,Résultats!$B$2:$AX$476,G$5,FALSE) -> 3.1519448 | H18: =VLOOKUP($D18,Résultats!$B$2:$AX$476,H$5,FALSE) -> 2.8971572 | I18: =VLOOKUP($D18,Résultats!$B$2:$AX$476,I$5,FALSE) -> 2.6342869 | J18: =VLOOKUP($D18,Résultats!$B$2:$AX$476,J$5,FALSE) -> 2.755514 | K18: =VLOOKUP($D18,Résultats!$B$2:$AX$476,K$5,FALSE) -> 2.8821506 | L18: =VLOOKUP($D18,Résultats!$B$2:$AX$476,L$5,FALSE) -> 3.0162084 | ... W18: =VLOOKUP($D18,Résultats!$B$2:$AX$476,W$5,FALSE) -> 3.7787225 | X18: =W18-'[1]Cibles THREEME'!$H19 -> 2.6165955
B19: Gas and heat | C19: Total | E19: =SUM(E20:E25) -> 38.496512 | F19: =SUM(F20:F25) -> 41.225038 | G19: =SUM(G20:G25) -> 40.660219 | H19: =SUM(H20:H25) -> 39.68536 | I19: =SUM(I20:I25) -> 38.963293 | J19: =SUM(J20:J25) -> 38.625633 | K19: =SUM(K20:K25) -> 38.546947 | L19: =SUM(L20:L25) -> 38.601183 | ... W19: =SUM(W20:W25) -> 43.665374
C20: Natural gas | D20: Q_Mtep_ep_2401_2 | E20: =VLOOKUP($D20,Résultats!$B$2:$AX$476,E$5,FALSE) -> 34.75186 | F20: =VLOOKUP($D20,Résultats!$B$2:$AX$476,F$5,FALSE) -> 28.425519 | G20: =VLOOKUP($D20,Résultats!$B$2:$AX$476,G$5,FALSE) -> 27.576233 | H20: =VLOOKUP($D20,Résultats!$B$2:$AX$476,H$5,FALSE) -> 26.788112 | I20: =VLOOKUP($D20,Résultats!$B$2:$AX$476,I$5,FALSE) -> 26.186954 | J20: =VLOOKUP($D20,Résultats!$B$2:$AX$476,J$5,FALSE) -> 24.924833 | K20: =VLOOKUP($D20,Résultats!$B$2:$AX$476,K$5,FALSE) -> 23.814808 | L20: =VLOOKUP($D20,Résultats!$B$2:$AX$476,L$5,FALSE) -> 22.760392 | ... W20: =VLOOKUP($D20,Résultats!$B$2:$AX$476,W$5,FALSE) -> 13.112728 | X20: =W20-'[1]Cibles THREEME'!$H28 -> 7.6739453
C21: Wood | D21: Q_Mtep_ep_2402_2 | E21: =VLOOKUP($D21,Résultats!$B$2:$AX$476,E$5,FALSE) -> 1.5809774 | F21: =VLOOKUP($D21,Résultats!$B$2:$AX$476,F$5,FALSE) -> 7.1876049 | G21: =VLOOKUP($D21,Résultats!$B$2:$AX$476,G$5,FALSE) -> 7.3596289 | H21: =VLOOKUP($D21,Résultats!$B$2:$AX$476,H$5,FALSE) -> 7.2772521 | I21: =VLOOKUP($D21,Résultats!$B$2:$AX$476,I$5,FALSE) -> 7.2403883 | J21: =VLOOKUP($D21,Résultats!$B$2:$AX$476,J$5,FALSE) -> 7.3763363 | K21: =VLOOKUP($D21,Résultats!$B$2:$AX$476,K$5,FALSE) -> 7.5646541 | L21: =VLOOKUP($D21,Résultats!$B$2:$AX$476,L$5,FALSE) -> 7.7841789 | ... W21: =VLOOKUP($D21,Résultats!$B$2:$AX$476,W$5,FALSE) -> 18.153332 | X21: =W21-'[1]Cibles THREEME'!$H29 -> 6.2421462
C22: Biogas | D22: Q_Mtep_ep_2403_2 | E22: =VLOOKUP($D22,Résultats!$B$2:$AX$476,E$5,FALSE) -> 0.47749075 | F22: =VLOOKUP($D22,Résultats!$B$2:$AX$476,F$5,FALSE) -> 0.50978685 | G22: =VLOOKUP($D22,Résultats!$B$2:$AX$476,G$5,FALSE) -> 0.68541131 | H22: =VLOOKUP($D22,Résultats!$B$2:$AX$476,H$5,FALSE) -> 0.72906017 | I22: =VLOOKUP($D22,Résultats!$B$2:$AX$476,I$5,FALSE) -> 0.77523603 | J22: =VLOOKUP($D22,Résultats!$B$2:$AX$476,J$5,FALSE) -> 0.99380942 | K22: =VLOOKUP($D22,Résultats!$B$2:$AX$476,K$5,FALSE) -> 1.2225233 | L22: =VLOOKUP($D22,Résultats!$B$2:$AX$476,L$5,FALSE) -> 1.4614409 | ... W22: =VLOOKUP($D22,Résultats!$B$2:$AX$476,W$5,FALSE) -> 3.0626379 | X22: =W22-'[1]Cibles THREEME'!$H30 -> -9.2629715
C23: Waste incineration | D23: Q_Mtep_ep_2404_2 | E23: =VLOOKUP($D23,Résultats!$B$2:$AX$476,E$5,FALSE) -> 0.73120206 | F23: =VLOOKUP($D23,Résultats!$B$2:$AX$476,F$5,FALSE) -> 0.68467885 | G23: =VLOOKUP($D23,Résultats!$B$2:$AX$476,G$5,FALSE) -> 1.3321764 | H23: =VLOOKUP($D23,Résultats!$B$2:$AX$476,H$5,FALSE) -> 1.4820374 | I23: =VLOOKUP($D23,Résultats!$B$2:$AX$476,I$5,FALSE) -> 1.6182104 | J23: =VLOOKUP($D23,Résultats!$B$2:$AX$476,J$5,FALSE) -> 1.6579565 | K23: =VLOOKUP($D23,Résultats!$B$2:$AX$476,K$5,FALSE) -> 1.7088684 | L23: =VLOOKUP($D23,Résultats!$B$2:$AX$476,L$5,FALSE) -> 1.76629 | ... W23: =VLOOKUP($D23,Résultats!$B$2:$AX$476,W$5,FALSE) -> 2.488775 | X23: =W23-'[1]Cibles THREEME'!$H31 -> 1.6972545
C24: Geothermal | D24: Q_Mtep_ep_2405_2 | E24: =VLOOKUP($D24,Résultats!$B$2:$AX$476,E$5,FALSE) -> 0.47749075 | F24: =VLOOKUP($D24,Résultats!$B$2:$AX$476,F$5,FALSE) -> 0.50978685 | G24: =VLOOKUP($D24,Résultats!$B$2:$AX$476,G$5,FALSE) -> 0.60121007 | H24: =VLOOKUP($D24,Résultats!$B$2:$AX$476,H$5,FALSE) -> 0.61935926 | I24: =VLOOKUP($D24,Résultats!$B$2:$AX$476,I$5,FALSE) -> 0.64039666 | J24: =VLOOKUP($D24,Résultats!$B$2:$AX$476,J$5,FALSE) -> 0.70223998 | K24: =VLOOKUP($D24,Résultats!$B$2:$AX$476,K$5,FALSE) -> 0.76982229 | L24: =VLOOKUP($D24,Résultats!$B$2:$AX$476,L$5,FALSE) -> 0.84184049 | ... W24: =VLOOKUP($D24,Résultats!$B$2:$AX$476,W$5,FALSE) -> 2.1241084 | X24: =W24-'[1]Cibles THREEME'!$H32 -> 1.8661548
C25: Cogeneration (CHP) | D25: Q_Mtep_ep_2406_2 | E25: =VLOOKUP($D25,Résultats!$B$2:$AX$476,E$5,FALSE) -> 0.47749075 | F25: =VLOOKUP($D25,Résultats!$B$2:$AX$476,F$5,FALSE) -> 3.9076614 | G25: =VLOOKUP($D25,Résultats!$B$2:$AX$476,G$5,FALSE) -> 3.1055586 | H25: =VLOOKUP($D25,Résultats!$B$2:$AX$476,H$5,FALSE) -> 2.7895398 | I25: =VLOOKUP($D25,Résultats!$B$2:$AX$476,I$5,FALSE) -> 2.5021069 | J25: =VLOOKUP($D25,Résultats!$B$2:$AX$476,J$5,FALSE) -> 2.9704586 | K25: =VLOOKUP($D25,Résultats!$B$2:$AX$476,K$5,FALSE) -> 3.4662708 | L25: =VLOOKUP($D25,Résultats!$B$2:$AX$476,L$5,FALSE) -> 3.9870406 | ... W25: =VLOOKUP($D25,Résultats!$B$2:$AX$476,W$5,FALSE) -> 4.7237929 | X25: =W25-'[1]Cibles THREEME'!$H33 -> -2.7573704
B26: Coal | D26: Q_Mtep_ep_21_2 | E26: =VLOOKUP($D26,Résultats!$B$2:$AX$476,E$5,FALSE) -> 5.7508898 | F26: =VLOOKUP($D26,Résultats!$B$2:$AX$476,F$5,FALSE) -> 4.3448538 | G26: =VLOOKUP($D26,Résultats!$B$2:$AX$476,G$5,FALSE) -> 2.5374132 | H26: =VLOOKUP($D26,Résultats!$B$2:$AX$476,H$5,FALSE) -> 2.310478 | I26: =VLOOKUP($D26,Résultats!$B$2:$AX$476,I$5,FALSE) -> 2.1012811 | J26: =VLOOKUP($D26,Résultats!$B$2:$AX$476,J$5,FALSE) -> 2.0606107 | K26: =VLOOKUP($D26,Résultats!$B$2:$AX$476,K$5,FALSE) -> 2.0365316 | L26: =VLOOKUP($D26,Résultats!$B$2:$AX$476,L$5,FALSE) -> 2.0297752 | ... W26: =VLOOKUP($D26,Résultats!$B$2:$AX$476,W$5,FALSE) -> 2.169658
B27: Total | E27: =E26+E19+E10+E7 -> 264.96579 | F27: =F26+F19+F10+F7 -> 261.97935 | G27: =G26+G19+G10+G7 -> 242.35974 | H27: =H26+H19+H10+H7 -> 235.10562 | I27: =I26+I19+I10+I7 -> 227.83871 | J27: =J26+J19+J10+J7 -> 225.85558 | K27: =K26+K19+K10+K7 -> 224.245 | L27: =L26+L19+L10+L7 -> 223.18035 | ... W27: =W26+W19+W10+W7 -> 247.56772
A30: Energie finale (Mtep)
A31: =Résultats!B1 -> SNBC3 | Z31: Cf. onglet "G mix elec" | AE31: Cf. onglet "G mix carb" | AJ31: Cf. onglet "G mix gaz"
E32: 2006 | F32: 2015 | G32: 2018 | H32: 2019 | I32: 2020 | J32: 2021 | K32: 2022 | L32: 2023 | M32: 2024 | N32: 2025 | O32: 2026 | P32: 2027 | Q32: 2028 | R32: 2029 | S32: 2030 | T32: 2035 | U32: 2040 | V32: 2045 | W32: 2050 | AA32: 2020 | AB32: 2030 | AC32: 2050 | AF32: 2020 | AG32: 2030 | AH32: 2050 | AK32: 2020 | AL32: 2030 | AM32: 2050
B33: Refined petroleum products | C33: Total | D33: ER_Oil_2 | E33: =SUM(E34:E35) -> 80.666675 | F33: =SUM(F34:F35) -> 71.337322 | G33: =SUM(G34:G35) -> 65.482836 | H33: =SUM(H34:H35) -> 63.804612 | I33: =SUM(I34:I35) -> 62.280175 | J33: =SUM(J34:J35) -> 62.233927 | K33: =SUM(K34:K35) -> 62.037374 | L33: =SUM(L34:L35) -> 61.942539 | ... W33: =SUM(W34:W35) -> 51.453215 | Z33: charbon | AA33: =(I38+I40)/I36 -> 0.0086413758 | AB33: =(S38+S40)/S36 -> 0.010597806 | AC33: =(W38+W40)/W36 -> 0.010597806 | AE33: carburants fossiles | AF33: =I34/I33 -> 0.95161574 | AG33: =S34/S33 -> 0.9442075 | AH33: =W34/W33 -> 0.9442075 | AJ33: gaz naturel | AK33: =I46/(I46+I48) -> 0.97055581 | AL33: =S46/(S46+S48) -> 0.91440265 | AM33: =W46/(W46+W48) -> 0.80715683
C34: Oil | D34: ER_oil_2201_2 | E34: =VLOOKUP($D34,Résultats!$B$2:$AX$476,E$5,FALSE) -> 79.999247 | F34: =VLOOKUP($D34,Résultats!$B$2:$AX$476,F$5,FALSE) -> 68.175816 | G34: =VLOOKUP($D34,Résultats!$B$2:$AX$476,G$5,FALSE) -> 62.4315 | H34: =VLOOKUP($D34,Résultats!$B$2:$AX$476,H$5,FALSE) -> 60.776409 | I34: =VLOOKUP($D34,Résultats!$B$2:$AX$476,I$5,FALSE) -> 59.266794 | J34: =VLOOKUP($D34,Résultats!$B$2:$AX$476,J$5,FALSE) -> 59.064033 | K34: =VLOOKUP($D34,Résultats!$B$2:$AX$476,K$5,FALSE) -> 58.724378 | L34: =VLOOKUP($D34,Résultats!$B$2:$AX$476,L$5,FALSE) -> 58.48661 | ... W34: =VLOOKUP($D34,Résultats!$B$2:$AX$476,W$5,FALSE) -> 48.582512 | X34: =W34-'[1]Cibles THREEME'!$AJ4 -> 38.900409 | Z34: nucléaire | AA34: =I37/I36 -> 0.69408091 | AB34: =S37/S36 -> 0.6681417 | AC34: =W37/W36 -> 0.6681417 | AE34: biocarburants | AF34: =I35/I33 -> 0.048384262 | AG34: =S35/S33 -> 0.055792501 | AH34: =W35/W33 -> 0.055792501 | AJ34: biogaz | AK34: =I48/(I46+I48) -> 0.029444189 | AL34: =S48/(S46+S48) -> 0.085597355 | AM34: =W48/(W46+W48) -> 0.19284317
C35: Biofuels | D35: ER_oil_2202_2 | E35: =VLOOKUP($D35,Résultats!$B$2:$AX$476,E$5,FALSE) -> 0.66742791 | F35: =VLOOKUP($D35,Résultats!$B$2:$AX$476,F$5,FALSE) -> 3.1615056 | G35: =VLOOKUP($D35,Résultats!$B$2:$AX$476,G$5,FALSE) -> 3.0513356 | H35: =VLOOKUP($D35,Résultats!$B$2:$AX$476,H$5,FALSE) -> 3.0282026 | I35: =VLOOKUP($D35,Résultats!$B$2:$AX$476,I$5,FALSE) -> 3.0133803 | J35: =VLOOKUP($D35,Résultats!$B$2:$AX$476,J$5,FALSE) -> 3.169894 | K35: =VLOOKUP($D35,Résultats!$B$2:$AX$476,K$5,FALSE) -> 3.3129965 | L35: =VLOOKUP($D35,Résultats!$B$2:$AX$476,L$5,FALSE) -> 3.4559291 | ... W35: =VLOOKUP($D35,Résultats!$B$2:$AX$476,W$5,FALSE) -> 2.8707035 | X35: =W35-'[1]Cibles THREEME'!$AJ5 -> -0.62613767 | Z35: hydraulique | AA35: =I43/I36 -> 0.10258601 | AB35: =S43/S36 -> 0.11650799 | AC35: =W43/W36 -> 0.11650799 | AE35: Total | AF35: =SUM(AF33:AF34) -> 1 | AG35: =SUM(AG33:AG34) -> 1 | AH35: =SUM(AH33:AH34) -> 1 | AJ35: Total | AK35: =SUM(AK33:AK34) -> 1 | AL35: =SUM(AL33:AL34) -> 1 | AM35: =SUM(AM33:AM34) -> 1
B36: Electric power generation, transmission and distribution | C36: Total | D36: ER_elec_2 | E36: =SUM(E37:E44) -> 37.199219 | F36: =SUM(F37:F44) -> 37.840835 | G36: =SUM(G37:G44) -> 37.343576 | H36: =SUM(H37:H44) -> 36.998343 | I36: =SUM(I37:I44) -> 36.508175 | J36: =SUM(J37:J44) -> 36.754998 | K36: =SUM(K37:K44) -> 37.083243 | L36: =SUM(L37:L44) -> 37.507887 | ... W36: =SUM(W37:W44) -> 48.49326 | Z36: solaire | AA36: =I42/I36 -> 0.036998234 | AB36: =S42/S36 -> 0.04095913 | AC36: =W42/W36 -> 0.04095913
C37: Nuclear | D37: ER_Elec_2301_2 | E37: =VLOOKUP($D37,Résultats!$B$2:$AX$476,E$5,FALSE) -> 29.720829 | F37: =VLOOKUP($D37,Résultats!$B$2:$AX$476,F$5,FALSE) -> 29.366185 | G37: =VLOOKUP($D37,Résultats!$B$2:$AX$476,G$5,FALSE) -> 27.211353 | H37: =VLOOKUP($D37,Résultats!$B$2:$AX$476,H$5,FALSE) -> 26.331809 | I37: =VLOOKUP($D37,Résultats!$B$2:$AX$476,I$5,FALSE) -> 25.339627 | J37: =VLOOKUP($D37,Résultats!$B$2:$AX$476,J$5,FALSE) -> 25.195318 | K37: =VLOOKUP($D37,Résultats!$B$2:$AX$476,K$5,FALSE) -> 25.099698 | L37: =VLOOKUP($D37,Résultats!$B$2:$AX$476,L$5,FALSE) -> 25.060583 | ... W37: =VLOOKUP($D37,Résultats!$B$2:$AX$476,W$5,FALSE) -> 32.400369 | X37: =W37-'[1]Cibles THREEME'!$AJ8 -> 31.77931 | Z37: éolien | AA37: =I41/I36 -> 0.083952357 | AB37: =S41/S36 -> 0.096599141 | AC37: =W41/W36 -> 0.096599141
C38: Fuel | D38: ER_elec_2302_2 | E38: =VLOOKUP($D38,Résultats!$B$2:$AX$476,E$5,FALSE) -> 0.38143142 | F38: =VLOOKUP($D38,Résultats!$B$2:$AX$476,F$5,FALSE) -> 0.23185648 | G38: =VLOOKUP($D38,Résultats!$B$2:$AX$476,G$5,FALSE) -> 0.1593467 | H38: =VLOOKUP($D38,Résultats!$B$2:$AX$476,H$5,FALSE) -> 0.13321387 | I38: =VLOOKUP($D38,Résultats!$B$2:$AX$476,I$5,FALSE) -> 0.10618667 | J38: =VLOOKUP($D38,Résultats!$B$2:$AX$476,J$5,FALSE) -> 0.14036934 | K38: =VLOOKUP($D38,Résultats!$B$2:$AX$476,K$5,FALSE) -> 0.17561825 | L38: =VLOOKUP($D38,Résultats!$B$2:$AX$476,L$5,FALSE) -> 0.21225064 | ... W38: =VLOOKUP($D38,Résultats!$B$2:$AX$476,W$5,FALSE) -> 0.27441497 | X38: =W38-'[1]Cibles THREEME'!$AJ9 -> 0.26441497 | Z38: autres renouvelables | AA38: =(I39+I44)/I36 -> 0.073741107 | AB38: =(S39+S44)/S36 -> 0.067194238 | AC38: =(W39+W44)/W36 -> 0.067194238
C39: Combined gas | D39: ER_Elec_2303_2 | E39: =VLOOKUP($D39,Résultats!$B$2:$AX$476,E$5,FALSE) -> 1.5232737 | F39: =VLOOKUP($D39,Résultats!$B$2:$AX$476,F$5,FALSE) -> 1.5249142 | G39: =VLOOKUP($D39,Résultats!$B$2:$AX$476,G$5,FALSE) -> 1.9634662 | H39: =VLOOKUP($D39,Résultats!$B$2:$AX$476,H$5,FALSE) -> 2.1081164 | I39: =VLOOKUP($D39,Résultats!$B$2:$AX$476,I$5,FALSE) -> 2.2469677 | J39: =VLOOKUP($D39,Résultats!$B$2:$AX$476,J$5,FALSE) -> 2.1597456 | K39: =VLOOKUP($D39,Résultats!$B$2:$AX$476,K$5,FALSE) -> 2.0749964 | L39: =VLOOKUP($D39,Résultats!$B$2:$AX$476,L$5,FALSE) -> 1.9928045 | ... W39: =VLOOKUP($D39,Résultats!$B$2:$AX$476,W$5,FALSE) -> 2.5764605 | X39: =W39-'[1]Cibles THREEME'!$AJ10 -> 1.4804738 | Z39: Total | AA39: =SUM(AA33:AA38) -> 1 | AB39: =SUM(AB33:AB38) -> 1 | AC39: =SUM(AC33:AC38) -> 1
C40: Coal | D40: ER_elec_2304_2 | E40: =VLOOKUP($D40,Résultats!$B$2:$AX$476,E$5,FALSE) -> 1.5199023 | F40: =VLOOKUP($D40,Résultats!$B$2:$AX$476,F$5,FALSE) -> 0.71481388 | G40: =VLOOKUP($D40,Résultats!$B$2:$AX$476,G$5,FALSE) -> 0.42146316 | H40: =VLOOKUP($D40,Résultats!$B$2:$AX$476,H$5,FALSE) -> 0.31676052 | I40: =VLOOKUP($D40,Résultats!$B$2:$AX$476,I$5,FALSE) -> 0.20929419 | J40: =VLOOKUP($D40,Résultats!$B$2:$AX$476,J$5,FALSE) -> 0.20105002 | K40: =VLOOKUP($D40,Résultats!$B$2:$AX$476,K$5,FALSE) -> 0.19303322 | L40: =VLOOKUP($D40,Résultats!$B$2:$AX$476,L$5,FALSE) -> 0.18525067 | ... W40: =VLOOKUP($D40,Résultats!$B$2:$AX$476,W$5,FALSE) -> 0.2395072 | X40: =W40-'[1]Cibles THREEME'!$AJ11 -> 0.2295072
C41: Wind | D41: ER_Elec_2305_2 | E41: =VLOOKUP($D41,Résultats!$B$2:$AX$476,E$5,FALSE) -> 0.30706825 | F41: =VLOOKUP($D41,Résultats!$B$2:$AX$476,F$5,FALSE) -> 2.0225632 | G41: =VLOOKUP($D41,Résultats!$B$2:$AX$476,G$5,FALSE) -> 2.6543005 | H41: =VLOOKUP($D41,Résultats!$B$2:$AX$476,H$5,FALSE) -> 2.8634673 | I41: =VLOOKUP($D41,Résultats!$B$2:$AX$476,I$5,FALSE) -> 3.0649473 | J41: =VLOOKUP($D41,Résultats!$B$2:$AX$476,J$5,FALSE) -> 3.2395533 | K41: =VLOOKUP($D41,Résultats!$B$2:$AX$476,K$5,FALSE) -> 3.4248087 | L41: =VLOOKUP($D41,Résultats!$B$2:$AX$476,L$5,FALSE) -> 3.6232296 | ... W41: =VLOOKUP($D41,Résultats!$B$2:$AX$476,W$5,FALSE) -> 4.6844073 | X41: =W41-'[1]Cibles THREEME'!$AJ12 -> -7.9011734
C42: Solar | D42: ER_elec_2306_2 | E42: =VLOOKUP($D42,Résultats!$B$2:$AX$476,E$5,FALSE) -> 0.069090357 | F42: =VLOOKUP($D42,Résultats!$B$2:$AX$476,F$5,FALSE) -> 0.89135396 | G42: =VLOOKUP($D42,Résultats!$B$2:$AX$476,G$5,FALSE) -> 1.1697638 | H42: =VLOOKUP($D42,Résultats!$B$2:$AX$476,H$5,FALSE) -> 1.2619447 | I42: =VLOOKUP($D42,Résultats!$B$2:$AX$476,I$5,FALSE) -> 1.350738 | J42: =VLOOKUP($D42,Résultats!$B$2:$AX$476,J$5,FALSE) -> 1.4080658 | K42: =VLOOKUP($D42,Résultats!$B$2:$AX$476,K$5,FALSE) -> 1.4696004 | L42: =VLOOKUP($D42,Résultats!$B$2:$AX$476,L$5,FALSE) -> 1.5362904 | ... W42: =VLOOKUP($D42,Résultats!$B$2:$AX$476,W$5,FALSE) -> 1.9862418 | X42: =W42-'[1]Cibles THREEME'!$AJ13 -> -5.4421126 | Z42: Cf. onglet "G mix energie"
C43: Hydraulic | D43: ER_Elec_2307_2 | E43: =VLOOKUP($D43,Résultats!$B$2:$AX$476,E$5,FALSE) -> 3.4538832 | F43: =VLOOKUP($D43,Résultats!$B$2:$AX$476,F$5,FALSE) -> 2.4714814 | G43: =VLOOKUP($D43,Résultats!$B$2:$AX$476,G$5,FALSE) -> 3.243436 | H43: =VLOOKUP($D43,Résultats!$B$2:$AX$476,H$5,FALSE) -> 3.4990285 | I43: =VLOOKUP($D43,Résultats!$B$2:$AX$476,I$5,FALSE) -> 3.7452281 | J43: =VLOOKUP($D43,Résultats!$B$2:$AX$476,J$5,FALSE) -> 3.9399496 | K43: =VLOOKUP($D43,Résultats!$B$2:$AX$476,K$5,FALSE) -> 4.1472224 | L43: =VLOOKUP($D43,Résultats!$B$2:$AX$476,L$5,FALSE) -> 4.3699683 | ... W43: =VLOOKUP($D43,Résultats!$B$2:$AX$476,W$5,FALSE) -> 5.6498521 | X43: =W43-'[1]Cibles THREEME'!$AJ14 -> 1.7834545 | AA43: 2020 | AB43: 2030 | AC43: 2050
C44: Cogeneration (CHP) | D44: ER_elec_2308_2 | E44: =VLOOKUP($D44,Résultats!$B$2:$AX$476,E$5,FALSE) -> 0.22374041 | F44: =VLOOKUP($D44,Résultats!$B$2:$AX$476,F$5,FALSE) -> 0.61766704 | G44: =VLOOKUP($D44,Résultats!$B$2:$AX$476,G$5,FALSE) -> 0.52044672 | H44: =VLOOKUP($D44,Résultats!$B$2:$AX$476,H$5,FALSE) -> 0.48400307 | I44: =VLOOKUP($D44,Résultats!$B$2:$AX$476,I$5,FALSE) -> 0.44518555 | J44: =VLOOKUP($D44,Résultats!$B$2:$AX$476,J$5,FALSE) -> 0.47094717 | K44: =VLOOKUP($D44,Résultats!$B$2:$AX$476,K$5,FALSE) -> 0.49826553 | L44: =VLOOKUP($D44,Résultats!$B$2:$AX$476,L$5,FALSE) -> 0.52750938 | ... W44: =VLOOKUP($D44,Résultats!$B$2:$AX$476,W$5,FALSE) -> 0.68200723 | X44: =W44-'[1]Cibles THREEME'!$AJ15 -> 0.37147766 | Z44: electricité | AA44: =I36 -> 36.508175 | AB44: =S36 -> 41.490495 | AC44: =W36 -> 48.49326
B45: Gas and heat | C45: Total | D45: ER_Gas_2 | E45: =SUM(E46:E51) -> 37.372041 | F45: =SUM(F46:F51) -> 40.03566 | G45: =SUM(G46:G51) -> 39.631094 | H45: =SUM(H46:H51) -> 38.759547 | I45: =SUM(I46:I51) -> 38.147358 | J45: =SUM(J46:J51) -> 37.862247 | K45: =SUM(K46:K51) -> 37.830807 | L45: =SUM(L46:L51) -> 37.930104 | ... W45: =SUM(W46:W51) -> 43.144659 | Z45: chaleur (bois…) | AA45: =SUM(I47,I49:I51) -> 11.818358 | AB45: =S47+SUM(S49:S51) -> 18.272634 | AC45: =W47+SUM(W49:W51) -> 27.263164
C46: Natural gas | D46: ER_Gas_2401_2 | E46: =VLOOKUP($D46,Résultats!$B$2:$AX$476,E$5,FALSE) -> 33.77363 | F46: =VLOOKUP($D46,Résultats!$B$2:$AX$476,F$5,FALSE) -> 27.411034 | G46: =VLOOKUP($D46,Résultats!$B$2:$AX$476,G$5,FALSE) -> 26.781589 | H46: =VLOOKUP($D46,Résultats!$B$2:$AX$476,H$5,FALSE) -> 26.078133 | I46: =VLOOKUP($D46,Résultats!$B$2:$AX$476,I$5,FALSE) -> 25.553763 | J46: =VLOOKUP($D46,Résultats!$B$2:$AX$476,J$5,FALSE) -> 24.336835 | K46: =VLOOKUP($D46,Résultats!$B$2:$AX$476,K$5,FALSE) -> 23.267035 | L46: =VLOOKUP($D46,Résultats!$B$2:$AX$476,L$5,FALSE) -> 22.250306 | ... W46: =VLOOKUP($D46,Résultats!$B$2:$AX$476,W$5,FALSE) -> 12.818857 | X46: =W46-'[1]Cibles THREEME'!$AJ17 -> 11.421797 | Z46: gaz | AA46: =I46+I48 -> 26.328999 | AB46: =S46+S48 -> 22.737213 | AC46: =W46+W48 -> 15.881495
C47: Wood | D47: ER_Gas_2402_2 | E47: =VLOOKUP($D47,Résultats!$B$2:$AX$476,E$5,FALSE) -> 1.5809774 | F47: =VLOOKUP($D47,Résultats!$B$2:$AX$476,F$5,FALSE) -> 7.1876049 | G47: =VLOOKUP($D47,Résultats!$B$2:$AX$476,G$5,FALSE) -> 7.3596289 | H47: =VLOOKUP($D47,Résultats!$B$2:$AX$476,H$5,FALSE) -> 7.2772521 | I47: =VLOOKUP($D47,Résultats!$B$2:$AX$476,I$5,FALSE) -> 7.2403883 | J47: =VLOOKUP($D47,Résultats!$B$2:$AX$476,J$5,FALSE) -> 7.3763363 | K47: =VLOOKUP($D47,Résultats!$B$2:$AX$476,K$5,FALSE) -> 7.5646541 | L47: =VLOOKUP($D47,Résultats!$B$2:$AX$476,L$5,FALSE) -> 7.7841789 | ... W47: =VLOOKUP($D47,Résultats!$B$2:$AX$476,W$5,FALSE) -> 18.153332 | X47: =W47-'[1]Cibles THREEME'!$AJ18 -> 7.7206792 | Z47: carburant | AA47: =I33 -> 62.280175 | AB47: =S33 -> 58.134932 | AC47: =W33 -> 51.453215
C48: Biogas | D48: ER_Gas_2403_2 | E48: =VLOOKUP($D48,Résultats!$B$2:$AX$476,E$5,FALSE) -> 0.47749075 | F48: =VLOOKUP($D48,Résultats!$B$2:$AX$476,F$5,FALSE) -> 0.50978685 | G48: =VLOOKUP($D48,Résultats!$B$2:$AX$476,G$5,FALSE) -> 0.68541131 | H48: =VLOOKUP($D48,Résultats!$B$2:$AX$476,H$5,FALSE) -> 0.72906017 | I48: =VLOOKUP($D48,Résultats!$B$2:$AX$476,I$5,FALSE) -> 0.77523603 | J48: =VLOOKUP($D48,Résultats!$B$2:$AX$476,J$5,FALSE) -> 0.99380942 | K48: =VLOOKUP($D48,Résultats!$B$2:$AX$476,K$5,FALSE) -> 1.2225233 | L48: =VLOOKUP($D48,Résultats!$B$2:$AX$476,L$5,FALSE) -> 1.4614409 | ... W48: =VLOOKUP($D48,Résultats!$B$2:$AX$476,W$5,FALSE) -> 3.0626379 | X48: =W48-'[1]Cibles THREEME'!$AJ19 -> -9.2384472 | Z48: charbon | AA48: =I52 -> 2.1012811 | AB48: =S52 -> 1.9334053 | AC48: =W52 -> 2.169658
C49: Waste incineration | D49: ER_Gas_2404_2 | E49: =VLOOKUP($D49,Résultats!$B$2:$AX$476,E$5,FALSE) -> 0.58496165 | F49: =VLOOKUP($D49,Résultats!$B$2:$AX$476,F$5,FALSE) -> 0.50978685 | G49: =VLOOKUP($D49,Résultats!$B$2:$AX$476,G$5,FALSE) -> 1.0976962 | H49: =VLOOKUP($D49,Résultats!$B$2:$AX$476,H$5,FALSE) -> 1.2662022 | I49: =VLOOKUP($D49,Résultats!$B$2:$AX$476,I$5,FALSE) -> 1.4354666 | J49: =VLOOKUP($D49,Résultats!$B$2:$AX$476,J$5,FALSE) -> 1.4825684 | K49: =VLOOKUP($D49,Résultats!$B$2:$AX$476,K$5,FALSE) -> 1.5405007 | L49: =VLOOKUP($D49,Résultats!$B$2:$AX$476,L$5,FALSE) -> 1.6052978 | ... W49: =VLOOKUP($D49,Résultats!$B$2:$AX$476,W$5,FALSE) -> 2.2619304 | X49: =W49-'[1]Cibles THREEME'!$AJ20 -> 1.5628006 | Z49: Energie finale | AA49: =SUM(AA44:AA48) -> 139.03699 | AB49: =SUM(AB44:AB48) -> 142.56868 | AC49: =SUM(AC44:AC48) -> 145.26079
C50: Geothermal | D50: ER_Gas_2405_2 | E50: =VLOOKUP($D50,Résultats!$B$2:$AX$476,E$5,FALSE) -> 0.47749075 | F50: =VLOOKUP($D50,Résultats!$B$2:$AX$476,F$5,FALSE) -> 0.50978685 | G50: =VLOOKUP($D50,Résultats!$B$2:$AX$476,G$5,FALSE) -> 0.60121007 | H50: =VLOOKUP($D50,Résultats!$B$2:$AX$476,H$5,FALSE) -> 0.61935926 | I50: =VLOOKUP($D50,Résultats!$B$2:$AX$476,I$5,FALSE) -> 0.64039666 | J50: =VLOOKUP($D50,Résultats!$B$2:$AX$476,J$5,FALSE) -> 0.70223998 | K50: =VLOOKUP($D50,Résultats!$B$2:$AX$476,K$5,FALSE) -> 0.76982229 | L50: =VLOOKUP($D50,Résultats!$B$2:$AX$476,L$5,FALSE) -> 0.84184049 | ... W50: =VLOOKUP($D50,Résultats!$B$2:$AX$476,W$5,FALSE) -> 2.1241084 | X50: =W50-'[1]Cibles THREEME'!$AJ21 -> 1.1811445
C51: Cogeneration (CHP) | D51: ER_Gas_2406_2 | E51: =VLOOKUP($D51,Résultats!$B$2:$AX$476,E$5,FALSE) -> 0.47749075 | F51: =VLOOKUP($D51,Résultats!$B$2:$AX$476,F$5,FALSE) -> 3.9076614 | G51: =VLOOKUP($D51,Résultats!$B$2:$AX$476,G$5,FALSE) -> 3.1055586 | H51: =VLOOKUP($D51,Résultats!$B$2:$AX$476,H$5,FALSE) -> 2.7895398 | I51: =VLOOKUP($D51,Résultats!$B$2:$AX$476,I$5,FALSE) -> 2.5021069 | J51: =VLOOKUP($D51,Résultats!$B$2:$AX$476,J$5,FALSE) -> 2.9704586 | K51: =VLOOKUP($D51,Résultats!$B$2:$AX$476,K$5,FALSE) -> 3.4662708 | L51: =VLOOKUP($D51,Résultats!$B$2:$AX$476,L$5,FALSE) -> 3.9870406 | ... W51: =VLOOKUP($D51,Résultats!$B$2:$AX$476,W$5,FALSE) -> 4.7237929 | X51: =W51-'[1]Cibles THREEME'!$AJ22 -> -2.0375275
B52: Coal | D52: ER_coal_2 | E52: =VLOOKUP($D52,Résultats!$B$2:$AX$476,E$5,FALSE) -> 5.7508898 | F52: =VLOOKUP($D52,Résultats!$B$2:$AX$476,F$5,FALSE) -> 4.3448538 | G52: =VLOOKUP($D52,Résultats!$B$2:$AX$476,G$5,FALSE) -> 2.5374132 | H52: =VLOOKUP($D52,Résultats!$B$2:$AX$476,H$5,FALSE) -> 2.310478 | I52: =VLOOKUP($D52,Résultats!$B$2:$AX$476,I$5,FALSE) -> 2.1012811 | J52: =VLOOKUP($D52,Résultats!$B$2:$AX$476,J$5,FALSE) -> 2.0606107 | K52: =VLOOKUP($D52,Résultats!$B$2:$AX$476,K$5,FALSE) -> 2.0365316 | L52: =VLOOKUP($D52,Résultats!$B$2:$AX$476,L$5,FALSE) -> 2.0297752 | ... W52: =VLOOKUP($D52,Résultats!$B$2:$AX$476,W$5,FALSE) -> 2.169658
B53: Total | D53: ER_Total_2 | E53: =E52+E45+E36+E33 -> 160.98882 | F53: =F52+F45+F36+F33 -> 153.55867 | G53: =G52+G45+G36+G33 -> 144.99492 | H53: =H52+H45+H36+H33 -> 141.87298 | I53: =I52+I45+I36+I33 -> 139.03699 | J53: =J52+J45+J36+J33 -> 138.91178 | K53: =K52+K45+K36+K33 -> 138.98796 | L53: =L52+L45+L36+L33 -> 139.41031 | ... W53: =W52+W45+W36+W33 -> 145.26079

Sheet T energie usages
A1: Energie par usage
A3: Energie finale (Mtep)
A4: =Résultats!B1 -> SNBC3
C7: Consos résultats de ThreeME | N7: Consos cibles d'Enerdata | U7: Consos résultats de ThreeME
C8: Hors bois domestique non marchand, avec consommation à double usage | N8: Hors bois domestique auto produit (8MTEP entre 2015 et 2030 4 Mtep en 2050) | U8: Hors bois domestique non marchand, avec consommation à double usage
C10: 2015 | H10: coal | I10: fuel and biofuel | J10: elec | K10: gas biogas biomass | L10: Total | N10: 2015 | O10: coal | P10: fuel and biofuel | Q10: elec | R10: gas biogas biomass | S10: Total | T10: Hors chal env PAC | U10: 2015 | Z10: coal | AA10: fuel and biofuel | AB10: elec | AC10: gas biogas biomass | AD10: Total
C11: Transport | H11: =SUM(H12:H13) -> 0 | I11: =SUM(I12:I13) -> 43.145689 | J11: =SUM(J12:J13) -> 1.2869702 | K11: =SUM(K12:K13) -> 0.24534333 | L11: =SUM(H11:K11) -> 44.678003 | N11: Transport | O11: ='[2]Bilan 2015'!$X$46 -> 0 | P11: =SUM('[2]Bilan 2015'!$X$41:$X$43) -> 42.748697 | Q11: ='[2]Bilan 2015'!$X$13 -> 0.94471195 | R11: =('[2]Bilan 2015'!$X$22+'[2]Bilan 2015'!$X$30+SUM('[2]Bilan 2015'!$X$36:$X$40)+SUM('[2]Bilan 2015'!$X$44:$X$45)+'[2]Bilan 2015'!$X$47) -> 0.072674067 | S11: =SUM(O11:R11) -> 43.766083 | T11: =S11 -> 43.766083 | U11: Transport | Z11: 0 | AA11: 43.15955 | AB11: 1.2867468 | AC11: 0.24934661 | AD11: 44.695644
C12: Personal vehicles | D12: ER_TRANS_PRIVATE_coal_2 | E12: ER_TRANS_PRIVATE_oil_2 | F12: ER_TRANS_PRIVATE_elec_2 | G12: ER_TRANS_PRIVATE_gas_2 | H12: =VLOOKUP(D12,Résultats!$B$2:$AX$476,'T energie vecteurs'!F5,FALSE) -> 0 | I12: =VLOOKUP(E12,Résultats!$B$2:$AX$476,'T energie vecteurs'!F5,FALSE) -> 24.200254 | J12: =VLOOKUP(F12,Résultats!$B$2:$AX$476,'T energie vecteurs'!F5,FALSE) -> 0.01816242 | K12: =VLOOKUP(G12,Résultats!$B$2:$AX$476,'T energie vecteurs'!F5,FALSE) -> 1.0589055e-05 | L12: =SUM(H12:K12) -> 24.218427 | N12: Personal vehicles | U12: Personal vehicles | V12: ER_TRANS_PRIVATE_coal_2 | W12: ER_TRANS_PRIVATE_oil_2 | X12: ER_TRANS_PRIVATE_elec_2 | Y12: ER_TRANS_PRIVATE_gas_2 | Z12: 0 | AA12: 24.198348 | AB12: 0.01818778 | AC12: 1.0630953e-05 | AD12: 24.216546
C13: Public and freight transport | D13: ER_TRANS_PUBLIC_coal_2 | E13: ER_TRANS_PUBLIC_oil_2 | F13: ER_TRANS_PUBLIC_elec_2 | G13: ER_TRANS_PUBLIC_gas_2 | H13: =VLOOKUP(D13,Résultats!$B$2:$AX$476,'T energie vecteurs'!F5,FALSE) -> 0 | I13: =VLOOKUP(E13,Résultats!$B$2:$AX$476,'T energie vecteurs'!F5,FALSE) -> 18.945435 | J13: =VLOOKUP(F13,Résultats!$B$2:$AX$476,'T energie vecteurs'!F5,FALSE) -> 1.2688078 | K13: =VLOOKUP(G13,Résultats!$B$2:$AX$476,'T energie vecteurs'!F5,FALSE) -> 0.24533274 | L13: =SUM(H13:K13) -> 20.459576 | N13: Public and freight transport | U13: Public and freight transport | V13: ER_TRANS_PUBLIC_coal_2 | W13: ER_TRANS_PUBLIC_oil_2 | X13: ER_TRANS_PUBLIC_elec_2 | Y13: ER_TRANS_PUBLIC_gas_2 | Z13: 0 | AA13: 18.961203 | AB13: 1.268559 | AC13: 0.24933598 | AD13: 20.479098
C14: Residential | D14: ER_RESIDENTIAL_coal_2 | E14: ER_RESIDENTIAL_oil_2 | F14: ER_RESIDENTIAL_elec_2 | G14: ER_RESIDENTIAL_gas_2 | H14: =VLOOKUP(D14,Résultats!$B$2:$AX$476,'T energie vecteurs'!F5,FALSE) -> 0.33122045 | I14: =VLOOKUP(E14,Résultats!$B$2:$AX$476,'T energie vecteurs'!F5,FALSE) -> 7.2440592 | J14: =VLOOKUP(F14,Résultats!$B$2:$AX$476,'T energie vecteurs'!F5,FALSE) -> 13.732729 | K14: =VLOOKUP(G14,Résultats!$B$2:$AX$476,'T energie vecteurs'!F5,FALSE)+2 -> 19.71798 | L14: =SUM(H14:K14) -> 41.025989 | N14: Residential | O14: ='[2]Bilan 2015'!$V$46 -> 0.036764197 | P14: =SUM('[2]Bilan 2015'!$V$41:$V$43) -> 6.6752954 | Q14: ='[2]Bilan 2015'!$V$13 -> 13.620367 | R14: =('[2]Bilan 2015'!$V$22+'[2]Bilan 2015'!$V$30+SUM('[2]Bilan 2015'!$V$36:$V$40)+SUM('[2]Bilan 2015'!$V$44:$V$45)+'[2]Bilan 2015'!$V$47) -> 21.832864 | S14: =SUM(O14:R14) -> 42.16529 | T14: =S14-'[2]Bilan 2015'!$V$40 -> 39.648469 | U14: Residential | V14: ER_RESIDENTIAL_coal_2 | W14: ER_RESIDENTIAL_oil_2 | X14: ER_RESIDENTIAL_elec_2 | Y14: ER_RESIDENTIAL_gas_2 | Z14: 0.33135186 | AA14: 7.2415499 | AB14: 13.750647 | AC14: 19.70225 | AD14: 41.025798
C15: Service | D15: ER_TERTIARY_coal_2 | E15: ER_TERTIARY_oil_2 | F15: ER_TERTIARY_elec_2 | G15: ER_TERTIARY_gas_2 | H15: =VLOOKUP(D15,Résultats!$B$2:$AX$476,'T energie vecteurs'!F5,FALSE) -> 0 | I15: =VLOOKUP(E15,Résultats!$B$2:$AX$476,'T energie vecteurs'!F5,FALSE) -> 3.7835587 | J15: =VLOOKUP(F15,Résultats!$B$2:$AX$476,'T energie vecteurs'!F5,FALSE) -> 11.548634 | K15: =VLOOKUP(G15,Résultats!$B$2:$AX$476,'T energie vecteurs'!F5,FALSE) -> 9.1338787 | L15: =SUM(H15:K15) -> 24.466072 | N15: Service | O15: ='[2]Bilan 2015'!$W$46 -> 0.043073392 | P15: =SUM('[2]Bilan 2015'!$W$41:$W$43) -> 3.0154656 | Q15: ='[2]Bilan 2015'!$W$13 -> 12.701365 | R15: =('[2]Bilan 2015'!$W$22+'[2]Bilan 2015'!$W$30+SUM('[2]Bilan 2015'!$W$36:$W$40)+SUM('[2]Bilan 2015'!$W$44:$W$45)+'[2]Bilan 2015'!$W$47) -> 8.7461122 | S15: =SUM(O15:R15) -> 24.506017 | T15: =S15-'[2]Bilan 2015'!$W$40 -> 24.06751 | U15: Service | V15: ER_TERTIARY_coal_2 | W15: ER_TERTIARY_oil_2 | X15: ER_TERTIARY_elec_2 | Y15: ER_TERTIARY_gas_2 | Z15: 0 | AA15: 3.7813464 | AB15: 11.575224 | AC15: 9.1357403 | AD15: 24.492311
C16: Industry | H16: =SUM(H17:H18) -> 5.0121731 | I16: =SUM(I17:I18) -> 16.5824 | J16: =SUM(J17:J18) -> 10.953796 | K16: =SUM(K17:K18) -> 14.31371 | L16: =SUM(H16:K16) -> 46.862079 | N16: Industry | O16: =O17+O18 -> 4.2636281 | P16: =P17+P18 -> 14.865721 | Q16: =Q17+Q18 -> 10.069552 | R16: =R17+R18 -> 13.7564 | S16: =SUM(O16:R16) -> 42.955301 | T16: =S16 -> 42.955301 | U16: Industry | Z16: 5.0051719 | AA16: 16.790367 | AB16: 10.963479 | AC16: 14.329332 | AD16: 47.08835
C17: Industry | D17: ER_INDUS_coal_2 | E17: ER_INDUS_oil_2 | F17: ER_INDUS_elec_2 | G17: ER_INDUS_gas_2 | H17: =VLOOKUP(D17,Résultats!$B$2:$AX$476,'T energie vecteurs'!F5,FALSE) -> 4.0136333 | I17: =VLOOKUP(E17,Résultats!$B$2:$AX$476,'T energie vecteurs'!F5,FALSE) -> 14.689397 | J17: =VLOOKUP(F17,Résultats!$B$2:$AX$476,'T energie vecteurs'!F5,FALSE) -> 10.953796 | K17: =VLOOKUP(G17,Résultats!$B$2:$AX$476,'T energie vecteurs'!F5,FALSE) -> 12.544766 | L17: =SUM(H17:K17) -> 42.201592 | N17: Industry energetic uses | O17: ='[2]Bilan 2015'!$U$46 -> 1.0493093 | P17: =SUM('[2]Bilan 2015'!$U$41:$U$43) -> 2.4127207 | Q17: ='[2]Bilan 2015'!$U$13 -> 10.069552 | R17: =('[2]Bilan 2015'!$U$22+'[2]Bilan 2015'!$U$30+SUM('[2]Bilan 2015'!$U$36:$U$40)+SUM('[2]Bilan 2015'!$U$44:$U$45)+'[2]Bilan 2015'!$U$47) -> 12.654814 | S17: =SUM(O17:R17) -> 26.186396 | U17: Industry | V17: ER_INDUS_coal_2 | W17: ER_INDUS_oil_2 | X17: ER_INDUS_elec_2 | Y17: ER_INDUS_gas_2 | Z17: 4.006287 | AA17: 14.897875 | AB17: 10.963479 | AC17: 12.561498 | AD17: 42.429138
C18: Industry non energetic uses | D18: Q_Mtep_indus_21_2 | E18: Q_Mtep_indus_22_2 | F18: Q_Mtep_indus_23_2 | G18: Q_Mtep_indus_24_2 | H18: =VLOOKUP(D18,Résultats!$B$2:$AX$476,'T energie vecteurs'!F5,FALSE) -> 0.99853977 | I18: =VLOOKUP(E18,Résultats!$B$2:$AX$476,'T energie vecteurs'!F5,FALSE) -> 1.8930036 | J18: =VLOOKUP(F18,Résultats!$B$2:$AX$476,'T energie vecteurs'!F5,FALSE) -> 0 | K18: =VLOOKUP(G18,Résultats!$B$2:$AX$476,'T energie vecteurs'!F5,FALSE) -> 1.7689436 | L18: =SUM(H18:K18) -> 4.660487 | N18: Industry non energetic uses | O18: ='[2]Bilan 2015'!$E$52 -> 3.2143188 | P18: =('[2]Bilan 2015'!$E$54+'[2]Bilan 2015'!$E$56) -> 12.453 | Q18: 0 | R18: =('[2]Bilan 2015'!$E$53+'[2]Bilan 2015'!$E$55+'[2]Bilan 2015'!$E$57) -> 1.1015862 | S18: =SUM(O18:R18) -> 16.768905 | U18: Industry non energetic uses | V18: Q_Mtep_indus_21_2 | W18: Q_Mtep_indus_22_2 | X18: Q_Mtep_indus_23_2 | Y18: Q_Mtep_indus_24_2 | Z18: 0.99888499 | AA18: 1.8924925 | AB18: 0 | AC18: 1.7678344 | AD18: 4.6592119
C19: Agriculture | D19: ER_AGRICULTURE_coal_2 | E19: ER_AGRICULTURE_oil_2 | F19: ER_AGRICULTURE_elec_2 | G19: ER_AGRICULTURE_gas_2 | H19: =VLOOKUP(D19,Résultats!$B$2:$AX$476,'T energie vecteurs'!F5,FALSE) -> 0 | I19: =VLOOKUP(E19,Résultats!$B$2:$AX$476,'T energie vecteurs'!F5,FALSE) -> 2.4746179 | J19: =VLOOKUP(F19,Résultats!$B$2:$AX$476,'T energie vecteurs'!F5,FALSE) -> 0.31870576 | K19: =VLOOKUP(G19,Résultats!$B$2:$AX$476,'T energie vecteurs'!F5,FALSE) -> 0.39369217 | L19: =SUM(H19:K19) -> 3.1870158 | N19: Agriculture | O19: ='[2]Bilan 2015'!$T$46 -> 0.0022137193 | P19: =SUM('[2]Bilan 2015'!$T$41:$T$43) -> 3.4936668 | Q19: ='[2]Bilan 2015'!$T$13 -> 0.74651763 | R19: =('[2]Bilan 2015'!$T$22+'[2]Bilan 2015'!$T$30+SUM('[2]Bilan 2015'!$T$36:$T$40)+SUM('[2]Bilan 2015'!$T$44:$T$45)+'[2]Bilan 2015'!$T$47) -> 0.24365267 | S19: =SUM(O19:R19) -> 4.4860508 | T19: =S19 -> 4.4860508 | U19: Agriculture | V19: ER_AGRICULTURE_coal_2 | W19: ER_AGRICULTURE_oil_2 | X19: ER_AGRICULTURE_elec_2 | Y19: ER_AGRICULTURE_gas_2 | Z19: 0 | AA19: 2.4785695 | AB19: 0.31965679 | AC19: 0.39436076 | AD19: 3.192587
C20: Total Final Mtep | H20: =SUM(H11,H14:H16,H19) -> 5.3433935 | I20: =SUM(I11,I14:I16,I19) -> 73.230325 | J20: =SUM(J11,J14:J16,J19) -> 37.840835 | K20: =SUM(K11,K14:K16,K19) -> 43.804604 | L20: =SUM(H20:K20) -> 160.21916 | N20: Total Final Mtep | O20: =O11+O14+O15+O16+O19 -> 4.3456794 | P20: =P11+P14+P15+P16+P19 -> 70.798845 | Q20: =Q11+Q14+Q15+Q16+Q19 -> 38.082514 | R20: =R11+R14+R15+R16+R19 -> 44.651703 | S20: =SUM(O20:R20) -> 157.87874 | T20: =SUM(T11:T19) -> 154.92341 | U20: Total Final Mtep | Z20: 5.3365238 | AA20: 73.451384 | AB20: 37.895753 | AC20: 43.81103 | AD20: 160.49469
L21: =L11+L14+L15+L16+L19 -> 160.21916 | AD21: 160.49469
C23: 2020 | H23: coal | I23: fuel and biofuel | J23: elec | K23: gas biogas biomass | L23: Total | N23: 2020 | O23: coal | P23: fuel and biofuel | Q23: elec | R23: gas biogas biomass | S23: Total | T23: Hors chal env PAC | U23: 2020 | Z23: coal | AA23: fuel and biofuel | AB23: elec | AC23: gas biogas biomass | AD23: Total
C24: Transport | H24: =SUM(H25:H26) -> 0 | I24: =SUM(I25:I26) -> 41.563023 | J24: =SUM(J25:J26) -> 1.5156367 | K24: =SUM(K25:K26) -> 0.27412866 | L24: =SUM(H24:K24) -> 43.352788 | N24: Transport | O24: ='[2]Bilan 2020'!$X$46/11.63 -> 0 | P24: =SUM('[2]Bilan 2020'!$X$41:$X$43)/11.63 -> 35.668036 | Q24: ='[2]Bilan 2020'!$X$13/11.63 -> 0.71687008 | R24: =('[2]Bilan 2020'!$X$22+'[2]Bilan 2020'!$X$30+SUM('[2]Bilan 2020'!$X$36:$X$40)+SUM('[2]Bilan 2020'!$X$44:$X$45)+'[2]Bilan 2020'!$X$47)/11.63 -> 0.19326866 | S24: =SUM(O24:R24) -> 36.578175 | T24: =S24 -> 36.578175 | U24: Transport | Z24: 0 | AA24: 41.602539 | AB24: 1.5063126 | AC24: 0.27860242 | AD24: 43.387454
C25: Personal vehicles | D25: ER_TRANS_PRIVATE_coal_2 | E25: ER_TRANS_PRIVATE_oil_2 | F25: ER_TRANS_PRIVATE_elec_2 | G25: ER_TRANS_PRIVATE_gas_2 | H25: =VLOOKUP(D25,Résultats!$B$2:$AX$476,'T energie vecteurs'!I5,FALSE) -> 0 | I25: =VLOOKUP(E25,Résultats!$B$2:$AX$476,'T energie vecteurs'!I5,FALSE) -> 23.247082 | J25: =VLOOKUP(F25,Résultats!$B$2:$AX$476,'T energie vecteurs'!I5,FALSE) -> 0.07237004 | K25: =VLOOKUP(G77,Résultats!$B$2:$AX$476,'T energie vecteurs'!I5,FALSE) -> 1.4664156e-05 | L25: =SUM(H25:K25) -> 23.319467 | N25: Personal vehicles | U25: Personal vehicles | V25: ER_TRANS_PRIVATE_coal_2 | W25: ER_TRANS_PRIVATE_oil_2 | X25: ER_TRANS_PRIVATE_elec_2 | Y25: ER_TRANS_PRIVATE_gas_2 | Z25: 0 | AA25: 23.244407 | AB25: 0.072506889 | AC25: 1.4761104e-05 | AD25: 23.316929
C26: Public and freight transport | D26: ER_TRANS_PUBLIC_coal_2 | E26: ER_TRANS_PUBLIC_oil_2 | F26: ER_TRANS_PUBLIC_elec_2 | G26: ER_TRANS_PUBLIC_gas_2 | H26: =VLOOKUP(D26,Résultats!$B$2:$AX$476,'T energie vecteurs'!I5,FALSE) -> 0 | I26: =VLOOKUP(E26,Résultats!$B$2:$AX$476,'T energie vecteurs'!I5,FALSE) -> 18.315941 | J26: =VLOOKUP(F26,Résultats!$B$2:$AX$476,'T energie vecteurs'!I5,FALSE) -> 1.4432666 | K26: =VLOOKUP(G26,Résultats!$B$2:$AX$476,'T energie vecteurs'!I5,FALSE) -> 0.27411399 | L26: =SUM(H26:K26) -> 20.033321 | N26: Public and freight transport | U26: Public and freight transport | V26: ER_TRANS_PUBLIC_coal_2 | W26: ER_TRANS_PUBLIC_oil_2 | X26: ER_TRANS_PUBLIC_elec_2 | Y26: ER_TRANS_PUBLIC_gas_2 | Z26: 0 | AA26: 18.358132 | AB26: 1.4338057 | AC26: 0.27858766 | AD26: 20.070525
C27: Residential | D27: ER_RESIDENTIAL_coal_2 | E27: ER_RESIDENTIAL_oil_2 | F27: ER_RESIDENTIAL_elec_2 | G27: ER_RESIDENTIAL_gas_2 | H27: =VLOOKUP(D27,Résultats!$B$2:$AX$476,'T energie vecteurs'!I5,FALSE) -> 0.31808457 | I27: =VLOOKUP(E27,Résultats!$B$2:$AX$476,'T energie vecteurs'!I5,FALSE) -> 6.4323583 | J27: =VLOOKUP(F27,Résultats!$B$2:$AX$476,'T energie vecteurs'!I5,FALSE) -> 14.456508 | K27: =VLOOKUP(G27,Résultats!$B$2:$AX$476,'T energie vecteurs'!I5,FALSE)+2 -> 19.097676 | L27: =SUM(H27:K27) -> 40.304627 | N27: Residential | O27: ='[2]Bilan 2020'!$V$46/11.63 -> 0.020700735 | P27: =SUM('[2]Bilan 2020'!$V$41:$V$43)/11.63 -> 4.2874728 | Q27: ='[2]Bilan 2020'!$V$13/11.63 -> 13.618732 | R27: =('[2]Bilan 2020'!$V$22+'[2]Bilan 2020'!$V$30+SUM('[2]Bilan 2020'!$V$36:$V$40)+SUM('[2]Bilan 2020'!$V$44:$V$45)+'[2]Bilan 2020'!$V$47)/11.63 -> 20.40841 | S27: =SUM(O27:R27) -> 38.335315 | T27: =S27-'[2]Bilan 2020'!$V$40/11.63 -> 35.977053 | U27: Residential | V27: ER_RESIDENTIAL_coal_2 | W27: ER_RESIDENTIAL_oil_2 | X27: ER_RESIDENTIAL_elec_2 | Y27: ER_RESIDENTIAL_gas_2 | Z27: 0.31862762 | AA27: 6.4568025 | AB27: 14.438674 | AC27: 19.172349 | AD27: 40.386453
C28: Service | D28: ER_TERTIARY_coal_2 | E28: ER_TERTIARY_oil_2 | F28: ER_TERTIARY_elec_2 | G28: ER_TERTIARY_gas_2 | H28: =VLOOKUP(D28,Résultats!$B$2:$AX$476,'T energie vecteurs'!I5,FALSE) -> 0 | I28: =VLOOKUP(E28,Résultats!$B$2:$AX$476,'T energie vecteurs'!I5,FALSE) -> 2.7287138 | J28: =VLOOKUP(F28,Résultats!$B$2:$AX$476,'T energie vecteurs'!I5,FALSE) -> 11.176971 | K28: =VLOOKUP(G28,Résultats!$B$2:$AX$476,'T energie vecteurs'!I5,FALSE) -> 7.8117768 | L28: =SUM(H28:K28) -> 21.717462 | N28: Service | O28: =('[2]Bilan 2020'!$W$46)/11.63 -> 0.030546421 | P28: =SUM('[2]Bilan 2020'!$W$41:$W$43)/11.63 -> 2.7068356 | Q28: =('[2]Bilan 2020'!$W$13)/11.63 -> 10.724851 | R28: =('[2]Bilan 2020'!$W$22+'[2]Bilan 2020'!$W$30+SUM('[2]Bilan 2020'!$W$36:$W$40)+SUM('[2]Bilan 2020'!$W$44:$W$45)+'[2]Bilan 2020'!$W$47)/11.63 -> 7.1906336 | S28: =SUM(O28:R28) -> 20.652866 | T28: =S28-'[2]Bilan 2020'!$W$40/11.63 -> 20.267161 | U28: Service | V28: ER_TERTIARY_coal_2 | W28: ER_TERTIARY_oil_2 | X28: ER_TERTIARY_elec_2 | Y28: ER_TERTIARY_gas_2 | Z28: 0 | AA28: 2.7306023 | AB28: 11.12796 | AC28: 7.8713222 | AD28: 21.729884
C29: Industry | H29: =SUM(H30:H31) -> 2.6467544 | I29: =SUM(I30:I31) -> 11.04789 | J29: =SUM(J30:J31) -> 9.0460201 | K29: =SUM(K30:K31) -> 14.700287 | L29: =SUM(H29:K29) -> 37.440951 | N29: Industry | O29: =O30+O31 -> 3.1626378 | P29: =P30+P31 -> 13.919974 | Q29: =Q30+Q31 -> 9.0413235 | R29: =R30+R31 -> 14.312071 | S29: =SUM(O29:R29) -> 40.436006 | T29: =S29 -> 40.436006 | U29: Industry | Z29: 2.6480606 | AA29: 11.228938 | AB29: 8.9819417 | AC29: 14.814342 | AD29: 37.673282
C30: Industry | D30: ER_INDUS_coal_2 | E30: ER_INDUS_oil_2 | F30: ER_INDUS_elec_2 | G30: ER_INDUS_gas_2 | H30: =VLOOKUP(D30,Résultats!$B$2:$AX$476,'T energie vecteurs'!I5,FALSE) -> 1.7831965 | I30: =VLOOKUP(E30,Résultats!$B$2:$AX$476,'T energie vecteurs'!I5,FALSE) -> 9.1710327 | J30: =VLOOKUP(F30,Résultats!$B$2:$AX$476,'T energie vecteurs'!I5,FALSE) -> 9.0460201 | K30: =VLOOKUP(G30,Résultats!$B$2:$AX$476,'T energie vecteurs'!I5,FALSE) -> 12.596217 | L30: =SUM(H30:K30) -> 32.596467 | N30: Industry energetic uses | O30: ='[2]Bilan 2020'!$U$46/11.63 -> 0.77267988 | P30: =SUM('[2]Bilan 2020'!$U$41:$U$43)/11.63 -> 2.7003588 | Q30: ='[2]Bilan 2020'!$U$13/11.63 -> 9.0413235 | R30: =('[2]Bilan 2020'!$U$22+'[2]Bilan 2020'!$U$30+SUM('[2]Bilan 2020'!$U$36:$U$40)+SUM('[2]Bilan 2020'!$U$44:$U$45)+'[2]Bilan 2020'!$U$47)/11.63 -> 13.277855 | S30: =SUM(O30:R30) -> 25.792217 | U30: Industry | V30: ER_INDUS_coal_2 | W30: ER_INDUS_oil_2 | X30: ER_INDUS_elec_2 | Y30: ER_INDUS_gas_2 | Z30: 1.7843253 | AA30: 9.352929 | AB30: 8.9819417 | AC30: 12.713318 | AD30: 32.832514
C31: Industry non energetic uses | D31: Q_Mtep_indus_21_2 | E31: Q_Mtep_indus_22_2 | F31: Q_Mtep_indus_23_2 | G31: Q_Mtep_indus_24_2 | H31: =VLOOKUP(D31,Résultats!$B$2:$AX$476,'T energie vecteurs'!I5,FALSE) -> 0.86355782 | I31: =VLOOKUP(E31,Résultats!$B$2:$AX$476,'T energie vecteurs'!I5,FALSE) -> 1.8768568 | J31: =VLOOKUP(F31,Résultats!$B$2:$AX$476,'T energie vecteurs'!I5,FALSE) -> 0 | K31: =VLOOKUP(G31,Résultats!$B$2:$AX$476,'T energie vecteurs'!I5,FALSE) -> 2.1040699 | L31: =SUM(H31:K31) -> 4.8444846 | N31: Industry non energetic uses | O31: ='[2]Bilan 2020'!$E$52/11.63 -> 2.3899579 | P31: =('[2]Bilan 2020'!$E$54+'[2]Bilan 2020'!$E$56)/11.63 -> 11.219615 | Q31: 0 | R31: =('[2]Bilan 2020'!$E$53+'[2]Bilan 2020'!$E$55+'[2]Bilan 2020'!$E$57)/11.63 -> 1.0342164 | S31: =SUM(O31:R31) -> 14.643789 | U31: Industry non energetic uses | V31: Q_Mtep_indus_21_2 | W31: Q_Mtep_indus_22_2 | X31: Q_Mtep_indus_23_2 | Y31: Q_Mtep_indus_24_2 | Z31: 0.86373539 | AA31: 1.8760089 | AB31: 0 | AC31: 2.1010242 | AD31: 4.8407685
C32: Agriculture | D32: ER_AGRICULTURE_coal_2 | E32: ER_AGRICULTURE_oil_2 | F32: ER_AGRICULTURE_elec_2 | G32: ER_AGRICULTURE_gas_2 | H32: =VLOOKUP(D32,Résultats!$B$2:$AX$476,'T energie vecteurs'!I5,FALSE) -> 0 | I32: =VLOOKUP(E32,Résultats!$B$2:$AX$476,'T energie vecteurs'!I5,FALSE) -> 2.3850467 | J32: =VLOOKUP(F32,Résultats!$B$2:$AX$476,'T energie vecteurs'!I5,FALSE) -> 0.31303899 | K32: =VLOOKUP(G32,Résultats!$B$2:$AX$476,'T energie vecteurs'!I5,FALSE) -> 0.36755918 | L32: =SUM(H32:K32) -> 3.0656449 | N32: Agriculture | O32: ='[2]Bilan 2020'!$T$46/11.63 -> 0.001321701 | P32: =SUM('[2]Bilan 2020'!$T$41:$T$43)/11.63 -> 3.3486885 | Q32: ='[2]Bilan 2020'!$T$13/11.63 -> 0.69143728 | R32: =('[2]Bilan 2020'!$T$22+'[2]Bilan 2020'!$T$30+SUM('[2]Bilan 2020'!$T$36:$T$40)+SUM('[2]Bilan 2020'!$T$44:$T$45)+'[2]Bilan 2020'!$T$47)/11.63 -> 0.41959097 | S32: =SUM(O32:R32) -> 4.4610384 | T32: =S32 -> 4.4610384 | U32: Agriculture | V32: ER_AGRICULTURE_coal_2 | W32: ER_AGRICULTURE_oil_2 | X32: ER_AGRICULTURE_elec_2 | Y32: ER_AGRICULTURE_gas_2 | Z32: 0 | AA32: 2.3952478 | AB32: 0.31132122 | AC32: 0.37010948 | AD32: 3.0766785
C33: Total Final Mtep | H33: =SUM(H24,H27:H29) -> 2.9648389 | I33: =SUM(I24,I27:I29) -> 61.771985 | J33: =SUM(J24,J27:J29) -> 36.195136 | K33: =SUM(K24,K27:K29) -> 41.883868 | L33: =SUM(H33:K33) -> 142.81583 | N33: Total Final Mtep | O33: =O24+O27+O28+O29+O32 -> 3.2152067 | P33: =P24+P27+P28+P29+P32 -> 59.931007 | Q33: =Q24+Q27+Q28+Q29+Q32 -> 34.793213 | R33: =R24+R27+R28+R29+R32 -> 42.523975 | S33: =SUM(O33:R33) -> 140.4634 | T33: =SUM(T24:T32) -> 137.71943 | U33: Total Final Mtep | Z33: 2.9666883 | AA33: 62.018882 | AB33: 36.054888 | AC33: 42.136615 | AD33: 143.17707
C36: 2022 | H36: coal | I36: fuel and biofuel | J36: elec | K36: gas biogas biomass | L36: Total | N36: 2022 | O36: coal | P36: fuel and biofuel | Q36: elec | R36: gas biogas biomass | S36: Total | T36: Hors chal env PAC | U36: 2022 | Z36: coal | AA36: fuel and biofuel | AB36: elec | AC36: gas biogas biomass | AD36: Total
C37: Transport | H37: =SUM(H38:H39) -> 0 | I37: =SUM(I38:I39) -> 41.556283 | J37: =SUM(J38:J39) -> 1.8293062 | K37: =SUM(K38:K39) -> 0.38453628 | L37: =SUM(H37:K37) -> 43.770126 | N37: Transport | O37: ='[2]Bilan 2022 réel'!$X$46/11.63 -> 0 | P37: =SUM('[2]Bilan 2022 réel'!$X$41:$X$43)/11.63 -> 43.395883 | Q37: ='[2]Bilan 2022 réel'!$X$13/11.63 -> 0.93062752 | R37: =('[2]Bilan 2022 réel'!$X$22+'[2]Bilan 2022 réel'!$X$30+SUM('[2]Bilan 2022 réel'!$X$36:$X$40)+SUM('[2]Bilan 2022 réel'!$X$44:$X$45)+'[2]Bilan 2022 réel'!$X$47)/11.63 -> 0.31885684 | S37: =SUM(O37:R37) -> 44.645367 | T37: =S37 -> 44.645367 | U37: Transport | Z37: 0 | AA37: 41.601708 | AB37: 1.8231851 | AC37: 0.3888431 | AD37: 43.813736
C38: Personal vehicles | D38: ER_TRANS_PRIVATE_coal_2 | E38: ER_TRANS_PRIVATE_oil_2 | F38: ER_TRANS_PRIVATE_elec_2 | G38: ER_TRANS_PRIVATE_gas_2 | H38: =VLOOKUP(D38,Résultats!$B$2:$AX$476,'T energie vecteurs'!K5,FALSE) -> 0 | I38: =VLOOKUP(E38,Résultats!$B$2:$AX$476,'T energie vecteurs'!K5,FALSE) -> 22.927345 | J38: =VLOOKUP(F38,Résultats!$B$2:$AX$476,'T energie vecteurs'!K5,FALSE) -> 0.11841651 | K38: =VLOOKUP(G51,Résultats!$B$2:$AX$476,'T energie vecteurs'!K5,FALSE) -> 1.8276192e-05 | L38: =SUM(H38:K38) -> 23.045779 | N38: Personal vehicles | U38: Personal vehicles | V38: ER_TRANS_PRIVATE_coal_2 | W38: ER_TRANS_PRIVATE_oil_2 | X38: ER_TRANS_PRIVATE_elec_2 | Y38: ER_TRANS_PRIVATE_gas_2 | Z38: 0 | AA38: 22.924827 | AB38: 0.1186245 | AC38: 1.8382908e-05 | AD38: 23.04347
C39: Public and freight transport | D39: ER_TRANS_PUBLIC_coal_2 | E39: ER_TRANS_PUBLIC_oil_2 | F39: ER_TRANS_PUBLIC_elec_2 | G39: ER_TRANS_PUBLIC_gas_2 | H39: =VLOOKUP(D39,Résultats!$B$2:$AX$476,'T energie vecteurs'!K5,FALSE) -> 0 | I39: =VLOOKUP(E39,Résultats!$B$2:$AX$476,'T energie vecteurs'!K5,FALSE) -> 18.628939 | J39: =VLOOKUP(F39,Résultats!$B$2:$AX$476,'T energie vecteurs'!K5,FALSE) -> 1.7108897 | K39: =VLOOKUP(G39,Résultats!$B$2:$AX$476,'T energie vecteurs'!K5,FALSE) -> 0.384518 | L39: =SUM(H39:K39) -> 20.724346 | N39: Public and freight transport | U39: Public and freight transport | V39: ER_TRANS_PUBLIC_coal_2 | W39: ER_TRANS_PUBLIC_oil_2 | X39: ER_TRANS_PUBLIC_elec_2 | Y39: ER_TRANS_PUBLIC_gas_2 | Z39: 0 | AA39: 18.676881 | AB39: 1.7045606 | AC39: 0.38882472 | AD39: 20.770266
C40: Residential | D40: ER_RESIDENTIAL_coal_2 | E40: ER_RESIDENTIAL_oil_2 | F40: ER_RESIDENTIAL_elec_2 | G40: ER_RESIDENTIAL_gas_2 | H40: =VLOOKUP(D40,Résultats!$B$2:$AX$476,'T energie vecteurs'!K5,FALSE) -> 0.30437398 | I40: =VLOOKUP(E40,Résultats!$B$2:$AX$476,'T energie vecteurs'!K5,FALSE) -> 6.2902516 | J40: =VLOOKUP(F40,Résultats!$B$2:$AX$476,'T energie vecteurs'!K5,FALSE) -> 14.518216 | K40: =VLOOKUP(G40,Résultats!$B$2:$AX$476,'T energie vecteurs'!K5,FALSE)+2 -> 18.573275 | L40: =SUM(H40:K40) -> 39.686116 | N40: Residential | O40: ='[2]Bilan 2022 réel'!$V$46/11.63 -> 0.026476317 | P40: =SUM('[2]Bilan 2022 réel'!$V$41:$V$43)/11.63 -> 3.5006052 | Q40: ='[2]Bilan 2022 réel'!$V$13/11.63 -> 13.359407 | R40: =('[2]Bilan 2022 réel'!$V$22+'[2]Bilan 2022 réel'!$V$30+SUM('[2]Bilan 2022 réel'!$V$36:$V$40)+SUM('[2]Bilan 2022 réel'!$V$44:$V$45)+'[2]Bilan 2022 réel'!$V$47)/11.63 -> 20.358937 | S40: =SUM(O40:R40) -> 37.245425 | T40: =S40-'[2]Bilan 2022 réel'!$V$40/11.63 -> 33.844962 | U40: Residential | V40: ER_RESIDENTIAL_coal_2 | W40: ER_RESIDENTIAL_oil_2 | X40: ER_RESIDENTIAL_elec_2 | Y40: ER_RESIDENTIAL_gas_2 | Z40: 0.30501769 | AA40: 6.3077542 | AB40: 14.50955 | AC40: 18.635776 | AD40: 39.758098
C41: Service | D41: ER_TERTIARY_coal_2 | E41: ER_TERTIARY_oil_2 | F41: ER_TERTIARY_elec_2 | G41: ER_TERTIARY_gas_2 | H41: =VLOOKUP(D41,Résultats!$B$2:$AX$476,'T energie vecteurs'!K5,FALSE) -> 0 | I41: =VLOOKUP(E41,Résultats!$B$2:$AX$476,'T energie vecteurs'!K5,FALSE) -> 2.7551192 | J41: =VLOOKUP(F41,Résultats!$B$2:$AX$476,'T energie vecteurs'!K5,FALSE) -> 11.113064 | K41: =VLOOKUP(G41,Résultats!$B$2:$AX$476,'T energie vecteurs'!K5,FALSE) -> 7.7104864 | L41: =SUM(H41:K41) -> 21.57867 | N41: Service | O41: =('[2]Bilan 2022 réel'!$W$46)/11.63 -> 0.032835728 | P41: =SUM('[2]Bilan 2022 réel'!$W$41:$W$43)/11.63 -> 2.081572 | Q41: =('[2]Bilan 2022 réel'!$W$13)/11.63 -> 11.43888 | R41: =('[2]Bilan 2022 réel'!$W$22+'[2]Bilan 2022 réel'!$W$30+SUM('[2]Bilan 2022 réel'!$W$36:$W$40)+SUM('[2]Bilan 2022 réel'!$W$44:$W$45)+'[2]Bilan 2022 réel'!$W$47)/11.63 -> 7.4016622 | S41: =SUM(O41:R41) -> 20.95495 | T41: =S41-'[2]Bilan 2022 réel'!$W$40/11.63 -> 20.53461 | U41: Service | V41: ER_TERTIARY_coal_2 | W41: ER_TERTIARY_oil_2 | X41: ER_TERTIARY_elec_2 | Y41: ER_TERTIARY_gas_2 | Z41: 0 | AA41: 2.755786 | AB41: 11.083352 | AC41: 7.7555464 | AD41: 21.594684
C42: Industry | H42: =SUM(H43:H44) -> 2.6037063 | I42: =SUM(I43:I44) -> 10.850887 | J42: =SUM(J43:J44) -> 9.3025763 | K42: =SUM(K43:K44) -> 14.924168 | L42: =SUM(H42:K42) -> 37.681337 | N42: Industry | O42: =O43+O44 -> 4.5030918 | P42: =P43+P44 -> 11.747675 | Q42: =Q43+Q44 -> 9.2559822 | R42: =R43+R44 -> 13.798624 | S42: =SUM(O42:R42) -> 39.305373 | T42: =S42 -> 39.305373 | U42: Industry | Z42: 2.6055347 | AA42: 11.081409 | AB42: 9.2421087 | AC42: 15.050753 | AD42: 37.979806
C43: Industry | D43: ER_INDUS_coal_2 | E43: ER_INDUS_oil_2 | F43: ER_INDUS_elec_2 | G43: ER_INDUS_gas_2 | H43: =VLOOKUP(D43,Résultats!$B$2:$AX$476,'T energie vecteurs'!K5,FALSE) -> 1.7321576 | I43: =VLOOKUP(E43,Résultats!$B$2:$AX$476,'T energie vecteurs'!K5,FALSE) -> 8.933332 | J43: =VLOOKUP(F43,Résultats!$B$2:$AX$476,'T energie vecteurs'!K5,FALSE) -> 9.3025763 | K43: =VLOOKUP(G43,Résultats!$B$2:$AX$476,'T energie vecteurs'!K5,FALSE) -> 12.783319 | L43: =SUM(H43:K43) -> 32.751384 | N43: Industry energetic uses | O43: ='[2]Bilan 2022 réel'!$U$46/11.63 -> 0.63402045 | P43: =SUM('[2]Bilan 2022 réel'!$U$41:$U$43)/11.63 -> 2.477583 | Q43: ='[2]Bilan 2022 réel'!$U$13/11.63 -> 9.2559822 | R43: =('[2]Bilan 2022 réel'!$U$22+'[2]Bilan 2022 réel'!$U$30+SUM('[2]Bilan 2022 réel'!$U$36:$U$40)+SUM('[2]Bilan 2022 réel'!$U$44:$U$45)+'[2]Bilan 2022 réel'!$U$47)/11.63 -> 12.926273 | S43: =SUM(O43:R43) -> 25.293858 | U43: Industry | V43: ER_INDUS_coal_2 | W43: ER_INDUS_oil_2 | X43: ER_INDUS_elec_2 | Y43: ER_INDUS_gas_2 | Z43: 1.7329112 | AA43: 9.1647792 | AB43: 9.2421087 | AC43: 12.91308 | AD43: 33.052879
C44: Industry non energetic uses | D44: Q_Mtep_indus_21_2 | E44: Q_Mtep_indus_22_2 | F44: Q_Mtep_indus_23_2 | G44: Q_Mtep_indus_24_2 | H44: =VLOOKUP(D44,Résultats!$B$2:$AX$476,'T energie vecteurs'!K5,FALSE) -> 0.87154876 | I44: =VLOOKUP(E44,Résultats!$B$2:$AX$476,'T energie vecteurs'!K5,FALSE) -> 1.9175551 | J44: =VLOOKUP(F44,Résultats!$B$2:$AX$476,'T energie vecteurs'!K5,FALSE) -> 0 | K44: =VLOOKUP(G44,Résultats!$B$2:$AX$476,'T energie vecteurs'!K5,FALSE) -> 2.1408492 | L44: =SUM(H44:K44) -> 4.9299531 | N44: Industry non energetic uses | O44: ='[2]Bilan 2022 réel'!$E$52/11.63 -> 3.8690713 | P44: =('[2]Bilan 2022 réel'!$E$54+'[2]Bilan 2022 réel'!$E$56)/11.63 -> 9.270092 | Q44: 0 | R44: =('[2]Bilan 2022 réel'!$E$53+'[2]Bilan 2022 réel'!$E$55+'[2]Bilan 2022 réel'!$E$57)/11.63 -> 0.87235178 | S44: =SUM(O44:R44) -> 14.011515 | U44: Industry non energetic uses | V44: Q_Mtep_indus_21_2 | W44: Q_Mtep_indus_22_2 | X44: Q_Mtep_indus_23_2 | Y44: Q_Mtep_indus_24_2 | Z44: 0.87262353 | AA44: 1.9166294 | AB44: 0 | AC44: 2.1376736 | AD44: 4.9269265
C45: Agriculture | D45: ER_AGRICULTURE_coal_2 | E45: ER_AGRICULTURE_oil_2 | F45: ER_AGRICULTURE_elec_2 | G45: ER_AGRICULTURE_gas_2 | H45: =VLOOKUP(D45,Résultats!$B$2:$AX$476,'T energie vecteurs'!K5,FALSE) -> 0 | I45: =VLOOKUP(E45,Résultats!$B$2:$AX$476,'T energie vecteurs'!K5,FALSE) -> 2.5023883 | J45: =VLOOKUP(F45,Résultats!$B$2:$AX$476,'T energie vecteurs'!K5,FALSE) -> 0.32008009 | K45: =VLOOKUP(G45,Résultats!$B$2:$AX$476,'T energie vecteurs'!K5,FALSE) -> 0.37919082 | L45: =SUM(H45:K45) -> 3.2016593 | N45: Agriculture | O45: ='[2]Bilan 2022 réel'!$T$46/11.63 -> 0.001651664 | P45: =SUM('[2]Bilan 2022 réel'!$T$41:$T$43)/11.63 -> 3.5697769 | Q45: ='[2]Bilan 2022 réel'!$T$13/11.63 -> 0.67291488 | R45: =('[2]Bilan 2022 réel'!$T$22+'[2]Bilan 2022 réel'!$T$30+SUM('[2]Bilan 2022 réel'!$T$36:$T$40)+SUM('[2]Bilan 2022 réel'!$T$44:$T$45)+'[2]Bilan 2022 réel'!$T$47)/11.63 -> 0.43996563 | S45: =SUM(O45:R45) -> 4.6843091 | T45: =S45 -> 4.6843091 | U45: Agriculture | V45: ER_AGRICULTURE_coal_2 | W45: ER_AGRICULTURE_oil_2 | X45: ER_AGRICULTURE_elec_2 | Y45: ER_AGRICULTURE_gas_2 | Z45: 0 | AA45: 2.5119302 | AB45: 0.31896459 | AC45: 0.38141049 | AD45: 3.2123052
C46: Total Final Mtep | H46: =SUM(H37,H40:H42) -> 2.9080803 | I46: =SUM(I37,I40:I42) -> 61.452541 | J46: =SUM(J37,J40:J42) -> 36.763163 | K46: =SUM(K37,K40:K42) -> 41.592465 | L46: =SUM(H46:K46) -> 142.71625 | N46: Total Final Mtep | O46: =O37+O40+O41+O42+O45 -> 4.5640555 | P46: =P37+P40+P41+P42+P45 -> 64.295512 | Q46: =Q37+Q40+Q41+Q42+Q45 -> 35.657811 | R46: =R37+R40+R41+R42+R45 -> 42.318046 | S46: =SUM(O46:R46) -> 146.83542 | T46: =SUM(T37:T45) -> 143.01462 | U46: Total Final Mtep | Z46: 2.9105524 | AA46: 61.746657 | AB46: 36.658196 | AC46: 41.830919 | AD46: 143.14632
C49: 2023 | H49: coal | I49: fuel and biofuel | J49: elec | K49: gas biogas biomass | L49: Total | N49: 2023 | O49: coal | P49: fuel and biofuel | Q49: elec | R49: gas biogas biomass | S49: Total | T49: Hors chal env PAC | U49: 2023 | Z49: coal | AA49: fuel and biofuel | AB49: elec | AC49: gas biogas biomass | AD49: Total
C50: Transport | H50: =SUM(H51:H52) -> 0 | I50: =SUM(I51:I52) -> 41.477284 | J50: =SUM(J51:J52) -> 1.9952998 | K50: =SUM(K51:K52) -> 0.42783863 | L50: =SUM(H50:K50) -> 43.900423 | N50: Transport | O50: ='[2]Bilan 2023 réel'!$X$46/11.63 -> 0 | P50: =SUM('[2]Bilan 2023 réel'!$X$41:$X$43)/11.63 -> 42.139633 | Q50: ='[2]Bilan 2023 réel'!$X$13/11.63 -> 0.90655125 | R50: =('[2]Bilan 2023 réel'!$X$22+'[2]Bilan 2023 réel'!$X$30+SUM('[2]Bilan 2023 réel'!$X$36:$X$40)+SUM('[2]Bilan 2023 réel'!$X$44:$X$45)+'[2]Bilan 2023 réel'!$X$47)/11.63 -> 0.31885684 | S50: =SUM(O50:R50) -> 43.365041 | T50: =S50 -> 43.365041 | U50: Transport | Z50: 0 | AA50: 41.582526 | AB50: 1.9731036 | AC50: 0.43162577 | AD50: 43.987255
C51: Personal vehicles | D51: ER_TRANS_PRIVATE_coal_2 | E51: ER_TRANS_PRIVATE_oil_2 | F51: ER_TRANS_PRIVATE_elec_2 | G51: ER_TRANS_PRIVATE_gas_2 | H51: =VLOOKUP(D51,Résultats!$B$2:$AX$476,'T energie vecteurs'!L5,FALSE) -> 0 | I51: =VLOOKUP(E51,Résultats!$B$2:$AX$476,'T energie vecteurs'!L5,FALSE) -> 22.598712 | J51: =VLOOKUP(F51,Résultats!$B$2:$AX$476,'T energie vecteurs'!L5,FALSE) -> 0.14953766 | K51: =VLOOKUP(G51,Résultats!$B$2:$AX$476,'T energie vecteurs'!L5,FALSE) -> 2.0754252e-05 | L51: =SUM(H51:K51) -> 22.74827 | N51: Personal vehicles | U51: Personal vehicles | V51: ER_TRANS_PRIVATE_coal_2 | W51: ER_TRANS_PRIVATE_oil_2 | X51: ER_TRANS_PRIVATE_elec_2 | Y51: ER_TRANS_PRIVATE_gas_2 | Z51: 0 | AA51: 22.652132 | AB51: 0.15190465 | AC51: 2.104073e-05 | AD51: 22.804058
C52: Public and freight transport | D52: ER_TRANS_PUBLIC_coal_2 | E52: ER_TRANS_PUBLIC_oil_2 | F52: ER_TRANS_PUBLIC_elec_2 | G52: ER_TRANS_PUBLIC_gas_2 | H52: =VLOOKUP(D52,Résultats!$B$2:$AX$476,'T energie vecteurs'!L5,FALSE) -> 0 | I52: =VLOOKUP(E52,Résultats!$B$2:$AX$476,'T energie vecteurs'!L5,FALSE) -> 18.878572 | J52: =VLOOKUP(F52,Résultats!$B$2:$AX$476,'T energie vecteurs'!L5,FALSE) -> 1.8457621 | K52: =VLOOKUP(G52,Résultats!$B$2:$AX$476,'T energie vecteurs'!L5,FALSE) -> 0.42781788 | L52: =SUM(H52:K52) -> 21.152152 | N52: Public and freight transport | U52: Public and freight transport | V52: ER_TRANS_PUBLIC_coal_2 | W52: ER_TRANS_PUBLIC_oil_2 | X52: ER_TRANS_PUBLIC_elec_2 | Y52: ER_TRANS_PUBLIC_gas_2 | Z52: 0 | AA52: 18.930394 | AB52: 1.821199 | AC52: 0.43160473 | AD52: 21.183198
C53: Residential | D53: ER_RESIDENTIAL_coal_2 | E53: ER_RESIDENTIAL_oil_2 | F53: ER_RESIDENTIAL_elec_2 | G53: ER_RESIDENTIAL_gas_2 | H53: =VLOOKUP(D53,Résultats!$B$2:$AX$476,'T energie vecteurs'!L5,FALSE) -> 0.29805991 | I53: =VLOOKUP(E53,Résultats!$B$2:$AX$476,'T energie vecteurs'!L5,FALSE) -> 6.2203872 | J53: =VLOOKUP(F53,Résultats!$B$2:$AX$476,'T energie vecteurs'!L5,FALSE) -> 14.60776 | K53: =VLOOKUP(G53,Résultats!$B$2:$AX$476,'T energie vecteurs'!L5,FALSE)+2 -> 18.460449 | L53: =SUM(H53:K53) -> 39.586656 | N53: Residential | O53: ='[2]Bilan 2023 réel'!$V$46/11.63 -> 0.019785054 | P53: =SUM('[2]Bilan 2023 réel'!$V$41:$V$43)/11.63 -> 3.042347 | Q53: ='[2]Bilan 2023 réel'!$V$13/11.63 -> 13.020267 | R53: =('[2]Bilan 2023 réel'!$V$22+'[2]Bilan 2023 réel'!$V$30+SUM('[2]Bilan 2023 réel'!$V$36:$V$40)+SUM('[2]Bilan 2023 réel'!$V$44:$V$45)+'[2]Bilan 2023 réel'!$V$47)/11.63 -> 20.330842 | S53: =SUM(O53:R53) -> 36.413242 | T53: =S53-'[2]Bilan 2023 réel'!$V$40/11.63 -> 32.592131 | U53: Residential | V53: ER_RESIDENTIAL_coal_2 | W53: ER_RESIDENTIAL_oil_2 | X53: ER_RESIDENTIAL_elec_2 | Y53: ER_RESIDENTIAL_gas_2 | Z53: 0.29875574 | AA53: 6.2333538 | AB53: 14.607608 | AC53: 18.512334 | AD53: 39.652052
C54: Service | D54: ER_TERTIARY_coal_2 | E54: ER_TERTIARY_oil_2 | F54: ER_TERTIARY_elec_2 | G54: ER_TERTIARY_gas_2 | H54: =VLOOKUP(D54,Résultats!$B$2:$AX$476,'T energie vecteurs'!L5,FALSE) -> 0 | I54: =VLOOKUP(E54,Résultats!$B$2:$AX$476,'T energie vecteurs'!L5,FALSE) -> 2.7741795 | J54: =VLOOKUP(F54,Résultats!$B$2:$AX$476,'T energie vecteurs'!L5,FALSE) -> 11.025138 | K54: =VLOOKUP(G54,Résultats!$B$2:$AX$476,'T energie vecteurs'!L5,FALSE) -> 7.6869771 | L54: =SUM(H54:K54) -> 21.486295 | N54: Service | O54: =('[2]Bilan 2023 réel'!$W$46)/11.63 -> 0.029470376 | P54: =SUM('[2]Bilan 2023 réel'!$W$41:$W$43)/11.63 -> 2.0638816 | Q54: =('[2]Bilan 2023 réel'!$W$13)/11.63 -> 11.200374 | R54: =('[2]Bilan 2023 réel'!$W$22+'[2]Bilan 2023 réel'!$W$30+SUM('[2]Bilan 2023 réel'!$W$36:$W$40)+SUM('[2]Bilan 2023 réel'!$W$44:$W$45)+'[2]Bilan 2023 réel'!$W$47)/11.63 -> 7.0633918 | S54: =SUM(O54:R54) -> 20.357117 | T54: =S54-'[2]Bilan 2023 réel'!$W$40/11.63 -> 19.922167 | U54: Service | V54: ER_TERTIARY_coal_2 | W54: ER_TERTIARY_oil_2 | X54: ER_TERTIARY_elec_2 | Y54: ER_TERTIARY_gas_2 | Z54: 0 | AA54: 2.7733747 | AB54: 11.011727 | AC54: 7.7230016 | AD54: 21.508103
C55: Industry | H55: =SUM(H56:H57) -> 2.6179269 | I55: =SUM(I56:I57) -> 10.85066 | J55: =SUM(J56:J57) -> 9.5544131 | K55: =SUM(K56:K57) -> 15.141498 | L55: =SUM(H55:K55) -> 38.164498 | N55: Industry | O55: =O56+O57 -> 3.8091541 | P55: =P56+P57 -> 12.12062 | Q55: =Q56+Q57 -> 8.8688044 | R55: =R56+R57 -> 13.009554 | S55: =SUM(O55:R55) -> 37.808132 | T55: =S55 -> 37.808132 | U55: Industry | Z55: 2.6190376 | AA55: 11.105466 | AB55: 9.4968559 | AC55: 15.269717 | AD55: 38.491077
C56: Industry | D56: ER_INDUS_coal_2 | E56: ER_INDUS_oil_2 | F56: ER_INDUS_elec_2 | G56: ER_INDUS_gas_2 | H56: =VLOOKUP(D56,Résultats!$B$2:$AX$476,'T energie vecteurs'!L5,FALSE) -> 1.7317153 | I56: =VLOOKUP(E56,Résultats!$B$2:$AX$476,'T energie vecteurs'!L5,FALSE) -> 8.8916747 | J56: =VLOOKUP(F56,Résultats!$B$2:$AX$476,'T energie vecteurs'!L5,FALSE) -> 9.5544131 | K56: =VLOOKUP(G56,Résultats!$B$2:$AX$476,'T energie vecteurs'!L5,FALSE) -> 12.965696 | L56: =SUM(H56:K56) -> 33.143499 | N56: Industry energetic uses | O56: ='[2]Bilan 2023 réel'!$U$46/11.63 -> 0.58092196 | P56: =SUM('[2]Bilan 2023 réel'!$U$41:$U$43)/11.63 -> 2.3957171 | Q56: ='[2]Bilan 2023 réel'!$U$13/11.63 -> 8.8688044 | R56: =('[2]Bilan 2023 réel'!$U$22+'[2]Bilan 2023 réel'!$U$30+SUM('[2]Bilan 2023 réel'!$U$36:$U$40)+SUM('[2]Bilan 2023 réel'!$U$44:$U$45)+'[2]Bilan 2023 réel'!$U$47)/11.63 -> 12.148362 | S56: =SUM(O56:R56) -> 23.993805 | U56: Industry | V56: ER_INDUS_coal_2 | W56: ER_INDUS_oil_2 | X56: ER_INDUS_elec_2 | Y56: ER_INDUS_gas_2 | Z56: 1.7312449 | AA56: 9.1472185 | AB56: 9.4968559 | AC56: 13.096884 | AD56: 33.472204
C57: Industry non energetic uses | D57: Q_Mtep_indus_21_2 | E57: Q_Mtep_indus_22_2 | F57: Q_Mtep_indus_23_2 | G57: Q_Mtep_indus_24_2 | H57: =VLOOKUP(D57,Résultats!$B$2:$AX$476,'T energie vecteurs'!L5,FALSE) -> 0.88621156 | I57: =VLOOKUP(E57,Résultats!$B$2:$AX$476,'T energie vecteurs'!L5,FALSE) -> 1.9589856 | J57: =VLOOKUP(F57,Résultats!$B$2:$AX$476,'T energie vecteurs'!L5,FALSE) -> 0 | K57: =VLOOKUP(G57,Résultats!$B$2:$AX$476,'T energie vecteurs'!L5,FALSE) -> 2.1758016 | L57: =SUM(H57:K57) -> 5.0209988 | N57: Industry non energetic uses | O57: ='[2]Bilan 2023 réel'!$E$52/11.63 -> 3.2282322 | P57: =('[2]Bilan 2023 réel'!$E$54+'[2]Bilan 2023 réel'!$E$56)/11.63 -> 9.7249025 | Q57: 0 | R57: =('[2]Bilan 2023 réel'!$E$53+'[2]Bilan 2023 réel'!$E$55+'[2]Bilan 2023 réel'!$E$57)/11.63 -> 0.86119241 | S57: =SUM(O57:R57) -> 13.814327 | U57: Industry non energetic uses | V57: Q_Mtep_indus_21_2 | W57: Q_Mtep_indus_22_2 | X57: Q_Mtep_indus_23_2 | Y57: Q_Mtep_indus_24_2 | Z57: 0.88779274 | AA57: 1.9582476 | AB57: 0 | AC57: 2.1728332 | AD57: 5.0188735
C58: Agriculture | D58: ER_AGRICULTURE_coal_2 | E58: ER_AGRICULTURE_oil_2 | F58: ER_AGRICULTURE_elec_2 | G58: ER_AGRICULTURE_gas_2 | H58: =VLOOKUP(D58,Résultats!$B$2:$AX$476,'T energie vecteurs'!L5,FALSE) -> 0 | I58: =VLOOKUP(E58,Résultats!$B$2:$AX$476,'T energie vecteurs'!L5,FALSE) -> 2.5790134 | J58: =VLOOKUP(F58,Résultats!$B$2:$AX$476,'T energie vecteurs'!L5,FALSE) -> 0.32527554 | K58: =VLOOKUP(G58,Résultats!$B$2:$AX$476,'T energie vecteurs'!L5,FALSE) -> 0.38914327 | L58: =SUM(H58:K58) -> 3.2934322 | N58: Agriculture | O58: ='[2]Bilan 2023 réel'!$T$46/11.63 -> 0.001221354 | P58: =SUM('[2]Bilan 2023 réel'!$T$41:$T$43)/11.63 -> 3.4194391 | Q58: ='[2]Bilan 2023 réel'!$T$13/11.63 -> 0.65647799 | R58: =('[2]Bilan 2023 réel'!$T$22+'[2]Bilan 2023 réel'!$T$30+SUM('[2]Bilan 2023 réel'!$T$36:$T$40)+SUM('[2]Bilan 2023 réel'!$T$44:$T$45)+'[2]Bilan 2023 réel'!$T$47)/11.63 -> 0.44186481 | S58: =SUM(O58:R58) -> 4.5190033 | T58: =S58 -> 4.5190033 | U58: Agriculture | V58: ER_AGRICULTURE_coal_2 | W58: ER_AGRICULTURE_oil_2 | X58: ER_AGRICULTURE_elec_2 | Y58: ER_AGRICULTURE_gas_2 | Z58: 0 | AA58: 2.5869168 | AB58: 0.32451311 | AC58: 0.39089216 | AD58: 3.3023221
C59: Total Final Mtep | H59: =SUM(H50,H53:H55) -> 2.9159868 | I59: =SUM(I50,I53:I55) -> 61.322511 | J59: =SUM(J50,J53:J55) -> 37.182611 | K59: =SUM(K50,K53:K55) -> 41.716763 | L59: =SUM(H59:K59) -> 143.13787 | N59: Total Final Mtep | O59: =O50+O53+O54+O55+O58 -> 3.8596309 | P59: =P50+P53+P54+P55+P58 -> 62.78592 | Q59: =Q50+Q53+Q54+Q55+Q58 -> 34.652474 | R59: =R50+R53+R54+R55+R58 -> 41.16451 | S59: =SUM(O59:R59) -> 142.46254 | T59: =SUM(T50:T58) -> 138.20647 | U59: Total Final Mtep | Z59: 2.9177934 | AA59: 61.694721 | AB59: 37.089295 | AC59: 41.936679 | AD59: 143.63849
C62: 2025 | H62: coal | I62: fuel and biofuel | J62: elec | K62: gas biogas biomass | L62: Total | N62: 2025 | O62: coal | P62: fuel and biofuel | Q62: elec | R62: gas biogas biomass | S62: Total | T62: Hors chal env PAC | U62: 2025 | Z62: coal | AA62: fuel and biofuel | AB62: elec | AC62: gas biogas biomass | AD62: Total
C63: Transport | H63: =SUM(H64:H65) -> 0 | I63: =SUM(I64:I65) -> 40.659907 | J63: =SUM(J64:J65) -> 2.4321198 | K63: =SUM(K64:K65) -> 0.59371951 | L63: =SUM(H63:K63) -> 43.685747 | N63: Transport | O63: ='[2]Bilan 2025 AMS'!$X$46/11.63 -> 0 | P63: =SUM('[2]Bilan 2025 AMS'!$X$41:$X$43)/11.63 -> 39.248087 | Q63: ='[2]Bilan 2025 AMS'!$X$13/11.63 -> 1.4534943 | R63: =('[2]Bilan 2025 AMS'!$X$22+'[2]Bilan 2025 AMS'!$X$30+SUM('[2]Bilan 2025 AMS'!$X$36:$X$40)+SUM('[2]Bilan 2025 AMS'!$X$44:$X$45)+'[2]Bilan 2025 AMS'!$X$47)/11.63 -> 0.36357193 | S63: =SUM(O63:R63) -> 41.065153 | T63: =S63 -> 41.065153 | U63: Transport | Z63: 0 | AA63: 40.831964 | AB63: 2.3079227 | AC63: 0.43823609 | AD63: 43.578122
C64: Personal vehicles | D64: ER_TRANS_PRIVATE_coal_2 | E64: ER_TRANS_PRIVATE_oil_2 | F64: ER_TRANS_PRIVATE_elec_2 | G64: ER_TRANS_PRIVATE_gas_2 | H64: =VLOOKUP(D64,Résultats!$B$2:$AX$476,'T energie vecteurs'!N5,FALSE) -> 0 | I64: =VLOOKUP(E64,Résultats!$B$2:$AX$476,'T energie vecteurs'!N5,FALSE) -> 21.682549 | J64: =VLOOKUP(F64,Résultats!$B$2:$AX$476,'T energie vecteurs'!N5,FALSE) -> 0.21848793 | K64: =VLOOKUP(G77,Résultats!$B$2:$AX$476,'T energie vecteurs'!N5,FALSE) -> 2.4772446e-05 | L64: =SUM(H64:K64) -> 21.901062 | N64: Personal vehicles | U64: Personal vehicles | V64: ER_TRANS_PRIVATE_coal_2 | W64: ER_TRANS_PRIVATE_oil_2 | X64: ER_TRANS_PRIVATE_elec_2 | Y64: ER_TRANS_PRIVATE_gas_2 | Z64: 0 | AA64: 21.958702 | AB64: 0.23327753 | AC64: 2.5793123e-05 | AD64: 22.192006
C65: Public and freight transport | D65: ER_TRANS_PUBLIC_coal_2 | E65: ER_TRANS_PUBLIC_oil_2 | F65: ER_TRANS_PUBLIC_elec_2 | G65: ER_TRANS_PUBLIC_gas_2 | H65: =VLOOKUP(D65,Résultats!$B$2:$AX$476,'T energie vecteurs'!N5,FALSE) -> 0 | I65: =VLOOKUP(E65,Résultats!$B$2:$AX$476,'T energie vecteurs'!N5,FALSE) -> 18.977358 | J65: =VLOOKUP(F65,Résultats!$B$2:$AX$476,'T energie vecteurs'!N5,FALSE) -> 2.2136318 | K65: =VLOOKUP(G65,Résultats!$B$2:$AX$476,'T energie vecteurs'!N5,FALSE) -> 0.59369474 | L65: =SUM(H65:K65) -> 21.784685 | N65: Public and freight transport | U65: Public and freight transport | V65: ER_TRANS_PUBLIC_coal_2 | W65: ER_TRANS_PUBLIC_oil_2 | X65: ER_TRANS_PUBLIC_elec_2 | Y65: ER_TRANS_PUBLIC_gas_2 | Z65: 0 | AA65: 18.873261 | AB65: 2.0746452 | AC65: 0.4382103 | AD65: 21.386117
C66: Residential | D66: ER_RESIDENTIAL_coal_2 | E66: ER_RESIDENTIAL_oil_2 | F66: ER_RESIDENTIAL_elec_2 | G66: ER_RESIDENTIAL_gas_2 | H66: =VLOOKUP(D66,Résultats!$B$2:$AX$476,'T energie vecteurs'!N5,FALSE) -> 0.29050869 | I66: =VLOOKUP(E66,Résultats!$B$2:$AX$476,'T energie vecteurs'!N5,FALSE) -> 6.1208859 | J66: =VLOOKUP(F66,Résultats!$B$2:$AX$476,'T energie vecteurs'!N5,FALSE) -> 14.780222 | K66: =VLOOKUP(G66,Résultats!$B$2:$AX$476,'T energie vecteurs'!N5,FALSE)+2 -> 18.816136 | L66: =SUM(H66:K66) -> 40.007753 | N66: Residential | O66: ='[2]Bilan 2025 AMS'!$V$46/11.63 -> 0 | P66: =SUM('[2]Bilan 2025 AMS'!$V$41:$V$43)/11.63 -> 2.6022446 | Q66: ='[2]Bilan 2025 AMS'!$V$13/11.63 -> 13.409752 | R66: =('[2]Bilan 2025 AMS'!$V$22+'[2]Bilan 2025 AMS'!$V$30+SUM('[2]Bilan 2025 AMS'!$V$36:$V$40)+SUM('[2]Bilan 2025 AMS'!$V$44:$V$45)+'[2]Bilan 2025 AMS'!$V$47)/11.63 -> 23.07775 | S66: =SUM(O66:R66) -> 39.089747 | T66: =S66-'[2]Bilan 2025 AMS'!$V$40/11.63 -> 34.032746 | U66: Residential | V66: ER_RESIDENTIAL_coal_2 | W66: ER_RESIDENTIAL_oil_2 | X66: ER_RESIDENTIAL_elec_2 | Y66: ER_RESIDENTIAL_gas_2 | Z66: 0.28924768 | AA66: 5.7018135 | AB66: 14.753118 | AC66: 19.602194 | AD66: 40.346373
C67: Service | D67: ER_TERTIARY_coal_2 | E67: ER_TERTIARY_oil_2 | F67: ER_TERTIARY_elec_2 | G67: ER_TERTIARY_gas_2 | H67: =VLOOKUP(D67,Résultats!$B$2:$AX$476,'T energie vecteurs'!N5,FALSE) -> 0 | I67: =VLOOKUP(E67,Résultats!$B$2:$AX$476,'T energie vecteurs'!N5,FALSE) -> 2.5869446 | J67: =VLOOKUP(F67,Résultats!$B$2:$AX$476,'T energie vecteurs'!N5,FALSE) -> 11.211504 | K67: =VLOOKUP(G67,Résultats!$B$2:$AX$476,'T energie vecteurs'!N5,FALSE) -> 8.1894125 | L67: =SUM(H67:K67) -> 21.987861 | N67: Service | O67: =('[2]Bilan 2025 AMS'!$W$46)/11.63 -> 0 | P67: =SUM('[2]Bilan 2025 AMS'!$W$41:$W$43)/11.63 -> 1.5736898 | Q67: =('[2]Bilan 2025 AMS'!$W$13)/11.63 -> 10.800977 | R67: =('[2]Bilan 2025 AMS'!$W$22+'[2]Bilan 2025 AMS'!$W$30+SUM('[2]Bilan 2025 AMS'!$W$36:$W$40)+SUM('[2]Bilan 2025 AMS'!$W$44:$W$45)+'[2]Bilan 2025 AMS'!$W$47)/11.63 -> 9.0123577 | S67: =SUM(O67:R67) -> 21.387025 | T67: =S67-'[2]Bilan 2025 AMS'!$W$40/11.63 -> 19.590815 | U67: Service | V67: ER_TERTIARY_coal_2 | W67: ER_TERTIARY_oil_2 | X67: ER_TERTIARY_elec_2 | Y67: ER_TERTIARY_gas_2 | Z67: 0 | AA67: 1.8116982 | AB67: 13.234116 | AC67: 9.3673826 | AD67: 24.413196
C68: Industry | H68: =SUM(H69:H70) -> 2.4951426 | I68: =SUM(I69:I70) -> 10.36185 | J68: =SUM(J69:J70) -> 9.7374237 | K68: =SUM(K69:K70) -> 15.266315 | L68: =SUM(H68:K68) -> 37.860731 | N68: Industry | O68: =O69+O70 -> 3.9629891 | P68: =P69+P70 -> 12.014567 | Q68: =Q69+Q70 -> 10.378488 | R68: =R69+R70 -> 14.253418 | S68: =SUM(O68:R68) -> 40.609462 | T68: =S68 -> 40.609462 | U68: Industry | Z68: 2.3862671 | AA68: 10.168853 | AB68: 11.595176 | AC68: 12.723811 | AD68: 36.874108
C69: Industry | D69: ER_INDUS_coal_2 | E69: ER_INDUS_oil_2 | F69: ER_INDUS_elec_2 | G69: ER_INDUS_gas_2 | H69: =VLOOKUP(D69,Résultats!$B$2:$AX$476,'T energie vecteurs'!N5,FALSE) -> 1.6263112 | I69: =VLOOKUP(E69,Résultats!$B$2:$AX$476,'T energie vecteurs'!N5,FALSE) -> 8.3369779 | J69: =VLOOKUP(F69,Résultats!$B$2:$AX$476,'T energie vecteurs'!N5,FALSE) -> 9.7374237 | K69: =VLOOKUP(G69,Résultats!$B$2:$AX$476,'T energie vecteurs'!N5,FALSE) -> 13.014189 | L69: =SUM(H69:K69) -> 32.714901 | N69: v | O69: ='[2]Bilan 2025 AMS'!$U$46/11.63 -> 0.42067995 | P69: =SUM('[2]Bilan 2025 AMS'!$U$41:$U$43)/11.63 -> 2.1579515 | Q69: ='[2]Bilan 2025 AMS'!$U$13/11.63 -> 10.378488 | R69: =('[2]Bilan 2025 AMS'!$U$22+'[2]Bilan 2025 AMS'!$U$30+SUM('[2]Bilan 2025 AMS'!$U$36:$U$40)+SUM('[2]Bilan 2025 AMS'!$U$44:$U$45)+'[2]Bilan 2025 AMS'!$U$47)/11.63 -> 13.109738 | S69: =SUM(O69:R69) -> 26.066857 | U69: Industry | V69: ER_INDUS_coal_2 | W69: ER_INDUS_oil_2 | X69: ER_INDUS_elec_2 | Y69: ER_INDUS_gas_2 | Z69: 1.5154349 | AA69: 8.125767 | AB69: 11.595176 | AC69: 10.607626 | AD69: 31.844004
C70: Industry non energetic uses | D70: Q_Mtep_indus_21_2 | E70: Q_Mtep_indus_22_2 | F70: Q_Mtep_indus_23_2 | G70: Q_Mtep_indus_24_2 | H70: =VLOOKUP(D70,Résultats!$B$2:$AX$476,'T energie vecteurs'!N5,FALSE) -> 0.86883144 | I70: =VLOOKUP(E70,Résultats!$B$2:$AX$476,'T energie vecteurs'!N5,FALSE) -> 2.0248716 | J70: =VLOOKUP(F70,Résultats!$B$2:$AX$476,'T energie vecteurs'!N5,FALSE) -> 0 | K70: =VLOOKUP(G70,Résultats!$B$2:$AX$476,'T energie vecteurs'!N5,FALSE) -> 2.2521262 | L70: =SUM(H70:K70) -> 5.1458292 | N70: Industry non energetic uses | O70: ='[2]Bilan 2025 AMS'!$E$52/11.63 -> 3.5423092 | P70: =('[2]Bilan 2025 AMS'!$E$54+'[2]Bilan 2025 AMS'!$E$56)/11.63 -> 9.8566159 | Q70: 0 | R70: =('[2]Bilan 2025 AMS'!$E$53+'[2]Bilan 2025 AMS'!$E$55+'[2]Bilan 2025 AMS'!$E$57)/11.63 -> 1.1436801 | S70: =SUM(O70:R70) -> 14.542605 | U70: Industry non energetic uses | V70: Q_Mtep_indus_21_2 | W70: Q_Mtep_indus_22_2 | X70: Q_Mtep_indus_23_2 | Y70: Q_Mtep_indus_24_2 | Z70: 0.87083213 | AA70: 2.043086 | AB70: 0 | AC70: 2.1161858 | AD70: 5.0301039
C71: Agriculture | D71: ER_AGRICULTURE_coal_2 | E71: ER_AGRICULTURE_oil_2 | F71: ER_AGRICULTURE_elec_2 | G71: ER_AGRICULTURE_gas_2 | H71: =VLOOKUP(D71,Résultats!$B$2:$AX$476,'T energie vecteurs'!N5,FALSE) -> 0 | I71: =VLOOKUP(E71,Résultats!$B$2:$AX$476,'T energie vecteurs'!N5,FALSE) -> 2.7164823 | J71: =VLOOKUP(F71,Résultats!$B$2:$AX$476,'T energie vecteurs'!N5,FALSE) -> 0.33181745 | K71: =VLOOKUP(G71,Résultats!$B$2:$AX$476,'T energie vecteurs'!N5,FALSE) -> 0.41788353 | L71: =SUM(H71:K71) -> 3.4661833 | N71: Agriculture | O71: ='[2]Bilan 2025 AMS'!$T$46/11.63 -> 0 | P71: =SUM('[2]Bilan 2025 AMS'!$T$41:$T$43)/11.63 -> 3.2722122 | Q71: ='[2]Bilan 2025 AMS'!$T$13/11.63 -> 0.70658602 | R71: =('[2]Bilan 2025 AMS'!$T$22+'[2]Bilan 2025 AMS'!$T$30+SUM('[2]Bilan 2025 AMS'!$T$36:$T$40)+SUM('[2]Bilan 2025 AMS'!$T$44:$T$45)+'[2]Bilan 2025 AMS'!$T$47)/11.63 -> 0.68239287 | S71: =SUM(O71:R71) -> 4.6611911 | T71: =S71 -> 4.6611911 | U71: Agriculture | V71: ER_AGRICULTURE_coal_2 | W71: ER_AGRICULTURE_oil_2 | X71: ER_AGRICULTURE_elec_2 | Y71: ER_AGRICULTURE_gas_2 | Z71: 0 | AA71: 2.7115227 | AB71: 0.32942642 | AC71: 0.40588309 | AD71: 3.4468323
C72: Total Final Mtep | H72: =SUM(H63,H66:H68) -> 2.7856513 | I72: =SUM(I63,I66:I68) -> 59.729587 | J72: =SUM(J63,J66:J68) -> 38.16127 | K72: =SUM(K63,K66:K68) -> 42.865583 | L72: =SUM(H72:K72) -> 143.54209 | N72: Total Final Mtep | O72: =O63+O66+O67+O68+O71 -> 3.9629891 | P72: =P63+P66+P67+P68+P71 -> 58.710801 | Q72: =Q63+Q66+Q67+Q68+Q71 -> 36.749297 | R72: =R63+R66+R67+R68+R71 -> 47.389491 | S72: =SUM(O72:R72) -> 146.81258 | T72: =SUM(T63:T71) -> 139.95937 | U72: Total Final Mtep | Z72: 2.6755148 | AA72: 58.514328 | AB72: 41.890333 | AC72: 42.131624 | AD72: 145.2118
C75: 2030 | H75: coal | I75: fuel and biofuel | J75: elec | K75: gas biogas biomass | L75: Total | N75: 2030 | O75: coal | P75: fuel and biofuel | Q75: elec | R75: gas biogas biomass | S75: Total | T75: Hors chal env PAC | U75: 2030 | Z75: coal | AA75: fuel and biofuel | AB75: elec | AC75: gas biogas biomass | AD75: Total
C76: Transport | H76: =SUM(H77:H78) -> 0 | I76: =SUM(I77:I78) -> 38.25965 | J76: =SUM(J77:J78) -> 3.4797295 | K76: =SUM(K77:K78) -> 1.3296939 | L76: =SUM(H76:K76) -> 43.069073 | N76: Transport | O76: ='[2]Bilan 2030 AMS'!$X$46/11.63 -> 0 | P76: =SUM('[2]Bilan 2030 AMS'!$X$41:$X$43)/11.63 -> 31.325533 | Q76: ='[2]Bilan 2030 AMS'!$X$13/11.63 -> 2.9560656 | R76: =('[2]Bilan 2030 AMS'!$X$22+'[2]Bilan 2030 AMS'!$X$30+SUM('[2]Bilan 2030 AMS'!$X$36:$X$40)+SUM('[2]Bilan 2030 AMS'!$X$44:$X$45)+'[2]Bilan 2030 AMS'!$X$47)/11.63 -> 0.64520012 | S76: =SUM(O76:R76) -> 34.926799 | T76: =S76 -> 34.926799 | U76: Transport | Z76: 0 | AA76: 36.031371 | AB76: 3.6711631 | AC76: 0.58214142 | AD76: 40.284676
C77: Personal vehicles | D77: ER_TRANS_PRIVATE_coal_2 | E77: ER_TRANS_PRIVATE_oil_2 | F77: ER_TRANS_PRIVATE_elec_2 | G77: ER_TRANS_PRIVATE_gas_2 | H77: =VLOOKUP(D77,Résultats!$B$2:$AX$476,'T energie vecteurs'!S5,FALSE) -> 0 | I77: =VLOOKUP(E77,Résultats!$B$2:$AX$476,'T energie vecteurs'!S5,FALSE) -> 19.709867 | J77: =VLOOKUP(F77,Résultats!$B$2:$AX$476,'T energie vecteurs'!S5,FALSE) -> 0.57385171 | K77: =VLOOKUP(G77,Résultats!$B$2:$AX$476,'T energie vecteurs'!S5,FALSE) -> 3.5139377e-05 | L77: =SUM(H77:K77) -> 20.283754 | N77: Personal vehicles | U77: Personal vehicles | V77: ER_TRANS_PRIVATE_coal_2 | W77: ER_TRANS_PRIVATE_oil_2 | X77: ER_TRANS_PRIVATE_elec_2 | Y77: ER_TRANS_PRIVATE_gas_2 | Z77: 0 | AA77: 18.887142 | AB77: 0.67326126 | AC77: 3.0906629e-05 | AD77: 19.560434
C78: Public and freight transport | D78: ER_TRANS_PUBLIC_coal_2 | E78: ER_TRANS_PUBLIC_oil_2 | F78: ER_TRANS_PUBLIC_elec_2 | G78: ER_TRANS_PUBLIC_gas_2 | H78: =VLOOKUP(D78,Résultats!$B$2:$AX$476,'T energie vecteurs'!S5,FALSE) -> 0 | I78: =VLOOKUP(E78,Résultats!$B$2:$AX$476,'T energie vecteurs'!S5,FALSE) -> 18.549783 | J78: =VLOOKUP(F78,Résultats!$B$2:$AX$476,'T energie vecteurs'!S5,FALSE) -> 2.9058778 | K78: =VLOOKUP(G78,Résultats!$B$2:$AX$476,'T energie vecteurs'!S5,FALSE) -> 1.3296588 | L78: =SUM(H78:K78) -> 22.785319 | N78: Public and freight transport | U78: Public and freight transport | V78: ER_TRANS_PUBLIC_coal_2 | W78: ER_TRANS_PUBLIC_oil_2 | X78: ER_TRANS_PUBLIC_elec_2 | Y78: ER_TRANS_PUBLIC_gas_2 | Z78: 0 | AA78: 17.14423 | AB78: 2.9979018 | AC78: 0.58211051 | AD78: 20.724242
C79: Residential | D79: ER_RESIDENTIAL_coal_2 | E79: ER_RESIDENTIAL_oil_2 | F79: ER_RESIDENTIAL_elec_2 | G79: ER_RESIDENTIAL_gas_2 | H79: =VLOOKUP(D79,Résultats!$B$2:$AX$476,'T energie vecteurs'!S5,FALSE) -> 0.28725648 | I79: =VLOOKUP(E79,Résultats!$B$2:$AX$476,'T energie vecteurs'!S5,FALSE) -> 6.1334348 | J79: =VLOOKUP(F79,Résultats!$B$2:$AX$476,'T energie vecteurs'!S5,FALSE) -> 15.725872 | K79: =VLOOKUP(G79,Résultats!$B$2:$AX$476,'T energie vecteurs'!S5,FALSE)+2 -> 19.630966 | L79: =SUM(H79:K79) -> 41.777529 | N79: Residential | O79: ='[2]Bilan 2030 AMS'!$V$46/11.63 -> 0 | P79: =SUM('[2]Bilan 2030 AMS'!$V$41:$V$43)/11.63 -> 0.95029336 | Q79: ='[2]Bilan 2030 AMS'!$V$13/11.63 -> 14.305529 | R79: =('[2]Bilan 2030 AMS'!$V$22+'[2]Bilan 2030 AMS'!$V$30+SUM('[2]Bilan 2030 AMS'!$V$36:$V$40)+SUM('[2]Bilan 2030 AMS'!$V$44:$V$45)+'[2]Bilan 2030 AMS'!$V$47)/11.63 -> 22.929924 | S79: =SUM(O79:R79) -> 38.185746 | T79: =S79-'[2]Bilan 2030 AMS'!$V$40/11.63 -> 30.776035 | U79: Residential | V79: ER_RESIDENTIAL_coal_2 | W79: ER_RESIDENTIAL_oil_2 | X79: ER_RESIDENTIAL_elec_2 | Y79: ER_RESIDENTIAL_gas_2 | Z79: 0.25897941 | AA79: 4.2343754 | AB79: 14.858888 | AC79: 21.718965 | AD79: 41.071207
C80: Service | D80: ER_TERTIARY_coal_2 | E80: ER_TERTIARY_oil_2 | F80: ER_TERTIARY_elec_2 | G80: ER_TERTIARY_gas_2 | H80: =VLOOKUP(D80,Résultats!$B$2:$AX$476,'T energie vecteurs'!S5,FALSE) -> 0 | I80: =VLOOKUP(E80,Résultats!$B$2:$AX$476,'T energie vecteurs'!S5,FALSE) -> 2.2188775 | J80: =VLOOKUP(F80,Résultats!$B$2:$AX$476,'T energie vecteurs'!S5,FALSE) -> 11.925121 | K80: =VLOOKUP(G80,Résultats!$B$2:$AX$476,'T energie vecteurs'!S5,FALSE) -> 8.4100796 | L80: =SUM(H80:K80) -> 22.554078 | N80: Service | O80: =('[2]Bilan 2030 AMS'!$W$46)/11.63 -> 0 | P80: =SUM('[2]Bilan 2030 AMS'!$W$41:$W$43)/11.63 -> 0.31365833 | Q80: =('[2]Bilan 2030 AMS'!$W$13)/11.63 -> 10.489063 | R80: =('[2]Bilan 2030 AMS'!$W$22+'[2]Bilan 2030 AMS'!$W$30+SUM('[2]Bilan 2030 AMS'!$W$36:$W$40)+SUM('[2]Bilan 2030 AMS'!$W$44:$W$45)+'[2]Bilan 2030 AMS'!$W$47)/11.63 -> 9.7519334 | S80: =SUM(O80:R80) -> 20.554655 | T80: =S80-'[2]Bilan 2030 AMS'!$W$40/11.63 -> 17.750637 | U80: Service | V80: ER_TERTIARY_coal_2 | W80: ER_TERTIARY_oil_2 | X80: ER_TERTIARY_elec_2 | Y80: ER_TERTIARY_gas_2 | Z80: 0 | AA80: 0.91867759 | AB80: 13.715239 | AC80: 8.8325598 | AD80: 23.466476
C81: Industry and agriculture | H81: =SUM(H82:H84) -> 2.4968145 | I81: =SUM(I82:I84) -> 13.672009 | J81: =SUM(J82:J84) -> 10.359772 | K81: =SUM(K82:K84) -> 15.987907 | L81: =SUM(H81:K81) -> 42.516502 | N81: Industry | O81: =O82+O83 -> 1.9316374 | P81: =P82+P83 -> 10.989093 | Q81: =Q82+Q83 -> 12.895608 | R81: =R82+R83 -> 14.75449 | S81: =SUM(O81:R81) -> 40.570828 | T81: =S81 -> 40.570828 | U81: Industry and agriculture | Z81: 2.1042666 | AA81: 11.965359 | AB81: 15.266799 | AC81: 10.378259 | AD81: 39.714683
C82: Industry | D82: ER_INDUS_coal_2 | E82: ER_INDUS_oil_2 | F82: ER_INDUS_elec_2 | G82: ER_INDUS_gas_2 | H82: =VLOOKUP(D82,Résultats!$B$2:$AX$476,'T energie vecteurs'!S5,FALSE) -> 1.6461488 | I82: =VLOOKUP(E82,Résultats!$B$2:$AX$476,'T energie vecteurs'!S5,FALSE) -> 8.6051649 | J82: =VLOOKUP(F82,Résultats!$B$2:$AX$476,'T energie vecteurs'!S5,FALSE) -> 10.006814 | K82: =VLOOKUP(G82,Résultats!$B$2:$AX$476,'T energie vecteurs'!S5,FALSE) -> 13.187146 | L82: =SUM(H82:K82) -> 33.445273 | N82: Industry energetic uses | O82: ='[2]Bilan 2030 AMS'!$U$46/11.63 -> 0.079598073 | P82: =SUM('[2]Bilan 2030 AMS'!$U$41:$U$43)/11.63 -> 1.0624356 | Q82: ='[2]Bilan 2030 AMS'!$U$13/11.63 -> 12.895608 | R82: =('[2]Bilan 2030 AMS'!$U$22+'[2]Bilan 2030 AMS'!$U$30+SUM('[2]Bilan 2030 AMS'!$U$36:$U$40)+SUM('[2]Bilan 2030 AMS'!$U$44:$U$45)+'[2]Bilan 2030 AMS'!$U$47)/11.63 -> 13.492674 | S82: =SUM(O82:R82) -> 27.530315 | U82: Industry | V82: ER_INDUS_coal_2 | W82: ER_INDUS_oil_2 | X82: ER_INDUS_elec_2 | Y82: ER_INDUS_gas_2 | Z82: 1.2531849 | AA82: 6.8660711 | AB82: 14.92708 | AC82: 7.8350085 | AD82: 30.881345
C83: Industry non energetic uses | D83: Q_Mtep_indus_21_2 | E83: Q_Mtep_indus_22_2 | F83: Q_Mtep_indus_23_2 | G83: Q_Mtep_indus_24_2 | H83: =VLOOKUP(D83,Résultats!$B$2:$AX$476,'T energie vecteurs'!S5,FALSE) -> 0.8506657 | I83: =VLOOKUP(E83,Résultats!$B$2:$AX$476,'T energie vecteurs'!S5,FALSE) -> 2.1490388 | J83: =VLOOKUP(F83,Résultats!$B$2:$AX$476,'T energie vecteurs'!S5,FALSE) -> 0 | K83: =VLOOKUP(G83,Résultats!$B$2:$AX$476,'T energie vecteurs'!S5,FALSE) -> 2.3487998 | L83: =SUM(H83:K83) -> 5.3485042 | N83: Industry non energetic uses | O83: ='[2]Bilan 2030 AMS'!$E$52/11.63 -> 1.8520393 | P83: =('[2]Bilan 2030 AMS'!$E$54+'[2]Bilan 2030 AMS'!$E$56)/11.63 -> 9.9266576 | Q83: 0 | R83: =('[2]Bilan 2030 AMS'!$E$53+'[2]Bilan 2030 AMS'!$E$55+'[2]Bilan 2030 AMS'!$E$57)/11.63 -> 1.2618159 | S83: =SUM(O83:R83) -> 13.040513 | U83: Industry non energetic uses | V83: Q_Mtep_indus_21_2 | W83: Q_Mtep_indus_22_2 | X83: Q_Mtep_indus_23_2 | Y83: Q_Mtep_indus_24_2 | Z83: 0.85108171 | AA83: 2.1778862 | AB83: 0 | AC83: 2.1070044 | AD83: 5.1359724
C84: Agriculture | D84: ER_AGRICULTURE_coal_2 | E84: ER_AGRICULTURE_oil_2 | F84: ER_AGRICULTURE_elec_2 | G84: ER_AGRICULTURE_gas_2 | H84: =VLOOKUP(D84,Résultats!$B$2:$AX$476,'T energie vecteurs'!S5,FALSE) -> 0 | I84: =VLOOKUP(E84,Résultats!$B$2:$AX$476,'T energie vecteurs'!S5,FALSE) -> 2.9178052 | J84: =VLOOKUP(F84,Résultats!$B$2:$AX$476,'T energie vecteurs'!S5,FALSE) -> 0.35295849 | K84: =VLOOKUP(G84,Résultats!$B$2:$AX$476,'T energie vecteurs'!S5,FALSE) -> 0.45196132 | L84: =SUM(H84:K84) -> 3.722725 | N84: Agriculture | O84: ='[2]Bilan 2030 AMS'!$T$46/11.63 -> 0 | P84: =SUM('[2]Bilan 2030 AMS'!$T$41:$T$43)/11.63 -> 2.9892693 | Q84: ='[2]Bilan 2030 AMS'!$T$13/11.63 -> 0.6683511 | R84: =('[2]Bilan 2030 AMS'!$T$22+'[2]Bilan 2030 AMS'!$T$30+SUM('[2]Bilan 2030 AMS'!$T$36:$T$40)+SUM('[2]Bilan 2030 AMS'!$T$44:$T$45)+'[2]Bilan 2030 AMS'!$T$47)/11.63 -> 1.2068345 | S84: =SUM(O84:R84) -> 4.8644549 | T84: =S84 -> 4.8644549 | U84: Agriculture | V84: ER_AGRICULTURE_coal_2 | W84: ER_AGRICULTURE_oil_2 | X84: ER_AGRICULTURE_elec_2 | Y84: ER_AGRICULTURE_gas_2 | Z84: 0 | AA84: 2.9214013 | AB84: 0.33971871 | AC84: 0.43624562 | AD84: 3.6973657
C85: Total Final Mtep | H85: =SUM(H76,H79:H81) -> 2.784071 | I85: =SUM(I76,I79:I81) -> 60.283971 | J85: =SUM(J76,J79:J81) -> 41.490495 | K85: =SUM(K76,K79:K81) -> 45.358646 | L85: =SUM(H85:K85) -> 149.91718 | N85: Total Final Mtep | O85: =O76+O79+O80+O81+O84 -> 1.9316374 | P85: =P76+P79+P80+P81+P84 -> 46.567848 | Q85: =Q76+Q79+Q80+Q81+Q84 -> 41.314616 | R85: =R76+R79+R80+R81+R84 -> 49.288382 | S85: =SUM(O85:R85) -> 139.10248 | T85: =SUM(T76:T84) -> 128.88875 | U85: Total Final Mtep | Z85: 2.3632461 | AA85: 53.149783 | AB85: 47.512089 | AC85: 41.511924 | AD85: 144.53704
C88: 2035 | H88: coal | I88: fuel and biofuel | J88: elec | K88: gas biogas biomass | L88: Total | N88: 2035 | O88: coal | P88: fuel and biofuel | Q88: elec | R88: gas biogas biomass | S88: Total | T88: Hors chal env PAC | U88: 2035 | Z88: coal | AA88: fuel and biofuel | AB88: elec | AC88: gas biogas biomass | AD88: Total
C89: Transport | H89: =SUM(H90:H91) -> 0 | I89: =SUM(I90:I91) -> 35.697461 | J89: =SUM(J90:J91) -> 4.5074361 | K89: =SUM(K90:K91) -> 2.2446375 | L89: =SUM(H89:K89) -> 42.449534 | N89: Transport | O89: ='[2]Bilan 2035 AMS'!$X$46/11.63 -> 0 | P89: =SUM('[2]Bilan 2035 AMS'!$X$41:$X$43)/11.63 -> 21.730689 | Q89: ='[2]Bilan 2035 AMS'!$X$13/11.63 -> 5.5762371 | R89: =('[2]Bilan 2035 AMS'!$X$22+'[2]Bilan 2035 AMS'!$X$30+SUM('[2]Bilan 2035 AMS'!$X$36:$X$40)+SUM('[2]Bilan 2035 AMS'!$X$44:$X$45)+'[2]Bilan 2035 AMS'!$X$47)/11.63 -> 0.86916507 | S89: =SUM(O89:R89) -> 28.176092 | T89: =S89 -> 28.176092 | U89: Transport | Z89: 0 | AA89: 28.590726 | AB89: 6.0775778 | AC89: 0.50850882 | AD89: 35.176813
C90: Personal vehicles | D90: ER_TRANS_PRIVATE_coal_2 | E90: ER_TRANS_PRIVATE_oil_2 | F90: ER_TRANS_PRIVATE_elec_2 | G90: ER_TRANS_PRIVATE_gas_2 | H90: =VLOOKUP(D90,Résultats!$B$2:$AX$476,'T energie vecteurs'!T5,FALSE) -> 0 | I90: =VLOOKUP(E90,Résultats!$B$2:$AX$476,'T energie vecteurs'!T5,FALSE) -> 18.065512 | J90: =VLOOKUP(F90,Résultats!$B$2:$AX$476,'T energie vecteurs'!T5,FALSE) -> 1.1573132 | K90: =VLOOKUP(G90,Résultats!$B$2:$AX$476,'T energie vecteurs'!T5,FALSE) -> 4.4606244e-05 | L90: =SUM(H90:K90) -> 19.22287 | N90: Personal vehicles | U90: Personal vehicles | V90: ER_TRANS_PRIVATE_coal_2 | W90: ER_TRANS_PRIVATE_oil_2 | X90: ER_TRANS_PRIVATE_elec_2 | Y90: ER_TRANS_PRIVATE_gas_2 | Z90: 0 | AA90: 14.935249 | AB90: 1.6584664 | AC90: 2.6589581e-05 | AD90: 16.593742
C91: Public and freight transport | D91: ER_TRANS_PUBLIC_coal_2 | E91: ER_TRANS_PUBLIC_oil_2 | F91: ER_TRANS_PUBLIC_elec_2 | G91: ER_TRANS_PUBLIC_gas_2 | H91: =VLOOKUP(D91,Résultats!$B$2:$AX$476,'T energie vecteurs'!T5,FALSE) -> 0 | I91: =VLOOKUP(E91,Résultats!$B$2:$AX$476,'T energie vecteurs'!T5,FALSE) -> 17.631948 | J91: =VLOOKUP(F91,Résultats!$B$2:$AX$476,'T energie vecteurs'!T5,FALSE) -> 3.3501229 | K91: =VLOOKUP(G91,Résultats!$B$2:$AX$476,'T energie vecteurs'!T5,FALSE) -> 2.2445928 | L91: =SUM(H91:K91) -> 23.226664 | N91: Public and freight transport | U91: Public and freight transport | V91: ER_TRANS_PUBLIC_coal_2 | W91: ER_TRANS_PUBLIC_oil_2 | X91: ER_TRANS_PUBLIC_elec_2 | Y91: ER_TRANS_PUBLIC_gas_2 | Z91: 0 | AA91: 13.655477 | AB91: 4.4191113 | AC91: 0.50848223 | AD91: 18.583071
C92: Residential | D92: ER_RESIDENTIAL_coal_2 | E92: ER_RESIDENTIAL_oil_2 | F92: ER_RESIDENTIAL_elec_2 | G92: ER_RESIDENTIAL_gas_2 | H92: =VLOOKUP(D92,Résultats!$B$2:$AX$476,'T energie vecteurs'!T5,FALSE) -> 0.2797264 | I92: =VLOOKUP(E92,Résultats!$B$2:$AX$476,'T energie vecteurs'!T5,FALSE) -> 6.1666431 | J92: =VLOOKUP(F92,Résultats!$B$2:$AX$476,'T energie vecteurs'!T5,FALSE) -> 16.493902 | K92: =VLOOKUP(G92,Résultats!$B$2:$AX$476,'T energie vecteurs'!T5,FALSE)+2 -> 20.054338 | L92: =SUM(H92:K92) -> 42.99461 | N92: Residential | O92: ='[2]Bilan 2035 AMS'!$V$46/11.63 -> 0 | P92: =SUM('[2]Bilan 2035 AMS'!$V$41:$V$43)/11.63 -> 0.10251745 | Q92: ='[2]Bilan 2035 AMS'!$V$13/11.63 -> 13.303102 | R92: =('[2]Bilan 2035 AMS'!$V$22+'[2]Bilan 2035 AMS'!$V$30+SUM('[2]Bilan 2035 AMS'!$V$36:$V$40)+SUM('[2]Bilan 2035 AMS'!$V$44:$V$45)+'[2]Bilan 2035 AMS'!$V$47)/11.63 -> 23.111818 | S92: =SUM(O92:R92) -> 36.517438 | T92: =S92-'[2]Bilan 2035 AMS'!$V$40/11.63 -> 27.392082 | U92: Residential | V92: ER_RESIDENTIAL_coal_2 | W92: ER_RESIDENTIAL_oil_2 | X92: ER_RESIDENTIAL_elec_2 | Y92: ER_RESIDENTIAL_gas_2 | Z92: 0.22804254 | AA92: 2.9946789 | AB92: 14.779865 | AC92: 22.938675 | AD92: 40.941262
C93: Service | D93: ER_TERTIARY_coal_2 | E93: ER_TERTIARY_oil_2 | F93: ER_TERTIARY_elec_2 | G93: ER_TERTIARY_gas_2 | H93: =VLOOKUP(D93,Résultats!$B$2:$AX$476,'T energie vecteurs'!T5,FALSE) -> 0 | I93: =VLOOKUP(E93,Résultats!$B$2:$AX$476,'T energie vecteurs'!T5,FALSE) -> 2.0132998 | J93: =VLOOKUP(F93,Résultats!$B$2:$AX$476,'T energie vecteurs'!T5,FALSE) -> 12.128935 | K93: =VLOOKUP(G93,Résultats!$B$2:$AX$476,'T energie vecteurs'!T5,FALSE) -> 8.0835402 | L93: =SUM(H93:K93) -> 22.225775 | N93: Service | O93: =('[2]Bilan 2035 AMS'!$W$46)/11.63 -> 0 | P93: =SUM('[2]Bilan 2035 AMS'!$W$41:$W$43)/11.63 -> 0.18654565 | Q93: =('[2]Bilan 2035 AMS'!$W$13)/11.63 -> 10.475485 | R93: =('[2]Bilan 2035 AMS'!$W$22+'[2]Bilan 2035 AMS'!$W$30+SUM('[2]Bilan 2035 AMS'!$W$36:$W$40)+SUM('[2]Bilan 2035 AMS'!$W$44:$W$45)+'[2]Bilan 2035 AMS'!$W$47)/11.63 -> 9.819281 | S93: =SUM(O93:R93) -> 20.481311 | T93: =S93-'[2]Bilan 2035 AMS'!$W$40/11.63 -> 16.836592 | U93: Service | V93: ER_TERTIARY_coal_2 | W93: ER_TERTIARY_oil_2 | X93: ER_TERTIARY_elec_2 | Y93: ER_TERTIARY_gas_2 | Z93: 0 | AA93: 0.93563671 | AB93: 13.188892 | AC93: 7.9145991 | AD93: 22.039128
C94: Industry | H94: =SUM(H95:H96) -> 2.6498441 | I94: =SUM(I95:I96) -> 11.400585 | J94: =SUM(J95:J96) -> 10.491117 | K94: =SUM(K95:K96) -> 16.055416 | L94: =SUM(H94:K94) -> 40.596962 | N94: Industry | O94: =O95+O96 -> 1.1271691 | P94: =P95+P96 -> 10.280328 | Q94: =Q95+Q96 -> 13.210126 | R94: =R95+R96 -> 14.365694 | S94: =SUM(O94:R94) -> 38.983317 | T94: =S94 -> 38.983317 | U94: Industry | Z94: 2.4367418 | AA94: 10.406239 | AB94: 13.919047 | AC94: 11.244982 | AD94: 38.00701
C95: Industry | D95: ER_INDUS_coal_2 | E95: ER_INDUS_oil_2 | F95: ER_INDUS_elec_2 | G95: ER_INDUS_gas_2 | H95: =VLOOKUP(D95,Résultats!$B$2:$AX$476,'T energie vecteurs'!T5,FALSE) -> 1.7697178 | I95: =VLOOKUP(E95,Résultats!$B$2:$AX$476,'T energie vecteurs'!T5,FALSE) -> 9.1451409 | J95: =VLOOKUP(F95,Résultats!$B$2:$AX$476,'T energie vecteurs'!T5,FALSE) -> 10.491117 | K95: =VLOOKUP(G95,Résultats!$B$2:$AX$476,'T energie vecteurs'!T5,FALSE) -> 13.639227 | L95: =SUM(H95:K95) -> 35.045203 | N95: Industry energetic uses | O95: ='[2]Bilan 2035 AMS'!$U$46/11.63 -> 0.051206344 | P95: =SUM('[2]Bilan 2035 AMS'!$U$41:$U$43)/11.63 -> 0.67012073 | Q95: ='[2]Bilan 2035 AMS'!$U$13/11.63 -> 13.210126 | R95: =('[2]Bilan 2035 AMS'!$U$22+'[2]Bilan 2035 AMS'!$U$30+SUM('[2]Bilan 2035 AMS'!$U$36:$U$40)+SUM('[2]Bilan 2035 AMS'!$U$44:$U$45)+'[2]Bilan 2035 AMS'!$U$47)/11.63 -> 13.122327 | S95: =SUM(O95:R95) -> 27.05378 | U95: Industry | V95: ER_INDUS_coal_2 | W95: ER_INDUS_oil_2 | X95: ER_INDUS_elec_2 | Y95: ER_INDUS_gas_2 | Z95: 1.571886 | AA95: 8.1319094 | AB95: 13.919047 | AC95: 9.0984446 | AD95: 32.721287
C96: Industry non energetic uses | D96: Q_Mtep_indus_21_2 | E96: Q_Mtep_indus_22_2 | F96: Q_Mtep_indus_23_2 | G96: Q_Mtep_indus_24_2 | H96: =VLOOKUP(D96,Résultats!$B$2:$AX$476,'T energie vecteurs'!T5,FALSE) -> 0.88012629 | I96: =VLOOKUP(E96,Résultats!$B$2:$AX$476,'T energie vecteurs'!T5,FALSE) -> 2.2554439 | J96: =VLOOKUP(F96,Résultats!$B$2:$AX$476,'T energie vecteurs'!T5,FALSE) -> 0 | K96: =VLOOKUP(G96,Résultats!$B$2:$AX$476,'T energie vecteurs'!T5,FALSE) -> 2.4161893 | L96: =SUM(H96:K96) -> 5.5517595 | N96: Industry non energetic uses | O96: ='[2]Bilan 2035 AMS'!$E$52/11.63 -> 1.0759627 | P96: =('[2]Bilan 2035 AMS'!$E$54+'[2]Bilan 2035 AMS'!$E$56)/11.63 -> 9.6102073 | Q96: 0 | R96: =('[2]Bilan 2035 AMS'!$E$53+'[2]Bilan 2035 AMS'!$E$55+'[2]Bilan 2035 AMS'!$E$57)/11.63 -> 1.2433663 | S96: =SUM(O96:R96) -> 11.929536 | U96: Industry non energetic uses | V96: Q_Mtep_indus_21_2 | W96: Q_Mtep_indus_22_2 | X96: Q_Mtep_indus_23_2 | Y96: Q_Mtep_indus_24_2 | Z96: 0.86485571 | AA96: 2.2743293 | AB96: 0 | AC96: 2.1465373 | AD96: 5.2857223
C97: Agriculture | D97: ER_AGRICULTURE_coal_2 | E97: ER_AGRICULTURE_oil_2 | F97: ER_AGRICULTURE_elec_2 | G97: ER_AGRICULTURE_gas_2 | H97: =VLOOKUP(D97,Résultats!$B$2:$AX$476,'T energie vecteurs'!T5,FALSE) -> 0 | I97: =VLOOKUP(E97,Résultats!$B$2:$AX$476,'T energie vecteurs'!T5,FALSE) -> 3.0708692 | J97: =VLOOKUP(F97,Résultats!$B$2:$AX$476,'T energie vecteurs'!T5,FALSE) -> 0.36579147 | K97: =VLOOKUP(G97,Résultats!$B$2:$AX$476,'T energie vecteurs'!T5,FALSE) -> 0.46963169 | L97: =SUM(H97:K97) -> 3.9062923 | N97: Agriculture | O97: ='[2]Bilan 2035 AMS'!$T$46/11.63 -> 0 | P97: =SUM('[2]Bilan 2035 AMS'!$T$41:$T$43)/11.63 -> 2.3885046 | Q97: ='[2]Bilan 2035 AMS'!$T$13/11.63 -> 0.74285941 | R97: =('[2]Bilan 2035 AMS'!$T$22+'[2]Bilan 2035 AMS'!$T$30+SUM('[2]Bilan 2035 AMS'!$T$36:$T$40)+SUM('[2]Bilan 2035 AMS'!$T$44:$T$45)+'[2]Bilan 2035 AMS'!$T$47)/11.63 -> 1.4427553 | S97: =SUM(O97:R97) -> 4.5741193 | T97: =S97 -> 4.5741193 | U97: Agriculture | V97: ER_AGRICULTURE_coal_2 | W97: ER_AGRICULTURE_oil_2 | X97: ER_AGRICULTURE_elec_2 | Y97: ER_AGRICULTURE_gas_2 | Z97: 0 | AA97: 3.0176947 | AB97: 0.35359975 | AC97: 0.44427558 | AD97: 3.81557
C98: Total Final Mtep | H98: =SUM(H89,H92:H94) -> 2.9295705 | I98: =SUM(I89,I92:I94) -> 55.277988 | J98: =SUM(J89,J92:J94) -> 43.621391 | K98: =SUM(K89,K92:K94) -> 46.437933 | L98: =SUM(H98:K98) -> 148.26688 | N98: Total Final Mtep | O98: =O89+O92+O93+O94+O97 -> 1.1271691 | P98: =P89+P92+P93+P94+P97 -> 34.688585 | Q98: =Q89+Q92+Q93+Q94+Q97 -> 43.307809 | R98: =R89+R92+R93+R94+R97 -> 49.608713 | S98: =SUM(O98:R98) -> 128.73228 | T98: =SUM(T89:T97) -> 115.9622 | U98: Total Final Mtep | Z98: 2.6647843 | AA98: 42.927281 | AB98: 47.965382 | AC98: 42.606765 | AD98: 136.16421
C101: 2040 | H101: coal | I101: fuel and biofuel | J101: elec | K101: gas biogas biomass | L101: Total | N101: 2040 | O101: coal | P101: fuel and biofuel | Q101: elec | R101: gas biogas biomass | S101: Total | T101: Hors chal env PAC | U101: 2040 | Z101: coal | AA101: fuel and biofuel | AB101: elec | AC101: gas biogas biomass | AD101: Total
C102: Transport | H102: =SUM(H103:H104) -> 0 | I102: =SUM(I103:I104) -> 33.480275 | J102: =SUM(J103:J104) -> 5.5276187 | K102: =SUM(K103:K104) -> 2.9891738 | L102: =SUM(H102:K102) -> 41.997068 | N102: Transport | O102: ='[2]Bilan 2040 AMS'!$X$46/11.63 -> 0 | P102: =SUM('[2]Bilan 2040 AMS'!$X$41:$X$43)/11.63 -> 11.929028 | Q102: ='[2]Bilan 2040 AMS'!$X$13/11.63 -> 8.4770891 | R102: =('[2]Bilan 2040 AMS'!$X$22+'[2]Bilan 2040 AMS'!$X$30+SUM('[2]Bilan 2040 AMS'!$X$36:$X$40)+SUM('[2]Bilan 2040 AMS'!$X$44:$X$45)+'[2]Bilan 2040 AMS'!$X$47)/11.63 -> 1.0341628 | S102: =SUM(O102:R102) -> 21.440279 | T102: =S102 -> 21.440279 | U102: Transport | Z102: 0 | AA102: 20.148206 | AB102: 8.8730697 | AC102: 0.45473485 | AD102: 29.476011
C103: Personal vehicles | D103: ER_TRANS_PRIVATE_coal_2 | E103: ER_TRANS_PRIVATE_oil_2 | F103: ER_TRANS_PRIVATE_elec_2 | G103: ER_TRANS_PRIVATE_gas_2 | H103: =VLOOKUP(D103,Résultats!$B$2:$AX$476,'T energie vecteurs'!U5,FALSE) -> 0 | I103: =VLOOKUP(E103,Résultats!$B$2:$AX$476,'T energie vecteurs'!U5,FALSE) -> 16.334999 | J103: =VLOOKUP(F103,Résultats!$B$2:$AX$476,'T energie vecteurs'!U5,FALSE) -> 1.9060047 | K103: =VLOOKUP(G103,Résultats!$B$2:$AX$476,'T energie vecteurs'!U5,FALSE) -> 5.3073573e-05 | L103: =SUM(H103:K103) -> 18.241057 | N103: Personal vehicles | U103: Personal vehicles | V103: ER_TRANS_PRIVATE_coal_2 | W103: ER_TRANS_PRIVATE_oil_2 | X103: ER_TRANS_PRIVATE_elec_2 | Y103: ER_TRANS_PRIVATE_gas_2 | Z103: 0 | AA103: 10.572705 | AB103: 2.741658 | AC103: 1.9064586e-05 | AD103: 13.314382
C104: Public and freight transport | D104: ER_TRANS_PUBLIC_coal_2 | E104: ER_TRANS_PUBLIC_oil_2 | F104: ER_TRANS_PUBLIC_elec_2 | G104: ER_TRANS_PUBLIC_gas_2 | H104: =VLOOKUP(D104,Résultats!$B$2:$AX$476,'T energie vecteurs'!U5,FALSE) -> 0 | I104: =VLOOKUP(E104,Résultats!$B$2:$AX$476,'T energie vecteurs'!U5,FALSE) -> 17.145276 | J104: =VLOOKUP(F104,Résultats!$B$2:$AX$476,'T energie vecteurs'!U5,FALSE) -> 3.621614 | K104: =VLOOKUP(G104,Résultats!$B$2:$AX$476,'T energie vecteurs'!U5,FALSE) -> 2.9891208 | L104: =SUM(H104:K104) -> 23.75601 | N104: Public and freight transport | U104: Public and freight transport | V104: ER_TRANS_PUBLIC_coal_2 | W104: ER_TRANS_PUBLIC_oil_2 | X104: ER_TRANS_PUBLIC_elec_2 | Y104: ER_TRANS_PUBLIC_gas_2 | Z104: 0 | AA104: 9.5755012 | AB104: 6.1314118 | AC104: 0.45471579 | AD104: 16.161629
C105: Residential | D105: ER_RESIDENTIAL_coal_2 | E105: ER_RESIDENTIAL_oil_2 | F105: ER_RESIDENTIAL_elec_2 | G105: ER_RESIDENTIAL_gas_2 | H105: =VLOOKUP(D105,Résultats!$B$2:$AX$476,'T energie vecteurs'!U5,FALSE) -> 0.26667006 | I105: =VLOOKUP(E105,Résultats!$B$2:$AX$476,'T energie vecteurs'!U5,FALSE) -> 6.1515047 | J105: =VLOOKUP(F105,Résultats!$B$2:$AX$476,'T energie vecteurs'!U5,FALSE) -> 17.045162 | K105: =VLOOKUP(G105,Résultats!$B$2:$AX$476,'T energie vecteurs'!U5,FALSE)+2 -> 20.008401 | L105: =SUM(H105:K105) -> 43.471738 | N105: Residential | O105: ='[2]Bilan 2040 AMS'!$V$46/11.63 -> 0 | P105: =SUM('[2]Bilan 2040 AMS'!$V$41:$V$43)/11.63 -> 0.039405955 | Q105: ='[2]Bilan 2040 AMS'!$V$13/11.63 -> 13.005046 | R105: =('[2]Bilan 2040 AMS'!$V$22+'[2]Bilan 2040 AMS'!$V$30+SUM('[2]Bilan 2040 AMS'!$V$36:$V$40)+SUM('[2]Bilan 2040 AMS'!$V$44:$V$45)+'[2]Bilan 2040 AMS'!$V$47)/11.63 -> 23.419883 | S105: =SUM(O105:R105) -> 36.464335 | T105: =S105-'[2]Bilan 2040 AMS'!$V$40/11.63 -> 24.690608 | U105: Residential | V105: ER_RESIDENTIAL_coal_2 | W105: ER_RESIDENTIAL_oil_2 | X105: ER_RESIDENTIAL_elec_2 | Y105: ER_RESIDENTIAL_gas_2 | Z105: 0.19722111 | AA105: 2.0539361 | AB105: 14.378896 | AC105: 23.398492 | AD105: 40.028545
C106: Service | D106: ER_TERTIARY_coal_2 | E106: ER_TERTIARY_oil_2 | F106: ER_TERTIARY_elec_2 | G106: ER_TERTIARY_gas_2 | H106: =VLOOKUP(D106,Résultats!$B$2:$AX$476,'T energie vecteurs'!U5,FALSE) -> 0 | I106: =VLOOKUP(E106,Résultats!$B$2:$AX$476,'T energie vecteurs'!U5,FALSE) -> 1.8730849 | J106: =VLOOKUP(F106,Résultats!$B$2:$AX$476,'T energie vecteurs'!U5,FALSE) -> 12.056046 | K106: =VLOOKUP(G106,Résultats!$B$2:$AX$476,'T energie vecteurs'!U5,FALSE) -> 7.6242844 | L106: =SUM(H106:K106) -> 21.553416 | N106: Service | O106: =('[2]Bilan 2040 AMS'!$W$46)/11.63 -> 0 | P106: =SUM('[2]Bilan 2040 AMS'!$W$41:$W$43)/11.63 -> 0.062288454 | Q106: =('[2]Bilan 2040 AMS'!$W$13)/11.63 -> 10.436146 | R106: =('[2]Bilan 2040 AMS'!$W$22+'[2]Bilan 2040 AMS'!$W$30+SUM('[2]Bilan 2040 AMS'!$W$36:$W$40)+SUM('[2]Bilan 2040 AMS'!$W$44:$W$45)+'[2]Bilan 2040 AMS'!$W$47)/11.63 -> 9.7634935 | S106: =SUM(O106:R106) -> 20.261928 | T106: =S106-'[2]Bilan 2040 AMS'!$W$40/11.63 -> 15.781568 | U106: Service | V106: ER_TERTIARY_coal_2 | W106: ER_TERTIARY_oil_2 | X106: ER_TERTIARY_elec_2 | Y106: ER_TERTIARY_gas_2 | Z106: 0 | AA106: 0.9432283 | AB106: 11.962708 | AC106: 7.8588873 | AD106: 20.764824
C107: Industry and agriculture | H107: =SUM(H108:H110) -> 2.8316529 | I107: =SUM(I108:I110) -> 15.457661 | J107: =SUM(J108:J110) -> 11.49197 | K107: =SUM(K108:K110) -> 17.163737 | L107: =SUM(H107:K107) -> 46.945021 | N107: Industry | O107: =O108+O109 -> 1.0449522 | P107: =P108+P109 -> 9.6454858 | Q107: =Q108+Q109 -> 13.633135 | R107: =R108+R109 -> 13.902937 | S107: =SUM(O107:R107) -> 38.22651 | T107: =S107 -> 38.22651 | U107: Industry and agriculture | Z107: 2.532272 | AA107: 14.009129 | AB107: 13.496834 | AC107: 12.939159 | AD107: 42.977393
C108: Industry | D108: ER_INDUS_coal_2 | E108: ER_INDUS_oil_2 | F108: ER_INDUS_elec_2 | G108: ER_INDUS_gas_2 | H108: =VLOOKUP(D108,Résultats!$B$2:$AX$476,'T energie vecteurs'!U5,FALSE) -> 1.9111255 | I108: =VLOOKUP(E108,Résultats!$B$2:$AX$476,'T energie vecteurs'!U5,FALSE) -> 9.795833 | J108: =VLOOKUP(F108,Résultats!$B$2:$AX$476,'T energie vecteurs'!U5,FALSE) -> 11.110822 | K108: =VLOOKUP(G108,Résultats!$B$2:$AX$476,'T energie vecteurs'!U5,FALSE) -> 14.179818 | L108: =SUM(H108:K108) -> 36.997598 | N108: Industry energetic uses | O108: ='[2]Bilan 2040 AMS'!$U$46/11.63 -> 0.026869093 | P108: =SUM('[2]Bilan 2040 AMS'!$U$41:$U$43)/11.63 -> 0.32770211 | Q108: ='[2]Bilan 2040 AMS'!$U$13/11.63 -> 13.633135 | R108: =('[2]Bilan 2040 AMS'!$U$22+'[2]Bilan 2040 AMS'!$U$30+SUM('[2]Bilan 2040 AMS'!$U$36:$U$40)+SUM('[2]Bilan 2040 AMS'!$U$44:$U$45)+'[2]Bilan 2040 AMS'!$U$47)/11.63 -> 12.662819 | S108: =SUM(O108:R108) -> 26.650525 | U108: Industry | V108: ER_INDUS_coal_2 | W108: ER_INDUS_oil_2 | X108: ER_INDUS_elec_2 | Y108: ER_INDUS_gas_2 | Z108: 1.6619787 | AA108: 8.4872417 | AB108: 13.133262 | AC108: 10.301723 | AD108: 33.584205
C109: Industry non energetic uses | D109: Q_Mtep_indus_21_2 | E109: Q_Mtep_indus_22_2 | F109: Q_Mtep_indus_23_2 | G109: Q_Mtep_indus_24_2 | H109: =VLOOKUP(D109,Résultats!$B$2:$AX$476,'T energie vecteurs'!U5,FALSE) -> 0.92052744 | I109: =VLOOKUP(E109,Résultats!$B$2:$AX$476,'T energie vecteurs'!U5,FALSE) -> 2.3918748 | J109: =VLOOKUP(F109,Résultats!$B$2:$AX$476,'T energie vecteurs'!U5,FALSE) -> 0 | K109: =VLOOKUP(G109,Résultats!$B$2:$AX$476,'T energie vecteurs'!U5,FALSE) -> 2.4964517 | L109: =SUM(H109:K109) -> 5.8088539 | N109: Industry non energetic uses | O109: ='[2]Bilan 2040 AMS'!$E$52/11.63 -> 1.0180831 | P109: =('[2]Bilan 2040 AMS'!$E$54+'[2]Bilan 2040 AMS'!$E$56)/11.63 -> 9.3177837 | Q109: 0 | R109: =('[2]Bilan 2040 AMS'!$E$53+'[2]Bilan 2040 AMS'!$E$55+'[2]Bilan 2040 AMS'!$E$57)/11.63 -> 1.2401175 | S109: =SUM(O109:R109) -> 11.575984 | U109: Industry non energetic uses | V109: Q_Mtep_indus_21_2 | W109: Q_Mtep_indus_22_2 | X109: Q_Mtep_indus_23_2 | Y109: Q_Mtep_indus_24_2 | Z109: 0.87029336 | AA109: 2.3845051 | AB109: 0 | AC109: 2.1881881 | AD109: 5.4429866
C110: Agriculture | D110: ER_AGRICULTURE_coal_2 | E110: ER_AGRICULTURE_oil_2 | F110: ER_AGRICULTURE_elec_2 | G110: ER_AGRICULTURE_gas_2 | H110: =VLOOKUP(D110,Résultats!$B$2:$AX$476,'T energie vecteurs'!U5,FALSE) -> 0 | I110: =VLOOKUP(E110,Résultats!$B$2:$AX$476,'T energie vecteurs'!U5,FALSE) -> 3.2699532 | J110: =VLOOKUP(F110,Résultats!$B$2:$AX$476,'T energie vecteurs'!U5,FALSE) -> 0.38114804 | K110: =VLOOKUP(G110,Résultats!$B$2:$AX$476,'T energie vecteurs'!U5,FALSE) -> 0.48746805 | L110: =SUM(H110:K110) -> 4.1385693 | N110: Agriculture | O110: ='[2]Bilan 2040 AMS'!$T$46/11.63 -> 0 | P110: =SUM('[2]Bilan 2040 AMS'!$T$41:$T$43)/11.63 -> 1.7885167 | Q110: ='[2]Bilan 2040 AMS'!$T$13/11.63 -> 0.81736772 | R110: =('[2]Bilan 2040 AMS'!$T$22+'[2]Bilan 2040 AMS'!$T$30+SUM('[2]Bilan 2040 AMS'!$T$36:$T$40)+SUM('[2]Bilan 2040 AMS'!$T$44:$T$45)+'[2]Bilan 2040 AMS'!$T$47)/11.63 -> 1.678676 | S110: =SUM(O110:R110) -> 4.2845604 | T110: =S110 -> 4.2845604 | U110: Agriculture | V110: ER_AGRICULTURE_coal_2 | W110: ER_AGRICULTURE_oil_2 | X110: ER_AGRICULTURE_elec_2 | Y110: ER_AGRICULTURE_gas_2 | Z110: 0 | AA110: 3.1373819 | AB110: 0.36357131 | AC110: 0.44924858 | AD110: 3.9502018
C111: Total Final Mtep | H111: =SUM(H102,H105:H107) -> 3.098323 | I111: =SUM(I102,I105:I107) -> 56.962525 | J111: =SUM(J102,J105:J107) -> 46.120796 | K111: =SUM(K102,K105:K107) -> 47.785597 | L111: =SUM(H111:K111) -> 153.96724 | N111: Total Final Mtep | O111: =O102+O105+O106+O107+O110 -> 1.0449522 | P111: =P102+P105+P106+P107+P110 -> 23.464724 | Q111: =Q102+Q105+Q106+Q107+Q110 -> 46.368784 | R111: =R102+R105+R106+R107+R110 -> 49.799152 | S111: =SUM(O111:R111) -> 120.67761 | T111: =SUM(T102:T110) -> 104.42353 | U111: Total Final Mtep | Z111: 2.7294931 | AA111: 37.154499 | AB111: 48.711508 | AC111: 44.651273 | AD111: 133.24677
C114: 2050 | H114: coal | I114: fuel and biofuel | J114: elec | K114: gas biogas biomass | L114: Total | N114: 2050 | O114: coal | P114: fuel and biofuel | Q114: elec | R114: gas biogas biomass | S114: Total | T114: Hors chal env PAC | U114: 2050 | Z114: coal | AA114: fuel and biofuel | AB114: elec | AC114: gas biogas biomass | AD114: Total
C115: Transport | H115: =SUM(H116:H117) -> 0 | I115: =SUM(I116:I117) -> 30.734949 | J115: =SUM(J116:J117) -> 7.2576089 | K115: =SUM(K116:K117) -> 3.5280445 | L115: =SUM(H115:K115) -> 41.520603 | N115: Transport | O115: ='[2]Bilan 2050 AMS'!$X$46/11.63 -> 0 | P115: =SUM('[2]Bilan 2050 AMS'!$X$41:$X$43)/11.63 -> 2.1033133 | Q115: ='[2]Bilan 2050 AMS'!$X$13/11.63 -> 11.110772 | R115: =('[2]Bilan 2050 AMS'!$X$22+'[2]Bilan 2050 AMS'!$X$30+SUM('[2]Bilan 2050 AMS'!$X$36:$X$40)+SUM('[2]Bilan 2050 AMS'!$X$44:$X$45)+'[2]Bilan 2050 AMS'!$X$47)/11.63 -> 1.2444308 | S115: =SUM(O115:R115) -> 14.458516 | T115: =S115 -> 14.458516 | U115: Transport | Z115: 0 | AA115: 6.3742445 | AB115: 13.733721 | AC115: 0.66529094 | AD115: 20.773256
C116: Personal vehicles | D116: ER_TRANS_PRIVATE_coal_2 | E116: ER_TRANS_PRIVATE_oil_2 | F116: ER_TRANS_PRIVATE_elec_2 | G116: ER_TRANS_PRIVATE_gas_2 | H116: =VLOOKUP(D116,Résultats!$B$2:$AX$476,'T energie vecteurs'!W5,FALSE) -> 0 | I116: =VLOOKUP(E116,Résultats!$B$2:$AX$476,'T energie vecteurs'!W5,FALSE) -> 12.722508 | J116: =VLOOKUP(F116,Résultats!$B$2:$AX$476,'T energie vecteurs'!W5,FALSE) -> 3.3224844 | K116: =VLOOKUP(G116,Résultats!$B$2:$AX$476,'T energie vecteurs'!W5,FALSE) -> 6.6604954e-05 | L116: =SUM(H116:K116) -> 16.045059 | N116: Personal vehicles | U116: Personal vehicles | V116: ER_TRANS_PRIVATE_coal_2 | W116: ER_TRANS_PRIVATE_oil_2 | X116: ER_TRANS_PRIVATE_elec_2 | Y116: ER_TRANS_PRIVATE_gas_2 | Z116: 0 | AA116: 1.0162019 | AB116: 5.4615458 | AC116: 1.8372471e-06 | AD116: 6.4777496
C117: Public and freight transport | D117: ER_TRANS_PUBLIC_coal_2 | E117: ER_TRANS_PUBLIC_oil_2 | F117: ER_TRANS_PUBLIC_elec_2 | G117: ER_TRANS_PUBLIC_gas_2 | H117: =VLOOKUP(D117,Résultats!$B$2:$AX$476,'T energie vecteurs'!W5,FALSE) -> 0 | I117: =VLOOKUP(E117,Résultats!$B$2:$AX$476,'T energie vecteurs'!W5,FALSE) -> 18.012441 | J117: =VLOOKUP(F117,Résultats!$B$2:$AX$476,'T energie vecteurs'!W5,FALSE) -> 3.9351245 | K117: =VLOOKUP(G117,Résultats!$B$2:$AX$476,'T energie vecteurs'!W5,FALSE) -> 3.5279778 | L117: =SUM(H117:K117) -> 25.475544 | N117: Public and freight transport | U117: Public and freight transport | V117: ER_TRANS_PUBLIC_coal_2 | W117: ER_TRANS_PUBLIC_oil_2 | X117: ER_TRANS_PUBLIC_elec_2 | Y117: ER_TRANS_PUBLIC_gas_2 | Z117: 0 | AA117: 5.3580426 | AB117: 8.2721752 | AC117: 0.6652891 | AD117: 14.295507
C118: Residential | D118: ER_RESIDENTIAL_coal_2 | E118: ER_RESIDENTIAL_oil_2 | F118: ER_RESIDENTIAL_elec_2 | G118: ER_RESIDENTIAL_gas_2 | H118: =VLOOKUP(D118,Résultats!$B$2:$AX$476,'T energie vecteurs'!W5,FALSE) -> 0.23336053 | I118: =VLOOKUP(E118,Résultats!$B$2:$AX$476,'T energie vecteurs'!W5,FALSE) -> 5.6125671 | J118: =VLOOKUP(F118,Résultats!$B$2:$AX$476,'T energie vecteurs'!W5,FALSE) -> 17.556763 | K118: =VLOOKUP(G118,Résultats!$B$2:$AX$476,'T energie vecteurs'!W5,FALSE)+2 -> 19.518006 | L118: =SUM(H118:K118) -> 42.920696 | N118: Residential | O118: ='[2]Bilan 2050 AMS'!$V$46/11.63 -> 0 | P118: =SUM('[2]Bilan 2050 AMS'!$V$41:$V$43)/11.63 -> 0.0011494997 | Q118: ='[2]Bilan 2050 AMS'!$V$13/11.63 -> 11.674656 | R118: =('[2]Bilan 2050 AMS'!$V$22+'[2]Bilan 2050 AMS'!$V$30+SUM('[2]Bilan 2050 AMS'!$V$36:$V$40)+SUM('[2]Bilan 2050 AMS'!$V$44:$V$45)+'[2]Bilan 2050 AMS'!$V$47)/11.63 -> 24.610838 | S118: =SUM(O118:R118) -> 36.286643 | T118: =S118-'[2]Bilan 2050 AMS'!$V$40/11.63 -> 21.646229 | U118: Residential | V118: ER_RESIDENTIAL_coal_2 | W118: ER_RESIDENTIAL_oil_2 | X118: ER_RESIDENTIAL_elec_2 | Y118: ER_RESIDENTIAL_gas_2 | Z118: 0.14409521 | AA118: 0.87016527 | AB118: 13.477343 | AC118: 22.005506 | AD118: 36.49711
C119: Service | D119: ER_TERTIARY_coal_2 | E119: ER_TERTIARY_oil_2 | F119: ER_TERTIARY_elec_2 | G119: ER_TERTIARY_gas_2 | H119: =VLOOKUP(D119,Résultats!$B$2:$AX$476,'T energie vecteurs'!W5,FALSE) -> 0 | I119: =VLOOKUP(E119,Résultats!$B$2:$AX$476,'T energie vecteurs'!W5,FALSE) -> 1.8688823 | J119: =VLOOKUP(F119,Résultats!$B$2:$AX$476,'T energie vecteurs'!W5,FALSE) -> 10.496773 | K119: =VLOOKUP(G119,Résultats!$B$2:$AX$476,'T energie vecteurs'!W5,FALSE) -> 6.4107032 | L119: =SUM(H119:K119) -> 18.776358 | N119: Service | O119: =('[2]Bilan 2050 AMS'!$W$46)/11.63 -> 0 | P119: =SUM('[2]Bilan 2050 AMS'!$W$41:$W$43)/11.63 -> 0.0051222286 | Q119: =('[2]Bilan 2050 AMS'!$W$13)/11.63 -> 10.591386 | R119: =('[2]Bilan 2050 AMS'!$W$22+'[2]Bilan 2050 AMS'!$W$30+SUM('[2]Bilan 2050 AMS'!$W$36:$W$40)+SUM('[2]Bilan 2050 AMS'!$W$44:$W$45)+'[2]Bilan 2050 AMS'!$W$47)/11.63 -> 9.4564448 | S119: =SUM(O119:R119) -> 20.052953 | T119: =S119-'[2]Bilan 2050 AMS'!$W$40/11.63 -> 14.485251 | U119: Service | V119: ER_TERTIARY_coal_2 | W119: ER_TERTIARY_oil_2 | X119: ER_TERTIARY_elec_2 | Y119: ER_TERTIARY_gas_2 | Z119: 0 | AA119: 0.8249469 | AB119: 8.8294995 | AC119: 9.464613 | AD119: 19.119059
...

Sheet T transport
A1: =Résultats!B1 -> SNBC3 | B1: Transport (milliers de km voyageurs) | C1: 2006 | D1: 2007 | E1: 2008 | F1: 2009 | G1: 2010 | H1: 2011 | I1: 2012 | J1: 2013 | K1: 2014 | L1: 2015 | M1: 2016 | N1: 2017 | O1: 2018 | P1: 2019 | Q1: 2020 | R1: 2021 | S1: 2022 | T1: 2023 | U1: 2024 | V1: 2025 | W1: 2026 | X1: 2027 | Y1: 2028 | Z1: 2029 | AA1: 2030 | AB1: 2031 | AC1: 2032 | AD1: 2033 | AE1: 2034 | AF1: 2035 | AG1: 2036 | AH1: 2037 | AI1: 2038 | AJ1: 2039 | AK1: 2040 | AL1: 2041 | AM1: 2042 | AN1: 2043 | AO1: 2044 | AP1: 2045 | AQ1: 2046 | AR1: 2047 | AS1: 2048 | AT1: 2049 | AU1: 2050 | AW1: Part modale hors avion | AX1: 2020 | AY1: 2030 | AZ1: 2050
B2: Total | C2: =C3+C4+C7 -> 842942.38 | D2: =D3+D4+D7 -> 869933.51 | E2: =E3+E4+E7 -> 882159.87 | F2: =F3+F4+F7 -> 903546.03 | G2: =G3+G4+G7 -> 918679.93 | H2: =H3+H4+H7 -> 951417.16 | I2: =I3+I4+I7 -> 985661.34 | J2: =J3+J4+J7 -> 1026216.2 | ... AU2: =AU3+AU4+AU7 -> 1297378.6 | AW2: voiture CD | AX2: =Q8/Q7 -> 0.9168438 | AY2: =AA8/AA7 -> 0.92409629 | AZ2: =AU8/AU7 -> 0.92481319
B3: Avion (France + RDM) | C3: =Résultats!E286 -> 13442.055 | D3: =Résultats!F286 -> 13760.192 | E3: =Résultats!G286 -> 14220.486 | F3: =Résultats!H286 -> 13766.211 | G3: =Résultats!I286 -> 13331.85 | H3: =Résultats!J286 -> 13703.852 | I3: =Résultats!K286 -> 14002.183 | J3: =Résultats!L286 -> 13923.816 | ... AU3: =Résultats!AW286 -> 22841.493 | AW3: voiture LD | AX3: =Q5/Q4 -> 0.68207261 | AY3: =AA5/AA4 -> 0.49453788 | AZ3: =AU5/AU4 -> 0.55342551
B4: Longue Distance (LD) | C4: =Résultats!E292 -> 248850.1 | D4: =Résultats!F292 -> 262554.18 | E4: =Résultats!G292 -> 270560.58 | F4: =Résultats!H292 -> 280313.27 | G4: =Résultats!I292 -> 287655.77 | H4: =Résultats!J292 -> 303446.28 | I4: =Résultats!K292 -> 321817.05 | J4: =Résultats!L292 -> 344000.67 | ... P4: =Résultats!R292 -> 393699.81 | Q4: =SUM(Q5:Q6) -> 405500.04 | R4: =SUM(R5:R6) -> 344969.09 | S4: =SUM(S5:S6) -> 346990.44 | T4: =SUM(T5:T6) -> 342836.98 | U4: =SUM(U5:U6) -> 341047.99 | V4: =SUM(V5:V6) -> 307996.64 | W4: =SUM(W5:W6) -> 300090.7 | X4: =SUM(X5:X6) -> 298846.73 | ... AU4: =SUM(AU5:AU6) -> 477576.37 | AW4: voiture CD+LD | AX4: =Q10/(Q7+Q4) -> 0.83420584 | AY4: =AA10/(AA7+AA4) -> 0.7648331 | AZ4: =AU10/(AU7+AU4) -> 0.7856521
B5: voiture LD | C5: =Résultats!E287 -> 163461.3 | D5: =Résultats!F287 -> 171749.84 | E5: =Résultats!G287 -> 178981.26 | F5: =Résultats!H287 -> 186059.12 | G5: =Résultats!I287 -> 192587.05 | H5: =Résultats!J287 -> 202066.85 | I5: =Résultats!K287 -> 216540.19 | J5: =Résultats!L287 -> 232360.58 | ... AU5: =Résultats!AW287 -> 264302.94
B6: train | C6: =Résultats!E290 -> 47168.089 | D6: =Résultats!F290 -> 48086.325 | E6: =Résultats!G290 -> 47749.278 | F6: =Résultats!H290 -> 48731.582 | G6: =Résultats!I290 -> 49222.122 | H6: =Résultats!J290 -> 50609.36 | I6: =Résultats!K290 -> 51063.036 | J6: =Résultats!L290 -> 51928.424 | ... P6: =Résultats!R290 -> 62187.078 | Q6: =Résultats!S289 -> 128919.57 | R6: =Résultats!T290 -> 61653.162 | S6: =Résultats!U290 -> 61830.075 | T6: =Résultats!V290 -> 61772.232 | U6: =Résultats!W290 -> 60466.543 | V6: =Résultats!X290 -> 57825.955 | W6: =Résultats!Y290 -> 57853.826 | X6: =Résultats!Z290 -> 58366.938 | Y6: =Résultats!AA290 -> 58607.795 | Z6: =Résultats!AB290 -> 58753.451 | AA6: =Résultats!AC289 -> 226903.46 | AB6: =Résultats!AD290 -> 58669.009 | AC6: =Résultats!AE290 -> 58799.155 | AD6: =Résultats!AF290 -> 58940.135 | AE6: =Résultats!AG290 -> 59007.558 | AF6: =Résultats!AH290 -> 58266.344 | AG6: =Résultats!AI290 -> 58803.107 | AH6: =Résultats!AJ290 -> 59069.608 | AI6: =Résultats!AK290 -> 59211.018 | ... AT6: =Résultats!AV290 -> 59839.46 | AU6: =Résultats!AW289 -> 213273.42 | BB6: Cibles DGEC
B7: Courte Distance (CD) | C7: =Résultats!E291 -> 580650.23 | D7: =Résultats!F291 -> 593619.13 | E7: =Résultats!G291 -> 597378.81 | F7: =Résultats!H291 -> 609466.55 | G7: =Résultats!I291 -> 617692.32 | H7: =Résultats!J291 -> 634267.03 | I7: =Résultats!K291 -> 649842.1 | J7: =Résultats!L291 -> 668291.69 | ... P7: =Résultats!R291 -> 742928.77 | Q7: =SUM(Q8:Q9) -> 746509.65 | R7: =SUM(R8:R9) -> 822384.57 | S7: =SUM(S8:S9) -> 829017.83 | T7: =SUM(T8:T9) -> 839939.71 | U7: =SUM(U8:U9) -> 844313.34 | V7: =SUM(V8:V9) -> 901232.41 | W7: =SUM(W8:W9) -> 900012.88 | X7: =SUM(X8:X9) -> 897995.1 | ... AU7: =SUM(AU8:AU9) -> 796960.78 | AW7: Avion | AX7: =Q3/Q2 -> 0.013379844 | AY7: =AA3/AA2 -> 0.013048756 | AZ7: =AU3/AU2 -> 0.01760588 | BB7: =[3]Trafic!$H$27/([3]Trafic!$H$30-[3]Trafic!$H$29) -> 0.0096732537 | BC7: =[3]Trafic!$J$27/([3]Trafic!$J$30-[3]Trafic!$J$29) -> 0.014577968 | BD7: =[3]Trafic!$N$27/([3]Trafic!$N$30-[3]Trafic!$N$29) -> 0.0065864877
B8: voiture CD | C8: =Résultats!E288 -> 533482.14 | D8: =Résultats!F288 -> 545533.01 | E8: =Résultats!G288 -> 549634.41 | F8: =Résultats!H288 -> 560739.95 | G8: =Résultats!I288 -> 568475.55 | H8: =Résultats!J288 -> 583663.22 | I8: =Résultats!K288 -> 598791.34 | J8: =Résultats!L288 -> 616379.45 | ... AU8: =Résultats!AW288 -> 737039.84 | AW8: train | AX8: =+Q6/Q2 -> 0.11041109 | AY8: =+AA6/AA2 -> 0.18495986 | AZ8: =+AU6/AU2 -> 0.16438796 | BB8: =[3]Trafic!$H$25/[3]Trafic!$H$31 -> 0.086581999 | BC8: =[3]Trafic!$J$25/[3]Trafic!$J$31 -> 0.14233557 | BD8: =[3]Trafic!$N$25/[3]Trafic!$N$31 -> 0.18954037
B9: bus | C9: =Résultats!E289 -> 85388.794 | D9: =Résultats!F289 -> 90808.657 | E9: =Résultats!G289 -> 91615.781 | F9: =Résultats!H289 -> 94295.043 | G9: =Résultats!I289 -> 95131.742 | H9: =Résultats!J289 -> 101454.85 | I9: =Résultats!K289 -> 105391.4 | J9: =Résultats!L289 -> 111767.77 | ... P9: =Résultats!R289 -> 123060.71 | Q9: =Résultats!S290 -> 62076.907 | R9: =Résultats!T289 -> 136876.41 | S9: =Résultats!U289 -> 141254.74 | T9: =Résultats!V289 -> 149276.34 | U9: =Résultats!W289 -> 150836.99 | V9: =Résultats!X289 -> 200275.58 | W9: =Résultats!Y289 -> 199731.37 | X9: =Résultats!Z289 -> 197992.83 | Y9: =Résultats!AA289 -> 196400.27 | Z9: =Résultats!AB289 -> 194980.32 | AA9: =Résultats!AC290 -> 57828.042 | AB9: =Résultats!AD289 -> 223368.29 | AC9: =Résultats!AE289 -> 219849.46 | AD9: =Résultats!AF289 -> 216459.71 | AE9: =Résultats!AG289 -> 213337.35 | AF9: =Résultats!AH289 -> 226921.48 | AG9: =Résultats!AI289 -> 223806.12 | AH9: =Résultats!AJ289 -> 221157.91 | AI9: =Résultats!AK289 -> 218754.98 | ... AT9: =Résultats!AV289 -> 215111.34 | AU9: =Résultats!AW290 -> 59920.938 | AW9: bus | AX9: =Q9/Q2 -> 0.053164768 | AY9: =AA9/AA2 -> 0.047138402 | AZ9: =AU9/AU2 -> 0.046186161 | BB9: =[3]Trafic!$H$26/[3]Trafic!$H$31 -> 0.050587052 | BC9: =[3]Trafic!$J$26/[3]Trafic!$J$31 -> 0.076007848 | BD9: =[3]Trafic!$N$26/[3]Trafic!$N$31 -> 0.098293993
B10: Voiture CD+LD | C10: =C5+C8 -> 696943.45 | D10: =D5+D8 -> 717282.86 | E10: =E5+E8 -> 728615.67 | F10: =F5+F8 -> 746799.07 | G10: =G5+G8 -> 761062.6 | H10: =H5+H8 -> 785730.07 | I10: =I5+I8 -> 815331.53 | J10: =J5+J8 -> 848740.03 | ... AU10: =AU5+AU8 -> 1001342.8 | AW10: route | AX10: =1-SUM(AX7:AX9) -> 0.8230443 | AY10: =1-SUM(AY7:AY9) -> 0.75485298 | AZ10: =1-SUM(AZ7:AZ9) -> 0.77182 | BB10: =([3]Trafic!$H$23+[3]Trafic!$H$28)/[3]Trafic!$H$30 -> 0.84698145 | BC10: =([3]Trafic!$J$23+[3]Trafic!$J$28)/[3]Trafic!$J$30 -> 0.75252159 | BD10: =([3]Trafic!$N$23+[3]Trafic!$N$28)/[3]Trafic!$N$30 -> 0.68588807
A12: TEND | B12: Transport (milliers de km voyageurs) | C12: 2006 | D12: 2007 | E12: 2008 | F12: 2009 | G12: 2010 | H12: 2011 | I12: 2012 | J12: 2013 | K12: 2014 | L12: 2015 | M12: 2016 | N12: 2017 | O12: 2018 | P12: 2019 | Q12: 2020 | R12: 2021 | S12: 2022 | T12: 2023 | U12: 2024 | V12: 2025 | W12: 2026 | X12: 2027 | Y12: 2028 | Z12: 2029 | AA12: 2030 | AB12: 2031 | AC12: 2032 | AD12: 2033 | AE12: 2034 | AF12: 2035 | AG12: 2036 | AH12: 2037 | AI12: 2038 | AJ12: 2039 | AK12: 2040 | AL12: 2041 | AM12: 2042 | AN12: 2043 | AO12: 2044 | AP12: 2045 | AQ12: 2046 | AR12: 2047 | AS12: 2048 | AT12: 2049 | AU12: 2050 | AW12: Part modale hors avion | AX12: 2020 | AY12: 2030 | AZ12: 2050
B13: Total | C13: =C14+C15+C18 -> 842942.38 | D13: =D14+D15+D18 -> 869933.51 | E13: =E14+E15+E18 -> 882159.87 | F13: =F14+F15+F18 -> 903546.03 | G13: =G14+G15+G18 -> 918679.93 | H13: =H14+H15+H18 -> 951417.16 | I13: =I14+I15+I18 -> 985661.34 | J13: =J14+J15+J18 -> 1026216.2 | ... AU13: =AU14+AU15+AU18 -> 1288587.2 | AW13: voiture CD | AX13: =Q19/Q18 -> 0.91720921 | AY13: =AA19/AA18 -> 0.92278177 | AZ13: =AU19/AU18 -> 0.92335916
B14: Avion (France + RDM) | C14: =Résultats!E294 -> 13442.055 | D14: =Résultats!F294 -> 13760.192 | E14: =Résultats!G294 -> 14220.486 | F14: =Résultats!H294 -> 13766.211 | G14: =Résultats!I294 -> 13331.85 | H14: =Résultats!J294 -> 13703.852 | I14: =Résultats!K294 -> 14002.183 | J14: =Résultats!L294 -> 13923.816 | ... AU14: =Résultats!AW294 -> 22880.904 | AW14: voiture LD | AX14: =Q16/Q15 -> 0.68288291 | AY14: =AA16/AA15 -> 0.50685405 | AZ14: =AU16/AU15 -> 0.55670412
B15: Longue Distance (LD) | C15: =Résultats!E300 -> 248850.1 | D15: =Résultats!F300 -> 262554.18 | E15: =Résultats!G300 -> 270560.58 | F15: =Résultats!H300 -> 280313.27 | G15: =Résultats!I300 -> 287655.77 | H15: =Résultats!J300 -> 303446.28 | I15: =Résultats!K300 -> 321817.05 | J15: =Résultats!L300 -> 344000.67 | ... AU15: =Résultats!AW300 -> 466007.99 | AW15: voiture CD+LD | AX15: =Q21/(Q18+Q15) -> 0.83477001 | AY15: =AA21/(AA18+AA15) -> 0.77133636 | AZ15: =AU21/(AU18+AU15) -> 0.78836403
B16: voiture LD | C16: =Résultats!E295 -> 163461.3 | D16: =Résultats!F295 -> 171749.84 | E16: =Résultats!G295 -> 178981.26 | F16: =Résultats!H295 -> 186059.12 | G16: =Résultats!I295 -> 192587.05 | H16: =Résultats!J295 -> 202066.85 | I16: =Résultats!K295 -> 216540.19 | J16: =Résultats!L295 -> 232360.58 | ... AU16: =Résultats!AW295 -> 259428.57
B17: train | C17: =Résultats!E298 -> 47168.089 | D17: =Résultats!F298 -> 48086.325 | E17: =Résultats!G298 -> 47749.278 | F17: =Résultats!H298 -> 48731.582 | G17: =Résultats!I298 -> 49222.122 | H17: =Résultats!J298 -> 50609.36 | I17: =Résultats!K298 -> 51063.036 | J17: =Résultats!L298 -> 51928.424 | ... P17: =Résultats!R298 -> 62187.078 | Q17: =Résultats!S297 -> 128919.57 | R17: =Résultats!T298 -> 61653.162 | S17: =Résultats!U298 -> 61830.075 | T17: =Résultats!V298 -> 61772.232 | U17: =Résultats!W298 -> 60451.569 | V17: =Résultats!X298 -> 57790.51 | W17: =Résultats!Y298 -> 57816.725 | X17: =Résultats!Z298 -> 58334.315 | Y17: =Résultats!AA298 -> 58579.783 | Z17: =Résultats!AB298 -> 58729.158 | AA17: =Résultats!AC297 -> 227742.73 | AB17: =Résultats!AD298 -> 58645.571 | AC17: =Résultats!AE298 -> 58784.73 | AD17: =Résultats!AF298 -> 58934.51 | AE17: =Résultats!AG298 -> 59011.639 | AF17: =Résultats!AH298 -> 58255.527 | AG17: =Résultats!AI298 -> 58814.421 | AH17: =Résultats!AJ298 -> 59096.655 | AI17: =Résultats!AK298 -> 59251.229 | ... AT17: =Résultats!AV298 -> 60052.768 | AU17: =Résultats!AW297 -> 221590.51
B18: Courte Distance (CD) | C18: =Résultats!E299 -> 580650.23 | D18: =Résultats!F299 -> 593619.13 | E18: =Résultats!G299 -> 597378.81 | F18: =Résultats!H299 -> 609466.55 | G18: =Résultats!I299 -> 617692.32 | H18: =Résultats!J299 -> 634267.03 | I18: =Résultats!K299 -> 649842.1 | J18: =Résultats!L299 -> 668291.69 | ... AU18: =Résultats!AW299 -> 799698.27
B19: voiture CD | C19: =Résultats!E296 -> 533482.14 | D19: =Résultats!F296 -> 545533.01 | E19: =Résultats!G296 -> 549634.41 | F19: =Résultats!H296 -> 560739.95 | G19: =Résultats!I296 -> 568475.55 | H19: =Résultats!J296 -> 583663.22 | I19: =Résultats!K296 -> 598791.34 | J19: =Résultats!L296 -> 616379.45 | ... AU19: =Résultats!AW296 -> 738408.72
B20: bus | C20: =Résultats!E297 -> 85388.794 | D20: =Résultats!F297 -> 90808.657 | E20: =Résultats!G297 -> 91615.781 | F20: =Résultats!H297 -> 94295.043 | G20: =Résultats!I297 -> 95131.742 | H20: =Résultats!J297 -> 101454.85 | I20: =Résultats!K297 -> 105391.4 | J20: =Résultats!L297 -> 111767.77 | ... P20: =Résultats!R297 -> 123060.71 | Q20: =Résultats!S298 -> 62076.907 | R20: =Résultats!T297 -> 136876.41 | S20: =Résultats!U297 -> 141254.74 | T20: =Résultats!V297 -> 149276.34 | U20: =Résultats!W297 -> 150810.7 | V20: =Résultats!X297 -> 200127.75 | W20: =Résultats!Y297 -> 199609.24 | X20: =Résultats!Z297 -> 197974.67 | Y20: =Résultats!AA297 -> 196502.2 | Z20: =Résultats!AB297 -> 195208.52 | AA20: =Résultats!AC298 -> 57794.681 | AB20: =Résultats!AD297 -> 224395.9 | AC20: =Résultats!AE297 -> 221094.47 | AD20: =Résultats!AF297 -> 217923.97 | AE20: =Résultats!AG297 -> 215019.7 | AF20: =Résultats!AH297 -> 229628.39 | AG20: =Résultats!AI297 -> 226702.66 | AH20: =Résultats!AJ297 -> 224278.6 | AI20: =Résultats!AK297 -> 222110.13 | ... AT20: =Résultats!AV297 -> 223080.5 | AU20: =Résultats!AW298 -> 60164.343
B21: Voiture CD+LD | C21: =C16+C19 -> 696943.45 | D21: =D16+D19 -> 717282.86 | E21: =E16+E19 -> 728615.67 | F21: =F16+F19 -> 746799.07 | G21: =G16+G19 -> 761062.6 | H21: =H16+H19 -> 785730.07 | I21: =I16+I19 -> 815331.53 | J21: =J16+J19 -> 848740.03 | ... AU21: =AU16+AU19 -> 997837.3
A23: ="Ecarts "&Résultats!B1&" - TEND" -> Ecarts SNBC3 - TEND | B23: Ecarts de transport (milliers de km voyageurs) | C23: 2006 | D23: 2007 | E23: 2008 | F23: 2009 | G23: 2010 | H23: 2011 | I23: 2012 | J23: 2013 | K23: 2014 | L23: 2015 | M23: 2016 | N23: 2017 | O23: 2018 | P23: 2019 | Q23: 2020 | R23: 2021 | S23: 2022 | T23: 2023 | U23: 2024 | V23: 2025 | W23: 2026 | X23: 2027 | Y23: 2028 | Z23: 2029 | AA23: 2030 | AB23: 2031 | AC23: 2032 | AD23: 2033 | AE23: 2034 | AF23: 2035 | AG23: 2036 | AH23: 2037 | AI23: 2038 | AJ23: 2039 | AK23: 2040 | AL23: 2041 | AM23: 2042 | AN23: 2043 | AO23: 2044 | AP23: 2045 | AQ23: 2046 | AR23: 2047 | AS23: 2048 | AT23: 2049 | AU23: 2050
B24: Total | C24: =C2-C13 -> 0 | D24: =D2-D13 -> 0 | E24: =E2-E13 -> 0 | F24: =F2-F13 -> 0 | G24: =G2-G13 -> 0 | H24: =H2-H13 -> 0 | I24: =I2-I13 -> 0 | J24: =J2-J13 -> 0 | ... AU24: =AU2-AU13 -> 8791.4741
B25: Avion (France + RDM) | C25: =C3-C14 -> 0 | D25: =D3-D14 -> 0 | E25: =E3-E14 -> 0 | F25: =F3-F14 -> 0 | G25: =G3-G14 -> 0 | H25: =H3-H14 -> 0 | I25: =I3-I14 -> 0 | J25: =J3-J14 -> 0 | ... AU25: =AU3-AU14 -> -39.41097
B26: Longue Distance (LD) | C26: =SUM(C27:C28) -> 0 | D26: =SUM(D27:D28) -> 0 | E26: =SUM(E27:E28) -> 0 | F26: =SUM(F27:F28) -> 0 | G26: =SUM(G27:G28) -> 0 | H26: =SUM(H27:H28) -> 0 | I26: =SUM(I27:I28) -> 0 | J26: =SUM(J27:J28) -> 0 | ... AU26: =SUM(AU27:AU28) -> -3442.718
B27: voiture LD | C27: =C5-C16 -> 0 | D27: =D5-D16 -> 0 | E27: =E5-E16 -> 0 | F27: =F5-F16 -> 0 | G27: =G5-G16 -> 0 | H27: =H5-H16 -> 0 | I27: =I5-I16 -> 0 | J27: =J5-J16 -> 0 | ... AU27: =AU5-AU16 -> 4874.3724
B28: train | C28: =C6-C17 -> 0 | D28: =D6-D17 -> 0 | E28: =E6-E17 -> 0 | F28: =F6-F17 -> 0 | G28: =G6-G17 -> 0 | H28: =H6-H17 -> 0 | I28: =I6-I17 -> 0 | J28: =J6-J17 -> 0 | ... AU28: =AU6-AU17 -> -8317.0904
B29: Courte Distance (CD) | C29: =SUM(C30:C31) -> 0 | D29: =SUM(D30:D31) -> 0 | E29: =SUM(E30:E31) -> 0 | F29: =SUM(F30:F31) -> 0 | G29: =SUM(G30:G31) -> 0 | H29: =SUM(H30:H31) -> 0 | I29: =SUM(I30:I31) -> 0 | J29: =SUM(J30:J31) -> 0 | ... AU29: =SUM(AU30:AU31) -> -1612.2869
B30: voiture CD | C30: =C8-C19 -> 0 | D30: =D8-D19 -> 0 | E30: =E8-E19 -> 0 | F30: =F8-F19 -> 0 | G30: =G8-G19 -> 0 | H30: =H8-H19 -> 0 | I30: =I8-I19 -> 0 | J30: =J8-J19 -> 0 | ... AU30: =AU8-AU19 -> -1368.8822
B31: bus | C31: =C9-C20 -> 0 | D31: =D9-D20 -> 0 | E31: =E9-E20 -> 0 | F31: =F9-F20 -> 0 | G31: =G9-G20 -> 0 | H31: =H9-H20 -> 0 | I31: =I9-I20 -> 0 | J31: =J9-J20 -> 0 | ... AU31: =AU9-AU20 -> -243.40472
B32: Voiture CD+LD | C32: =SUM(C27,C30) -> 0 | D32: =SUM(D27,D30) -> 0 | E32: =SUM(E27,E30) -> 0 | F32: =SUM(F27,F30) -> 0 | G32: =SUM(G27,G30) -> 0 | H32: =SUM(H27,H30) -> 0 | I32: =SUM(I27,I30) -> 0 | J32: =SUM(J27,J30) -> 0 | ... AU32: =SUM(AU27,AU30) -> 3505.4902
A36: =[4]Résultats!B1 -> SNBC3 | B36: Transport (parts modales en %) | C36: 2006 | D36: 2007 | E36: 2008 | F36: 2009 | G36: 2010 | H36: 2011 | I36: 2012 | J36: 2013 | K36: 2014 | L36: 2015 | M36: 2016 | N36: 2017 | O36: 2018 | P36: 2019 | Q36: 2020 | R36: 2021 | S36: 2022 | T36: 2023 | U36: 2024 | V36: 2025 | W36: 2026 | X36: 2027 | Y36: 2028 | Z36: 2029 | AA36: 2030 | AB36: 2031 | AC36: 2032 | AD36: 2033 | AE36: 2034 | AF36: 2035 | AG36: 2036 | AH36: 2037 | AI36: 2038 | AJ36: 2039 | AK36: 2040 | AL36: 2041 | AM36: 2042 | AN36: 2043 | AO36: 2044 | AP36: 2045 | AQ36: 2046 | AR36: 2047 | AS36: 2048 | AT36: 2049 | AU36: 2050 | AW36: 2030/2019 | AX36: 2050/2019
B37: Total hors avion | C37: =C38+C39+C42 -> 1 | D37: =D38+D39+D42 -> 1 | E37: =E38+E39+E42 -> 1 | F37: =F38+F39+F42 -> 1 | G37: =G38+G39+G42 -> 1 | H37: =H38+H39+H42 -> 1 | I37: =I38+I39+I42 -> 1 | J37: =J38+J39+J42 -> 1 | ... AU37: =AU38+AU39+AU42 -> 1
B38: Avion (France + RDM)
B39: Longue Distance (LD) | C39: =C4/(C$2-C$3) -> 0.3 | D39: =D4/(D$2-D$3) -> 0.30666008 | E39: =E4/(E$2-E$3) -> 0.31172751 | F39: =F4/(F$2-F$3) -> 0.31503667 | G39: =G4/(G$2-G$3) -> 0.31772947 | H39: =H4/(H$2-H$3) -> 0.3236024 | I39: =I4/(I$2-I$3) -> 0.33120365 | J39: =J4/(J$2-J$3) -> 0.33982344 | ... AU39: =AU4/(AU$2-AU$3) -> 0.37470573 | AW39: =AA39-P39 -> 0.024385184 | AX39: =AU39-P39 -> 0.02833065
B40: voiture LD | C40: =C5/(C$2-C$3) -> 0.19705996 | D40: =D5/(D$2-D$3) -> 0.20060173 | E40: =E5/(E$2-E$3) -> 0.20621401 | F40: =F5/(F$2-F$3) -> 0.20910692 | G40: =G5/(G$2-G$3) -> 0.21272155 | H40: =H5/(H$2-H$3) -> 0.21548895 | I40: =I5/(I$2-I$3) -> 0.22285612 | J40: =J5/(J$2-J$3) -> 0.229539 | ... AU40: =AU5/(AU$2-AU$3) -> 0.20737171 | AW40: =AA40-P40 -> -0.05513733 | AX40: =AU40-P40 -> -0.031120618
B41: train | C41: =C6/(C$2-C$3) -> 0.056863255 | D41: =D6/(D$2-D$3) -> 0.056164242 | E41: =E6/(E$2-E$3) -> 0.05501453 | F41: =F6/(F$2-F$3) -> 0.054768136 | G41: =G6/(G$2-G$3) -> 0.054368174 | H41: =H6/(H$2-H$3) -> 0.053971038 | I41: =I6/(I$2-I$3) -> 0.052552416 | J41: =J6/(J$2-J$3) -> 0.051297852 | ... AU41: =AU6/(AU$2-AU$3) -> 0.16733402 | AW41: =AA41-P41 -> 0.13269339 | AX41: =AU41-P41 -> 0.11262215
B42: Courte Distance (CD) | C42: =C7/(C$2-C$3) -> 0.7 | D42: =D7/(D$2-D$3) -> 0.69333992 | E42: =E7/(E$2-E$3) -> 0.68827249 | F42: =F7/(F$2-F$3) -> 0.68496333 | G42: =G7/(G$2-G$3) -> 0.68227053 | H42: =H7/(H$2-H$3) -> 0.6763976 | I42: =I7/(I$2-I$3) -> 0.66879635 | J42: =J7/(J$2-J$3) -> 0.66017656 | ... AU42: =AU7/(AU$2-AU$3) -> 0.62529427 | AW42: =AA42-P42 -> -0.024385184 | AX42: =AU42-P42 -> -0.02833065
B43: voiture CD | C43: =C8/(C$2-C$3) -> 0.64313674 | D43: =D8/(D$2-D$3) -> 0.63717592 | E43: =E8/(E$2-E$3) -> 0.63326359 | F43: =F8/(F$2-F$3) -> 0.63020079 | G43: =G8/(G$2-G$3) -> 0.62790827 | H43: =H8/(H$2-H$3) -> 0.62243247 | I43: =I8/(I$2-I$3) -> 0.61625658 | J43: =J8/(J$2-J$3) -> 0.6088947 | ... AU43: =AU8/(AU$2-AU$3) -> 0.57828039 | AW43: =AA43-P43 -> -0.01769431 | AX43: =AU43-P43 -> -0.020892025
B44: bus | C44: =C9/(C$2-C$3) -> 0.10294004 | D44: =D9/(D$2-D$3) -> 0.1060634 | E44: =E9/(E$2-E$3) -> 0.10555551 | F44: =F9/(F$2-F$3) -> 0.1059757 | G44: =G9/(G$2-G$3) -> 0.10507753 | H44: =H9/(H$2-H$3) -> 0.10819389 | I44: =I9/(I$2-I$3) -> 0.1084654 | J44: =J9/(J$2-J$3) -> 0.11041056 | ... AU44: =AU9/(AU$2-AU$3) -> 0.047013881 | AW44: =AA44-P44 -> -0.06050655 | AX44: =AU44-P44 -> -0.0612543
B45: Voiture CD+LD | C45: =C10/(C$2-C$3) -> 0.84019671 | D45: =D10/(D$2-D$3) -> 0.83777764 | E45: =E10/(E$2-E$3) -> 0.8394776 | F45: =F10/(F$2-F$3) -> 0.83930771 | G45: =G10/(G$2-G$3) -> 0.84062982 | H45: =H10/(H$2-H$3) -> 0.83792142 | I45: =I10/(I$2-I$3) -> 0.8391127 | J45: =J10/(J$2-J$3) -> 0.8384337 | ... AU45: =AU10/(AU$2-AU$3) -> 0.7856521 | AW45: =AA45-P45 -> -0.07283164 | AX45: =AU45-P45 -> -0.052012643
A47: TEND | B47: Transport (parts modales en %) | C47: 2006 | D47: 2007 | E47: 2008 | F47: 2009 | G47: 2010 | H47: 2011 | I47: 2012 | J47: 2013 | K47: 2014 | L47: 2015 | M47: 2016 | N47: 2017 | O47: 2018 | P47: 2019 | Q47: 2020 | R47: 2021 | S47: 2022 | T47: 2023 | U47: 2024 | V47: 2025 | W47: 2026 | X47: 2027 | Y47: 2028 | Z47: 2029 | AA47: 2030 | AB47: 2031 | AC47: 2032 | AD47: 2033 | AE47: 2034 | AF47: 2035 | AG47: 2036 | AH47: 2037 | AI47: 2038 | AJ47: 2039 | AK47: 2040 | AL47: 2041 | AM47: 2042 | AN47: 2043 | AO47: 2044 | AP47: 2045 | AQ47: 2046 | AR47: 2047 | AS47: 2048 | AT47: 2049 | AU47: 2050 | AW47: 2030/2019 | AX47: 2050/2019
B48: Total | C48: =C49+C50+C53 -> 1 | D48: =D49+D50+D53 -> 1 | E48: =E49+E50+E53 -> 1 | F48: =F49+F50+F53 -> 1 | G48: =G49+G50+G53 -> 1 | H48: =H49+H50+H53 -> 1 | I48: =I49+I50+I53 -> 1 | J48: =J49+J50+J53 -> 1 | ... AU48: =AU49+AU50+AU53 -> 0.9930713
B49: Avion (France + RDM)
B50: Longue Distance (LD) | C50: =C15/(C$2-C$3) -> 0.3 | D50: =D15/(D$2-D$3) -> 0.30666008 | E50: =E15/(E$2-E$3) -> 0.31172751 | F50: =F15/(F$2-F$3) -> 0.31503667 | G50: =G15/(G$2-G$3) -> 0.31772947 | H50: =H15/(H$2-H$3) -> 0.3236024 | I50: =I15/(I$2-I$3) -> 0.33120365 | J50: =J15/(J$2-J$3) -> 0.33982344 | ... AU50: =AU15/(AU$2-AU$3) -> 0.3656292 | AW50: =AA50-P50 -> 0.01432398 | AX50: =AU50-P50 -> 0.01925412
B51: voiture LD | C51: =C16/(C$2-C$3) -> 0.19705996 | D51: =D16/(D$2-D$3) -> 0.20060173 | E51: =E16/(E$2-E$3) -> 0.20621401 | F51: =F16/(F$2-F$3) -> 0.20910692 | G51: =G16/(G$2-G$3) -> 0.21272155 | H51: =H16/(H$2-H$3) -> 0.21548895 | I51: =I16/(I$2-I$3) -> 0.22285612 | J51: =J16/(J$2-J$3) -> 0.229539 | ... AU51: =AU16/(AU$2-AU$3) -> 0.20354728 | AW51: =AA51-P51 -> -0.055670548 | AX51: =AU51-P51 -> -0.034945043
B52: train | C52: =C17/(C$2-C$3) -> 0.056863255 | D52: =D17/(D$2-D$3) -> 0.056164242 | E52: =E17/(E$2-E$3) -> 0.05501453 | F52: =F17/(F$2-F$3) -> 0.054768136 | G52: =G17/(G$2-G$3) -> 0.054368174 | H52: =H17/(H$2-H$3) -> 0.053971038 | I52: =I17/(I$2-I$3) -> 0.052552416 | J52: =J17/(J$2-J$3) -> 0.051297852 | ... AU52: =AU17/(AU$2-AU$3) -> 0.1738596 | AW52: =AA52-P52 -> 0.13338657 | AX52: =AU52-P52 -> 0.11914772
B53: Courte Distance (CD) | C53: =C18/(C$2-C$3) -> 0.7 | D53: =D18/(D$2-D$3) -> 0.69333992 | E53: =E18/(E$2-E$3) -> 0.68827249 | F53: =F18/(F$2-F$3) -> 0.68496333 | G53: =G18/(G$2-G$3) -> 0.68227053 | H53: =H18/(H$2-H$3) -> 0.6763976 | I53: =I18/(I$2-I$3) -> 0.66879635 | J53: =J18/(J$2-J$3) -> 0.66017656 | ... AU53: =AU18/(AU$2-AU$3) -> 0.62744211 | AW53: =AA53-P53 -> -0.023704716 | AX53: =AU53-P53 -> -0.026182819
B54: voiture CD | C54: =C19/(C$2-C$3) -> 0.64313674 | D54: =D19/(D$2-D$3) -> 0.63717592 | E54: =E19/(E$2-E$3) -> 0.63326359 | F54: =F19/(F$2-F$3) -> 0.63020079 | G54: =G19/(G$2-G$3) -> 0.62790827 | H54: =H19/(H$2-H$3) -> 0.62243247 | I54: =I19/(I$2-I$3) -> 0.61625658 | J54: =J19/(J$2-J$3) -> 0.6088947 | ... AU54: =AU19/(AU$2-AU$3) -> 0.57935442 | AW54: =AA54-P54 -> -0.017893532 | AX54: =AU54-P54 -> -0.019818002
B55: bus | C55: =C20/(C$2-C$3) -> 0.10294004 | D55: =D20/(D$2-D$3) -> 0.1060634 | E55: =E20/(E$2-E$3) -> 0.10555551 | F55: =F20/(F$2-F$3) -> 0.1059757 | G55: =G20/(G$2-G$3) -> 0.10507753 | H55: =H20/(H$2-H$3) -> 0.10819389 | I55: =I20/(I$2-I$3) -> 0.1084654 | J55: =J20/(J$2-J$3) -> 0.11041056 | ... AU55: =AU20/(AU$2-AU$3) -> 0.047204856 | AW55: =AA55-P55 -> -0.060534103 | AX55: =AU55-P55 -> -0.061063325
B56: Voiture CD+LD | C56: =C21/(C$2-C$3) -> 0.84019671 | D56: =D21/(D$2-D$3) -> 0.83777764 | E56: =E21/(E$2-E$3) -> 0.8394776 | F56: =F21/(F$2-F$3) -> 0.83930771 | G56: =G21/(G$2-G$3) -> 0.84062982 | H56: =H21/(H$2-H$3) -> 0.83792142 | I56: =I21/(I$2-I$3) -> 0.8391127 | J56: =J21/(J$2-J$3) -> 0.8384337 | ... AU56: =AU21/(AU$2-AU$3) -> 0.7829017 | AW56: =AA56-P56 -> -0.07356408 | AX56: =AU56-P56 -> -0.054763045
A58: ="Ecarts "&[4]Résultats!B1&" - TEND" -> Ecarts SNBC3 - TEND | B58: Ecarts de transport (points de %) | C58: 2006 | D58: 2007 | E58: 2008 | F58: 2009 | G58: 2010 | H58: 2011 | I58: 2012 | J58: 2013 | K58: 2014 | L58: 2015 | M58: 2016 | N58: 2017 | O58: 2018 | P58: 2019 | Q58: 2020 | R58: 2021 | S58: 2022 | T58: 2023 | U58: 2024 | V58: 2025 | W58: 2026 | X58: 2027 | Y58: 2028 | Z58: 2029 | AA58: 2030 | AB58: 2031 | AC58: 2032 | AD58: 2033 | AE58: 2034 | AF58: 2035 | AG58: 2036 | AH58: 2037 | AI58: 2038 | AJ58: 2039 | AK58: 2040 | AL58: 2041 | AM58: 2042 | AN58: 2043 | AO58: 2044 | AP58: 2045 | AQ58: 2046 | AR58: 2047 | AS58: 2048 | AT58: 2049 | AU58: 2050
B59: Total
B60: Avion (France + RDM)
B61: Longue Distance (LD) | C61: =C39-C50 -> 0 | D61: =D39-D50 -> 0 | E61: =E39-E50 -> 0 | F61: =F39-F50 -> 0 | G61: =G39-G50 -> 0 | H61: =H39-H50 -> 0 | I61: =I39-I50 -> 0 | J61: =J39-J50 -> 0 | ... AU61: =AU39-AU50 -> 0.0090765304
B62: voiture LD | C62: =C40-C51 -> 0 | D62: =D40-D51 -> 0 | E62: =E40-E51 -> 0 | F62: =F40-F51 -> 0 | G62: =G40-G51 -> 0 | H62: =H40-H51 -> 0 | I62: =I40-I51 -> 0 | J62: =J40-J51 -> 0 | ... AU62: =AU40-AU51 -> 0.0038244255
B63: train | C63: =C41-C52 -> 0 | D63: =D41-D52 -> 0 | E63: =E41-E52 -> 0 | F63: =F41-F52 -> 0 | G63: =G41-G52 -> 0 | H63: =H41-H52 -> 0 | I63: =I41-I52 -> 0 | J63: =J41-J52 -> 0 | ... AU63: =AU41-AU52 -> -0.0065255771
B64: Courte Distance (CD) | C64: =C42-C53 -> 0 | D64: =D42-D53 -> 0 | E64: =E42-E53 -> 0 | F64: =F42-F53 -> 0 | G64: =G42-G53 -> 0 | H64: =H42-H53 -> 0 | I64: =I42-I53 -> 0 | J64: =J42-J53 -> 0 | ... AU64: =AU42-AU53 -> -0.0021478308
B65: voiture CD | C65: =C43-C54 -> 0 | D65: =D43-D54 -> 0 | E65: =E43-E54 -> 0 | F65: =F43-F54 -> 0 | G65: =G43-G54 -> 0 | H65: =H43-H54 -> 0 | I65: =I43-I54 -> 0 | J65: =J43-J54 -> 0 | ... AU65: =AU43-AU54 -> -0.001074023
B66: bus | C66: =C44-C55 -> 0 | D66: =D44-D55 -> 0 | E66: =E44-E55 -> 0 | F66: =F44-F55 -> 0 | G66: =G44-G55 -> 0 | H66: =H44-H55 -> 0 | I66: =I44-I55 -> 0 | J66: =J44-J55 -> 0 | ... AU66: =AU44-AU55 -> -0.00019097499
B67: Voiture CD+LD | C67: =C45-C56 -> 0 | D67: =D45-D56 -> 0 | E67: =E45-E56 -> 0 | F67: =F45-F56 -> 0 | G67: =G45-G56 -> 0 | H67: =H45-H56 -> 0 | I67: =I45-I56 -> 0 | J67: =J45-J56 -> 0 | ... AU67: =AU45-AU56 -> 0.0027504025

Sheet Résultats
A1: 1) Copier-coller sorties Eviews en B2 2) veillez à ce que les données commencent en 2004 3) modifier le scénario si besoin en B1 | B1: SNBC3 | C1: 2 | D1: =C1+1 -> 3 | E1: =D1+1 -> 4 | F1: =E1+1 -> 5 | G1: =F1+1 -> 6 | H1: =G1+1 -> 7 | I1: =H1+1 -> 8 | J1: =I1+1 -> 9 | K1: =J1+1 -> 10 | ... AW1: =AV1+1 -> 48
C2: 2004 | D2: 2005 | E2: 2006 | F2: 2007 | G2: 2008 | H2: 2009 | I2: 2010 | J2: 2011 | K2: 2012 | L2: 2013 | M2: 2014 | N2: 2015 | O2: 2016 | P2: 2017 | Q2: 2018 | R2: 2019 | S2: 2020 | T2: 2021 | U2: 2022 | V2: 2023 | W2: 2024 | X2: 2025 | Y2: 2026 | Z2: 2027 | AA2: 2028 | AB2: 2029 | AC2: 2030 | AD2: 2031 | AE2: 2032 | AF2: 2033 | AG2: 2034 | AH2: 2035 | AI2: 2036 | AJ2: 2037 | AK2: 2038 | AL2: 2039 | AM2: 2040 | AN2: 2041 | AO2: 2042 | AP2: 2043 | AQ2: 2044 | AR2: 2045 | AS2: 2046 | AT2: 2047 | AU2: 2048 | AV2: 2049 | AW2: 2050
B3: ER_OIL_2 | C3: 78.155731 | D3: 79.410547 | E3: 80.666675 | F3: 82.035682 | G3: 78.482848 | H3: 76.415373 | I3: 75.517374 | J3: 73.768785 | K3: 71.715188 | L3: 70.391378 | M3: 70.512892 | N3: 71.337322 | O3: 70.080528 | P3: 68.213217 | Q3: 65.482836 | R3: 63.804612 | S3: 62.280175 | T3: 62.233927 | U3: 62.037374 | V3: 61.942539 | W3: 61.413069 | X3: 60.421198 | Y3: 59.777864 | Z3: 59.413852 | AA3: 59.053748 | AB3: 58.670387 | AC3: 58.134932 | AD3: 57.665106 | AE3: 57.268151 | AF3: 56.878537 | AG3: 56.486147 | AH3: 56.093414 | AI3: 55.776377 | AJ3: 55.475861 | AK3: 55.167626 | AL3: 54.866158 | AM3: 54.570651 | AN3: 54.231705 | AO3: 53.878647 | AP3: 53.501577 | AQ3: 53.117874 | AR3: 52.677742 | AS3: 52.414424 | AT3: 52.163068 | AU3: 51.914351 | AV3: 51.672544 | AW3: 51.453215
B4: ER_OIL_2201_2 | C4: 77.477679 | D4: 78.721608 | E4: 79.999247 | F4: 81.022954 | G4: 77.195781 | H4: 74.853667 | I4: 73.670354 | J4: 71.669115 | K4: 69.387955 | L4: 67.827521 | M4: 67.665694 | N4: 68.175816 | O4: 66.924745 | P4: 65.089784 | Q4: 62.4315 | R4: 60.776409 | S4: 59.266794 | T4: 59.064033 | U4: 58.724378 | V4: 58.48661 | W4: 57.98668 | X4: 57.050149 | Y4: 56.442707 | Z4: 56.099004 | AA4: 55.758992 | AB4: 55.39702 | AC4: 54.891439 | AD4: 54.447825 | AE4: 54.073017 | AF4: 53.705141 | AG4: 53.334644 | AH4: 52.963822 | AI4: 52.664473 | AJ4: 52.380724 | AK4: 52.089687 | AL4: 51.805038 | AM4: 51.526018 | AN4: 51.205982 | AO4: 50.872622 | AP4: 50.51659 | AQ4: 50.154295 | AR4: 49.738719 | AS4: 49.490092 | AT4: 49.25276 | AU4: 49.01792 | AV4: 48.789603 | AW4: 48.582512
B5: ER_OIL_2202_2 | C5: 0.67805251 | D5: 0.68893886 | E5: 0.66742791 | F5: 1.0127286 | G5: 1.2870671 | H5: 1.5617059 | I5: 1.8470199 | J5: 2.09967 | K5: 2.3272333 | L5: 2.5638568 | M5: 2.8471982 | N5: 3.1615056 | O5: 3.1557835 | P5: 3.1234328 | Q5: 3.0513356 | R5: 3.0282026 | S5: 3.0133803 | T5: 3.169894 | U5: 3.3129965 | V5: 3.4559291 | W5: 3.4263887 | X5: 3.3710497 | Y5: 3.3351565 | Z5: 3.3148474 | AA5: 3.2947563 | AB5: 3.2733676 | AC5: 3.2434932 | AD5: 3.2172805 | AE5: 3.1951333 | AF5: 3.1733958 | AG5: 3.1515034 | AH5: 3.1295918 | AI5: 3.1119035 | AJ5: 3.095137 | AK5: 3.0779398 | AL5: 3.0611201 | AM5: 3.0446331 | AN5: 3.0257224 | AO5: 3.0060244 | AP5: 2.9849868 | AQ5: 2.963579 | AR5: 2.939023 | AS5: 2.9243318 | AT5: 2.910308 | AU5: 2.8964315 | AV5: 2.8829404 | AW5: 2.8707035
B6: ER_ELEC_2301_2 | C6: 28.634797 | D6: 29.094538 | E6: 29.720829 | F6: 30.395734 | G6: 30.84488 | H6: 28.382862 | I6: 29.33487 | J6: 30.227113 | K6: 30.510267 | L6: 30.317786 | M6: 30.078584 | N6: 29.366185 | O6: 27.729943 | P6: 27.282406 | Q6: 27.211353 | R6: 26.331809 | S6: 25.339627 | T6: 25.195318 | U6: 25.099698 | V6: 25.060583 | W6: 25.321757 | X6: 25.718837 | Y6: 26.20549 | Z6: 26.586951 | AA6: 26.954499 | AB6: 27.311788 | AC6: 27.72153 | AD6: 28.067162 | AE6: 28.401913 | AF6: 28.730947 | AG6: 29.042827 | AH6: 29.389671 | AI6: 29.694277 | AJ6: 29.987409 | AK6: 30.268604 | AL6: 30.544197 | AM6: 30.815227 | AN6: 31.007919 | AO6: 31.196317 | AP6: 31.378208 | AQ6: 31.551027 | AR6: 31.747002 | AS6: 31.880531 | AT6: 32.009241 | AU6: 32.132936 | AV6: 32.254183 | AW6: 32.400369
B7: ER_ELEC_2302_2 | C7: 0.3674935 | D7: 0.37339372 | E7: 0.38143142 | F7: 0.36959453 | G7: 0.35534756 | H7: 0.30980169 | I7: 0.30336755 | J7: 0.29616858 | K7: 0.28323418 | L7: 0.26665792 | M7: 0.25065233 | N7: 0.23185648 | O7: 0.20152333 | P7: 0.17977976 | Q7: 0.1593467 | R7: 0.13321387 | S7: 0.10618667 | T7: 0.14036934 | U7: 0.17561825 | V7: 0.21225064 | W7: 0.21446265 | X7: 0.21782572 | Y7: 0.22194743 | Z7: 0.22517821 | AA7: 0.22829116 | AB7: 0.23131722 | AC7: 0.23478753 | AD7: 0.23771487 | AE7: 0.24055004 | AF7: 0.24333679 | AG7: 0.24597826 | AH7: 0.24891585 | AI7: 0.25149572 | AJ7: 0.2539784 | AK7: 0.25635998 | AL7: 0.25869411 | AM7: 0.26098961 | AN7: 0.26262161 | AO7: 0.26421725 | AP7: 0.26575777 | AQ7: 0.26722146 | AR7: 0.26888127 | AS7: 0.27001219 | AT7: 0.2711023 | AU7: 0.27214994 | AV7: 0.27317685 | AW7: 0.27441497
B8: ER_ELEC_2303_2 | C8: 1.4676116 | D8: 1.4911746 | E8: 1.5232737 | F8: 1.5601303 | G8: 1.5854864 | H8: 1.4610559 | I8: 1.5122585 | J8: 1.5605214 | K8: 1.5774306 | L8: 1.5697589 | M8: 1.5596389 | N8: 1.5249142 | O8: 1.6126745 | P8: 1.7700533 | Q8: 1.9634662 | R8: 2.1081164 | S8: 2.2469677 | T8: 2.1597456 | U8: 2.0749964 | V8: 1.9928045 | W8: 2.0135729 | X8: 2.0451485 | Y8: 2.0838469 | Z8: 2.1141804 | AA8: 2.1434077 | AB8: 2.1718191 | AC8: 2.2044016 | AD8: 2.2318861 | AE8: 2.2585053 | AF8: 2.2846699 | AG8: 2.3094705 | AH8: 2.3370513 | AI8: 2.3612734 | AJ8: 2.3845831 | AK8: 2.4069436 | AL8: 2.4288586 | AM8: 2.4504108 | AN8: 2.4657336 | AO8: 2.4807149 | AP8: 2.4951787 | AQ8: 2.5089212 | AR8: 2.524505 | AS8: 2.5351232 | AT8: 2.5453581 | AU8: 2.5551943 | AV8: 2.5648358 | AW8: 2.5764605
B9: ER_ELEC_2304_2 | C9: 1.4643634 | D9: 1.4878742 | E9: 1.5199023 | F9: 1.4313444 | G9: 1.3374924 | H9: 1.1332903 | I9: 1.0785639 | J9: 1.0233758 | K9: 0.95117674 | L9: 0.87034099 | M9: 0.79510793 | N9: 0.71481388 | O9: 0.59939305 | P9: 0.50945316 | Q9: 0.42146316 | R9: 0.31676052 | S9: 0.20929419 | T9: 0.20105002 | U9: 0.19303322 | V9: 0.18525067 | W9: 0.18718129 | X9: 0.19011655 | Y9: 0.19371395 | Z9: 0.19653375 | AA9: 0.19925071 | AB9: 0.20189183 | AC9: 0.20492068 | AD9: 0.20747564 | AE9: 0.20995016 | AF9: 0.21238241 | AG9: 0.21468786 | AH9: 0.21725177 | AI9: 0.21950346 | AJ9: 0.22167032 | AK9: 0.22374894 | AL9: 0.22578616 | AM9: 0.22778965 | AN9: 0.22921405 | AO9: 0.2306067 | AP9: 0.23195126 | AQ9: 0.23322876 | AR9: 0.23467743 | AS9: 0.23566449 | AT9: 0.23661593 | AU9: 0.2375303 | AV9: 0.23842657 | AW9: 0.2395072
B10: ER_ELEC_2305_2 | C10: 0.29584764 | D10: 0.30059757 | E10: 0.30706825 | F10: 0.6519587 | G10: 0.97825412 | H10: 1.1655634 | I10: 1.4492602 | J10: 1.71064 | K10: 1.905129 | L10: 2.0219685 | M10: 2.0752167 | N10: 2.0225632 | O10: 2.154674 | P10: 2.3798406 | Q10: 2.6543005 | R10: 2.8634673 | S10: 3.0649473 | T10: 3.2395533 | U10: 3.4248087 | V10: 3.6232296 | W10: 3.6609898 | X10: 3.7183991 | Y10: 3.7887589 | Z10: 3.8439101 | AA10: 3.8970498 | AB10: 3.9487062 | AC10: 4.0079461 | AD10: 4.0579173 | AE10: 4.1063152 | AF10: 4.1538864 | AG10: 4.1989778 | AH10: 4.249124 | AI10: 4.2931637 | AJ10: 4.3355444 | AK10: 4.3761991 | AL10: 4.416044 | AM10: 4.4552293 | AN10: 4.4830885 | AO10: 4.5103268 | AP10: 4.5366244 | AQ10: 4.5616103 | AR10: 4.5899441 | AS10: 4.6092496 | AT10: 4.6278584 | AU10: 4.6457421 | AV10: 4.6632719 | AW10: 4.6844073
B11: ER_ELEC_2306_2 | C11: 0.066565719 | D11: 0.067634453 | E11: 0.069090357 | F11: 0.09400524 | G11: 0.1269128 | H11: 0.15536794 | I11: 0.21363495 | J11: 0.29286517 | K11: 0.39327828 | L11: 0.51991738 | M11: 0.68624177 | N11: 0.89135396 | O11: 0.94957587 | P11: 1.048808 | Q11: 1.1697638 | R11: 1.2619447 | S11: 1.350738 | T11: 1.4080658 | U11: 1.4696004 | V11: 1.5362904 | W11: 1.5523012 | X11: 1.5766434 | Y11: 1.6064767 | Z11: 1.6298614 | AA11: 1.6523933 | AB11: 1.6742962 | AC11: 1.6994146 | AD11: 1.7206029 | AE11: 1.7411242 | AF11: 1.7612949 | AG11: 1.7804142 | AH11: 1.8016767 | AI11: 1.82035 | AJ11: 1.8383199 | AK11: 1.855558 | AL11: 1.8724527 | AM11: 1.8890677 | AN11: 1.9008803 | AO11: 1.9124297 | AP11: 1.9235801 | AQ11: 1.9341745 | AR11: 1.9461883 | AS11: 1.9543741 | AT11: 1.9622644 | AU11: 1.9698473 | AV11: 1.9772801 | AW11: 1.9862418
B12: ER_ELEC_2307_2 | C12: 3.3276745 | D12: 3.3811014 | E12: 3.4538832 | F12: 3.4079138 | G12: 3.3364781 | H12: 2.9620379 | I12: 2.9535738 | J12: 2.9362266 | K12: 2.8593554 | L12: 2.7412512 | M12: 2.6238438 | N12: 2.4714814 | O12: 2.6329149 | P12: 2.9080584 | Q12: 3.243436 | R12: 3.4990285 | S12: 3.7452281 | T12: 3.9399496 | U12: 4.1472224 | V12: 4.3699683 | W12: 4.4155108 | X12: 4.484752 | Y12: 4.5696128 | Z12: 4.6361304 | AA12: 4.7002221 | AB12: 4.7625248 | AC12: 4.8339739 | AD12: 4.8942441 | AE12: 4.9526166 | AF12: 5.0099922 | AG12: 5.0643767 | AH12: 5.124858 | AI12: 5.1779741 | AJ12: 5.2290893 | AK12: 5.2781229 | AL12: 5.3261798 | AM12: 5.3734411 | AN12: 5.407042 | AO12: 5.439894 | AP12: 5.4716115 | AQ12: 5.5017469 | AR12: 5.5359203 | AS12: 5.5592046 | AT12: 5.5816486 | AU12: 5.6032181 | AV12: 5.6243607 | AW12: 5.6498521
B13: ER_ELEC_2308_2 | C13: 0.21556469 | D13: 0.21902565 | E13: 0.22374041 | F13: 0.25649359 | G13: 0.29176107 | H13: 0.30094062 | I13: 0.34864961 | J13: 0.4027004 | K13: 0.45562944 | L13: 0.50750885 | M13: 0.56439597 | N13: 0.61766704 | O13: 0.56696656 | P13: 0.54052438 | Q13: 0.52044672 | R13: 0.48400307 | S13: 0.44518555 | T13: 0.47094717 | U13: 0.49826553 | V13: 0.52750938 | W13: 0.53300692 | X13: 0.5413652 | Y13: 0.55160895 | Z13: 0.55963845 | AA13: 0.56737511 | AB13: 0.57489582 | AC13: 0.58352062 | AD13: 0.59079597 | AE13: 0.59784226 | AF13: 0.6047682 | AG13: 0.61133309 | AH13: 0.61863393 | AI13: 0.62504571 | AJ13: 0.63121595 | AK13: 0.63713491 | AL13: 0.64293597 | AM13: 0.64864099 | AN13: 0.65269704 | AO13: 0.65666269 | AP13: 0.66049137 | AQ13: 0.6641291 | AR13: 0.66825425 | AS13: 0.67106495 | AT13: 0.67377422 | AU13: 0.67637793 | AV13: 0.6789301 | AW13: 0.68200723
B14: ER_ELEC_2 | C14: 35.839918 | D14: 36.41534 | E14: 37.199219 | F14: 38.167175 | G14: 38.856613 | H14: 35.870919 | I14: 37.194179 | J14: 38.449611 | K14: 38.935501 | L14: 38.81519 | M14: 38.633681 | N14: 37.840835 | O14: 36.447665 | P14: 36.618923 | Q14: 37.343576 | R14: 36.998343 | S14: 36.508175 | T14: 36.754998 | U14: 37.083243 | V14: 37.507887 | W14: 37.898782 | X14: 38.493087 | Y14: 39.221456 | Z14: 39.792383 | AA14: 40.342489 | AB14: 40.877239 | AC14: 41.490495 | AD14: 42.007799 | AE14: 42.508817 | AF14: 43.001277 | AG14: 43.468066 | AH14: 43.987182 | AI14: 44.443084 | AJ14: 44.881811 | AK14: 45.302671 | AL14: 45.715148 | AM14: 46.120796 | AN14: 46.409197 | AO14: 46.691169 | AP14: 46.963403 | AQ14: 47.222059 | AR14: 47.515372 | AS14: 47.715224 | AT14: 47.907863 | AU14: 48.092996 | AV14: 48.274465 | AW14: 48.49326
... B114: (DP_G_VAL_2-DP_G_VAL_1)*100 | C114: 0 | D114: 0 | E114: 0 | F114: 0 | G114: 0 | H114: 0 | I114: 0 | J114: 0 | K114: 0 | L114: 0 | M114: 0 | N114: 0 | O114: 0 | P114: 0 | Q114: 0 | R114: 0 | S114: 0 | T114: 0 | U114: 0 | V114: 0 | W114: -0.01274994 | X114: -0.0627852 | Y114: -0.08093058 | Z114: -0.08469241 | AA114: -0.08598764 | AB114: -0.08836737 | AC114: -0.0917814 | AD114: -0.09095965 | AE114: -0.08901496 | AF114: -0.08610626 | AG114: -0.08209247 | AH114: -0.07811489 | AI114: -0.0702821 | AJ114: -0.062493 | AK114: -0.05515151 | AL114: -0.04786699 | AM114: -0.04073516 | AN114: -0.03268119 | AO114: -0.02479792 | AP114: -0.01703603 | AQ114: -0.01015525 | AR114: -0.00619263 | AS114: -0.00080928 | AT114: -7.779e-05 | AU114: -0.01065456 | AV114: -0.03281623 | AW114: -0.06604565
B115: EMS_TOT_2/@ELEM(EMS_TOT,"2006")*100 | C115: 96.864644 | D115: 98.419838 | E115: 99.839565 | F115: 100.28174 | G115: 95.138036 | H115: 90.377613 | I115: 89.401092 | J115: 86.97732 | K115: 83.531721 | L115: 81.373943 | M115: 80.580836 | N115: 80.523733 | O115: 78.55627 | P115: 76.528856 | Q115: 73.352397 | R115: 71.224033 | S115: 69.134257 | T115: 68.335799 | U115: 67.524944 | V115: 66.913194 | W115: 66.511406 | X115: 65.696054 | Y115: 65.104532 | Z115: 64.766459 | AA115: 64.383856 | AB115: 63.957815 | AC115: 63.416021 | AD115: 62.960748 | AE115: 62.527601 | AF115: 62.10963 | AG115: 61.674111 | AH115: 61.234994 | AI115: 60.835873 | AJ115: 60.443753 | AK115: 60.044429 | AL115: 59.650486 | AM115: 59.260534 | AN115: 58.763609 | AO115: 58.262446 | AP115: 57.73843 | AQ115: 57.213173 | AR115: 56.636985 | AS115: 56.21059 | AT115: 55.794009 | AU115: 55.376536 | AV115: 54.964253 | AW115: 54.583887 | AX115: 9.0244863
B116: 100*(GDP_2/GDP_1-1) | C116: 0 | D116: 0 | E116: 0 | F116: 0 | G116: 0 | H116: 0 | I116: 0 | J116: 0 | K116: 0 | L116: 0 | M116: 0 | N116: 0 | O116: 0 | P116: 0 | Q116: 0 | R116: 0 | S116: 0 | T116: 0 | U116: 0 | V116: 0 | W116: 0.12542792 | X116: 0.17641195 | Y116: 0.20455243 | Z116: 0.22517647 | AA116: 0.24638839 | AB116: 0.26825408 | AC116: 0.28635682 | AD116: 0.29979511 | AE116: 0.31055433 | AF116: 0.31937629 | AG116: 0.32468659 | AH116: 0.32591791 | AI116: 0.32403796 | AJ116: 0.32137971 | AK116: 0.31808358 | AL116: 0.31386468 | AM116: 0.30844181 | AN116: 0.30127219 | AO116: 0.29371236 | AP116: 0.28557118 | AQ116: 0.27800755 | AR116: 0.266842 | AS116: 0.2537392 | AT116: 0.24977825 | AU116: 0.25462215 | AV116: 0.26692785 | AW116: 0.28924887
B117: 100*(CH_2/CH_1-1) | C117: 0 | D117: 0 | E117: 0 | F117: 0 | G117: 0 | H117: 0 | I117: 0 | J117: 0 | K117: 0 | L117: 0 | M117: 0 | N117: 0 | O117: 0 | P117: 0 | Q117: 0 | R117: 0 | S117: 0 | T117: 0 | U117: 0 | V117: 0 | W117: 0.071473228 | X117: 0.15212167 | Y117: 0.16947478 | Z117: 0.17415239 | AA117: 0.18295959 | AB117: 0.19828229 | AC117: 0.21903287 | AD117: 0.22633716 | AE117: 0.23117751 | AF117: 0.23517624 | AG117: 0.23513976 | AH117: 0.24309048 | AI117: 0.22939606 | AJ117: 0.21827736 | AK117: 0.208667 | AL117: 0.19858695 | AM117: 0.18695499 | AN117: 0.17262835 | AO117: 0.15818128 | AP117: 0.14307643 | AQ117: 0.12808128 | AR117: 0.1364528 | AS117: 0.094422427 | AT117: 0.071099148 | AU117: 0.060812239 | AV117: 0.056784111 | AW117: 0.060785018
B118: 100*(I_2/I_1-1) | C118: 0 | D118: 0 | E118: 0 | F118: 0 | G118: 0 | H118: 0 | I118: 0 | J118: 0 | K118: 0 | L118: 0 | M118: 0 | N118: 0 | O118: 0 | P118: 0 | Q118: 0 | R118: 0 | S118: 0 | T118: 0 | U118: 0 | V118: 0 | W118: 1.0726918 | X118: 1.1682315 | Y118: 1.3301606 | Z118: 1.4580112 | AA118: 1.5995167 | AB118: 1.7393678 | AC118: 1.8467385 | AD118: 1.9612652 | AE118: 2.0760034 | AF118: 2.1847892 | AG118: 2.2859676 | AH118: 2.357846 | AI118: 2.4439908 | AJ118: 2.5311633 | AK118: 2.6141938 | AL118: 2.6930959 | AM118: 2.7677072 | AN118: 2.8521901 | AO118: 2.9212941 | AP118: 2.984798 | AQ118: 3.0462767 | AR118: 3.0535479 | AS118: 3.1047478 | AT118: 3.1732831 | AU118: 3.2513341 | AV118: 3.3354323 | AW118: 3.4258297
B119: 100*(X_2/X_1-1) | C119: 0 | D119: 0 | E119: 0 | F119: 0 | G119: 0 | H119: 0 | I119: 0 | J119: 0 | K119: 0 | L119: 0 | M119: 0 | N119: 0 | O119: 0 | P119: 0 | Q119: 0 | R119: 0 | S119: 0 | T119: 0 | U119: 0 | V119: 0 | W119: 0.002063798 | X119: 0.0010219248 | Y119: -0.0043347054 | Z119: -0.014401865 | AA119: -0.028534222 | AB119: -0.046482988 | AC119: -0.068242642 | AD119: -0.093334653 | AE119: -0.121864 | AF119: -0.15334932 | AG119: -0.18747301 | AH119: -0.22393625 | AI119: -0.26215009 | AJ119: -0.30191992 | AK119: -0.34272928 | AL119: -0.38418531 | AM119: -0.42591525 | AN119: -0.46730558 | AO119: -0.50799905 | AP119: -0.54692418 | AQ119: -0.58306237 | AR119: -0.61476646 | AS119: -0.64011234 | AT119: -0.65661513 | AU119: -0.6609212 | AV119: -0.64961807 | AW119: -0.61781986
B120: 100*(M_2/M_1-1) | C120: 0 | D120: 0 | E120: 0 | F120: 0 | G120: 0 | H120: 0 | I120: 0 | J120: 0 | K120: 0 | L120: 0 | M120: 0 | N120: 0 | O120: 0 | P120: 0 | Q120: 0 | R120: 0 | S120: 0 | T120: 0 | U120: 0 | V120: 0 | W120: 0.25940874 | X120: 0.29770605 | Y120: 0.30376337 | Z120: 0.29799059 | AA120: 0.29819723 | AB120: 0.30379663 | AC120: 0.31988812 | AD120: 0.31889292 | AE120: 0.31727294 | AF120: 0.3162353 | AG120: 0.3118421 | AH120: 0.32368446 | AI120: 0.30997708 | AJ120: 0.30016627 | AK120: 0.29177994 | AL120: 0.28347299 | AM120: 0.27429733 | AN120: 0.26532074 | AO120: 0.25770342 | AP120: 0.24959307 | AQ120: 0.24189904 | AR120: 0.27213078 | AS120: 0.23979155 | AT120: 0.22723393 | AU120: 0.2271574 | AV120: 0.23355787 | AW120: 0.2467636
B121: 100*(UNR_TOT_2-UNR_TOT_1) | C121: 0 | D121: 0 | E121: 0 | F121: 0 | G121: 0 | H121: 0 | I121: 0 | J121: 0 | K121: 0 | L121: 0 | M121: 0 | N121: 0 | O121: 0 | P121: 0 | Q121: 0 | R121: 0 | S121: 0 | T121: 0 | U121: 0 | V121: 0 | W121: -0.0249057 | X121: -0.06997344 | Y121: -0.08879185 | Z121: -0.09451064 | AA121: -0.10077524 | AB121: -0.11035611 | AC121: -0.12032085 | AD121: -0.12792392 | AE121: -0.1339486 | AF121: -0.13906492 | AG121: -0.14336212 | AH121: -0.14610456 | AI121: -0.14687628 | AJ121: -0.14737427 | AK121: -0.14782296 | AL121: -0.1478428 | AM121: -0.14728949 | AN121: -0.14606423 | AO121: -0.14434373 | AP121: -0.14247413 | AQ121: -0.14081175 | AR121: -0.13851026 | AS121: -0.13431744 | AT121: -0.13332205 | AU121: -0.13845713 | AV121: -0.14873881 | AW121: -0.16500147
B122: 100*(L_2/L_1-1) | C122: 0 | D122: 0 | E122: 0 | F122: 0 | G122: 0 | H122: 0 | I122: 0 | J122: 0 | K122: 0 | L122: 0 | M122: 0 | N122: 0 | O122: 0 | P122: 0 | Q122: 0 | R122: 0 | S122: 0 | T122: 0 | U122: 0 | V122: 0 | W122: 0.040562704 | X122: 0.11376755 | Y122: 0.14439912 | Z122: 0.15364064 | AA122: 0.16411933 | AB122: 0.17966067 | AC122: 0.19563517 | AD122: 0.20764964 | AE122: 0.21715643 | AF122: 0.22526249 | AG122: 0.23263968 | AH122: 0.23701895 | AI122: 0.23792748 | AJ122: 0.23847479 | AK122: 0.23901779 | AL122: 0.23895455 | AM122: 0.23809512 | AN122: 0.23626166 | AO122: 0.23359807 | AP122: 0.23067857 | AQ122: 0.228003 | AR122: 0.22428313 | AS122: 0.21745514 | AT122: 0.21580781 | AU122: 0.22411114 | AV122: 0.24074924 | AW122: 0.2670863
B123: 100*((W_2/PCH_2)/(W_1/PCH_1)-1) | C123: 0 | D123: 0 | E123: 0 | F123: 0 | G123: 0 | H123: 0 | I123: 0 | J123: 0 | K123: 0 | L123: 0 | M123: 0 | N123: 0 | O123: 0 | P123: 0 | Q123: 0 | R123: 0 | S123: 0 | T123: 0 | U123: 0 | V123: 0 | W123: 0.060799132 | X123: 0.079817872 | Y123: 0.13255314 | Z123: 0.18929087 | AA123: 0.23879227 | AB123: 0.28221007 | AC123: 0.32117905 | AD123: 0.3579526 | AE123: 0.39148457 | AF123: 0.42162794 | AG123: 0.44676002 | AH123: 0.46724742 | AI123: 0.485019 | AJ123: 0.49909522 | AK123: 0.50999093 | AL123: 0.51842655 | AM123: 0.52461501 | AN123: 0.5289233 | AO123: 0.53227442 | AP123: 0.53539135 | AQ123: 0.53899749 | AR123: 0.5404797 | AS123: 0.54329584 | AT123: 0.55396257 | AU123: 0.57043068 | AV123: 0.59879686 | AW123: 0.64686096
B124: 100*(PCH_2/PCH_1-1) | C124: 0 | D124: 0 | E124: 0 | F124: 0 | G124: 0 | H124: 0 | I124: 0 | J124: 0 | K124: 0 | L124: 0 | M124: 0 | N124: 0 | O124: 0 | P124: 0 | Q124: 0 | R124: 0 | S124: 0 | T124: 0 | U124: 0 | V124: 0 | W124: -0.021348225 | X124: -0.023858983 | Y124: -0.010665946 | Z124: 0.01348399 | AA124: 0.043797698 | AB124: 0.078591575 | AC124: 0.11803609 | AD124: 0.16213477 | AE124: 0.20990708 | AF124: 0.26015692 | AG124: 0.3131631 | AH124: 0.36847744 | AI124: 0.42570921 | AJ124: 0.48318967 | AK124: 0.54030463 | AL124: 0.5967208 | AM124: 0.6520436 | AN124: 0.70542883 | AO124: 0.75597487 | AP124: 0.80104485 | AQ124: 0.83802581 | AR124: 0.86288458 | AS124: 0.87611193 | AT124: 0.86278576 | AU124: 0.81752021 | AV124: 0.73342809 | AW124: 0.59694918
B125: 100*(R_2-R_1) | C125: 0 | D125: 0 | E125: 0 | F125: 0 | G125: 0 | H125: 0 | I125: 0 | J125: 0 | K125: 0 | L125: 0 | M125: 0 | N125: 0 | O125: 0 | P125: 0 | Q125: 0 | R125: 0 | S125: 0 | T125: 0 | U125: 0 | V125: 0 | W125: -0.02181742 | X125: -0.00256521 | Y125: 0.01346355 | Z125: 0.02466511 | AA125: 0.03101007 | AB125: 0.03560402 | AC125: 0.04037129 | AD125: 0.04509688 | AE125: 0.04887439 | AF125: 0.05130841 | AG125: 0.05417163 | AH125: 0.05654802 | AI125: 0.05842456 | AJ125: 0.05867501 | AK125: 0.05828506 | AL125: 0.05752594 | AM125: 0.05635643 | AN125: 0.05434864 | AO125: 0.05140695 | AP125: 0.04580899 | AQ125: 0.03755957 | AR125: 0.02523868 | AS125: 0.01342034 | AT125: -0.01351892 | AU125: -0.04592019 | AV125: -0.08530964 | AW125: -0.13853621
B126: 100*(DEBT_G_VAL_2/(PGDP_2*GDP_2)-DEBT_G_VAL_1/(PGDP_1*GDP_1)) | C126: 0 | D126: 0 | E126: 0 | F126: 0 | G126: 0 | H126: 0 | I126: 0 | J126: 0 | K126: 0 | L126: 0 | M126: 0 | N126: 0 | O126: 0 | P126: 0 | Q126: 0 | R126: 0 | S126: 0 | T126: 0 | U126: 0 | V126: 0 | W126: -0.12243648 | X126: -0.23396446 | Y126: -0.35326448 | Z126: -0.47665968 | AA126: -0.60578437 | AB126: -0.74045002 | AC126: -0.87515543 | AD126: -1.0061912 | AE126: -1.1346403 | AF126: -1.259044 | AG126: -1.3750038 | AH126: -1.4794631 | AI126: -1.5715858 | AJ126: -1.6535296 | AK126: -1.7258548 | AL126: -1.7876645 | AM126: -1.838583 | AN126: -1.8768768 | AO126: -1.9014207 | AP126: -1.910328 | AQ126: -1.9032081 | AR126: -1.8690054 | AS126: -1.8115144 | AT126: -1.7349029 | AU126: -1.6395319 | AV126: -1.5227495 | AW126: -1.3764377
B127: 100*(DP_G_VAL_2-DP_G_VAL_1) | C127: 0 | D127: 0 | E127: 0 | F127: 0 | G127: 0 | H127: 0 | I127: 0 | J127: 0 | K127: 0 | L127: 0 | M127: 0 | N127: 0 | O127: 0 | P127: 0 | Q127: 0 | R127: 0 | S127: 0 | T127: 0 | U127: 0 | V127: 0 | W127: -0.01274994 | X127: -0.0627852 | Y127: -0.08093058 | Z127: -0.08469241 | AA127: -0.08598764 | AB127: -0.08836737 | AC127: -0.0917814 | AD127: -0.09095965 | AE127: -0.08901496 | AF127: -0.08610626 | AG127: -0.08209247 | AH127: -0.07811489 | AI127: -0.0702821 | AJ127: -0.062493 | AK127: -0.05515151 | AL127: -0.04786699 | AM127: -0.04073516 | AN127: -0.03268119 | AO127: -0.02479792 | AP127: -0.01703603 | AQ127: -0.01015525 | AR127: -0.00619263 | AS127: -0.00080928 | AT127: -7.779e-05 | AU127: -0.01065456 | AV127: -0.03281623 | AW127: -0.06604565
B128: 100*(GDP_2/@ELEM(GDP_2,"2006")) | C128: 97.675608 | D128: 99.243822 | E128: 100 | F128: 103.97639 | G128: 104.32518 | H128: 100.68175 | I128: 103.16511 | J128: 105.50286 | K128: 106.1613 | L128: 106.45353 | M128: 107.58651 | N128: 108.62297 | O128: 110.11501 | P128: 113.18549 | Q128: 115.7463 | R128: 118.21951 | S128: 118.51246 | T128: 120.472 | U128: 121.80357 | V128: 123.71527 | W128: 124.94292 | X128: 126.06598 | Y128: 126.77769 | Z128: 127.75101 | AA128: 128.4946 | AB128: 129.17494 | AC128: 130.05538 | AD128: 130.97728 | AE128: 131.75302 | AF128: 132.7282 | AG128: 133.65596 | AH128: 134.75274 | AI128: 136.08441 | AJ128: 137.43435 | AK128: 138.77799 | AL128: 140.20535 | AM128: 141.73443 | AN128: 143.27689 | AO128: 145.04535 | AP128: 146.87596 | AQ128: 148.79047 | AR128: 150.76566 | AS128: 152.80963 | AT128: 154.82552 | AU128: 156.8271 | AV128: 158.86391 | AW128: 161.03897 | AX128: 178.52723
B129: 100*(EMS_TOT_2/EMS_TOT_1-1) | C129: 0 | D129: 0 | E129: 0 | F129: 0 | G129: 0 | H129: 0 | I129: 0 | J129: 0 | K129: 0 | L129: 0 | M129: 0 | N129: 0 | O129: 0 | P129: 0 | Q129: 0 | R129: 0 | S129: 0 | T129: 0 | U129: 0 | V129: 0 | W129: -0.20921193 | X129: -0.57761997 | Y129: -0.97392808 | Z129: -1.3941758 | AA129: -1.8191278 | AB129: -2.2522886 | AC129: -2.6989171 | AD129: -3.1571099 | AE129: -3.6204122 | AF129: -4.092753 | AG129: -4.5724514 | AH129: -5.0542263 | AI129: -5.5294597 | AJ129: -6.0108139 | AK129: -6.4958502 | AL129: -6.9839916 | AM129: -7.4754675 | AN129: -7.9494109 | AO129: -8.4267564 | AP129: -8.9067099 | AQ129: -9.3888856 | AR129: -9.8713494 | AS129: -10.334806 | AT129: -10.801773 | AU129: -11.263851 | AV129: -11.719492 | AW129: -12.174488
B130: 100*(EMS_TOT_2/@ELEM(EMS_TOT_2,"2006")) | C130: 97.020299 | D130: 98.577992 | E130: 100 | F130: 100.44289 | G130: 95.290917 | H130: 90.522844 | I130: 89.544753 | J130: 87.117087 | K130: 83.66595 | L130: 81.504705 | M130: 80.710324 | N130: 80.653129 | O130: 78.682505 | P130: 76.651833 | Q130: 73.470269 | R130: 71.338485 | S130: 69.245351 | T130: 68.44561 | U130: 67.633452 | V130: 67.020719 | W130: 66.618285 | X130: 65.801623 | Y130: 65.20915 | Z130: 64.870535 | AA130: 64.487316 | AB130: 64.060591 | AC130: 63.517927 | AD130: 63.061921 | AE130: 62.628079 | AF130: 62.209435 | AG130: 61.773217 | AH130: 61.333395 | AI130: 60.933632 | AJ130: 60.540882 | AK130: 60.140916 | AL130: 59.74634 | AM130: 59.355761 | AN130: 58.858038 | AO130: 58.35607 | AP130: 57.831212 | AQ130: 57.305111 | AR130: 56.727997 | AS130: 56.300916 | AT130: 55.883666 | AU130: 55.465522 | AV130: 55.052577 | AW130: 54.671599 | AX130: 9.0244863
B131: EMS_DC_04_2 | C131: 651205.12 | D131: 661660.43 | E131: 672283.61 | F131: 690924.67 | G131: 678581.71 | H131: 619435.66 | I131: 636180.69 | J131: 653802.58 | K131: 644454.95 | L131: 636957.33 | M131: 640329.72 | N131: 649163.82 | O131: 659683.12 | P131: 687399.42 | Q131: 700150.7 | R131: 714944.25 | S131: 711882.74 | T131: 721555.18 | U131: 728694.4 | V131: 741795.46 | W131: 739553.37 | X131: 733740.47 | Y131: 731836.35 | Z131: 731310.07 | AA131: 730454.89 | AB131: 729932.83 | AC131: 729241.25 | AD131: 735286.94 | AE131: 739554.11 | AF131: 744470.75 | AG131: 749218.2 | AH131: 753849.35 | AI131: 761425.85 | AJ131: 768628.6 | AK131: 775576.41 | AL131: 782742.97 | AM131: 790160.24 | AN131: 797350.76 | AO131: 805751.12 | AP131: 814453.98 | AQ131: 823569.95 | AR131: 832280.99 | AS131: 842289.38 | AT131: 851972.58 | AU131: 861585.15 | AV131: 871369.41 | AW131: 881735.58
B132: EMS_DC_05_2 | C132: 11699516 | D132: 11887355 | E132: 12078211 | F132: 12394208 | G132: 12130936 | H132: 11018218 | I132: 11233802 | J132: 11656712 | K132: 11446952 | L132: 11263844 | M132: 11300822 | N132: 11409654 | O132: 11619493 | P132: 12136393 | Q132: 12362443 | R132: 12640257 | S132: 12352594 | T132: 12667603 | U132: 12740456 | V132: 13042194 | W132: 13019151 | X132: 12986919 | Y132: 12836621 | Z132: 12776015 | AA132: 12739411 | AB132: 12712901 | AC132: 12720395 | AD132: 12779018 | AE132: 12825192 | AF132: 12892013 | AG132: 12950875 | AH132: 13044251 | AI132: 13135316 | AJ132: 13214826 | AK132: 13306921 | AL132: 13402380 | AM132: 13498687 | AN132: 13568731 | AO132: 13658607 | AP132: 13748172 | AQ132: 13855834 | AR132: 13959648 | AS132: 14061988 | AT132: 14162889 | AU132: 14255399 | AV132: 14349382 | AW132: 14502099
B133: EMS_DC_2 | C133: 12350721 | D133: 12549016 | E133: 12750494 | F133: 13085133 | G133: 12809518 | H133: 11637654 | I133: 11869983 | J133: 12310515 | K133: 12091407 | L133: 11900801 | M133: 11941152 | N133: 12058818 | O133: 12279176 | P133: 12823793 | Q133: 13062594 | R133: 13355201 | S133: 13064476 | T133: 13389158 | U133: 13469151 | V133: 13783989 | W133: 13758704 | X133: 13720659 | Y133: 13568457 | Z133: 13507325 | AA133: 13469866 | AB133: 13442834 | AC133: 13449636 | AD133: 13514305 | AE133: 13564746 | AF133: 13636484 | AG133: 13700093 | AH133: 13798100 | AI133: 13896742 | AJ133: 13983455 | AK133: 14082497 | AL133: 14185123 | AM133: 14288847 | AN133: 14366082 | AO133: 14464358 | AP133: 14562626 | AQ133: 14679404 | AR133: 14791929 | AS133: 14904277 | AT133: 15014862 | AU133: 15116984 | AV133: 15220751 | AW133: 15383835
B134: EMS_HH_2 | C134: 1.4491312e+08 | D134: 1.4723974e+08 | E134: 1.4960372e+08 | F134: 1.4984905e+08 | G134: 1.445578e+08 | H134: 1.4419191e+08 | I134: 1.4180848e+08 | J134: 1.381067e+08 | K134: 1.338995e+08 | L134: 1.3078553e+08 | M134: 1.2848776e+08 | N134: 126993668 | O134: 127019785 | P134: 1.2539534e+08 | Q134: 1.2253993e+08 | R134: 1.2074241e+08 | S134: 1.1950403e+08 | T134: 1.1699908e+08 | U134: 1.1449395e+08 | V134: 1.1172872e+08 | W134: 1.1042523e+08 | X134: 108179460 | Y134: 1.0637299e+08 | Z134: 1.0517988e+08 | AA134: 1.04018e+08 | AB134: 1.0279918e+08 | AC134: 1.0093895e+08 | AD134: 99420455 | AE134: 98209333 | AF134: 96937142 | AG134: 95611543 | AH134: 94185632 | AI134: 92601410 | AJ134: 91077082 | AK134: 89557433 | AL134: 88032511 | AM134: 86502212 | AN134: 84890107 | AO134: 83227767 | AP134: 81532520 | AQ134: 79825027 | AR134: 77933928 | AS134: 76109240 | AT134: 74305455 | AU134: 72508565 | AV134: 70713378 | AW134: 68915439
B135: EMS_HH_21_2 | C135: 1098851.9 | D135: 1116494.3 | E135: 1134420 | F135: 1125136.4 | G135: 1112700 | H135: 1098655.2 | I135: 1090758.9 | J135: 1082003.1 | K135: 1068001.5 | L135: 1048743.5 | M135: 1029745.1 | N135: 1015521.9 | O135: 1010924.4 | P135: 1010649.9 | Q135: 1007508.4 | R135: 993270.63 | S135: 975247.3 | T135: 953800.73 | U135: 933210.63 | V135: 913851.68 | W135: 900428.25 | X135: 890699.65 | Y135: 885763.76 | Z135: 884067.95 | AA135: 883370.52 | AB135: 882445.28 | AC135: 880728.38 | AD135: 878031.47 | AE135: 874293.9 | AF135: 869598.6 | AG135: 864020.39 | AH135: 857641.13 | AI135: 850535.92 | AJ135: 842828.46 | AK135: 834708.94 | AL135: 826280.79 | AM135: 817610.4 | AN135: 808688.71 | AO135: 799399.49 | AP135: 789749.75 | AQ135: 779799.74 | AR135: 769589.17 | AS135: 759159.27 | AT135: 748502.82 | AU135: 737634.58 | AV135: 726574.25 | AW135: 715483.39
B136: EMS_HH_21_H01_2 | C136: 1098851.9 | D136: 1116494.3 | E136: 1134420 | F136: 1125136.4 | G136: 1112700 | H136: 1098655.2 | I136: 1090758.9 | J136: 1082003.1 | K136: 1068001.5 | L136: 1048743.5 | M136: 1029745.1 | N136: 1015521.9 | O136: 1010924.4 | P136: 1010649.9 | Q136: 1007508.4 | R136: 993270.63 | S136: 975247.3 | T136: 953800.73 | U136: 933210.63 | V136: 913851.68 | W136: 900428.25 | X136: 890699.65 | Y136: 885763.76 | Z136: 884067.95 | AA136: 883370.52 | AB136: 882445.28 | AC136: 880728.38 | AD136: 878031.47 | AE136: 874293.9 | AF136: 869598.6 | AG136: 864020.39 | AH136: 857641.13 | AI136: 850535.92 | AJ136: 842828.46 | AK136: 834708.94 | AL136: 826280.79 | AM136: 817610.4 | AN136: 808688.71 | AO136: 799399.49 | AP136: 789749.75 | AQ136: 779799.74 | AR136: 769589.17 | AS136: 759159.27 | AT136: 748502.82 | AU136: 737634.58 | AV136: 726574.25 | AW136: 715483.39
B137: EMS_HH_22_2 | C137: 1.0587527e+08 | D137: 1.0757513e+08 | E137: 1.0930228e+08 | F137: 1.1042426e+08 | G137: 1.0647321e+08 | H137: 1.0722351e+08 | I137: 1.0521289e+08 | J137: 1.0255413e+08 | K137: 1.000176e+08 | L137: 98313550 | M137: 97003788 | N137: 96220587 | O137: 95808990 | P137: 94196671 | Q137: 92250330 | R137: 91125649 | S137: 90433569 | T137: 89696927 | U137: 88556786 | V137: 87128490 | W137: 86002176 | X137: 84057844 | Y137: 82558862 | Z137: 81556751 | AA137: 80644272 | AB137: 79698593 | AC137: 78131792 | AD137: 76936693 | AE137: 76085720 | AF137: 75181114 | AG137: 74255836 | AH137: 73260830 | AI137: 72147620 | AJ137: 71097413 | AK137: 70059572 | AL137: 69021979 | AM137: 67983220 | AN137: 66867207 | AO137: 65702650 | AP137: 64512883 | AQ137: 63311799 | AR137: 61936494 | AS137: 60608833 | AT137: 59303269 | AU137: 58008297 | AV137: 56718547 | AW137: 55432246
B138: EMS_HH_22_H01_2 | C138: 1.0587527e+08 | D138: 1.0757513e+08 | E138: 1.0930228e+08 | F138: 1.1042426e+08 | G138: 1.0647321e+08 | H138: 1.0722351e+08 | I138: 1.0521289e+08 | J138: 1.0255413e+08 | K138: 1.000176e+08 | L138: 98313550 | M138: 97003788 | N138: 96220587 | O138: 95808990 | P138: 94196671 | Q138: 92250330 | R138: 91125649 | S138: 90433569 | T138: 89696927 | U138: 88556786 | V138: 87128490 | W138: 86002176 | X138: 84057844 | Y138: 82558862 | Z138: 81556751 | AA138: 80644272 | AB138: 79698593 | AC138: 78131792 | AD138: 76936693 | AE138: 76085720 | AF138: 75181114 | AG138: 74255836 | AH138: 73260830 | AI138: 72147620 | AJ138: 71097413 | AK138: 70059572 | AL138: 69021979 | AM138: 67983220 | AN138: 66867207 | AO138: 65702650 | AP138: 64512883 | AQ138: 63311799 | AR138: 61936494 | AS138: 60608833 | AT138: 59303269 | AU138: 58008297 | AV138: 56718547 | AW138: 55432246
B139: EMS_HH_24_2 | C139: 37938998 | D139: 38548121 | E139: 39167023 | F139: 38299648 | G139: 36971889 | H139: 35869740 | I139: 35504833 | J139: 34470568 | K139: 32813903 | L139: 31423236 | M139: 30454229 | N139: 29757559 | O139: 30199871 | P139: 30188022 | Q139: 29282097 | R139: 28623487 | S139: 28095210 | T139: 26348349 | U139: 25003953 | V139: 23686375 | W139: 23522627 | X139: 23230916 | Y139: 22928364 | Z139: 22739064 | AA139: 22490361 | AB139: 22218141 | AC139: 21926431 | AD139: 21605730 | AE139: 21249318 | AF139: 20886430 | AG139: 20491686 | AH139: 20067161 | AI139: 19603253 | AJ139: 19136840 | AK139: 18663152 | AL139: 18184251 | AM139: 17701381 | AN139: 17214211 | AO139: 16725717 | AP139: 16229887 | AQ139: 15733428 | AR139: 15227845 | AS139: 14741247 | AT139: 14253683 | AU139: 13762633 | AV139: 13268256 | AW139: 12767710
B140: EMS_HH_24_H01_2 | C140: 37938998 | D140: 38548121 | E140: 39167023 | F140: 38299648 | G140: 36971889 | H140: 35869740 | I140: 35504833 | J140: 34470568 | K140: 32813903 | L140: 31423236 | M140: 30454229 | N140: 29757559 | O140: 30199871 | P140: 30188022 | Q140: 29282097 | R140: 28623487 | S140: 28095210 | T140: 26348349 | U140: 25003953 | V140: 23686375 | W140: 23522627 | X140: 23230916 | Y140: 22928364 | Z140: 22739064 | AA140: 22490361 | AB140: 22218141 | AC140: 21926431 | AD140: 21605730 | AE140: 21249318 | AF140: 20886430 | AG140: 20491686 | AH140: 20067161 | AI140: 19603253 | AJ140: 19136840 | AK140: 18663152 | AL140: 18184251 | AM140: 17701381 | AN140: 17214211 | AO140: 16725717 | AP140: 16229887 | AQ140: 15733428 | AR140: 15227845 | AS140: 14741247 | AT140: 14253683 | AU140: 13762633 | AV140: 13268256 | AW140: 12767710
B141: EMS_SEC_TOT_01_2 | C141: 7249974.7 | D141: 7366375.4 | E141: 7474097 | F141: 7717913.6 | G141: 7309419.1 | H141: 7678260.2 | I141: 7960126.8 | J141: 7471449.8 | K141: 7130236.2 | L141: 6923073.4 | M141: 7394762.8 | N141: 7860006.9 | O141: 8143184.4 | P141: 8171141.5 | Q141: 7552540 | R141: 7467014 | S141: 7513346.8 | T141: 7653087.2 | U141: 7784407.6 | V141: 7974991.6 | W141: 8159886.9 | X141: 8387823.9 | Y141: 8538266.8 | Z141: 8653571.6 | AA141: 8743897.2 | AB141: 8826393 | AC141: 8952710.7 | AD141: 9007073.6 | AE141: 9079748 | AF141: 9158185 | AG141: 9243005.5 | AH141: 9354291.9 | AI141: 9443169.5 | AJ141: 9551354.4 | AK141: 9657833.7 | AL141: 9769196.8 | AM141: 9885714.6 | AN141: 10007628 | AO141: 10135221 | AP141: 10262202 | AQ141: 10389738 | AR141: 10534552 | AS141: 10639447 | AT141: 10746463 | AU141: 10856044 | AV141: 10970433 | AW141: 11092328
B142: EMS_SEC_TOT_02_2 | C142: 11428306 | D142: 11611791 | E142: 11711312 | F142: 11906018 | G142: 11186742 | H142: 11355714 | I142: 11089935 | J142: 10704784 | K142: 9992594.9 | L142: 9716585.4 | M142: 9825547.7 | N142: 9984195.3 | O142: 9298561.4 | P142: 8554387.1 | Q142: 7650016.2 | R142: 7071911.8 | S142: 6771497.7 | T142: 6627784.4 | U142: 6555259.6 | V142: 6519457.8 | W142: 6532771.2 | X142: 6538140.1 | Y142: 6517772.5 | Z142: 6530206.7 | AA142: 6535322.9 | AB142: 6535383.2 | AC142: 6571259.3 | AD142: 6556644.6 | AE142: 6555778.4 | AF142: 6555380.9 | AG142: 6562902.2 | AH142: 6590985.3 | AI142: 6595064.7 | AJ142: 6610377 | AK142: 6621869.5 | AL142: 6634080.5 | AM142: 6647430.8 | AN142: 6623418.2 | AO142: 6587403.2 | AP142: 6542656 | AQ142: 6490576.1 | AR142: 6441295.9 | AS142: 6400418.4 | AT142: 6365245 | AU142: 6329979 | AV142: 6294169.5 | AW142: 6257269.5
... B306: EMS_AUTO_24_H01_2 | C306: 2.3355384 | D306: 2.3730362 | E306: 2.3697171 | F306: 2.6984848 | G306: 4.699048 | H306: 6.8056363 | I306: 8.8675552 | J306: 11.410562 | K306: 13.542796 | L306: 15.26115 | M306: 16.765366 | N306: 17.356405 | O306: 18.204591 | P306: 18.505675 | Q306: 19.652648 | R306: 20.93412 | S306: 23.516443 | T306: 24.66199 | U306: 26.90948 | V306: 29.146283 | W306: 32.164242 | X306: 33.398587 | Y306: 35.448725 | Z306: 37.679547 | AA306: 39.859941 | AB306: 41.885529 | AC306: 42.648598 | AD306: 43.924798 | AE306: 45.36242 | AF306: 46.664888 | AG306: 47.797251 | AH306: 48.385882 | AI306: 48.9645 | AJ306: 49.573557 | AK306: 50.119333 | AL306: 50.569531 | AM306: 50.913008 | AN306: 51.080008 | AO306: 51.101906 | AP306: 51.017604 | AQ306: 50.845288 | AR306: 50.175241 | AS306: 49.650428 | AT306: 49.141221 | AU306: 48.603909 | AV306: 48.018448 | AW306: 47.375406

Sheet T CO2
A1: Emissions CO2 (MtCO2)
A3: =Résultats!B1 -> SNBC3
A5: 2015 | C5: coal | D5: oil | E5: elec | F5: gas | G5: decarb | H5: Total
A6: Transport | C6: =C7+C8 -> 0 | D6: =D7+D8 -> 129.23156 | E6: =E7+E8 -> 0.64340159 | F6: =F7+F8 -> 0.4031474 | G6: =G7+G8 -> 0 | H6: =SUM(C6:G6) -> 130.27811 | K6: Cf. onglet "G emissions"
A7: Personal vehicles | C7: 0 | D7: =Résultats!N$305/1000000 -> 74.008815 | E7: ='T energie usages'!J12/'T energie usages'!J$20*(Résultats!N$192+Résultats!N$193+Résultats!N$194)/1000000 -> 0.009080031 | F7: =Résultats!N$306/1000000 -> 1.7356405e-05 | G7: 0 | H7: =SUM(C7:G7) -> 74.017912 | L7: 2020 | M7: 2030 | N7: 2050
A8: Public and freight transport | C8: 0 | D8: =(Résultats!N$183+Résultats!N$184+Résultats!N$185+Résultats!N$186+Résultats!N$187)/1000000 -> 55.222742 | E8: ='T energie usages'!J13/'T energie usages'!J$20*(Résultats!N$192+Résultats!N$193+Résultats!N$194)/1000000 -> 0.63432156 | F8: =(Résultats!N$209+Résultats!N$210+Résultats!N$211+Résultats!N$212+Résultats!N$213)/1000000 -> 0.40313004 | G8: 0 | H8: =SUM(C8:G8) -> 56.260193 | K8: Transport | L8: =H19 -> 124.92927 | M8: =H45 -> 115.24374 | N8: =H71 -> 93.788103
A9: Residential | C9: =Résultats!N$135/1000000 -> 1.0155219 | D9: =Résultats!N$303/1000000 -> 22.153661 | E9: ='T energie usages'!J14/'T energie usages'!J$20*(Résultats!N$192+Résultats!N$193+Résultats!N$194)/1000000 -> 6.8654731 | F9: =Résultats!N$304/1000000 -> 29.041348 | G9: 0 | H9: =SUM(C9:G9) -> 59.076004 | K9: Residentiel | L9: =H22 -> 53.099436 | M9: =H48 -> 45.591427 | N9: =H74 -> 34.46771
A10: Service | C10: =(Résultats!N$168+Résultats!N$169)/1000000 -> 0 | D10: =(Résultats!N$188+Résultats!N$189)/1000000 -> 11.028434 | E10: ='T energie usages'!J15/'T energie usages'!J$20*(Résultats!N$192+Résultats!N$193+Résultats!N$194)/1000000 -> 5.7735675 | F10: =(Résultats!N$214+Résultats!N$215)/1000000 -> 15.008763 | G10: 0 | H10: =SUM(C10:G10) -> 31.810765 | K10: Service | L10: =H23 -> 24.435406 | M10: =H49 -> 20.230616 | N10: =H75 -> 13.239648
A11: Industry and agriculture | C11: =C12+C13 -> 20.048692 | D11: =D12+D13 -> 63.822265 | E11: =E12+E13 -> 5.6355192 | F11: =F12+F13 -> 24.910248 | G11: =G12+G13 -> 12.058818 | H11: =SUM(C11:G11) -> 126.47554 | K11: Industrie et agriculture | L11: =H24 -> 95.467411 | M11: =H50 -> 92.642455 | N11: =H76 -> 95.346235
A12: Industry | C12: =(Résultats!N$162+Résultats!N$163+Résultats!N$164+Résultats!N$165+Résultats!N$166+Résultats!N$167)/1000000 -> 20.048692 | D12: =(Résultats!N$171+Résultats!N$173+Résultats!N$174+Résultats!N$175+Résultats!N$176+Résultats!N$177+Résultats!N$178+Résultats!N$179+Résultats!N$180+Résultats!N$181+Résultats!N$182)/1000000 -> 56.609172 | E12: ='T energie usages'!J17/'T energie usages'!J$20*(Résultats!N$192+Résultats!N$193+Résultats!N$194)/1000000 -> 5.476187 | F12: =(Résultats!N$197+Résultats!N$198+Résultats!N$199+Résultats!N$200+Résultats!N$201+Résultats!N$202+Résultats!N$203+Résultats!N$204+Résultats!N$205+Résultats!N$206+Résultats!N$207+Résultats!N$208+Résultats!N$216+Résultats!N$218)/1000000 -> 24.263334 | G12: =Résultats!N$133/1000000 -> 12.058818 | H12: =SUM(C12:G12) -> 118.4562 | K12: Total | L12: =SUM(L8:L11) -> 297.93152 | M12: =SUM(M8:M11) -> 273.70824 | N12: =SUM(N8:N11) -> 236.8417
A13: Agriculture | C13: 0 | D13: =(Résultats!N$172)/1000000 -> 7.2130931 | E13: ='T energie usages'!J19/'T energie usages'!J$20*(Résultats!N$192+Résultats!N$193+Résultats!N$194)/1000000 -> 0.1593322 | F13: =(Résultats!N$196)/1000000 -> 0.64691383 | G13: 0 | H13: =SUM(C13:G13) -> 8.0193391
A14: Total Final MTEC | C14: =SUM(C9:C11)+C6 -> 21.064214 | D14: =SUM(D9:D11)+D6 -> 226.23592 | E14: =SUM(E9:E11)+E6 -> 18.917961 | F14: =SUM(F9:F11)+F6 -> 69.363506 | G14: =SUM(G9:G11)+G6 -> 12.058818 | H14: =SUM(C14:G14) -> 347.64042
A15: Verif | C15: =(Résultats!N$135+Résultats!N$162+Résultats!N$163+Résultats!N$164+Résultats!N$165+Résultats!N$166+Résultats!N$167+Résultats!N$168+Résultats!N$169)/1000000 -> 21.064214 | D15: =(Résultats!N$137+Résultats!N$171+Résultats!N$172+Résultats!N$173+Résultats!N$174+Résultats!N$175+Résultats!N$176+Résultats!N$177+Résultats!N$178+Résultats!N$179+Résultats!N$180+Résultats!N$181+Résultats!N$182+Résultats!N$183+Résultats!N$184+Résultats!N$185+Résultats!N$186+Résultats!N$187+Résultats!N$188+Résultats!N$189)/1000000 -> 226.29403 | E15: =(Résultats!N$192+Résultats!N$193+Résultats!N$194)/1000000 -> 18.917961 | F15: =(Résultats!N$139+Résultats!N$196+Résultats!N$197+Résultats!N$198+Résultats!N$199+Résultats!N$200+Résultats!N$201+Résultats!N$202+Résultats!N$203+Résultats!N$204+Résultats!N$205+Résultats!N$206+Résultats!N$207+Résultats!N$208+Résultats!N$209+Résultats!N$210+Résultats!N$211+Résultats!N$212+Résultats!N$213+Résultats!N$214+Résultats!N$215+Résultats!N$216+Résultats!N$218)/1000000 -> 70.0797 | G15: =Résultats!N$133/1000000 -> 12.058818 | H15: =SUM(C15:G15) -> 348.41472
H16: =Résultats!N227/1000000 -> 348.41472
A18: 2020 | C18: coal | D18: oil | E18: elec | F18: gas | G18: decarb | H18: Total
A19: Transport | C19: =C20+C21 -> 0 | D19: =D20+D21 -> 123.95203 | E19: =E20+E21 -> 0.53653081 | F19: =F20+F21 -> 0.44071317 | G19: =G20+G21 -> 0 | H19: =SUM(C19:G19) -> 124.92927
A20: Personal vehicles | C20: 0 | D20: =Résultats!S$305/1000000 -> 70.791326 | E20: ='T energie usages'!J25/'T energie usages'!J$20*(Résultats!S$192+Résultats!S$193+Résultats!S$194)/1000000 -> 0.025618776 | F20: =Résultats!S$306/1000000 -> 2.3516443e-05 | G20: 0 | H20: =SUM(C20:G20) -> 70.816969
A21: Public and freight transport | C21: 0 | D21: =(Résultats!S$183+Résultats!S$184+Résultats!S$185+Résultats!S$186+Résultats!S$187)/1000000 -> 53.160699 | E21: ='T energie usages'!J26/'T energie usages'!J$20*(Résultats!S$192+Résultats!S$193+Résultats!S$194)/1000000 -> 0.51091204 | F21: =(Résultats!S$209+Résultats!S$210+Résultats!S$211+Résultats!S$212+Résultats!S$213)/1000000 -> 0.44068965 | G21: 0 | H21: =SUM(C21:G21) -> 54.112301
A22: Residential | C22: =Résultats!S$135/1000000 -> 0.9752473 | D22: =Résultats!S$303/1000000 -> 19.587627 | E22: ='T energie usages'!J27/'T energie usages'!J$20*(Résultats!S$192+Résultats!S$193+Résultats!S$194)/1000000 -> 5.1175604 | F22: =Résultats!S$304/1000000 -> 27.419001 | G22: 0 | H22: =SUM(C22:G22) -> 53.099436
A23: Service | C23: =(Résultats!S$168+Résultats!S$169)/1000000 -> 0 | D23: =(Résultats!S$188+Résultats!S$189)/1000000 -> 7.9198953 | E23: ='T energie usages'!J28/'T energie usages'!J$20*(Résultats!S$192+Résultats!S$193+Résultats!S$194)/1000000 -> 3.9566141 | F23: =(Résultats!S$214+Résultats!S$215)/1000000 -> 12.558896 | G23: 0 | H23: =SUM(C23:G23) -> 24.435406
A24: Industry and agriculture | C24: =C25+C26 -> 10.587017 | D24: =D25+D26 -> 43.681619 | E24: =E25+E26 -> 3.3130788 | F24: =F25+F26 -> 24.82122 | G24: =G25+G26 -> 13.064476 | H24: =SUM(C24:G24) -> 95.467411
A25: Industry | C25: =(Résultats!S$162+Résultats!S$163+Résultats!S$164+Résultats!S$165+Résultats!S$166+Résultats!S$167)/1000000 -> 10.587017 | D25: =(Résultats!S$171+Résultats!S$173+Résultats!S$174+Résultats!S$175+Résultats!S$176+Résultats!S$177+Résultats!S$178+Résultats!S$179+Résultats!S$180+Résultats!S$181+Résultats!S$182)/1000000 -> 36.759192 | E25: ='T energie usages'!J30/'T energie usages'!J$20*(Résultats!S$192+Résultats!S$193+Résultats!S$194)/1000000 -> 3.2022639 | F25: =(Résultats!S$197+Résultats!S$198+Résultats!S$199+Résultats!S$200+Résultats!S$201+Résultats!S$202+Résultats!S$203+Résultats!S$204+Résultats!S$205+Résultats!S$206+Résultats!S$207+Résultats!S$208+Résultats!S$216+Résultats!S$218)/1000000 -> 24.2303 | G25: =Résultats!S$133/1000000 -> 13.064476 | H25: =SUM(C25:G25) -> 87.84325
A26: Agriculture | C26: 0 | D26: =(Résultats!S$172)/1000000 -> 6.9224265 | E26: ='T energie usages'!J32/'T energie usages'!J$20*(Résultats!S$192+Résultats!S$193+Résultats!S$194)/1000000 -> 0.11081486 | F26: =(Résultats!S$196)/1000000 -> 0.59092031 | G26: 0 | H26: =SUM(C26:G26) -> 7.6241616
A27: Total Final MTEC | C27: =SUM(C22:C24)+C19 -> 11.562265 | D27: =SUM(D22:D24)+D19 -> 195.14117 | E27: =SUM(E22:E24)+E19 -> 12.923784 | F27: =SUM(F22:F24)+F19 -> 65.239831 | G27: =SUM(G22:G24)+G19 -> 13.064476 | H27: =SUM(C27:G27) -> 297.93152
A28: Verif | C28: =(Résultats!S$135+Résultats!S$162+Résultats!S$163+Résultats!S$164+Résultats!S$165+Résultats!S$166+Résultats!S$167+Résultats!S$168+Résultats!S$169)/1000000 -> 11.562265 | D28: =(Résultats!S$137+Résultats!S$171+Résultats!S$172+Résultats!S$173+Résultats!S$174+Résultats!S$175+Résultats!S$176+Résultats!S$177+Résultats!S$178+Résultats!S$179+Résultats!S$180+Résultats!S$181+Résultats!S$182+Résultats!S$183+Résultats!S$184+Résultats!S$185+Résultats!S$186+Résultats!S$187+Résultats!S$188+Résultats!S$189)/1000000 -> 195.19578 | E28: =(Résultats!S$192+Résultats!S$193+Résultats!S$194)/1000000 -> 13.395542 | F28: =(Résultats!S$139+Résultats!S$196+Résultats!S$197+Résultats!S$198+Résultats!S$199+Résultats!S$200+Résultats!S$201+Résultats!S$202+Résultats!S$203+Résultats!S$204+Résultats!S$205+Résultats!S$206+Résultats!S$207+Résultats!S$208+Résultats!S$209+Résultats!S$210+Résultats!S$211+Résultats!S$212+Résultats!S$213+Résultats!S$214+Résultats!S$215+Résultats!S$216+Résultats!S$218)/1000000 -> 65.916016 | G28: =Résultats!S$133/1000000 -> 13.064476 | H28: =SUM(C28:G28) -> 299.13408
H29: =Résultats!S227/1000000 -> 299.13408
A31: 2025 | C31: coal | D31: oil | E31: elec | F31: gas | G31: decarb | H31: Total
A32: Transport | C32: =C33+C34 -> 0 | D32: =D33+D34 -> 120.16466 | E32: =E33+E34 -> 0.58682936 | F32: =F33+F34 -> 0.80246772 | G32: =G33+G34 -> 0 | H32: =SUM(C32:G32) -> 121.55396
A33: Personal vehicles | C33: 0 | D33: =Résultats!X$305/1000000 -> 65.513042 | E33: ='T energie usages'!J38/'T energie usages'!J$20*(Résultats!X$192+Résultats!X$193+Résultats!X$194)/1000000 -> 0.037987235 | F33: =Résultats!X$306/1000000 -> 3.3398587e-05 | G33: 0 | H33: =SUM(C33:G33) -> 65.551063
A34: Public and freight transport | C34: 0 | D34: =(Résultats!X$183+Résultats!X$184+Résultats!X$185+Résultats!X$186+Résultats!X$187)/1000000 -> 54.65162 | E34: ='T energie usages'!J39/'T energie usages'!J$20*(Résultats!X$192+Résultats!X$193+Résultats!X$194)/1000000 -> 0.54884212 | F34: =(Résultats!X$209+Résultats!X$210+Résultats!X$211+Résultats!X$212+Résultats!X$213)/1000000 -> 0.80243432 | G34: 0 | H34: =SUM(C34:G34) -> 56.002896
A35: Residential | C35: =Résultats!X$135/1000000 -> 0.89069965 | D35: =Résultats!X$303/1000000 -> 18.494036 | E35: ='T energie usages'!J40/'T energie usages'!J$20*(Résultats!X$192+Résultats!X$193+Résultats!X$194)/1000000 -> 4.6573479 | F35: =Résultats!X$304/1000000 -> 22.67177 | G35: 0 | H35: =SUM(C35:G35) -> 46.713854
A36: Service | C36: =(Résultats!X$168+Résultats!X$169)/1000000 -> 0 | D36: =(Résultats!X$188+Résultats!X$189)/1000000 -> 7.449968 | E36: ='T energie usages'!J41/'T energie usages'!J$20*(Résultats!X$192+Résultats!X$193+Résultats!X$194)/1000000 -> 3.5649977 | F36: =(Résultats!X$214+Résultats!X$215)/1000000 -> 11.068762 | G36: 0 | H36: =SUM(C36:G36) -> 22.083728
A37: Industry and agriculture | C37: =C38+C39 -> 9.9805705 | D37: =D38+D39 -> 44.561405 | E37: =E38+E39 -> 3.0868847 | F37: =F38+F39 -> 21.703496 | G37: =G38+G39 -> 13.720659 | H37: =SUM(C37:G37) -> 93.053016
A38: Industry | C38: =(Résultats!X$162+Résultats!X$163+Résultats!X$164+Résultats!X$165+Résultats!X$166+Résultats!X$167)/1000000 -> 9.9805705 | D38: =(Résultats!X$171+Résultats!X$173+Résultats!X$174+Résultats!X$175+Résultats!X$176+Résultats!X$177+Résultats!X$178+Résultats!X$179+Résultats!X$180+Résultats!X$181+Résultats!X$182)/1000000 -> 36.73839 | E38: ='T energie usages'!J43/'T energie usages'!J$20*(Résultats!X$192+Résultats!X$193+Résultats!X$194)/1000000 -> 2.9842051 | F38: =(Résultats!X$197+Résultats!X$198+Résultats!X$199+Résultats!X$200+Résultats!X$201+Résultats!X$202+Résultats!X$203+Résultats!X$204+Résultats!X$205+Résultats!X$206+Résultats!X$207+Résultats!X$208+Résultats!X$216+Résultats!X$218)/1000000 -> 21.138687 | G38: =Résultats!X$133/1000000 -> 13.720659 | H38: =SUM(C38:G38) -> 84.562512
A39: Agriculture | C39: 0 | D39: =(Résultats!X$172)/1000000 -> 7.823015 | E39: ='T energie usages'!J45/'T energie usages'!J$20*(Résultats!X$192+Résultats!X$193+Résultats!X$194)/1000000 -> 0.10267958 | F39: =(Résultats!X$196)/1000000 -> 0.56480892 | G39: 0 | H39: =SUM(C39:G39) -> 8.4905035
A40: Total Final MTEC | C40: =SUM(C35:C37)+C32 -> 10.87127 | D40: =SUM(D35:D37)+D32 -> 190.67007 | E40: =SUM(E35:E37)+E32 -> 11.89606 | F40: =SUM(F35:F37)+F32 -> 56.246496 | G40: =SUM(G35:G37)+G32 -> 13.720659 | H40: =SUM(C40:G40) -> 283.40456
A41: Verif | C41: =(Résultats!X$135+Résultats!X$162+Résultats!X$163+Résultats!X$164+Résultats!X$165+Résultats!X$166+Résultats!X$167+Résultats!X$168+Résultats!X$169)/1000000 -> 10.87127 | D41: =+(Résultats!X$137+Résultats!X$171+Résultats!X$172+Résultats!X$173+Résultats!X$174+Résultats!X$175+Résultats!X$176+Résultats!X$177+Résultats!X$178+Résultats!X$179+Résultats!X$180+Résultats!X$181+Résultats!X$182+Résultats!X$183+Résultats!X$184+Résultats!X$185+Résultats!X$186+Résultats!X$187+Résultats!X$188+Résultats!X$189)/1000000 -> 190.72084 | E41: =(Résultats!X$192+Résultats!X$193+Résultats!X$194)/1000000 -> 12.13909 | F41: =(Résultats!X$139+Résultats!X$196+Résultats!X$197+Résultats!X$198+Résultats!X$199+Résultats!X$200+Résultats!X$201+Résultats!X$202+Résultats!X$203+Résultats!X$204+Résultats!X$205+Résultats!X$206+Résultats!X$207+Résultats!X$208+Résultats!X$209+Résultats!X$210+Résultats!X$211+Résultats!X$212+Résultats!X$213+Résultats!X$214+Résultats!X$215+Résultats!X$216+Résultats!X$218)/1000000 -> 56.805609 | G41: =Résultats!X$133/1000000 -> 13.720659 | H41: =SUM(C41:G41) -> 284.25747
H42: =Résultats!X227/1000000 -> 284.25746
A44: 2030 | C44: coal | D44: oil | E44: elec | F44: gas | G44: decarb | H44: Total
A45: Transport | C45: =C46+C47 -> 0 | D45: =D46+D47 -> 112.97293 | E45: =E46+E47 -> 0.65291883 | F45: =F46+F47 -> 1.6178917 | G45: =G46+G47 -> 0 | H45: =SUM(C45:G45) -> 115.24374
A46: Personal vehicles | C46: 0 | D46: =Résultats!AC$305/1000000 -> 59.552653 | E46: ='T energie usages'!J51/'T energie usages'!J$20*(Résultats!AC$192+Résultats!AC$193+Résultats!AC$194)/1000000 -> 0.048932977 | F46: =Résultats!AC$306/1000000 -> 4.2648598e-05 | G46: 0 | H46: =SUM(C46:G46) -> 59.601629
A47: Public and freight transport | C47: 0 | D47: =(Résultats!AC$183+Résultats!AC$184+Résultats!AC$185+Résultats!AC$186+Résultats!AC$187)/1000000 -> 53.420274 | E47: ='T energie usages'!J52/'T energie usages'!J$20*(Résultats!AC$192+Résultats!AC$193+Résultats!AC$194)/1000000 -> 0.60398585 | F47: =(Résultats!AC$209+Résultats!AC$210+Résultats!AC$211+Résultats!AC$212+Résultats!AC$213)/1000000 -> 1.6178491 | G47: 0 | H47: =SUM(C47:G47) -> 55.642109
A48: Residential | C48: =Résultats!AC$135/1000000 -> 0.88072838 | D48: =Résultats!AC$303/1000000 -> 18.531952 | E48: ='T energie usages'!J53/'T energie usages'!J$20*(Résultats!AC$192+Résultats!AC$193+Résultats!AC$194)/1000000 -> 4.7800745 | F48: =Résultats!AC$304/1000000 -> 21.398671 | G48: 0 | H48: =SUM(C48:G48) -> 45.591427
A49: Service | C49: =(Résultats!AC$168+Résultats!AC$169)/1000000 -> 0 | D49: =(Résultats!AC$188+Résultats!AC$189)/1000000 -> 6.3899962 | E49: ='T energie usages'!J54/'T energie usages'!J$20*(Résultats!AC$192+Résultats!AC$193+Résultats!AC$194)/1000000 -> 3.6077389 | F49: =(Résultats!AC$214+Résultats!AC$215)/1000000 -> 10.232881 | G49: 0 | H49: =SUM(C49:G49) -> 20.230616
A50: Industry and agriculture | C50: =C51+C52 -> 9.987258 | D50: =D51+D52 -> 46.043831 | E50: =E51+E52 -> 3.2329151 | F50: =F51+F52 -> 19.928815 | G50: =G51+G52 -> 13.449636 | H50: =SUM(C50:G50) -> 92.642455
A51: Industry | C51: =(Résultats!AC$162+Résultats!AC$163+Résultats!AC$164+Résultats!AC$165+Résultats!AC$166+Résultats!AC$167)/1000000 -> 9.987258 | D51: =(Résultats!AC$171+Résultats!AC$173+Résultats!AC$174+Résultats!AC$175+Résultats!AC$176+Résultats!AC$177+Résultats!AC$178+Résultats!AC$179+Résultats!AC$180+Résultats!AC$181+Résultats!AC$182)/1000000 -> 37.641039 | E51: ='T energie usages'!J56/'T energie usages'!J$20*(Résultats!AC$192+Résultats!AC$193+Résultats!AC$194)/1000000 -> 3.1264757 | F51: =(Résultats!AC$197+Résultats!AC$198+Résultats!AC$199+Résultats!AC$200+Résultats!AC$201+Résultats!AC$202+Résultats!AC$203+Résultats!AC$204+Résultats!AC$205+Résultats!AC$206+Résultats!AC$207+Résultats!AC$208+Résultats!AC$216+Résultats!AC$218)/1000000 -> 19.378896 | G51: =Résultats!AC$133/1000000 -> 13.449636 | H51: =SUM(C51:G51) -> 83.583305
A52: Agriculture | C52: 0 | D52: =(Résultats!AC$172)/1000000 -> 8.4027912 | E52: ='T energie usages'!J58/'T energie usages'!J$20*(Résultats!AC$192+Résultats!AC$193+Résultats!AC$194)/1000000 -> 0.10643941 | F52: =(Résultats!AC$196)/1000000 -> 0.54991943 | G52: 0 | H52: =SUM(C52:G52) -> 9.0591501
A53: Total Final MTEC | C53: =SUM(C48:C50)+C45 -> 10.867986 | D53: =SUM(D48:D50)+D45 -> 183.93871 | E53: =SUM(E48:E50)+E45 -> 12.273647 | F53: =SUM(F48:F50)+F45 -> 53.178259 | G53: =SUM(G48:G50)+G45 -> 13.449636 | H53: =SUM(C53:G53) -> 273.70824
A54: Verif | C54: =(Résultats!AC$135+Résultats!AC$162+Résultats!AC$163+Résultats!AC$164+Résultats!AC$165+Résultats!AC$166+Résultats!AC$167+Résultats!AC$168+Résultats!AC$169)/1000000 -> 10.867986 | D54: =(Résultats!AC$137+Résultats!AC$171+Résultats!AC$172+Résultats!AC$173+Résultats!AC$174+Résultats!AC$175+Résultats!AC$176+Résultats!AC$177+Résultats!AC$178+Résultats!AC$179+Résultats!AC$180+Résultats!AC$181+Résultats!AC$182+Résultats!AC$183+Résultats!AC$184+Résultats!AC$185+Résultats!AC$186+Résultats!AC$187+Résultats!AC$188+Résultats!AC$189)/1000000 -> 183.98589 | E54: =(Résultats!AC$192+Résultats!AC$193+Résultats!AC$194)/1000000 -> 12.382598 | F54: =(Résultats!AC$139+Résultats!AC$196+Résultats!AC$197+Résultats!AC$198+Résultats!AC$199+Résultats!AC$200+Résultats!AC$201+Résultats!AC$202+Résultats!AC$203+Résultats!AC$204+Résultats!AC$205+Résultats!AC$206+Résultats!AC$207+Résultats!AC$208+Résultats!AC$209+Résultats!AC$210+Résultats!AC$211+Résultats!AC$212+Résultats!AC$213+Résultats!AC$214+Résultats!AC$215+Résultats!AC$216+Résultats!AC$218)/1000000 -> 53.705976 | G54: =Résultats!AC$133/1000000 -> 13.449636 | H54: =SUM(C54:G54) -> 274.39209
H55: =Résultats!AC227/1000000 -> 274.39209
A57: 2035 | C57: coal | D57: oil | E57: elec | F57: gas | G57: decarb | H57: Total
A58: Transport | C58: =C59+C60 -> 0 | D58: =D59+D60 -> 105.36136 | E58: =E59+E60 -> 0.77217504 | F58: =F59+F60 -> 2.4409354 | G58: =G59+G60 -> 0 | H58: =SUM(C58:G58) -> 108.57447
A59: Personal vehicles | C59: 0 | D59: =Résultats!AH$305/1000000 -> 54.584295 | E59: ='T energie usages'!J64/'T energie usages'!J$20*(Résultats!AH$192+Résultats!AH$193+Résultats!AH$194)/1000000 -> 0.069367853 | F59: =Résultats!AH$306/1000000 -> 4.8385882e-05 | G59: 0 | H59: =SUM(C59:G59) -> 54.653711
A60: Public and freight transport | C60: 0 | D60: =(Résultats!AH$183+Résultats!AH$184+Résultats!AH$185+Résultats!AH$186+Résultats!AH$187)/1000000 -> 50.777064 | E60: ='T energie usages'!J65/'T energie usages'!J$20*(Résultats!AH$192+Résultats!AH$193+Résultats!AH$194)/1000000 -> 0.70280719 | F60: =(Résultats!AH$209+Résultats!AH$210+Résultats!AH$211+Résultats!AH$212+Résultats!AH$213)/1000000 -> 2.440887 | G60: 0 | H60: =SUM(C60:G60) -> 53.920758
A61: Residential | C61: =Résultats!AH$135/1000000 -> 0.85764113 | D61: =Résultats!AH$303/1000000 -> 18.63229 | E61: ='T energie usages'!J66/'T energie usages'!J$20*(Résultats!AH$192+Résultats!AH$193+Résultats!AH$194)/1000000 -> 4.6925809 | F61: =Résultats!AH$304/1000000 -> 19.584144 | G61: 0 | H61: =SUM(C61:G61) -> 43.766656
A62: Service | C62: =(Résultats!AH$168+Résultats!AH$169)/1000000 -> 0 | D62: =(Résultats!AH$188+Résultats!AH$189)/1000000 -> 5.7979669 | E62: ='T energie usages'!J67/'T energie usages'!J$20*(Résultats!AH$192+Résultats!AH$193+Résultats!AH$194)/1000000 -> 3.5595466 | F62: =(Résultats!AH$214+Résultats!AH$215)/1000000 -> 8.790462 | G62: 0 | H62: =SUM(C62:G62) -> 18.147976
A63: Industry and agriculture | C63: =C64+C65 -> 10.599377 | D63: =D64+D65 -> 48.142412 | E63: =E64+E65 -> 3.1968889 | F63: =F64+F65 -> 18.409088 | G63: =G64+G65 -> 13.7981 | H63: =SUM(C63:G63) -> 94.145865
A64: Industry | C64: =(Résultats!AH$162+Résultats!AH$163+Résultats!AH$164+Résultats!AH$165+Résultats!AH$166+Résultats!AH$167)/1000000 -> 10.599377 | D64: =(Résultats!AH$171+Résultats!AH$173+Résultats!AH$174+Résultats!AH$175+Résultats!AH$176+Résultats!AH$177+Résultats!AH$178+Résultats!AH$179+Résultats!AH$180+Résultats!AH$181+Résultats!AH$182)/1000000 -> 39.298822 | E64: ='T energie usages'!J69/'T energie usages'!J$20*(Résultats!AH$192+Résultats!AH$193+Résultats!AH$194)/1000000 -> 3.09154 | F64: =(Résultats!AH$197+Résultats!AH$198+Résultats!AH$199+Résultats!AH$200+Résultats!AH$201+Résultats!AH$202+Résultats!AH$203+Résultats!AH$204+Résultats!AH$205+Résultats!AH$206+Résultats!AH$207+Résultats!AH$208+Résultats!AH$216+Résultats!AH$218)/1000000 -> 17.898386 | G64: =Résultats!AH$133/1000000 -> 13.7981 | H64: =SUM(C64:G64) -> 84.686224
A65: Agriculture | C65: 0 | D65: =(Résultats!AH$172)/1000000 -> 8.84359 | E65: ='T energie usages'!J71/'T energie usages'!J$20*(Résultats!AH$192+Résultats!AH$193+Résultats!AH$194)/1000000 -> 0.10534891 | F65: =(Résultats!AH$196)/1000000 -> 0.51070192 | G65: 0 | H65: =SUM(C65:G65) -> 9.4596408
A66: Total Final MTEC | C66: =SUM(C61:C63)+C58 -> 11.457018 | D66: =SUM(D61:D63)+D58 -> 177.93403 | E66: =SUM(E61:E63)+E58 -> 12.221191 | F66: =SUM(F61:F63)+F58 -> 49.224629 | G66: =SUM(G61:G63)+G58 -> 13.7981 | H66: =SUM(C66:G66) -> 264.63497
A67: Verif | C67: =(Résultats!AH$135+Résultats!AH$162+Résultats!AH$163+Résultats!AH$164+Résultats!AH$165+Résultats!AH$166+Résultats!AH$167+Résultats!AH$168+Résultats!AH$169)/1000000 -> 11.457018 | D67: =(Résultats!AH$137+Résultats!AH$171+Résultats!AH$172+Résultats!AH$173+Résultats!AH$174+Résultats!AH$175+Résultats!AH$176+Résultats!AH$177+Résultats!AH$178+Résultats!AH$179+Résultats!AH$180+Résultats!AH$181+Résultats!AH$182+Résultats!AH$183+Résultats!AH$184+Résultats!AH$185+Résultats!AH$186+Résultats!AH$187+Résultats!AH$188+Résultats!AH$189)/1000000 -> 177.97827 | E67: =(Résultats!AH$192+Résultats!AH$193+Résultats!AH$194)/1000000 -> 12.014108 | F67: =(Résultats!AH$139+Résultats!AH$196+Résultats!AH$197+Résultats!AH$198+Résultats!AH$199+Résultats!AH$200+Résultats!AH$201+Résultats!AH$202+Résultats!AH$203+Résultats!AH$204+Résultats!AH$205+Résultats!AH$206+Résultats!AH$207+Résultats!AH$208+Résultats!AH$209+Résultats!AH$210+Résultats!AH$211+Résultats!AH$212+Résultats!AH$213+Résultats!AH$214+Résultats!AH$215+Résultats!AH$216+Résultats!AH$218)/1000000 -> 49.707598 | G67: =Résultats!AH$133/1000000 -> 13.7981 | H67: =SUM(C67:G67) -> 264.9551
H68: =Résultats!AH227/1000000 -> 264.9551
A70: 2050 | C70: coal | D70: oil | E70: elec | F70: gas | G70: decarb | H70: Total
A71: Transport | C71: =C72+C73 -> 0 | D71: =D72+D73 -> 90.31342 | E71: =E72+E73 -> 0.95893229 | F71: =F72+F73 -> 2.5157503 | G71: =G72+G73 -> 0 | H71: =SUM(C71:G71) -> 93.788103
A72: Personal vehicles | C72: 0 | D72: =Résultats!AW$305/1000000 -> 38.440599 | E72: ='T energie usages'!J77/'T energie usages'!J$20*(Résultats!AW$192+Résultats!AW$193+Résultats!AW$194)/1000000 -> 0.15814014 | F72: =Résultats!AW$306/1000000 -> 4.7375406e-05 | G72: 0 | H72: =SUM(C72:G72) -> 38.598787
A73: Public and freight transport | C73: 0 | D73: =(Résultats!AW$183+Résultats!AW$184+Résultats!AW$185+Résultats!AW$186+Résultats!AW$187)/1000000 -> 51.872821 | E73: ='T energie usages'!J78/'T energie usages'!J$20*(Résultats!AW$192+Résultats!AW$193+Résultats!AW$194)/1000000 -> 0.80079215 | F73: =(Résultats!AW$209+Résultats!AW$210+Résultats!AW$211+Résultats!AW$212+Résultats!AW$213)/1000000 -> 2.5157029 | G73: 0 | H73: =SUM(C73:G73) -> 55.189316
A74: Residential | C74: =Résultats!AW$135/1000000 -> 0.71548339 | D74: =Résultats!AW$303/1000000 -> 16.958169 | E74: ='T energie usages'!J79/'T energie usages'!J$20*(Résultats!AW$192+Résultats!AW$193+Résultats!AW$194)/1000000 -> 4.3336834 | F74: =Résultats!AW$304/1000000 -> 12.460374 | G74: 0 | H74: =SUM(C74:G74) -> 34.46771
A75: Service | C75: =(Résultats!AW$168+Résultats!AW$169)/1000000 -> 0 | D75: =(Résultats!AW$188+Résultats!AW$189)/1000000 -> 5.3820686 | E75: ='T energie usages'!J80/'T energie usages'!J$20*(Résultats!AW$192+Résultats!AW$193+Résultats!AW$194)/1000000 -> 3.2862853 | F75: =(Résultats!AW$214+Résultats!AW$215)/1000000 -> 4.5712943 | G75: 0 | H75: =SUM(C75:G75) -> 13.239648
A76: Industry and agriculture | C76: =C77+C78 -> 11.690213 | D76: =D77+D78 -> 51.953815 | E76: =E77+E78 -> 2.8549116 | F76: =F77+F78 -> 13.463461 | G76: =G77+G78 -> 15.383835 | H76: =SUM(C76:G76) -> 95.346235
A77: Industry | C77: =(Résultats!AW$162+Résultats!AW$163+Résultats!AW$164+Résultats!AW$165+Résultats!AW$166+Résultats!AW$167)/1000000 -> 11.690213 | D77: =(Résultats!AW$171+Résultats!AW$173+Résultats!AW$174+Résultats!AW$175+Résultats!AW$176+Résultats!AW$177+Résultats!AW$178+Résultats!AW$179+Résultats!AW$180+Résultats!AW$181+Résultats!AW$182)/1000000 -> 41.254001 | E77: ='T energie usages'!J82/'T energie usages'!J$20*(Résultats!AW$192+Résultats!AW$193+Résultats!AW$194)/1000000 -> 2.7576444 | F77: =(Résultats!AW$197+Résultats!AW$198+Résultats!AW$199+Résultats!AW$200+Résultats!AW$201+Résultats!AW$202+Résultats!AW$203+Résultats!AW$204+Résultats!AW$205+Résultats!AW$206+Résultats!AW$207+Résultats!AW$208+Résultats!AW$216+Résultats!AW$218)/1000000 -> 13.070946 | G77: =Résultats!AW$133/1000000 -> 15.383835 | H77: =SUM(C77:G77) -> 84.15664
A78: Agriculture | C78: 0 | D78: =(Résultats!AW$172)/1000000 -> 10.699814 | E78: ='T energie usages'!J84/'T energie usages'!J$20*(Résultats!AW$192+Résultats!AW$193+Résultats!AW$194)/1000000 -> 0.097267127 | F78: =(Résultats!AW$196)/1000000 -> 0.39251423 | G78: 0 | H78: =SUM(C78:G78) -> 11.189595
A79: Total Final MTEC | C79: =SUM(C74:C76)+C71 -> 12.405696 | D79: =SUM(D74:D76)+D71 -> 164.60747 | E79: =SUM(E74:E76)+E71 -> 11.433813 | F79: =SUM(F74:F76)+F71 -> 33.010879 | G79: =SUM(G74:G76)+G71 -> 15.383835 | H79: =SUM(C79:G79) -> 236.8417 | I79: =(H79-'[5]T CO2'!$G$79) -> -32.890704
A80: Verif | C80: =(Résultats!AW$135+Résultats!AW$162+Résultats!AW$163+Résultats!AW$164+Résultats!AW$165+Résultats!AW$166+Résultats!AW$167+Résultats!AW$168+Résultats!AW$169)/1000000 -> 12.405696 | D80: =(Résultats!AW$137+Résultats!AW$171+Résultats!AW$172+Résultats!AW$173+Résultats!AW$174+Résultats!AW$175+Résultats!AW$176+Résultats!AW$177+Résultats!AW$178+Résultats!AW$179+Résultats!AW$180+Résultats!AW$181+Résultats!AW$182+Résultats!AW$183+Résultats!AW$184+Résultats!AW$185+Résultats!AW$186+Résultats!AW$187+Résultats!AW$188+Résultats!AW$189)/1000000 -> 164.64095 | E80: =(Résultats!AW$192+Résultats!AW$193+Résultats!AW$194)/1000000 -> 10.428052 | F80: =(Résultats!AW$139+Résultats!AW$196+Résultats!AW$197+Résultats!AW$198+Résultats!AW$199+Résultats!AW$200+Résultats!AW$201+Résultats!AW$202+Résultats!AW$203+Résultats!AW$204+Résultats!AW$205+Résultats!AW$206+Résultats!AW$207+Résultats!AW$208+Résultats!AW$209+Résultats!AW$210+Résultats!AW$211+Résultats!AW$212+Résultats!AW$213+Résultats!AW$214+Résultats!AW$215+Résultats!AW$216+Résultats!AW$218)/1000000 -> 33.318168 | G80: =Résultats!AW133/1000000 -> 15.383835 | H80: =SUM(C80:G80) -> 236.1767
H81: =Résultats!AW227/1000000 -> 236.1767

Sheet T logement
A1: Logement | AC1: Logement
E2: ='T energie vecteurs'!E5 -> 4 | F2: =E2+9 -> 13 | G2: =F2+3 -> 16 | H2: =G2+1 -> 17 | I2: =H2+1 -> 18 | J2: =I2+1 -> 19 | K2: =J2+1 -> 20 | L2: =K2+1 -> 21 | M2: =L2+1 -> 22 | N2: =M2+1 -> 23 | O2: =N2+1 -> 24 | ... S2: =R2+1 -> 28 | T2: =S2+5 -> 33 | U2: =T2+5 -> 38 | V2: =U2+5 -> 43 | W2: =V2+5 -> 48 | AG2: 3 | AH2: 12 | AI2: 15 | AJ2: 16 | AK2: 17 | AL2: 18 | AM2: 19 | AN2: 20 | AO2: 21 | AP2: 22 | AQ2: 23 | AR2: 24 | AS2: 25 | AT2: 26 | AU2: 27 | AV2: 32 | AW2: 37 | AX2: 42 | AY2: 47
E3: 2006 | F3: 2015 | G3: 2018 | H3: 2019 | I3: 2020 | J3: 2021 | K3: 2022 | L3: 2023 | M3: 2024 | N3: 2025 | O3: 2026 | P3: 2027 | Q3: 2028 | R3: 2029 | S3: 2030 | T3: 2035 | U3: 2040 | V3: 2045 | W3: 2050 | AG3: 2006 | AH3: 2015 | AI3: 2018 | AJ3: 2019 | AK3: 2020 | AL3: 2021 | AM3: 2022 | AN3: 2023 | AO3: 2024 | AP3: 2025 | AQ3: 2026 | AR3: 2027 | AS3: 2028 | AT3: 2029 | AU3: 2030 | AV3: 2035 | AW3: 2040 | AX3: 2045 | AY3: 2050
