Workbook

Sheet Résultats
A1: 1) Copier-coller sorties Eviews en B2 2) veillez à ce que les données commencent en 2004 3) modifier le scénario si besoin en B1 | B1: TEND | C1: 2 | D1: =C1+1 -> 3 | E1: =D1+1 -> 4 | F1: =E1+1 -> 5 | G1: =F1+1 -> 6 | H1: =G1+1 -> 7 | I1: =H1+1 -> 8 | J1: =I1+1 -> 9 | K1: =J1+1 -> 10 | ... AW1: =AV1+1 -> 48
C2: 2004 | D2: 2005 | E2: 2006 | F2: 2007 | G2: 2008 | H2: 2009 | I2: 2010 | J2: 2011 | K2: 2012 | L2: 2013 | M2: 2014 | N2: 2015 | O2: 2016 | P2: 2017 | Q2: 2018 | R2: 2019 | S2: 2020 | T2: 2021 | U2: 2022 | V2: 2023 | W2: 2024 | X2: 2025 | Y2: 2026 | Z2: 2027 | AA2: 2028 | AB2: 2029 | AC2: 2030 | AD2: 2031 | AE2: 2032 | AF2: 2033 | AG2: 2034 | AH2: 2035 | AI2: 2036 | AJ2: 2037 | AK2: 2038 | AL2: 2039 | AM2: 2040 | AN2: 2041 | AO2: 2042 | AP2: 2043 | AQ2: 2044 | AR2: 2045 | AS2: 2046 | AT2: 2047 | AU2: 2048 | AV2: 2049 | AW2: 2050
B3: ER_OIL_1 | C3: 78.155731 | D3: 79.410547 | E3: 80.666675 | F3: 82.035682 | G3: 78.482848 | H3: 76.415373 | I3: 75.517374 | J3: 73.768785 | K3: 71.715188 | L3: 70.391378 | M3: 70.512892 | N3: 71.337322 | O3: 70.080528 | P3: 68.213217 | Q3: 65.482836 | R3: 63.804612 | S3: 62.280175 | T3: 62.233927 | U3: 62.037374 | V3: 61.942539 | W3: 61.488789 | X3: 60.520864 | Y3: 59.888636 | Z3: 59.527087 | AA3: 59.164357 | AB3: 58.775049 | AC3: 58.23058 | AD3: 57.752251 | AE3: 57.347357 | AF3: 56.950989 | AG3: 56.553029 | AH3: 56.153917 | AI3: 55.834175 | AJ3: 55.532601 | AK3: 55.224904 | AL3: 54.925054 | AM3: 54.632669 | AN3: 54.302055 | AO3: 53.959506 | AP3: 53.594738 | AQ3: 53.224765 | AR3: 52.795129 | AS3: 52.536095 | AT3: 52.29053 | AU3: 52.044794 | AV3: 51.802559 | AW3: 51.584101
B4: ER_OIL_2201_1 | C4: 77.477679 | D4: 78.721608 | E4: 79.999247 | F4: 81.022954 | G4: 77.195781 | H4: 74.853667 | I4: 73.670354 | J4: 71.669115 | K4: 69.387955 | L4: 67.827521 | M4: 67.665694 | N4: 68.175816 | O4: 66.924745 | P4: 65.089784 | Q4: 62.4315 | R4: 60.776409 | S4: 59.266794 | T4: 59.064033 | U4: 58.724378 | V4: 58.48661 | W4: 58.058176 | X4: 57.144253 | Y4: 56.5473 | Z4: 56.205922 | AA4: 55.863429 | AB4: 55.495842 | AC4: 54.98175 | AD4: 54.530108 | AE4: 54.147805 | AF4: 53.773551 | AG4: 53.397794 | AH4: 53.020949 | AI4: 52.719046 | AJ4: 52.434299 | AK4: 52.143768 | AL4: 51.860648 | AM4: 51.584575 | AN4: 51.272407 | AO4: 50.948971 | AP4: 50.604554 | AQ4: 50.255222 | AR4: 49.849556 | AS4: 49.604975 | AT4: 49.373111 | AU4: 49.141084 | AV4: 48.912364 | AW4: 48.706095
B5: ER_OIL_2202_1 | C5: 0.67805251 | D5: 0.68893886 | E5: 0.66742791 | F5: 1.0127286 | G5: 1.2870671 | H5: 1.5617059 | I5: 1.8470199 | J5: 2.09967 | K5: 2.3272333 | L5: 2.5638568 | M5: 2.8471982 | N5: 3.1615056 | O5: 3.1557835 | P5: 3.1234328 | Q5: 3.0513356 | R5: 3.0282026 | S5: 3.0133803 | T5: 3.169894 | U5: 3.3129965 | V5: 3.4559291 | W5: 3.4306133 | X5: 3.3766103 | Y5: 3.3413368 | Z5: 3.321165 | AA5: 3.3009274 | AB5: 3.279207 | AC5: 3.2488297 | AD5: 3.2221425 | AE5: 3.1995525 | AF5: 3.1774381 | AG5: 3.1552349 | AH5: 3.1329674 | AI5: 3.1151282 | AJ5: 3.0983027 | AK5: 3.0811355 | AL5: 3.0644061 | AM5: 3.0480932 | AN5: 3.0296474 | AO5: 3.0105358 | AP5: 2.9901845 | AQ5: 2.9695427 | AR5: 2.9455722 | AS5: 2.9311201 | AT5: 2.9174195 | AU5: 2.9037092 | AV5: 2.8901943 | AW5: 2.878006
B6: ER_ELEC_2301_1 | C6: 28.634797 | D6: 29.094538 | E6: 29.720829 | F6: 30.395734 | G6: 30.84488 | H6: 28.382862 | I6: 29.33487 | J6: 30.227113 | K6: 30.510267 | L6: 30.317786 | M6: 30.078584 | N6: 29.366185 | O6: 27.729943 | P6: 27.282406 | Q6: 27.211353 | R6: 26.331809 | S6: 25.339627 | T6: 25.195318 | U6: 25.099698 | V6: 25.060583 | W6: 25.428937 | X6: 25.866638 | Y6: 26.379628 | Z6: 26.774546 | AA6: 27.149903 | AB6: 27.511001 | AC6: 27.92298 | AD6: 28.268945 | AE6: 28.602992 | AF6: 28.931656 | AG6: 29.242489 | AH6: 29.590121 | AI6: 29.896044 | AJ6: 30.190951 | AK6: 30.474748 | AL6: 30.75375 | AM6: 31.028873 | AN6: 31.22838 | AO6: 31.425242 | AP6: 31.617125 | AQ6: 31.800595 | AR6: 32.010407 | AS6: 32.163232 | AT6: 32.305167 | AU6: 32.441391 | AV6: 32.574578 | AW6: 32.716675
B7: ER_ELEC_2302_1 | C7: 0.3674935 | D7: 0.37339372 | E7: 0.38143142 | F7: 0.36959453 | G7: 0.35534756 | H7: 0.30980169 | I7: 0.30336755 | J7: 0.29616858 | K7: 0.28323418 | L7: 0.26665792 | M7: 0.25065233 | N7: 0.23185648 | O7: 0.20152333 | P7: 0.17977976 | Q7: 0.1593467 | R7: 0.13321387 | S7: 0.10618667 | T7: 0.14036934 | U7: 0.17561825 | V7: 0.21225064 | W7: 0.21537042 | X7: 0.21907752 | Y7: 0.22342229 | Z7: 0.22676705 | AA7: 0.22994613 | AB7: 0.23300446 | AC7: 0.23649371 | AD7: 0.23942386 | AE7: 0.24225308 | AF7: 0.2450367 | AG7: 0.2476693 | AH7: 0.25061357 | AI7: 0.25320458 | AJ7: 0.2557023 | AK7: 0.25810592 | AL7: 0.26046892 | AM7: 0.26279908 | AN7: 0.2644888 | AO7: 0.26615613 | AP7: 0.26778127 | AQ7: 0.26933518 | AR7: 0.27111218 | AS7: 0.27240653 | AT7: 0.27360865 | AU7: 0.2747624 | AV7: 0.27589043 | AW7: 0.27709392
B8: ER_ELEC_2303_1 | C8: 1.4676116 | D8: 1.4911746 | E8: 1.5232737 | F8: 1.5601303 | G8: 1.5854864 | H8: 1.4610559 | I8: 1.5122585 | J8: 1.5605214 | K8: 1.5774306 | L8: 1.5697589 | M8: 1.5596389 | N8: 1.5249142 | O8: 1.6126745 | P8: 1.7700533 | Q8: 1.9634662 | R8: 2.1081164 | S8: 2.2469677 | T8: 2.1597456 | U8: 2.0749964 | V8: 1.9928045 | W8: 2.0220958 | X8: 2.0569016 | Y8: 2.0976943 | Z8: 2.1290979 | AA8: 2.1589461 | AB8: 2.1876605 | AC8: 2.2204208 | AD8: 2.2479317 | AE8: 2.274495 | AF8: 2.3006302 | AG8: 2.3253475 | AH8: 2.352991 | AI8: 2.3773178 | AJ8: 2.4007687 | AK8: 2.4233361 | AL8: 2.4455221 | AM8: 2.4673998 | AN8: 2.4832644 | AO8: 2.4989188 | AP8: 2.5141772 | AQ8: 2.5287668 | AR8: 2.5454508 | AS8: 2.5576034 | AT8: 2.56889 | AU8: 2.5797225 | AV8: 2.5903134 | AW8: 2.6016129
B9: ER_ELEC_2304_1 | C9: 1.4643634 | D9: 1.4878742 | E9: 1.5199023 | F9: 1.4313444 | G9: 1.3374924 | H9: 1.1332903 | I9: 1.0785639 | J9: 1.0233758 | K9: 0.95117674 | L9: 0.87034099 | M9: 0.79510793 | N9: 0.71481388 | O9: 0.59939305 | P9: 0.50945316 | Q9: 0.42146316 | R9: 0.31676052 | S9: 0.20929419 | T9: 0.20105002 | U9: 0.19303322 | V9: 0.18525067 | W9: 0.18797358 | X9: 0.19120912 | Y9: 0.1950012 | Z9: 0.19792047 | AA9: 0.20069515 | AB9: 0.20336443 | AC9: 0.20640983 | AD9: 0.20896724 | AE9: 0.21143655 | AF9: 0.21386607 | AG9: 0.21616379 | AH9: 0.21873353 | AI9: 0.22099494 | AJ9: 0.22317493 | AK9: 0.22527279 | AL9: 0.2273352 | AM9: 0.22936894 | AN9: 0.23084371 | AO9: 0.23229894 | AP9: 0.23371736 | AQ9: 0.2350736 | AR9: 0.23662455 | AS9: 0.23775425 | AT9: 0.23880345 | AU9: 0.23981043 | AV9: 0.24079497 | AW9: 0.24184536
B10: ER_ELEC_2305_1 | C10: 0.29584764 | D10: 0.30059757 | E10: 0.30706825 | F10: 0.6519587 | G10: 0.97825412 | H10: 1.1655634 | I10: 1.4492602 | J10: 1.71064 | K10: 1.905129 | L10: 2.0219685 | M10: 2.0752167 | N10: 2.0225632 | O10: 2.154674 | P10: 2.3798406 | Q10: 2.6543005 | R10: 2.8634673 | S10: 3.0649473 | T10: 3.2395533 | U10: 3.4248087 | V10: 3.6232296 | W10: 3.6764858 | X10: 3.7397681 | Y10: 3.8139356 | Z10: 3.8710324 | AA10: 3.925301 | AB10: 3.9775082 | AC10: 4.0370716 | AD10: 4.0870908 | AE10: 4.1353869 | AF10: 4.1829048 | AG10: 4.2278447 | AH10: 4.2781049 | AI10: 4.3223348 | AJ10: 4.3649722 | AK10: 4.4060033 | AL10: 4.446341 | AM10: 4.4861179 | AN10: 4.5149624 | AO10: 4.5434245 | AP10: 4.5711667 | AQ10: 4.5976927 | AR10: 4.6280269 | AS10: 4.6501222 | AT10: 4.670643 | AU10: 4.6903381 | AV10: 4.7095942 | AW10: 4.7301383
B11: ER_ELEC_2306_1 | C11: 0.066565719 | D11: 0.067634453 | E11: 0.069090357 | F11: 0.09400524 | G11: 0.1269128 | H11: 0.15536794 | I11: 0.21363495 | J11: 0.29286517 | K11: 0.39327828 | L11: 0.51991738 | M11: 0.68624177 | N11: 0.89135396 | O11: 0.94957587 | P11: 1.048808 | Q11: 1.1697638 | R11: 1.2619447 | S11: 1.350738 | T11: 1.4080658 | U11: 1.4696004 | V11: 1.5362904 | W11: 1.5588717 | X11: 1.5857041 | Y11: 1.6171519 | Z11: 1.6413616 | AA11: 1.6643721 | AB11: 1.6865085 | AC11: 1.7117641 | AD11: 1.7329728 | AE11: 1.7534509 | AF11: 1.773599 | AG11: 1.792654 | AH11: 1.813965 | AI11: 1.8327189 | AJ11: 1.8507977 | AK11: 1.8681953 | AL11: 1.8852989 | AM11: 1.9021648 | AN11: 1.9143952 | AO11: 1.9264635 | AP11: 1.9382265 | AQ11: 1.9494738 | AR11: 1.9623359 | AS11: 1.9717045 | AT11: 1.9804056 | AU11: 1.9887565 | AV11: 1.9969213 | AW11: 2.0056322
B12: ER_ELEC_2307_1 | C12: 3.3276745 | D12: 3.3811014 | E12: 3.4538832 | F12: 3.4079138 | G12: 3.3364781 | H12: 2.9620379 | I12: 2.9535738 | J12: 2.9362266 | K12: 2.8593554 | L12: 2.7412512 | M12: 2.6238438 | N12: 2.4714814 | O12: 2.6329149 | P12: 2.9080584 | Q12: 3.243436 | R12: 3.4990285 | S12: 3.7452281 | T12: 3.9399496 | U12: 4.1472224 | V12: 4.3699683 | W12: 4.4342005 | X12: 4.5105251 | Y12: 4.5999783 | Z12: 4.6688426 | AA12: 4.7342958 | AB12: 4.7972628 | AC12: 4.8691021 | AD12: 4.9294301 | AE12: 4.98768 | AF12: 5.0449911 | AG12: 5.099193 | AH12: 5.1598118 | AI12: 5.2131573 | AJ12: 5.2645822 | AK12: 5.3140696 | AL12: 5.3627209 | AM12: 5.4106957 | AN12: 5.445485 | AO12: 5.4798131 | AP12: 5.5132728 | AQ12: 5.5452658 | AR12: 5.5818519 | AS12: 5.6085009 | AT12: 5.633251 | AU12: 5.6570052 | AV12: 5.6802299 | AW12: 5.7050081
B13: ER_ELEC_2308_1 | C13: 0.21556469 | D13: 0.21902565 | E13: 0.22374041 | F13: 0.25649359 | G13: 0.29176107 | H13: 0.30094062 | I13: 0.34864961 | J13: 0.4027004 | K13: 0.45562944 | L13: 0.50750885 | M13: 0.56439597 | N13: 0.61766704 | O13: 0.56696656 | P13: 0.54052438 | Q13: 0.52044672 | R13: 0.48400307 | S13: 0.44518555 | T13: 0.47094717 | U13: 0.49826553 | V13: 0.52750938 | W13: 0.535263 | X13: 0.54447633 | Y13: 0.55527445 | Z13: 0.56358721 | AA13: 0.57148823 | AB13: 0.57908913 | AC13: 0.58776102 | AD13: 0.59504336 | AE13: 0.60207484 | AF13: 0.60899301 | AG13: 0.61553585 | AH13: 0.62285329 | AI13: 0.62929276 | AJ13: 0.63550037 | AK13: 0.64147412 | AL13: 0.64734693 | AM13: 0.65313809 | AN13: 0.65733758 | AO13: 0.66148142 | AP13: 0.66552042 | AQ13: 0.66938237 | AR13: 0.67379876 | AS13: 0.67701564 | AT13: 0.68000328 | AU13: 0.6828707 | AV13: 0.68567421 | AW13: 0.68866525
B14: ER_ELEC_1 | C14: 35.839918 | D14: 36.41534 | E14: 37.199219 | F14: 38.167175 | G14: 38.856613 | H14: 35.870919 | I14: 37.194179 | J14: 38.449611 | K14: 38.935501 | L14: 38.81519 | M14: 38.633681 | N14: 37.840835 | O14: 36.447665 | P14: 36.618923 | Q14: 37.343576 | R14: 36.998343 | S14: 36.508175 | T14: 36.754998 | U14: 37.083243 | V14: 37.507887 | W14: 38.059198 | X14: 38.7143 | Y14: 39.482086 | Z14: 40.073155 | AA14: 40.634947 | AB14: 41.175399 | AC14: 41.792003 | AD14: 42.309805 | AE14: 42.809769 | AF14: 43.301677 | AG14: 43.766897 | AH14: 44.287195 | AI14: 44.745065 | AJ14: 45.186449 | AK14: 45.611205 | AL14: 46.028784 | AM14: 46.440557 | AN14: 46.739157 | AO14: 47.033799 | AP14: 47.320987 | AQ14: 47.595586 | AR14: 47.909608 | AS14: 48.13834 | AT14: 48.350772 | AU14: 48.554657 | AV14: 48.753996 | AW14: 48.966671
... B257: EMS_AUTO_24_H01_1 | C257: 2.3355384 | D257: 2.3730362 | E257: 2.3697171 | F257: 2.6984848 | G257: 4.699048 | H257: 6.8056363 | I257: 8.8675552 | J257: 11.410562 | K257: 13.542796 | L257: 15.26115 | M257: 16.765366 | N257: 17.356405 | O257: 18.204591 | P257: 18.505675 | Q257: 19.652648 | R257: 20.93412 | S257: 23.516443 | T257: 24.66199 | U257: 26.90948 | V257: 29.146283 | W257: 32.819296 | X257: 34.771363 | Y257: 37.66342 | Z257: 40.864148 | AA257: 44.131918 | AB257: 47.353872 | AC257: 49.236604 | AD257: 51.800962 | AE257: 54.666169 | AF257: 57.486683 | AG257: 60.213625 | AH257: 62.335584 | AI257: 64.548051 | AJ257: 66.90862 | AK257: 69.295447 | AL257: 71.663549 | AM257: 73.994166 | AN257: 76.18145 | AO257: 78.26872 | AP257: 80.307536 | AQ257: 82.324057 | AR257: 83.567784 | AS257: 85.182544 | AT257: 86.95091 | AU257: 88.799656 | AV257: 90.696722 | AW257: 92.62857

Sheet T energie vecteurs
A1: Energie par vecteur énergétique
A3: Energie primaire (Mtep)
A4: =Résultats!B1 -> TEND
E5: 4 | F5: =E5+9 -> 13 | G5: =F5+3 -> 16 | H5: =G5+1 -> 17 | I5: =H5+1 -> 18 | J5: =I5+1 -> 19 | K5: =J5+1 -> 20 | L5: =K5+1 -> 21 | M5: =L5+1 -> 22 | N5: =M5+1 -> 23 | O5: =N5+1 -> 24 | ... S5: =R5+1 -> 28 | T5: =S5+5 -> 33 | U5: =T5+5 -> 38 | V5: =U5+5 -> 43 | W5: =V5+5 -> 48
E6: 2006 | F6: 2015 | G6: 2018 | H6: 2019 | I6: 2020 | J6: 2021 | K6: 2022 | L6: 2023 | M6: 2024 | N6: 2025 | O6: 2026 | P6: 2027 | Q6: 2028 | R6: 2029 | S6: 2030 | T6: 2035 | U6: 2040 | V6: 2045 | W6: 2050 | Z6: Cf. onglet "G énergie"
B7: Refined petroleum products | C7: Total | E7: =SUM(E8:E9) -> #N/A | F7: =SUM(F8:F9) -> #N/A | G7: =SUM(G8:G9) -> #N/A | H7: =SUM(H8:H9) -> #N/A | I7: =SUM(I8:I9) -> #N/A | J7: =SUM(J8:J9) -> #N/A | K7: =SUM(K8:K9) -> #N/A | L7: =SUM(L8:L9) -> #N/A | ... W7: =SUM(W8:W9) -> #N/A | AA7: 2020 | AB7: 2030 | AC7: 2050
C8: Oil | D8: Q_Mtep_ep_2201_0 | E8: =VLOOKUP($D8,Résultats!$B$2:$AX$426,E$5,FALSE) -> #N/A | F8: =VLOOKUP($D8,Résultats!$B$2:$AX$426,F$5,FALSE) -> #N/A | G8: =VLOOKUP($D8,Résultats!$B$2:$AX$426,G$5,FALSE) -> #N/A | H8: =VLOOKUP($D8,Résultats!$B$2:$AX$426,H$5,FALSE) -> #N/A | I8: =VLOOKUP($D8,Résultats!$B$2:$AX$426,I$5,FALSE) -> #N/A | J8: =VLOOKUP($D8,Résultats!$B$2:$AX$426,J$5,FALSE) -> #N/A | K8: =VLOOKUP($D8,Résultats!$B$2:$AX$426,K$5,FALSE) -> #N/A | L8: =VLOOKUP($D8,Résultats!$B$2:$AX$426,L$5,FALSE) -> #N/A | ... W8: =VLOOKUP($D8,Résultats!$B$2:$AX$426,W$5,FALSE) -> #N/A | Z8: Energie primaire | AA8: =I27 -> #N/A | AB8: =S27 -> #N/A | AC8: =W27 -> #N/A
C9: Biofuels | D9: Q_Mtep_ep_2202_0 | E9: =VLOOKUP($D9,Résultats!$B$2:$AX$426,E$5,FALSE) -> #N/A | F9: =VLOOKUP($D9,Résultats!$B$2:$AX$426,F$5,FALSE) -> #N/A | G9: =VLOOKUP($D9,Résultats!$B$2:$AX$426,G$5,FALSE) -> #N/A | H9: =VLOOKUP($D9,Résultats!$B$2:$AX$426,H$5,FALSE) -> #N/A | I9: =VLOOKUP($D9,Résultats!$B$2:$AX$426,I$5,FALSE) -> #N/A | J9: =VLOOKUP($D9,Résultats!$B$2:$AX$426,J$5,FALSE) -> #N/A | K9: =VLOOKUP($D9,Résultats!$B$2:$AX$426,K$5,FALSE) -> #N/A | L9: =VLOOKUP($D9,Résultats!$B$2:$AX$426,L$5,FALSE) -> #N/A | ... W9: =VLOOKUP($D9,Résultats!$B$2:$AX$426,W$5,FALSE) -> #N/A
B10: Electric power generation, transmission and distribution | C10: Total | E10: =SUM(E11:E18) -> #N/A | F10: =SUM(F11:F18) -> #N/A | G10: =SUM(G11:G18) -> #N/A | H10: =SUM(H11:H18) -> #N/A | I10: =SUM(I11:I18) -> #N/A | J10: =SUM(J11:J18) -> #N/A | K10: =SUM(K11:K18) -> #N/A | L10: =SUM(L11:L18) -> #N/A | ... W10: =SUM(W11:W18) -> #N/A
C11: Nuclear | D11: Q_Mtep_ep_2301_0 | E11: =VLOOKUP($D11,Résultats!$B$2:$AX$426,E$5,FALSE) -> #N/A | F11: =VLOOKUP($D11,Résultats!$B$2:$AX$426,F$5,FALSE) -> #N/A | G11: =VLOOKUP($D11,Résultats!$B$2:$AX$426,G$5,FALSE) -> #N/A | H11: =VLOOKUP($D11,Résultats!$B$2:$AX$426,H$5,FALSE) -> #N/A | I11: =VLOOKUP($D11,Résultats!$B$2:$AX$426,I$5,FALSE) -> #N/A | J11: =VLOOKUP($D11,Résultats!$B$2:$AX$426,J$5,FALSE) -> #N/A | K11: =VLOOKUP($D11,Résultats!$B$2:$AX$426,K$5,FALSE) -> #N/A | L11: =VLOOKUP($D11,Résultats!$B$2:$AX$426,L$5,FALSE) -> #N/A | ... W11: =VLOOKUP($D11,Résultats!$B$2:$AX$426,W$5,FALSE) -> #N/A
C12: Fuel | D12: Q_Mtep_ep_2302_0 | E12: =VLOOKUP($D12,Résultats!$B$2:$AX$426,E$5,FALSE) -> #N/A | F12: =VLOOKUP($D12,Résultats!$B$2:$AX$426,F$5,FALSE) -> #N/A | G12: =VLOOKUP($D12,Résultats!$B$2:$AX$426,G$5,FALSE) -> #N/A | H12: =VLOOKUP($D12,Résultats!$B$2:$AX$426,H$5,FALSE) -> #N/A | I12: =VLOOKUP($D12,Résultats!$B$2:$AX$426,I$5,FALSE) -> #N/A | J12: =VLOOKUP($D12,Résultats!$B$2:$AX$426,J$5,FALSE) -> #N/A | K12: =VLOOKUP($D12,Résultats!$B$2:$AX$426,K$5,FALSE) -> #N/A | L12: =VLOOKUP($D12,Résultats!$B$2:$AX$426,L$5,FALSE) -> #N/A | ... W12: =VLOOKUP($D12,Résultats!$B$2:$AX$426,W$5,FALSE) -> #N/A
C13: Combined gas | D13: Q_Mtep_ep_2303_0 | E13: =VLOOKUP($D13,Résultats!$B$2:$AX$426,E$5,FALSE) -> #N/A | F13: =VLOOKUP($D13,Résultats!$B$2:$AX$426,F$5,FALSE) -> #N/A | G13: =VLOOKUP($D13,Résultats!$B$2:$AX$426,G$5,FALSE) -> #N/A | H13: =VLOOKUP($D13,Résultats!$B$2:$AX$426,H$5,FALSE) -> #N/A | I13: =VLOOKUP($D13,Résultats!$B$2:$AX$426,I$5,FALSE) -> #N/A | J13: =VLOOKUP($D13,Résultats!$B$2:$AX$426,J$5,FALSE) -> #N/A | K13: =VLOOKUP($D13,Résultats!$B$2:$AX$426,K$5,FALSE) -> #N/A | L13: =VLOOKUP($D13,Résultats!$B$2:$AX$426,L$5,FALSE) -> #N/A | ... W13: =VLOOKUP($D13,Résultats!$B$2:$AX$426,W$5,FALSE) -> #N/A
C14: Coal | D14: Q_Mtep_ep_2304_0 | E14: =VLOOKUP($D14,Résultats!$B$2:$AX$426,E$5,FALSE) -> #N/A | F14: =VLOOKUP($D14,Résultats!$B$2:$AX$426,F$5,FALSE) -> #N/A | G14: =VLOOKUP($D14,Résultats!$B$2:$AX$426,G$5,FALSE) -> #N/A | H14: =VLOOKUP($D14,Résultats!$B$2:$AX$426,H$5,FALSE) -> #N/A | I14: =VLOOKUP($D14,Résultats!$B$2:$AX$426,I$5,FALSE) -> #N/A | J14: =VLOOKUP($D14,Résultats!$B$2:$AX$426,J$5,FALSE) -> #N/A | K14: =VLOOKUP($D14,Résultats!$B$2:$AX$426,K$5,FALSE) -> #N/A | L14: =VLOOKUP($D14,Résultats!$B$2:$AX$426,L$5,FALSE) -> #N/A | ... W14: =VLOOKUP($D14,Résultats!$B$2:$AX$426,W$5,FALSE) -> #N/A
C15: Wind | D15: Q_Mtep_ep_2305_0 | E15: =VLOOKUP($D15,Résultats!$B$2:$AX$426,E$5,FALSE) -> #N/A | F15: =VLOOKUP($D15,Résultats!$B$2:$AX$426,F$5,FALSE) -> #N/A | G15: =VLOOKUP($D15,Résultats!$B$2:$AX$426,G$5,FALSE) -> #N/A | H15: =VLOOKUP($D15,Résultats!$B$2:$AX$426,H$5,FALSE) -> #N/A | I15: =VLOOKUP($D15,Résultats!$B$2:$AX$426,I$5,FALSE) -> #N/A | J15: =VLOOKUP($D15,Résultats!$B$2:$AX$426,J$5,FALSE) -> #N/A | K15: =VLOOKUP($D15,Résultats!$B$2:$AX$426,K$5,FALSE) -> #N/A | L15: =VLOOKUP($D15,Résultats!$B$2:$AX$426,L$5,FALSE) -> #N/A | ... W15: =VLOOKUP($D15,Résultats!$B$2:$AX$426,W$5,FALSE) -> #N/A
C16: Solar | D16: Q_Mtep_ep_2306_0 | E16: =VLOOKUP($D16,Résultats!$B$2:$AX$426,E$5,FALSE) -> #N/A | F16: =VLOOKUP($D16,Résultats!$B$2:$AX$426,F$5,FALSE) -> #N/A | G16: =VLOOKUP($D16,Résultats!$B$2:$AX$426,G$5,FALSE) -> #N/A | H16: =VLOOKUP($D16,Résultats!$B$2:$AX$426,H$5,FALSE) -> #N/A | I16: =VLOOKUP($D16,Résultats!$B$2:$AX$426,I$5,FALSE) -> #N/A | J16: =VLOOKUP($D16,Résultats!$B$2:$AX$426,J$5,FALSE) -> #N/A | K16: =VLOOKUP($D16,Résultats!$B$2:$AX$426,K$5,FALSE) -> #N/A | L16: =VLOOKUP($D16,Résultats!$B$2:$AX$426,L$5,FALSE) -> #N/A | ... W16: =VLOOKUP($D16,Résultats!$B$2:$AX$426,W$5,FALSE) -> #N/A
C17: Hydraulic | D17: Q_Mtep_ep_2307_0 | E17: =VLOOKUP($D17,Résultats!$B$2:$AX$426,E$5,FALSE) -> #N/A | F17: =VLOOKUP($D17,Résultats!$B$2:$AX$426,F$5,FALSE) -> #N/A | G17: =VLOOKUP($D17,Résultats!$B$2:$AX$426,G$5,FALSE) -> #N/A | H17: =VLOOKUP($D17,Résultats!$B$2:$AX$426,H$5,FALSE) -> #N/A | I17: =VLOOKUP($D17,Résultats!$B$2:$AX$426,I$5,FALSE) -> #N/A | J17: =VLOOKUP($D17,Résultats!$B$2:$AX$426,J$5,FALSE) -> #N/A | K17: =VLOOKUP($D17,Résultats!$B$2:$AX$426,K$5,FALSE) -> #N/A | L17: =VLOOKUP($D17,Résultats!$B$2:$AX$426,L$5,FALSE) -> #N/A | ... W17: =VLOOKUP($D17,Résultats!$B$2:$AX$426,W$5,FALSE) -> #N/A
C18: Cogeneration (CHP) | D18: Q_Mtep_ep_2308_0 | E18: =VLOOKUP($D18,Résultats!$B$2:$AX$426,E$5,FALSE) -> #N/A | F18: =VLOOKUP($D18,Résultats!$B$2:$AX$426,F$5,FALSE) -> #N/A | G18: =VLOOKUP($D18,Résultats!$B$2:$AX$426,G$5,FALSE) -> #N/A | H18: =VLOOKUP($D18,Résultats!$B$2:$AX$426,H$5,FALSE) -> #N/A | I18: =VLOOKUP($D18,Résultats!$B$2:$AX$426,I$5,FALSE) -> #N/A | J18: =VLOOKUP($D18,Résultats!$B$2:$AX$426,J$5,FALSE) -> #N/A | K18: =VLOOKUP($D18,Résultats!$B$2:$AX$426,K$5,FALSE) -> #N/A | L18: =VLOOKUP($D18,Résultats!$B$2:$AX$426,L$5,FALSE) -> #N/A | ... W18: =VLOOKUP($D18,Résultats!$B$2:$AX$426,W$5,FALSE) -> #N/A
B19: Gas and heat | C19: Total | E19: =SUM(E20:E25) -> #N/A | F19: =SUM(F20:F25) -> #N/A | G19: =SUM(G20:G25) -> #N/A | H19: =SUM(H20:H25) -> #N/A | I19: =SUM(I20:I25) -> #N/A | J19: =SUM(J20:J25) -> #N/A | K19: =SUM(K20:K25) -> #N/A | L19: =SUM(L20:L25) -> #N/A | ... W19: =SUM(W20:W25) -> #N/A
C20: Natural gas | D20: Q_Mtep_ep_2401_0 | E20: =VLOOKUP($D20,Résultats!$B$2:$AX$426,E$5,FALSE) -> #N/A | F20: =VLOOKUP($D20,Résultats!$B$2:$AX$426,F$5,FALSE) -> #N/A | G20: =VLOOKUP($D20,Résultats!$B$2:$AX$426,G$5,FALSE) -> #N/A | H20: =VLOOKUP($D20,Résultats!$B$2:$AX$426,H$5,FALSE) -> #N/A | I20: =VLOOKUP($D20,Résultats!$B$2:$AX$426,I$5,FALSE) -> #N/A | J20: =VLOOKUP($D20,Résultats!$B$2:$AX$426,J$5,FALSE) -> #N/A | K20: =VLOOKUP($D20,Résultats!$B$2:$AX$426,K$5,FALSE) -> #N/A | L20: =VLOOKUP($D20,Résultats!$B$2:$AX$426,L$5,FALSE) -> #N/A | ... W20: =VLOOKUP($D20,Résultats!$B$2:$AX$426,W$5,FALSE) -> #N/A
C21: Wood | D21: Q_Mtep_ep_2402_0 | E21: =VLOOKUP($D21,Résultats!$B$2:$AX$426,E$5,FALSE) -> #N/A | F21: =VLOOKUP($D21,Résultats!$B$2:$AX$426,F$5,FALSE) -> #N/A | G21: =VLOOKUP($D21,Résultats!$B$2:$AX$426,G$5,FALSE) -> #N/A | H21: =VLOOKUP($D21,Résultats!$B$2:$AX$426,H$5,FALSE) -> #N/A | I21: =VLOOKUP($D21,Résultats!$B$2:$AX$426,I$5,FALSE) -> #N/A | J21: =VLOOKUP($D21,Résultats!$B$2:$AX$426,J$5,FALSE) -> #N/A | K21: =VLOOKUP($D21,Résultats!$B$2:$AX$426,K$5,FALSE) -> #N/A | L21: =VLOOKUP($D21,Résultats!$B$2:$AX$426,L$5,FALSE) -> #N/A | ... W21: =VLOOKUP($D21,Résultats!$B$2:$AX$426,W$5,FALSE) -> #N/A
C22: Biogas | D22: Q_Mtep_ep_2403_0 | E22: =VLOOKUP($D22,Résultats!$B$2:$AX$426,E$5,FALSE) -> #N/A | F22: =VLOOKUP($D22,Résultats!$B$2:$AX$426,F$5,FALSE) -> #N/A | G22: =VLOOKUP($D22,Résultats!$B$2:$AX$426,G$5,FALSE) -> #N/A | H22: =VLOOKUP($D22,Résultats!$B$2:$AX$426,H$5,FALSE) -> #N/A | I22: =VLOOKUP($D22,Résultats!$B$2:$AX$426,I$5,FALSE) -> #N/A | J22: =VLOOKUP($D22,Résultats!$B$2:$AX$426,J$5,FALSE) -> #N/A | K22: =VLOOKUP($D22,Résultats!$B$2:$AX$426,K$5,FALSE) -> #N/A | L22: =VLOOKUP($D22,Résultats!$B$2:$AX$426,L$5,FALSE) -> #N/A | ... W22: =VLOOKUP($D22,Résultats!$B$2:$AX$426,W$5,FALSE) -> #N/A
C23: Waste incineration | D23: Q_Mtep_ep_2404_0 | E23: =VLOOKUP($D23,Résultats!$B$2:$AX$426,E$5,FALSE) -> #N/A | F23: =VLOOKUP($D23,Résultats!$B$2:$AX$426,F$5,FALSE) -> #N/A | G23: =VLOOKUP($D23,Résultats!$B$2:$AX$426,G$5,FALSE) -> #N/A | H23: =VLOOKUP($D23,Résultats!$B$2:$AX$426,H$5,FALSE) -> #N/A | I23: =VLOOKUP($D23,Résultats!$B$2:$AX$426,I$5,FALSE) -> #N/A | J23: =VLOOKUP($D23,Résultats!$B$2:$AX$426,J$5,FALSE) -> #N/A | K23: =VLOOKUP($D23,Résultats!$B$2:$AX$426,K$5,FALSE) -> #N/A | L23: =VLOOKUP($D23,Résultats!$B$2:$AX$426,L$5,FALSE) -> #N/A | ... W23: =VLOOKUP($D23,Résultats!$B$2:$AX$426,W$5,FALSE) -> #N/A
C24: Geothermal | D24: Q_Mtep_ep_2405_0 | E24: =VLOOKUP($D24,Résultats!$B$2:$AX$426,E$5,FALSE) -> #N/A | F24: =VLOOKUP($D24,Résultats!$B$2:$AX$426,F$5,FALSE) -> #N/A | G24: =VLOOKUP($D24,Résultats!$B$2:$AX$426,G$5,FALSE) -> #N/A | H24: =VLOOKUP($D24,Résultats!$B$2:$AX$426,H$5,FALSE) -> #N/A | I24: =VLOOKUP($D24,Résultats!$B$2:$AX$426,I$5,FALSE) -> #N/A | J24: =VLOOKUP($D24,Résultats!$B$2:$AX$426,J$5,FALSE) -> #N/A | K24: =VLOOKUP($D24,Résultats!$B$2:$AX$426,K$5,FALSE) -> #N/A | L24: =VLOOKUP($D24,Résultats!$B$2:$AX$426,L$5,FALSE) -> #N/A | ... W24: =VLOOKUP($D24,Résultats!$B$2:$AX$426,W$5,FALSE) -> #N/A
C25: Cogeneration (CHP) | D25: Q_Mtep_ep_2406_0 | E25: =VLOOKUP($D25,Résultats!$B$2:$AX$426,E$5,FALSE) -> #N/A | F25: =VLOOKUP($D25,Résultats!$B$2:$AX$426,F$5,FALSE) -> #N/A | G25: =VLOOKUP($D25,Résultats!$B$2:$AX$426,G$5,FALSE) -> #N/A | H25: =VLOOKUP($D25,Résultats!$B$2:$AX$426,H$5,FALSE) -> #N/A | I25: =VLOOKUP($D25,Résultats!$B$2:$AX$426,I$5,FALSE) -> #N/A | J25: =VLOOKUP($D25,Résultats!$B$2:$AX$426,J$5,FALSE) -> #N/A | K25: =VLOOKUP($D25,Résultats!$B$2:$AX$426,K$5,FALSE) -> #N/A | L25: =VLOOKUP($D25,Résultats!$B$2:$AX$426,L$5,FALSE) -> #N/A | ... W25: =VLOOKUP($D25,Résultats!$B$2:$AX$426,W$5,FALSE) -> #N/A
B26: Coal | D26: Q_Mtep_ep_21_0 | E26: =VLOOKUP($D26,Résultats!$B$2:$AX$426,E$5,FALSE) -> #N/A | F26: =VLOOKUP($D26,Résultats!$B$2:$AX$426,F$5,FALSE) -> #N/A | G26: =VLOOKUP($D26,Résultats!$B$2:$AX$426,G$5,FALSE) -> #N/A | H26: =VLOOKUP($D26,Résultats!$B$2:$AX$426,H$5,FALSE) -> #N/A | I26: =VLOOKUP($D26,Résultats!$B$2:$AX$426,I$5,FALSE) -> #N/A | J26: =VLOOKUP($D26,Résultats!$B$2:$AX$426,J$5,FALSE) -> #N/A | K26: =VLOOKUP($D26,Résultats!$B$2:$AX$426,K$5,FALSE) -> #N/A | L26: =VLOOKUP($D26,Résultats!$B$2:$AX$426,L$5,FALSE) -> #N/A | ... W26: =VLOOKUP($D26,Résultats!$B$2:$AX$426,W$5,FALSE) -> #N/A
B27: Total | E27: =E26+E19+E10+E7 -> #N/A | F27: =F26+F19+F10+F7 -> #N/A | G27: =G26+G19+G10+G7 -> #N/A | H27: =H26+H19+H10+H7 -> #N/A | I27: =I26+I19+I10+I7 -> #N/A | J27: =J26+J19+J10+J7 -> #N/A | K27: =K26+K19+K10+K7 -> #N/A | L27: =L26+L19+L10+L7 -> #N/A | ... W27: =W26+W19+W10+W7 -> #N/A
A30: Energie finale (Mtep)
A31: =Résultats!B1 -> TEND | Z31: Cf. onglet "G mix elec" | AE31: Cf. onglet "G mix carb" | AJ31: Cf. onglet "G mix gaz"
E32: 2006 | F32: 2015 | G32: 2018 | H32: 2019 | I32: 2020 | J32: 2021 | K32: 2022 | L32: 2023 | M32: 2024 | N32: 2025 | O32: 2026 | P32: 2027 | Q32: 2028 | R32: 2029 | S32: 2030 | T32: 2035 | U32: 2040 | V32: 2045 | W32: 2050 | AA32: 2020 | AB32: 2030 | AC32: 2050 | AF32: 2020 | AG32: 2030 | AH32: 2050 | AK32: 2020 | AL32: 2030 | AM32: 2050
B33: Refined petroleum products | C33: Total | D33: ER_Oil_0 | E33: =SUM(E34:E35) -> #N/A | F33: =SUM(F34:F35) -> #N/A | G33: =SUM(G34:G35) -> #N/A | H33: =SUM(H34:H35) -> #N/A | I33: =SUM(I34:I35) -> #N/A | J33: =SUM(J34:J35) -> #N/A | K33: =SUM(K34:K35) -> #N/A | L33: =SUM(L34:L35) -> #N/A | ... W33: =SUM(W34:W35) -> #N/A | Z33: charbon | AA33: =(I38+I40)/I36 -> #N/A | AB33: =(S38+S40)/S36 -> #N/A | AC33: =(W38+W40)/W36 -> #N/A | AE33: carburants fossiles | AF33: =I34/I33 -> #N/A | AG33: =S34/S33 -> #N/A | AH33: =W34/W33 -> #N/A | AJ33: gaz naturel | AK33: =I46/(I46+I48) -> #N/A | AL33: =S46/(S46+S48) -> #N/A | AM33: =W46/(W46+W48) -> #N/A
C34: Oil | D34: ER_oil_2201_0 | E34: =VLOOKUP($D34,Résultats!$B$2:$AX$426,E$5,FALSE) -> #N/A | F34: =VLOOKUP($D34,Résultats!$B$2:$AX$426,F$5,FALSE) -> #N/A | G34: =VLOOKUP($D34,Résultats!$B$2:$AX$426,G$5,FALSE) -> #N/A | H34: =VLOOKUP($D34,Résultats!$B$2:$AX$426,H$5,FALSE) -> #N/A | I34: =VLOOKUP($D34,Résultats!$B$2:$AX$426,I$5,FALSE) -> #N/A | J34: =VLOOKUP($D34,Résultats!$B$2:$AX$426,J$5,FALSE) -> #N/A | K34: =VLOOKUP($D34,Résultats!$B$2:$AX$426,K$5,FALSE) -> #N/A | L34: =VLOOKUP($D34,Résultats!$B$2:$AX$426,L$5,FALSE) -> #N/A | ... W34: =VLOOKUP($D34,Résultats!$B$2:$AX$426,W$5,FALSE) -> #N/A | Z34: nucléaire | AA34: =I37/I36 -> #N/A | AB34: =S37/S36 -> #N/A | AC34: =W37/W36 -> #N/A | AE34: biocarburants | AF34: =I35/I33 -> #N/A | AG34: =S35/S33 -> #N/A | AH34: =W35/W33 -> #N/A | AJ34: biogaz | AK34: =I48/(I46+I48) -> #N/A | AL34: =S48/(S46+S48) -> #N/A | AM34: =W48/(W46+W48) -> #N/A
C35: Biofuels | D35: ER_oil_2202_0 | E35: =VLOOKUP($D35,Résultats!$B$2:$AX$426,E$5,FALSE) -> #N/A | F35: =VLOOKUP($D35,Résultats!$B$2:$AX$426,F$5,FALSE) -> #N/A | G35: =VLOOKUP($D35,Résultats!$B$2:$AX$426,G$5,FALSE) -> #N/A | H35: =VLOOKUP($D35,Résultats!$B$2:$AX$426,H$5,FALSE) -> #N/A | I35: =VLOOKUP($D35,Résultats!$B$2:$AX$426,I$5,FALSE) -> #N/A | J35: =VLOOKUP($D35,Résultats!$B$2:$AX$426,J$5,FALSE) -> #N/A | K35: =VLOOKUP($D35,Résultats!$B$2:$AX$426,K$5,FALSE) -> #N/A | L35: =VLOOKUP($D35,Résultats!$B$2:$AX$426,L$5,FALSE) -> #N/A | ... W35: =VLOOKUP($D35,Résultats!$B$2:$AX$426,W$5,FALSE) -> #N/A | Z35: hydraulique | AA35: =I43/I36 -> #N/A | AB35: =S43/S36 -> #N/A | AC35: =W43/W36 -> #N/A | AE35: Total | AF35: =SUM(AF33:AF34) -> #N/A | AG35: =SUM(AG33:AG34) -> #N/A | AH35: =SUM(AH33:AH34) -> #N/A | AJ35: Total | AK35: =SUM(AK33:AK34) -> #N/A | AL35: =SUM(AL33:AL34) -> #N/A | AM35: =SUM(AM33:AM34) -> #N/A
B36: Electric power generation, transmission and distribution | C36: Total | D36: ER_elec_0 | E36: =SUM(E37:E44) -> #N/A | F36: =SUM(F37:F44) -> #N/A | G36: =SUM(G37:G44) -> #N/A | H36: =SUM(H37:H44) -> #N/A | I36: =SUM(I37:I44) -> #N/A | J36: =SUM(J37:J44) -> #N/A | K36: =SUM(K37:K44) -> #N/A | L36: =SUM(L37:L44) -> #N/A | ... W36: =SUM(W37:W44) -> #N/A | Z36: solaire | AA36: =I42/I36 -> #N/A | AB36: =S42/S36 -> #N/A | AC36: =W42/W36 -> #N/A
C37: Nuclear | D37: ER_Elec_2301_0 | E37: =VLOOKUP($D37,Résultats!$B$2:$AX$426,E$5,FALSE) -> #N/A | F37: =VLOOKUP($D37,Résultats!$B$2:$AX$426,F$5,FALSE) -> #N/A | G37: =VLOOKUP($D37,Résultats!$B$2:$AX$426,G$5,FALSE) -> #N/A | H37: =VLOOKUP($D37,Résultats!$B$2:$AX$426,H$5,FALSE) -> #N/A | I37: =VLOOKUP($D37,Résultats!$B$2:$AX$426,I$5,FALSE) -> #N/A | J37: =VLOOKUP($D37,Résultats!$B$2:$AX$426,J$5,FALSE) -> #N/A | K37: =VLOOKUP($D37,Résultats!$B$2:$AX$426,K$5,FALSE) -> #N/A | L37: =VLOOKUP($D37,Résultats!$B$2:$AX$426,L$5,FALSE) -> #N/A | ... W37: =VLOOKUP($D37,Résultats!$B$2:$AX$426,W$5,FALSE) -> #N/A | Z37: éolien | AA37: =I41/I36 -> #N/A | AB37: =S41/S36 -> #N/A | AC37: =W41/W36 -> #N/A
C38: Fuel | D38: ER_elec_2302_0 | E38: =VLOOKUP($D38,Résultats!$B$2:$AX$426,E$5,FALSE) -> #N/A | F38: =VLOOKUP($D38,Résultats!$B$2:$AX$426,F$5,FALSE) -> #N/A | G38: =VLOOKUP($D38,Résultats!$B$2:$AX$426,G$5,FALSE) -> #N/A | H38: =VLOOKUP($D38,Résultats!$B$2:$AX$426,H$5,FALSE) -> #N/A | I38: =VLOOKUP($D38,Résultats!$B$2:$AX$426,I$5,FALSE) -> #N/A | J38: =VLOOKUP($D38,Résultats!$B$2:$AX$426,J$5,FALSE) -> #N/A | K38: =VLOOKUP($D38,Résultats!$B$2:$AX$426,K$5,FALSE) -> #N/A | L38: =VLOOKUP($D38,Résultats!$B$2:$AX$426,L$5,FALSE) -> #N/A | ... W38: =VLOOKUP($D38,Résultats!$B$2:$AX$426,W$5,FALSE) -> #N/A | Z38: autres renouvelables | AA38: =(I39+I44)/I36 -> #N/A | AB38: =(S39+S44)/S36 -> #N/A | AC38: =(W39+W44)/W36 -> #N/A
C39: Combined gas | D39: ER_Elec_2303_0 | E39: =VLOOKUP($D39,Résultats!$B$2:$AX$426,E$5,FALSE) -> #N/A | F39: =VLOOKUP($D39,Résultats!$B$2:$AX$426,F$5,FALSE) -> #N/A | G39: =VLOOKUP($D39,Résultats!$B$2:$AX$426,G$5,FALSE) -> #N/A | H39: =VLOOKUP($D39,Résultats!$B$2:$AX$426,H$5,FALSE) -> #N/A | I39: =VLOOKUP($D39,Résultats!$B$2:$AX$426,I$5,FALSE) -> #N/A | J39: =VLOOKUP($D39,Résultats!$B$2:$AX$426,J$5,FALSE) -> #N/A | K39: =VLOOKUP($D39,Résultats!$B$2:$AX$426,K$5,FALSE) -> #N/A | L39: =VLOOKUP($D39,Résultats!$B$2:$AX$426,L$5,FALSE) -> #N/A | ... W39: =VLOOKUP($D39,Résultats!$B$2:$AX$426,W$5,FALSE) -> #N/A | Z39: Total | AA39: =SUM(AA33:AA38) -> #N/A | AB39: =SUM(AB33:AB38) -> #N/A | AC39: =SUM(AC33:AC38) -> #N/A
C40: Coal | D40: ER_elec_2304_0 | E40: =VLOOKUP($D40,Résultats!$B$2:$AX$426,E$5,FALSE) -> #N/A | F40: =VLOOKUP($D40,Résultats!$B$2:$AX$426,F$5,FALSE) -> #N/A | G40: =VLOOKUP($D40,Résultats!$B$2:$AX$426,G$5,FALSE) -> #N/A | H40: =VLOOKUP($D40,Résultats!$B$2:$AX$426,H$5,FALSE) -> #N/A | I40: =VLOOKUP($D40,Résultats!$B$2:$AX$426,I$5,FALSE) -> #N/A | J40: =VLOOKUP($D40,Résultats!$B$2:$AX$426,J$5,FALSE) -> #N/A | K40: =VLOOKUP($D40,Résultats!$B$2:$AX$426,K$5,FALSE) -> #N/A | L40: =VLOOKUP($D40,Résultats!$B$2:$AX$426,L$5,FALSE) -> #N/A | ... W40: =VLOOKUP($D40,Résultats!$B$2:$AX$426,W$5,FALSE) -> #N/A
C41: Wind | D41: ER_Elec_2305_0 | E41: =VLOOKUP($D41,Résultats!$B$2:$AX$426,E$5,FALSE) -> #N/A | F41: =VLOOKUP($D41,Résultats!$B$2:$AX$426,F$5,FALSE) -> #N/A | G41: =VLOOKUP($D41,Résultats!$B$2:$AX$426,G$5,FALSE) -> #N/A | H41: =VLOOKUP($D41,Résultats!$B$2:$AX$426,H$5,FALSE) -> #N/A | I41: =VLOOKUP($D41,Résultats!$B$2:$AX$426,I$5,FALSE) -> #N/A | J41: =VLOOKUP($D41,Résultats!$B$2:$AX$426,J$5,FALSE) -> #N/A | K41: =VLOOKUP($D41,Résultats!$B$2:$AX$426,K$5,FALSE) -> #N/A | L41: =VLOOKUP($D41,Résultats!$B$2:$AX$426,L$5,FALSE) -> #N/A | ... W41: =VLOOKUP($D41,Résultats!$B$2:$AX$426,W$5,FALSE) -> #N/A
C42: Solar | D42: ER_elec_2306_0 | E42: =VLOOKUP($D42,Résultats!$B$2:$AX$426,E$5,FALSE) -> #N/A | F42: =VLOOKUP($D42,Résultats!$B$2:$AX$426,F$5,FALSE) -> #N/A | G42: =VLOOKUP($D42,Résultats!$B$2:$AX$426,G$5,FALSE) -> #N/A | H42: =VLOOKUP($D42,Résultats!$B$2:$AX$426,H$5,FALSE) -> #N/A | I42: =VLOOKUP($D42,Résultats!$B$2:$AX$426,I$5,FALSE) -> #N/A | J42: =VLOOKUP($D42,Résultats!$B$2:$AX$426,J$5,FALSE) -> #N/A | K42: =VLOOKUP($D42,Résultats!$B$2:$AX$426,K$5,FALSE) -> #N/A | L42: =VLOOKUP($D42,Résultats!$B$2:$AX$426,L$5,FALSE) -> #N/A | ... W42: =VLOOKUP($D42,Résultats!$B$2:$AX$426,W$5,FALSE) -> #N/A
C43: Hydraulic | D43: ER_Elec_2307_0 | E43: =VLOOKUP($D43,Résultats!$B$2:$AX$426,E$5,FALSE) -> #N/A | F43: =VLOOKUP($D43,Résultats!$B$2:$AX$426,F$5,FALSE) -> #N/A | G43: =VLOOKUP($D43,Résultats!$B$2:$AX$426,G$5,FALSE) -> #N/A | H43: =VLOOKUP($D43,Résultats!$B$2:$AX$426,H$5,FALSE) -> #N/A | I43: =VLOOKUP($D43,Résultats!$B$2:$AX$426,I$5,FALSE) -> #N/A | J43: =VLOOKUP($D43,Résultats!$B$2:$AX$426,J$5,FALSE) -> #N/A | K43: =VLOOKUP($D43,Résultats!$B$2:$AX$426,K$5,FALSE) -> #N/A | L43: =VLOOKUP($D43,Résultats!$B$2:$AX$426,L$5,FALSE) -> #N/A | ... W43: =VLOOKUP($D43,Résultats!$B$2:$AX$426,W$5,FALSE) -> #N/A
C44: Cogeneration (CHP) | D44: ER_elec_2308_0 | E44: =VLOOKUP($D44,Résultats!$B$2:$AX$426,E$5,FALSE) -> #N/A | F44: =VLOOKUP($D44,Résultats!$B$2:$AX$426,F$5,FALSE) -> #N/A | G44: =VLOOKUP($D44,Résultats!$B$2:$AX$426,G$5,FALSE) -> #N/A | H44: =VLOOKUP($D44,Résultats!$B$2:$AX$426,H$5,FALSE) -> #N/A | I44: =VLOOKUP($D44,Résultats!$B$2:$AX$426,I$5,FALSE) -> #N/A | J44: =VLOOKUP($D44,Résultats!$B$2:$AX$426,J$5,FALSE) -> #N/A | K44: =VLOOKUP($D44,Résultats!$B$2:$AX$426,K$5,FALSE) -> #N/A | L44: =VLOOKUP($D44,Résultats!$B$2:$AX$426,L$5,FALSE) -> #N/A | ... W44: =VLOOKUP($D44,Résultats!$B$2:$AX$426,W$5,FALSE) -> #N/A
B45: Gas and heat | C45: Total | D45: ER_Gas_0 | E45: =SUM(E46:E51) -> #N/A | F45: =SUM(F46:F51) -> #N/A | G45: =SUM(G46:G51) -> #N/A | H45: =SUM(H46:H51) -> #N/A | I45: =SUM(I46:I51) -> #N/A | J45: =SUM(J46:J51) -> #N/A | K45: =SUM(K46:K51) -> #N/A | L45: =SUM(L46:L51) -> #N/A | ... W45: =SUM(W46:W51) -> #N/A
C46: Natural gas | D46: ER_Gas_2401_0 | E46: =VLOOKUP($D46,Résultats!$B$2:$AX$426,E$5,FALSE) -> #N/A | F46: =VLOOKUP($D46,Résultats!$B$2:$AX$426,F$5,FALSE) -> #N/A | G46: =VLOOKUP($D46,Résultats!$B$2:$AX$426,G$5,FALSE) -> #N/A | H46: =VLOOKUP($D46,Résultats!$B$2:$AX$426,H$5,FALSE) -> #N/A | I46: =VLOOKUP($D46,Résultats!$B$2:$AX$426,I$5,FALSE) -> #N/A | J46: =VLOOKUP($D46,Résultats!$B$2:$AX$426,J$5,FALSE) -> #N/A | K46: =VLOOKUP($D46,Résultats!$B$2:$AX$426,K$5,FALSE) -> #N/A | L46: =VLOOKUP($D46,Résultats!$B$2:$AX$426,L$5,FALSE) -> #N/A | ... W46: =VLOOKUP($D46,Résultats!$B$2:$AX$426,W$5,FALSE) -> #N/A
C47: Wood | D47: ER_Gas_2402_0 | E47: =VLOOKUP($D47,Résultats!$B$2:$AX$426,E$5,FALSE) -> #N/A | F47: =VLOOKUP($D47,Résultats!$B$2:$AX$426,F$5,FALSE) -> #N/A | G47: =VLOOKUP($D47,Résultats!$B$2:$AX$426,G$5,FALSE) -> #N/A | H47: =VLOOKUP($D47,Résultats!$B$2:$AX$426,H$5,FALSE) -> #N/A | I47: =VLOOKUP($D47,Résultats!$B$2:$AX$426,I$5,FALSE) -> #N/A | J47: =VLOOKUP($D47,Résultats!$B$2:$AX$426,J$5,FALSE) -> #N/A | K47: =VLOOKUP($D47,Résultats!$B$2:$AX$426,K$5,FALSE) -> #N/A | L47: =VLOOKUP($D47,Résultats!$B$2:$AX$426,L$5,FALSE) -> #N/A | ... W47: =VLOOKUP($D47,Résultats!$B$2:$AX$426,W$5,FALSE) -> #N/A
C48: Biogas | D48: ER_Gas_2403_0 | E48: =VLOOKUP($D48,Résultats!$B$2:$AX$426,E$5,FALSE) -> #N/A | F48: =VLOOKUP($D48,Résultats!$B$2:$AX$426,F$5,FALSE) -> #N/A | G48: =VLOOKUP($D48,Résultats!$B$2:$AX$426,G$5,FALSE) -> #N/A | H48: =VLOOKUP($D48,Résultats!$B$2:$AX$426,H$5,FALSE) -> #N/A | I48: =VLOOKUP($D48,Résultats!$B$2:$AX$426,I$5,FALSE) -> #N/A | J48: =VLOOKUP($D48,Résultats!$B$2:$AX$426,J$5,FALSE) -> #N/A | K48: =VLOOKUP($D48,Résultats!$B$2:$AX$426,K$5,FALSE) -> #N/A | L48: =VLOOKUP($D48,Résultats!$B$2:$AX$426,L$5,FALSE) -> #N/A | ... W48: =VLOOKUP($D48,Résultats!$B$2:$AX$426,W$5,FALSE) -> #N/A
C49: Waste incineration | D49: ER_Gas_2404_0 | E49: =VLOOKUP($D49,Résultats!$B$2:$AX$426,E$5,FALSE) -> #N/A | F49: =VLOOKUP($D49,Résultats!$B$2:$AX$426,F$5,FALSE) -> #N/A | G49: =VLOOKUP($D49,Résultats!$B$2:$AX$426,G$5,FALSE) -> #N/A | H49: =VLOOKUP($D49,Résultats!$B$2:$AX$426,H$5,FALSE) -> #N/A | I49: =VLOOKUP($D49,Résultats!$B$2:$AX$426,I$5,FALSE) -> #N/A | J49: =VLOOKUP($D49,Résultats!$B$2:$AX$426,J$5,FALSE) -> #N/A | K49: =VLOOKUP($D49,Résultats!$B$2:$AX$426,K$5,FALSE) -> #N/A | L49: =VLOOKUP($D49,Résultats!$B$2:$AX$426,L$5,FALSE) -> #N/A | ... W49: =VLOOKUP($D49,Résultats!$B$2:$AX$426,W$5,FALSE) -> #N/A
C50: Geothermal | D50: ER_Gas_2405_0 | E50: =VLOOKUP($D50,Résultats!$B$2:$AX$426,E$5,FALSE) -> #N/A | F50: =VLOOKUP($D50,Résultats!$B$2:$AX$426,F$5,FALSE) -> #N/A | G50: =VLOOKUP($D50,Résultats!$B$2:$AX$426,G$5,FALSE) -> #N/A | H50: =VLOOKUP($D50,Résultats!$B$2:$AX$426,H$5,FALSE) -> #N/A | I50: =VLOOKUP($D50,Résultats!$B$2:$AX$426,I$5,FALSE) -> #N/A | J50: =VLOOKUP($D50,Résultats!$B$2:$AX$426,J$5,FALSE) -> #N/A | K50: =VLOOKUP($D50,Résultats!$B$2:$AX$426,K$5,FALSE) -> #N/A | L50: =VLOOKUP($D50,Résultats!$B$2:$AX$426,L$5,FALSE) -> #N/A | ... W50: =VLOOKUP($D50,Résultats!$B$2:$AX$426,W$5,FALSE) -> #N/A
C51: Cogeneration (CHP) | D51: ER_Gas_2406_0 | E51: =VLOOKUP($D51,Résultats!$B$2:$AX$426,E$5,FALSE) -> #N/A | F51: =VLOOKUP($D51,Résultats!$B$2:$AX$426,F$5,FALSE) -> #N/A | G51: =VLOOKUP($D51,Résultats!$B$2:$AX$426,G$5,FALSE) -> #N/A | H51: =VLOOKUP($D51,Résultats!$B$2:$AX$426,H$5,FALSE) -> #N/A | I51: =VLOOKUP($D51,Résultats!$B$2:$AX$426,I$5,FALSE) -> #N/A | J51: =VLOOKUP($D51,Résultats!$B$2:$AX$426,J$5,FALSE) -> #N/A | K51: =VLOOKUP($D51,Résultats!$B$2:$AX$426,K$5,FALSE) -> #N/A | L51: =VLOOKUP($D51,Résultats!$B$2:$AX$426,L$5,FALSE) -> #N/A | ... W51: =VLOOKUP($D51,Résultats!$B$2:$AX$426,W$5,FALSE) -> #N/A
B52: Coal | D52: ER_coal_0 | E52: =VLOOKUP($D52,Résultats!$B$2:$AX$426,E$5,FALSE) -> #N/A | F52: =VLOOKUP($D52,Résultats!$B$2:$AX$426,F$5,FALSE) -> #N/A | G52: =VLOOKUP($D52,Résultats!$B$2:$AX$426,G$5,FALSE) -> #N/A | H52: =VLOOKUP($D52,Résultats!$B$2:$AX$426,H$5,FALSE) -> #N/A | I52: =VLOOKUP($D52,Résultats!$B$2:$AX$426,I$5,FALSE) -> #N/A | J52: =VLOOKUP($D52,Résultats!$B$2:$AX$426,J$5,FALSE) -> #N/A | K52: =VLOOKUP($D52,Résultats!$B$2:$AX$426,K$5,FALSE) -> #N/A | L52: =VLOOKUP($D52,Résultats!$B$2:$AX$426,L$5,FALSE) -> #N/A | ... W52: =VLOOKUP($D52,Résultats!$B$2:$AX$426,W$5,FALSE) -> #N/A
B53: Total | D53: ER_Total_0 | E53: =E52+E45+E36+E33 -> #N/A | F53: =F52+F45+F36+F33 -> #N/A | G53: =G52+G45+G36+G33 -> #N/A | H53: =H52+H45+H36+H33 -> #N/A | I53: =I52+I45+I36+I33 -> #N/A | J53: =J52+J45+J36+J33 -> #N/A | K53: =K52+K45+K36+K33 -> #N/A | L53: =L52+L45+L36+L33 -> #N/A | ... W53: =W52+W45+W36+W33 -> #N/A

Sheet T energie usages
A1: Energie par usage
A3: Energie finale (Mtep)
A4: =Résultats!B1 -> TEND
C7: Consos résultats de ThreeME | N7: Consos cibles d'Enerdata | U7: Consos résultats de ThreeME
C8: Hors bois domestique non marchand, avec consommation à double usage | N8: Hors bois domestique auto produit (8MTEP entre 2015 et 2030 4 Mtep en 2050) | U8: Hors bois domestique non marchand, avec consommation à double usage
C10: 2015 | H10: coal | I10: fuel and biofuel | J10: elec | K10: gas biogas biomass | L10: Total | N10: 2015 | O10: coal | P10: fuel and biofuel | Q10: elec | R10: gas biogas biomass | S10: Total | T10: Hors chal env PAC | U10: 2015 | Z10: coal | AA10: fuel and biofuel | AB10: elec | AC10: gas biogas biomass | AD10: Total
C11: Transport | H11: =SUM(H12:H13) -> 0 | I11: =SUM(I12:I13) -> 43.145689 | J11: =SUM(J12:J13) -> 1.2869702 | K11: =SUM(K12:K13) -> 0.24534333 | L11: =SUM(H11:K11) -> 44.678003 | N11: Transport | O11: ='[1]Bilan 2015'!$X$46 -> 0 | P11: =SUM('[1]Bilan 2015'!$X$41:$X$43) -> 42.748697 | Q11: ='[1]Bilan 2015'!$X$13 -> 0.94471195 | R11: =('[1]Bilan 2015'!$X$22+'[1]Bilan 2015'!$X$30+SUM('[1]Bilan 2015'!$X$36:$X$40)+SUM('[1]Bilan 2015'!$X$44:$X$45)+'[1]Bilan 2015'!$X$47) -> 0.072674067 | S11: =SUM(O11:R11) -> 43.766083 | T11: =S11 -> 43.766083 | U11: Transport | Z11: 0 | AA11: 43.15955 | AB11: 1.2867468 | AC11: 0.24934661 | AD11: 44.695644
C12: Personal vehicles | D12: ER_TRANS_PRIVATE_coal_1 | E12: ER_TRANS_PRIVATE_oil_1 | F12: ER_TRANS_PRIVATE_elec_1 | G12: ER_TRANS_PRIVATE_gas_1 | H12: =VLOOKUP(D12,Résultats!$B$2:$AX$426,'T energie vecteurs'!F5,FALSE) -> 0 | I12: =VLOOKUP(E12,Résultats!$B$2:$AX$426,'T energie vecteurs'!F5,FALSE) -> 24.200254 | J12: =VLOOKUP(F12,Résultats!$B$2:$AX$426,'T energie vecteurs'!F5,FALSE) -> 0.01816242 | K12: =VLOOKUP(G12,Résultats!$B$2:$AX$426,'T energie vecteurs'!F5,FALSE) -> 1.0589055e-05 | L12: =SUM(H12:K12) -> 24.218427 | N12: Personal vehicles | U12: Personal vehicles | V12: ER_TRANS_PRIVATE_coal_1 | W12: ER_TRANS_PRIVATE_oil_1 | X12: ER_TRANS_PRIVATE_elec_1 | Y12: ER_TRANS_PRIVATE_gas_1 | Z12: 0 | AA12: 24.198348 | AB12: 0.01818778 | AC12: 1.0630953e-05 | AD12: 24.216546
C13: Public and freight transport | D13: ER_TRANS_PUBLIC_coal_1 | E13: ER_TRANS_PUBLIC_oil_1 | F13: ER_TRANS_PUBLIC_elec_1 | G13: ER_TRANS_PUBLIC_gas_1 | H13: =VLOOKUP(D13,Résultats!$B$2:$AX$426,'T energie vecteurs'!F5,FALSE) -> 0 | I13: =VLOOKUP(E13,Résultats!$B$2:$AX$426,'T energie vecteurs'!F5,FALSE) -> 18.945435 | J13: =VLOOKUP(F13,Résultats!$B$2:$AX$426,'T energie vecteurs'!F5,FALSE) -> 1.2688078 | K13: =VLOOKUP(G13,Résultats!$B$2:$AX$426,'T energie vecteurs'!F5,FALSE) -> 0.24533274 | L13: =SUM(H13:K13) -> 20.459576 | N13: Public and freight transport | U13: Public and freight transport | V13: ER_TRANS_PUBLIC_coal_1 | W13: ER_TRANS_PUBLIC_oil_1 | X13: ER_TRANS_PUBLIC_elec_1 | Y13: ER_TRANS_PUBLIC_gas_1 | Z13: 0 | AA13: 18.961203 | AB13: 1.268559 | AC13: 0.24933598 | AD13: 20.479098
C14: Residential | D14: ER_RESIDENTIAL_coal_1 | E14: ER_RESIDENTIAL_oil_1 | F14: ER_RESIDENTIAL_elec_1 | G14: ER_RESIDENTIAL_gas_1 | H14: =VLOOKUP(D14,Résultats!$B$2:$AX$426,'T energie vecteurs'!F5,FALSE) -> 0.33122045 | I14: =VLOOKUP(E14,Résultats!$B$2:$AX$426,'T energie vecteurs'!F5,FALSE) -> 7.2440592 | J14: =VLOOKUP(F14,Résultats!$B$2:$AX$426,'T energie vecteurs'!F5,FALSE) -> 13.732729 | K14: =VLOOKUP(G14,Résultats!$B$2:$AX$426,'T energie vecteurs'!F5,FALSE)+2 -> 19.71798 | L14: =SUM(H14:K14) -> 41.025989 | N14: Residential | O14: ='[1]Bilan 2015'!$V$46 -> 0.036764197 | P14: =SUM('[1]Bilan 2015'!$V$41:$V$43) -> 6.6752954 | Q14: ='[1]Bilan 2015'!$V$13 -> 13.620367 | R14: =('[1]Bilan 2015'!$V$22+'[1]Bilan 2015'!$V$30+SUM('[1]Bilan 2015'!$V$36:$V$40)+SUM('[1]Bilan 2015'!$V$44:$V$45)+'[1]Bilan 2015'!$V$47) -> 21.832864 | S14: =SUM(O14:R14) -> 42.16529 | T14: =S14-'[1]Bilan 2015'!$V$40 -> 39.648469 | U14: Residential | V14: ER_RESIDENTIAL_coal_1 | W14: ER_RESIDENTIAL_oil_1 | X14: ER_RESIDENTIAL_elec_1 | Y14: ER_RESIDENTIAL_gas_1 | Z14: 0.33135186 | AA14: 7.2415499 | AB14: 13.750647 | AC14: 19.70225 | AD14: 41.025798
C15: Service | D15: ER_TERTIARY_coal_1 | E15: ER_TERTIARY_oil_1 | F15: ER_TERTIARY_elec_1 | G15: ER_TERTIARY_gas_1 | H15: =VLOOKUP(D15,Résultats!$B$2:$AX$426,'T energie vecteurs'!F5,FALSE) -> 0 | I15: =VLOOKUP(E15,Résultats!$B$2:$AX$426,'T energie vecteurs'!F5,FALSE) -> 3.7835587 | J15: =VLOOKUP(F15,Résultats!$B$2:$AX$426,'T energie vecteurs'!F5,FALSE) -> 11.548634 | K15: =VLOOKUP(G15,Résultats!$B$2:$AX$426,'T energie vecteurs'!F5,FALSE) -> 9.1338787 | L15: =SUM(H15:K15) -> 24.466072 | N15: Service | O15: ='[1]Bilan 2015'!$W$46 -> 0.043073392 | P15: =SUM('[1]Bilan 2015'!$W$41:$W$43) -> 3.0154656 | Q15: ='[1]Bilan 2015'!$W$13 -> 12.701365 | R15: =('[1]Bilan 2015'!$W$22+'[1]Bilan 2015'!$W$30+SUM('[1]Bilan 2015'!$W$36:$W$40)+SUM('[1]Bilan 2015'!$W$44:$W$45)+'[1]Bilan 2015'!$W$47) -> 8.7461122 | S15: =SUM(O15:R15) -> 24.506017 | T15: =S15-'[1]Bilan 2015'!$W$40 -> 24.06751 | U15: Service | V15: ER_TERTIARY_coal_1 | W15: ER_TERTIARY_oil_1 | X15: ER_TERTIARY_elec_1 | Y15: ER_TERTIARY_gas_1 | Z15: 0 | AA15: 3.7813464 | AB15: 11.575224 | AC15: 9.1357403 | AD15: 24.492311
C16: Industry and agriculture | H16: =SUM(H17:H19) -> 5.0121731 | I16: =SUM(I17:I19) -> 19.057018 | J16: =SUM(J17:J19) -> 11.272502 | K16: =SUM(K17:K19) -> 14.707402 | L16: =SUM(H16:K16) -> 50.049095 | N16: Industry | O16: =O17+O18 -> 4.2636281 | P16: =P17+P18 -> 14.865721 | Q16: =Q17+Q18 -> 10.069552 | R16: =R17+R18 -> 13.7564 | S16: =SUM(O16:R16) -> 42.955301 | T16: =S16 -> 42.955301 | U16: Industry and agriculture | Z16: 5.0051719 | AA16: 19.268937 | AB16: 11.283135 | AC16: 14.723693 | AD16: 50.280937
C17: Industry | D17: ER_INDUS_coal_1 | E17: ER_INDUS_oil_1 | F17: ER_INDUS_elec_1 | G17: ER_INDUS_gas_1 | H17: =VLOOKUP(D17,Résultats!$B$2:$AX$426,'T energie vecteurs'!F5,FALSE) -> 4.0136333 | I17: =VLOOKUP(E17,Résultats!$B$2:$AX$426,'T energie vecteurs'!F5,FALSE) -> 14.689397 | J17: =VLOOKUP(F17,Résultats!$B$2:$AX$426,'T energie vecteurs'!F5,FALSE) -> 10.953796 | K17: =VLOOKUP(G17,Résultats!$B$2:$AX$426,'T energie vecteurs'!F5,FALSE) -> 12.544766 | L17: =SUM(H17:K17) -> 42.201592 | N17: Industry energetic uses | O17: ='[1]Bilan 2015'!$U$46 -> 1.0493093 | P17: =SUM('[1]Bilan 2015'!$U$41:$U$43) -> 2.4127207 | Q17: ='[1]Bilan 2015'!$U$13 -> 10.069552 | R17: =('[1]Bilan 2015'!$U$22+'[1]Bilan 2015'!$U$30+SUM('[1]Bilan 2015'!$U$36:$U$40)+SUM('[1]Bilan 2015'!$U$44:$U$45)+'[1]Bilan 2015'!$U$47) -> 12.654814 | S17: =SUM(O17:R17) -> 26.186396 | U17: Industry | V17: ER_INDUS_coal_1 | W17: ER_INDUS_oil_1 | X17: ER_INDUS_elec_1 | Y17: ER_INDUS_gas_1 | Z17: 4.006287 | AA17: 14.897875 | AB17: 10.963479 | AC17: 12.561498 | AD17: 42.429138
C18: Industry non energetic uses | D18: Q_Mtep_indus_21_1 | E18: Q_Mtep_indus_22_1 | F18: Q_Mtep_indus_23_1 | G18: Q_Mtep_indus_24_1 | H18: =VLOOKUP(D18,Résultats!$B$2:$AX$426,'T energie vecteurs'!F5,FALSE) -> 0.99853977 | I18: =VLOOKUP(E18,Résultats!$B$2:$AX$426,'T energie vecteurs'!F5,FALSE) -> 1.8930036 | J18: =VLOOKUP(F18,Résultats!$B$2:$AX$426,'T energie vecteurs'!F5,FALSE) -> 0 | K18: =VLOOKUP(G18,Résultats!$B$2:$AX$426,'T energie vecteurs'!F5,FALSE) -> 1.7689436 | L18: =SUM(H18:K18) -> 4.660487 | N18: Industry non energetic uses | O18: ='[1]Bilan 2015'!$E$52 -> 3.2143188 | P18: =('[1]Bilan 2015'!$E$54+'[1]Bilan 2015'!$E$56) -> 12.453 | Q18: 0 | R18: =('[1]Bilan 2015'!$E$53+'[1]Bilan 2015'!$E$55+'[1]Bilan 2015'!$E$57) -> 1.1015862 | S18: =SUM(O18:R18) -> 16.768905 | U18: Industry non energetic uses | V18: Q_Mtep_indus_21_1 | W18: Q_Mtep_indus_22_1 | X18: Q_Mtep_indus_23_1 | Y18: Q_Mtep_indus_24_1 | Z18: 0.99888499 | AA18: 1.8924925 | AB18: 0 | AC18: 1.7678344 | AD18: 4.6592119
C19: Agriculture | D19: ER_AGRICULTURE_coal_1 | E19: ER_AGRICULTURE_oil_1 | F19: ER_AGRICULTURE_elec_1 | G19: ER_AGRICULTURE_gas_1 | H19: =VLOOKUP(D19,Résultats!$B$2:$AX$426,'T energie vecteurs'!F5,FALSE) -> 0 | I19: =VLOOKUP(E19,Résultats!$B$2:$AX$426,'T energie vecteurs'!F5,FALSE) -> 2.4746179 | J19: =VLOOKUP(F19,Résultats!$B$2:$AX$426,'T energie vecteurs'!F5,FALSE) -> 0.31870576 | K19: =VLOOKUP(G19,Résultats!$B$2:$AX$426,'T energie vecteurs'!F5,FALSE) -> 0.39369217 | L19: =SUM(H19:K19) -> 3.1870158 | N19: Agriculture | O19: ='[1]Bilan 2015'!$T$46 -> 0.0022137193 | P19: =SUM('[1]Bilan 2015'!$T$41:$T$43) -> 3.4936668 | Q19: ='[1]Bilan 2015'!$T$13 -> 0.74651763 | R19: =('[1]Bilan 2015'!$T$22+'[1]Bilan 2015'!$T$30+SUM('[1]Bilan 2015'!$T$36:$T$40)+SUM('[1]Bilan 2015'!$T$44:$T$45)+'[1]Bilan 2015'!$T$47) -> 0.24365267 | S19: =SUM(O19:R19) -> 4.4860508 | T19: =S19 -> 4.4860508 | U19: Agriculture | V19: ER_AGRICULTURE_coal_1 | W19: ER_AGRICULTURE_oil_1 | X19: ER_AGRICULTURE_elec_1 | Y19: ER_AGRICULTURE_gas_1 | Z19: 0 | AA19: 2.4785695 | AB19: 0.31965679 | AC19: 0.39436076 | AD19: 3.192587
C20: Total Final Mtep | H20: =SUM(H11,H14:H16) -> 5.3433935 | I20: =SUM(I11,I14:I16) -> 73.230325 | J20: =SUM(J11,J14:J16) -> 37.840835 | K20: =SUM(K11,K14:K16) -> 43.804604 | L20: =SUM(H20:K20) -> 160.21916 | N20: Total Final Mtep | O20: =O11+O14+O15+O16+O19 -> 4.3456794 | P20: =P11+P14+P15+P16+P19 -> 70.798845 | Q20: =Q11+Q14+Q15+Q16+Q19 -> 38.082514 | R20: =R11+R14+R15+R16+R19 -> 44.651703 | S20: =SUM(O20:R20) -> 157.87874 | T20: =SUM(T11:T19) -> 154.92341 | U20: Total Final Mtep | Z20: 5.3365238 | AA20: 73.451384 | AB20: 37.895753 | AC20: 43.81103 | AD20: 160.49469
S21: =S11+S14+S15+S16+S19 -> 157.87874
C23: 2020 | H23: coal | I23: fuel and biofuel | J23: elec | K23: gas biogas biomass | L23: Total | N23: 2020 | O23: coal | P23: fuel and biofuel | Q23: elec | R23: gas biogas biomass | S23: Total | T23: Hors chal env PAC | U23: 2020 | Z23: coal | AA23: fuel and biofuel | AB23: elec | AC23: gas biogas biomass | AD23: Total
C24: Transport | H24: =SUM(H25:H26) -> 0 | I24: =SUM(I25:I26) -> 41.563023 | J24: =SUM(J25:J26) -> 1.5156367 | K24: =SUM(K25:K26) -> 0.27412866 | L24: =SUM(H24:K24) -> 43.352788 | N24: Transport | O24: ='[1]Bilan 2020'!$X$46/11.63 -> 0 | P24: =SUM('[1]Bilan 2020'!$X$41:$X$43)/11.63 -> 35.668036 | Q24: ='[1]Bilan 2020'!$X$13/11.63 -> 0.71687008 | R24: =('[1]Bilan 2020'!$X$22+'[1]Bilan 2020'!$X$30+SUM('[1]Bilan 2020'!$X$36:$X$40)+SUM('[1]Bilan 2020'!$X$44:$X$45)+'[1]Bilan 2020'!$X$47)/11.63 -> 0.19326866 | S24: =SUM(O24:R24) -> 36.578175 | T24: =S24 -> 36.578175 | U24: Transport | Z24: 0 | AA24: 41.602539 | AB24: 1.5063126 | AC24: 0.27860242 | AD24: 43.387454
C25: Personal vehicles | D25: ER_TRANS_PRIVATE_coal_1 | E25: ER_TRANS_PRIVATE_oil_1 | F25: ER_TRANS_PRIVATE_elec_1 | G25: ER_TRANS_PRIVATE_gas_1 | H25: =VLOOKUP(D25,Résultats!$B$2:$AX$426,'T energie vecteurs'!I5,FALSE) -> 0 | I25: =VLOOKUP(E25,Résultats!$B$2:$AX$426,'T energie vecteurs'!I5,FALSE) -> 23.247082 | J25: =VLOOKUP(F25,Résultats!$B$2:$AX$426,'T energie vecteurs'!I5,FALSE) -> 0.07237004 | K25: =VLOOKUP(G77,Résultats!$B$2:$AX$426,'T energie vecteurs'!I5,FALSE) -> 1.4664156e-05 | L25: =SUM(H25:K25) -> 23.319467 | N25: Personal vehicles | U25: Personal vehicles | V25: ER_TRANS_PRIVATE_coal_1 | W25: ER_TRANS_PRIVATE_oil_1 | X25: ER_TRANS_PRIVATE_elec_1 | Y25: ER_TRANS_PRIVATE_gas_1 | Z25: 0 | AA25: 23.244407 | AB25: 0.072506889 | AC25: 1.4761104e-05 | AD25: 23.316929
C26: Public and freight transport | D26: ER_TRANS_PUBLIC_coal_1 | E26: ER_TRANS_PUBLIC_oil_1 | F26: ER_TRANS_PUBLIC_elec_1 | G26: ER_TRANS_PUBLIC_gas_1 | H26: =VLOOKUP(D26,Résultats!$B$2:$AX$426,'T energie vecteurs'!I5,FALSE) -> 0 | I26: =VLOOKUP(E26,Résultats!$B$2:$AX$426,'T energie vecteurs'!I5,FALSE) -> 18.315941 | J26: =VLOOKUP(F26,Résultats!$B$2:$AX$426,'T energie vecteurs'!I5,FALSE) -> 1.4432666 | K26: =VLOOKUP(G26,Résultats!$B$2:$AX$426,'T energie vecteurs'!I5,FALSE) -> 0.27411399 | L26: =SUM(H26:K26) -> 20.033321 | N26: Public and freight transport | U26: Public and freight transport | V26: ER_TRANS_PUBLIC_coal_1 | W26: ER_TRANS_PUBLIC_oil_1 | X26: ER_TRANS_PUBLIC_elec_1 | Y26: ER_TRANS_PUBLIC_gas_1 | Z26: 0 | AA26: 18.358132 | AB26: 1.4338057 | AC26: 0.27858766 | AD26: 20.070525
C27: Residential | D27: ER_RESIDENTIAL_coal_1 | E27: ER_RESIDENTIAL_oil_1 | F27: ER_RESIDENTIAL_elec_1 | G27: ER_RESIDENTIAL_gas_1 | H27: =VLOOKUP(D27,Résultats!$B$2:$AX$426,'T energie vecteurs'!I5,FALSE) -> 0.31808457 | I27: =VLOOKUP(E27,Résultats!$B$2:$AX$426,'T energie vecteurs'!I5,FALSE) -> 6.4323583 | J27: =VLOOKUP(F27,Résultats!$B$2:$AX$426,'T energie vecteurs'!I5,FALSE) -> 14.456508 | K27: =VLOOKUP(G27,Résultats!$B$2:$AX$426,'T energie vecteurs'!I5,FALSE)+2 -> 19.097676 | L27: =SUM(H27:K27) -> 40.304627 | N27: Residential | O27: ='[1]Bilan 2020'!$V$46/11.63 -> 0.020700735 | P27: =SUM('[1]Bilan 2020'!$V$41:$V$43)/11.63 -> 4.2874728 | Q27: ='[1]Bilan 2020'!$V$13/11.63 -> 13.618732 | R27: =('[1]Bilan 2020'!$V$22+'[1]Bilan 2020'!$V$30+SUM('[1]Bilan 2020'!$V$36:$V$40)+SUM('[1]Bilan 2020'!$V$44:$V$45)+'[1]Bilan 2020'!$V$47)/11.63 -> 20.40841 | S27: =SUM(O27:R27) -> 38.335315 | T27: =S27-'[1]Bilan 2020'!$V$40/11.63 -> 35.977053 | U27: Residential | V27: ER_RESIDENTIAL_coal_1 | W27: ER_RESIDENTIAL_oil_1 | X27: ER_RESIDENTIAL_elec_1 | Y27: ER_RESIDENTIAL_gas_1 | Z27: 0.31862762 | AA27: 6.4568025 | AB27: 14.438674 | AC27: 19.172349 | AD27: 40.386453
C28: Service | D28: ER_TERTIARY_coal_1 | E28: ER_TERTIARY_oil_1 | F28: ER_TERTIARY_elec_1 | G28: ER_TERTIARY_gas_1 | H28: =VLOOKUP(D28,Résultats!$B$2:$AX$426,'T energie vecteurs'!I5,FALSE) -> 0 | I28: =VLOOKUP(E28,Résultats!$B$2:$AX$426,'T energie vecteurs'!I5,FALSE) -> 2.7287138 | J28: =VLOOKUP(F28,Résultats!$B$2:$AX$426,'T energie vecteurs'!I5,FALSE) -> 11.176971 | K28: =VLOOKUP(G28,Résultats!$B$2:$AX$426,'T energie vecteurs'!I5,FALSE) -> 7.8117768 | L28: =SUM(H28:K28) -> 21.717462 | N28: Service | O28: =('[1]Bilan 2020'!$W$46)/11.63 -> 0.030546421 | P28: =SUM('[1]Bilan 2020'!$W$41:$W$43)/11.63 -> 2.7068356 | Q28: =('[1]Bilan 2020'!$W$13)/11.63 -> 10.724851 | R28: =('[1]Bilan 2020'!$W$22+'[1]Bilan 2020'!$W$30+SUM('[1]Bilan 2020'!$W$36:$W$40)+SUM('[1]Bilan 2020'!$W$44:$W$45)+'[1]Bilan 2020'!$W$47)/11.63 -> 7.1906336 | S28: =SUM(O28:R28) -> 20.652866 | T28: =S28-'[1]Bilan 2020'!$W$40/11.63 -> 20.267161 | U28: Service | V28: ER_TERTIARY_coal_1 | W28: ER_TERTIARY_oil_1 | X28: ER_TERTIARY_elec_1 | Y28: ER_TERTIARY_gas_1 | Z28: 0 | AA28: 2.7306023 | AB28: 11.12796 | AC28: 7.8713222 | AD28: 21.729884
C29: Industry and agriculture | H29: =SUM(H30:H32) -> 2.6467544 | I29: =SUM(I30:I32) -> 13.432936 | J29: =SUM(J30:J32) -> 9.3590591 | K29: =SUM(K30:K32) -> 15.067846 | L29: =SUM(H29:K29) -> 40.506596 | N29: Industry | O29: =O30+O31 -> 3.1626378 | P29: =P30+P31 -> 13.919974 | Q29: =Q30+Q31 -> 9.0413235 | R29: =R30+R31 -> 14.312071 | S29: =SUM(O29:R29) -> 40.436006 | T29: =S29 -> 40.436006 | U29: Industry and agriculture | Z29: 2.6480606 | AA29: 13.624186 | AB29: 9.2932629 | AC29: 15.184451 | AD29: 40.749961
C30: Industry | D30: ER_INDUS_coal_1 | E30: ER_INDUS_oil_1 | F30: ER_INDUS_elec_1 | G30: ER_INDUS_gas_1 | H30: =VLOOKUP(D30,Résultats!$B$2:$AX$426,'T energie vecteurs'!I5,FALSE) -> 1.7831965 | I30: =VLOOKUP(E30,Résultats!$B$2:$AX$426,'T energie vecteurs'!I5,FALSE) -> 9.1710327 | J30: =VLOOKUP(F30,Résultats!$B$2:$AX$426,'T energie vecteurs'!I5,FALSE) -> 9.0460201 | K30: =VLOOKUP(G30,Résultats!$B$2:$AX$426,'T energie vecteurs'!I5,FALSE) -> 12.596217 | L30: =SUM(H30:K30) -> 32.596467 | N30: Industry energetic uses | O30: ='[1]Bilan 2020'!$U$46/11.63 -> 0.77267988 | P30: =SUM('[1]Bilan 2020'!$U$41:$U$43)/11.63 -> 2.7003588 | Q30: ='[1]Bilan 2020'!$U$13/11.63 -> 9.0413235 | R30: =('[1]Bilan 2020'!$U$22+'[1]Bilan 2020'!$U$30+SUM('[1]Bilan 2020'!$U$36:$U$40)+SUM('[1]Bilan 2020'!$U$44:$U$45)+'[1]Bilan 2020'!$U$47)/11.63 -> 13.277855 | S30: =SUM(O30:R30) -> 25.792217 | U30: Industry | V30: ER_INDUS_coal_1 | W30: ER_INDUS_oil_1 | X30: ER_INDUS_elec_1 | Y30: ER_INDUS_gas_1 | Z30: 1.7843253 | AA30: 9.352929 | AB30: 8.9819417 | AC30: 12.713318 | AD30: 32.832514
C31: Industry non energetic uses | D31: Q_Mtep_indus_21_1 | E31: Q_Mtep_indus_22_1 | F31: Q_Mtep_indus_23_1 | G31: Q_Mtep_indus_24_1 | H31: =VLOOKUP(D31,Résultats!$B$2:$AX$426,'T energie vecteurs'!I5,FALSE) -> 0.86355782 | I31: =VLOOKUP(E31,Résultats!$B$2:$AX$426,'T energie vecteurs'!I5,FALSE) -> 1.8768568 | J31: =VLOOKUP(F31,Résultats!$B$2:$AX$426,'T energie vecteurs'!I5,FALSE) -> 0 | K31: =VLOOKUP(G31,Résultats!$B$2:$AX$426,'T energie vecteurs'!I5,FALSE) -> 2.1040699 | L31: =SUM(H31:K31) -> 4.8444846 | N31: Industry non energetic uses | O31: ='[1]Bilan 2020'!$E$52/11.63 -> 2.3899579 | P31: =('[1]Bilan 2020'!$E$54+'[1]Bilan 2020'!$E$56)/11.63 -> 11.219615 | Q31: 0 | R31: =('[1]Bilan 2020'!$E$53+'[1]Bilan 2020'!$E$55+'[1]Bilan 2020'!$E$57)/11.63 -> 1.0342164 | S31: =SUM(O31:R31) -> 14.643789 | U31: Industry non energetic uses | V31: Q_Mtep_indus_21_1 | W31: Q_Mtep_indus_22_1 | X31: Q_Mtep_indus_23_1 | Y31: Q_Mtep_indus_24_1 | Z31: 0.86373539 | AA31: 1.8760089 | AB31: 0 | AC31: 2.1010242 | AD31: 4.8407685
C32: Agriculture | D32: ER_AGRICULTURE_coal_1 | E32: ER_AGRICULTURE_oil_1 | F32: ER_AGRICULTURE_elec_1 | G32: ER_AGRICULTURE_gas_1 | H32: =VLOOKUP(D32,Résultats!$B$2:$AX$426,'T energie vecteurs'!I5,FALSE) -> 0 | I32: =VLOOKUP(E32,Résultats!$B$2:$AX$426,'T energie vecteurs'!I5,FALSE) -> 2.3850467 | J32: =VLOOKUP(F32,Résultats!$B$2:$AX$426,'T energie vecteurs'!I5,FALSE) -> 0.31303899 | K32: =VLOOKUP(G32,Résultats!$B$2:$AX$426,'T energie vecteurs'!I5,FALSE) -> 0.36755918 | L32: =SUM(H32:K32) -> 3.0656449 | N32: Agriculture | O32: ='[1]Bilan 2020'!$T$46/11.63 -> 0.001321701 | P32: =SUM('[1]Bilan 2020'!$T$41:$T$43)/11.63 -> 3.3486885 | Q32: ='[1]Bilan 2020'!$T$13/11.63 -> 0.69143728 | R32: =('[1]Bilan 2020'!$T$22+'[1]Bilan 2020'!$T$30+SUM('[1]Bilan 2020'!$T$36:$T$40)+SUM('[1]Bilan 2020'!$T$44:$T$45)+'[1]Bilan 2020'!$T$47)/11.63 -> 0.41959097 | S32: =SUM(O32:R32) -> 4.4610384 | T32: =S32 -> 4.4610384 | U32: Agriculture | V32: ER_AGRICULTURE_coal_1 | W32: ER_AGRICULTURE_oil_1 | X32: ER_AGRICULTURE_elec_1 | Y32: ER_AGRICULTURE_gas_1 | Z32: 0 | AA32: 2.3952478 | AB32: 0.31132122 | AC32: 0.37010948 | AD32: 3.0766785
C33: Total Final Mtep | H33: =SUM(H24,H27:H29) -> 2.9648389 | I33: =SUM(I24,I27:I29) -> 64.157032 | J33: =SUM(J24,J27:J29) -> 36.508175 | K33: =SUM(K24,K27:K29) -> 42.251428 | L33: =SUM(H33:K33) -> 145.88147 | N33: Total Final Mtep | O33: =O24+O27+O28+O29+O32 -> 3.2152067 | P33: =P24+P27+P28+P29+P32 -> 59.931007 | Q33: =Q24+Q27+Q28+Q29+Q32 -> 34.793213 | R33: =R24+R27+R28+R29+R32 -> 42.523975 | S33: =SUM(O33:R33) -> 140.4634 | T33: =SUM(T24:T32) -> 137.71943 | U33: Total Final Mtep | Z33: 2.9666883 | AA33: 64.41413 | AB33: 36.366209 | AC33: 42.506725 | AD33: 146.25375
C36: 2022 | H36: coal | I36: fuel and biofuel | J36: elec | K36: gas biogas biomass | L36: Total | N36: 2022 | O36: coal | P36: fuel and biofuel | Q36: elec | R36: gas biogas biomass | S36: Total | T36: Hors chal env PAC | U36: 2022 | Z36: coal | AA36: fuel and biofuel | AB36: elec | AC36: gas biogas biomass | AD36: Total
C37: Transport | H37: =SUM(H38:H39) -> 0 | I37: =SUM(I38:I39) -> 41.556283 | J37: =SUM(J38:J39) -> 1.8293062 | K37: =SUM(K38:K39) -> 0.38453628 | L37: =SUM(H37:K37) -> 43.770126 | N37: Transport | O37: ='[1]Bilan 2022 réel'!$X$46/11.63 -> 0 | P37: =SUM('[1]Bilan 2022 réel'!$X$41:$X$43)/11.63 -> 43.395883 | Q37: ='[1]Bilan 2022 réel'!$X$13/11.63 -> 0.93062752 | R37: =('[1]Bilan 2022 réel'!$X$22+'[1]Bilan 2022 réel'!$X$30+SUM('[1]Bilan 2022 réel'!$X$36:$X$40)+SUM('[1]Bilan 2022 réel'!$X$44:$X$45)+'[1]Bilan 2022 réel'!$X$47)/11.63 -> 0.31885684 | S37: =SUM(O37:R37) -> 44.645367 | T37: =S37 -> 44.645367 | U37: Transport | Z37: 0 | AA37: 41.601708 | AB37: 1.8231851 | AC37: 0.3888431 | AD37: 43.813736
C38: Personal vehicles | D38: ER_TRANS_PRIVATE_coal_1 | E38: ER_TRANS_PRIVATE_oil_1 | F38: ER_TRANS_PRIVATE_elec_1 | G38: ER_TRANS_PRIVATE_gas_1 | H38: =VLOOKUP(D38,Résultats!$B$2:$AX$426,'T energie vecteurs'!K5,FALSE) -> 0 | I38: =VLOOKUP(E38,Résultats!$B$2:$AX$426,'T energie vecteurs'!K5,FALSE) -> 22.927345 | J38: =VLOOKUP(F38,Résultats!$B$2:$AX$426,'T energie vecteurs'!K5,FALSE) -> 0.11841651 | K38: =VLOOKUP(G51,Résultats!$B$2:$AX$426,'T energie vecteurs'!K5,FALSE) -> 1.8276192e-05 | L38: =SUM(H38:K38) -> 23.045779 | N38: Personal vehicles | U38: Personal vehicles | V38: ER_TRANS_PRIVATE_coal_1 | W38: ER_TRANS_PRIVATE_oil_1 | X38: ER_TRANS_PRIVATE_elec_1 | Y38: ER_TRANS_PRIVATE_gas_1 | Z38: 0 | AA38: 22.924827 | AB38: 0.1186245 | AC38: 1.8382908e-05 | AD38: 23.04347
C39: Public and freight transport | D39: ER_TRANS_PUBLIC_coal_1 | E39: ER_TRANS_PUBLIC_oil_1 | F39: ER_TRANS_PUBLIC_elec_1 | G39: ER_TRANS_PUBLIC_gas_1 | H39: =VLOOKUP(D39,Résultats!$B$2:$AX$426,'T energie vecteurs'!K5,FALSE) -> 0 | I39: =VLOOKUP(E39,Résultats!$B$2:$AX$426,'T energie vecteurs'!K5,FALSE) -> 18.628939 | J39: =VLOOKUP(F39,Résultats!$B$2:$AX$426,'T energie vecteurs'!K5,FALSE) -> 1.7108897 | K39: =VLOOKUP(G39,Résultats!$B$2:$AX$426,'T energie vecteurs'!K5,FALSE) -> 0.384518 | L39: =SUM(H39:K39) -> 20.724346 | N39: Public and freight transport | U39: Public and freight transport | V39: ER_TRANS_PUBLIC_coal_1 | W39: ER_TRANS_PUBLIC_oil_1 | X39: ER_TRANS_PUBLIC_elec_1 | Y39: ER_TRANS_PUBLIC_gas_1 | Z39: 0 | AA39: 18.676881 | AB39: 1.7045606 | AC39: 0.38882472 | AD39: 20.770266
C40: Residential | D40: ER_RESIDENTIAL_coal_1 | E40: ER_RESIDENTIAL_oil_1 | F40: ER_RESIDENTIAL_elec_1 | G40: ER_RESIDENTIAL_gas_1 | H40: =VLOOKUP(D40,Résultats!$B$2:$AX$426,'T energie vecteurs'!K5,FALSE) -> 0.30437398 | I40: =VLOOKUP(E40,Résultats!$B$2:$AX$426,'T energie vecteurs'!K5,FALSE) -> 6.2902516 | J40: =VLOOKUP(F40,Résultats!$B$2:$AX$426,'T energie vecteurs'!K5,FALSE) -> 14.518216 | K40: =VLOOKUP(G40,Résultats!$B$2:$AX$426,'T energie vecteurs'!K5,FALSE)+2 -> 18.573275 | L40: =SUM(H40:K40) -> 39.686116 | N40: Residential | O40: ='[1]Bilan 2022 réel'!$V$46/11.63 -> 0.026476317 | P40: =SUM('[1]Bilan 2022 réel'!$V$41:$V$43)/11.63 -> 3.5006052 | Q40: ='[1]Bilan 2022 réel'!$V$13/11.63 -> 13.359407 | R40: =('[1]Bilan 2022 réel'!$V$22+'[1]Bilan 2022 réel'!$V$30+SUM('[1]Bilan 2022 réel'!$V$36:$V$40)+SUM('[1]Bilan 2022 réel'!$V$44:$V$45)+'[1]Bilan 2022 réel'!$V$47)/11.63 -> 20.358937 | S40: =SUM(O40:R40) -> 37.245425 | T40: =S40-'[1]Bilan 2022 réel'!$V$40/11.63 -> 33.844962 | U40: Residential | V40: ER_RESIDENTIAL_coal_1 | W40: ER_RESIDENTIAL_oil_1 | X40: ER_RESIDENTIAL_elec_1 | Y40: ER_RESIDENTIAL_gas_1 | Z40: 0.30501769 | AA40: 6.3077542 | AB40: 14.50955 | AC40: 18.635776 | AD40: 39.758098
C41: Service | D41: ER_TERTIARY_coal_1 | E41: ER_TERTIARY_oil_1 | F41: ER_TERTIARY_elec_1 | G41: ER_TERTIARY_gas_1 | H41: =VLOOKUP(D41,Résultats!$B$2:$AX$426,'T energie vecteurs'!K5,FALSE) -> 0 | I41: =VLOOKUP(E41,Résultats!$B$2:$AX$426,'T energie vecteurs'!K5,FALSE) -> 2.7551192 | J41: =VLOOKUP(F41,Résultats!$B$2:$AX$426,'T energie vecteurs'!K5,FALSE) -> 11.113064 | K41: =VLOOKUP(G41,Résultats!$B$2:$AX$426,'T energie vecteurs'!K5,FALSE) -> 7.7104864 | L41: =SUM(H41:K41) -> 21.57867 | N41: Service | O41: =('[1]Bilan 2022 réel'!$W$46)/11.63 -> 0.032835728 | P41: =SUM('[1]Bilan 2022 réel'!$W$41:$W$43)/11.63 -> 2.081572 | Q41: =('[1]Bilan 2022 réel'!$W$13)/11.63 -> 11.43888 | R41: =('[1]Bilan 2022 réel'!$W$22+'[1]Bilan 2022 réel'!$W$30+SUM('[1]Bilan 2022 réel'!$W$36:$W$40)+SUM('[1]Bilan 2022 réel'!$W$44:$W$45)+'[1]Bilan 2022 réel'!$W$47)/11.63 -> 7.4016622 | S41: =SUM(O41:R41) -> 20.95495 | T41: =S41-'[1]Bilan 2022 réel'!$W$40/11.63 -> 20.53461 | U41: Service | V41: ER_TERTIARY_coal_1 | W41: ER_TERTIARY_oil_1 | X41: ER_TERTIARY_elec_1 | Y41: ER_TERTIARY_gas_1 | Z41: 0 | AA41: 2.755786 | AB41: 11.083352 | AC41: 7.7555464 | AD41: 21.594684
C42: Industry and agriculture | H42: =SUM(H43:H45) -> 2.6037063 | I42: =SUM(I43:I45) -> 13.353275 | J42: =SUM(J43:J45) -> 9.6226564 | K42: =SUM(K43:K45) -> 15.303359 | L42: =SUM(H42:K42) -> 40.882997 | N42: Industry | O42: =O43+O44 -> 4.5030918 | P42: =P43+P44 -> 11.747675 | Q42: =Q43+Q44 -> 9.2559822 | R42: =R43+R44 -> 13.798624 | S42: =SUM(O42:R42) -> 39.305373 | T42: =S42 -> 39.305373 | U42: Industry and agriculture | Z42: 2.6055347 | AA42: 13.593339 | AB42: 9.5610733 | AC42: 15.432164 | AD42: 41.192111
C43: Industry | D43: ER_INDUS_coal_1 | E43: ER_INDUS_oil_1 | F43: ER_INDUS_elec_1 | G43: ER_INDUS_gas_1 | H43: =VLOOKUP(D43,Résultats!$B$2:$AX$426,'T energie vecteurs'!K5,FALSE) -> 1.7321576 | I43: =VLOOKUP(E43,Résultats!$B$2:$AX$426,'T energie vecteurs'!K5,FALSE) -> 8.933332 | J43: =VLOOKUP(F43,Résultats!$B$2:$AX$426,'T energie vecteurs'!K5,FALSE) -> 9.3025763 | K43: =VLOOKUP(G43,Résultats!$B$2:$AX$426,'T energie vecteurs'!K5,FALSE) -> 12.783319 | L43: =SUM(H43:K43) -> 32.751384 | N43: Industry energetic uses | O43: ='[1]Bilan 2022 réel'!$U$46/11.63 -> 0.63402045 | P43: =SUM('[1]Bilan 2022 réel'!$U$41:$U$43)/11.63 -> 2.477583 | Q43: ='[1]Bilan 2022 réel'!$U$13/11.63 -> 9.2559822 | R43: =('[1]Bilan 2022 réel'!$U$22+'[1]Bilan 2022 réel'!$U$30+SUM('[1]Bilan 2022 réel'!$U$36:$U$40)+SUM('[1]Bilan 2022 réel'!$U$44:$U$45)+'[1]Bilan 2022 réel'!$U$47)/11.63 -> 12.926273 | S43: =SUM(O43:R43) -> 25.293858 | U43: Industry | V43: ER_INDUS_coal_1 | W43: ER_INDUS_oil_1 | X43: ER_INDUS_elec_1 | Y43: ER_INDUS_gas_1 | Z43: 1.7329112 | AA43: 9.1647792 | AB43: 9.2421087 | AC43: 12.91308 | AD43: 33.052879
C44: Industry non energetic uses | D44: Q_Mtep_indus_21_1 | E44: Q_Mtep_indus_22_1 | F44: Q_Mtep_indus_23_1 | G44: Q_Mtep_indus_24_1 | H44: =VLOOKUP(D44,Résultats!$B$2:$AX$426,'T energie vecteurs'!K5,FALSE) -> 0.87154876 | I44: =VLOOKUP(E44,Résultats!$B$2:$AX$426,'T energie vecteurs'!K5,FALSE) -> 1.9175551 | J44: =VLOOKUP(F44,Résultats!$B$2:$AX$426,'T energie vecteurs'!K5,FALSE) -> 0 | K44: =VLOOKUP(G44,Résultats!$B$2:$AX$426,'T energie vecteurs'!K5,FALSE) -> 2.1408492 | L44: =SUM(H44:K44) -> 4.9299531 | N44: Industry non energetic uses | O44: ='[1]Bilan 2022 réel'!$E$52/11.63 -> 3.8690713 | P44: =('[1]Bilan 2022 réel'!$E$54+'[1]Bilan 2022 réel'!$E$56)/11.63 -> 9.270092 | Q44: 0 | R44: =('[1]Bilan 2022 réel'!$E$53+'[1]Bilan 2022 réel'!$E$55+'[1]Bilan 2022 réel'!$E$57)/11.63 -> 0.87235178 | S44: =SUM(O44:R44) -> 14.011515 | U44: Industry non energetic uses | V44: Q_Mtep_indus_21_1 | W44: Q_Mtep_indus_22_1 | X44: Q_Mtep_indus_23_1 | Y44: Q_Mtep_indus_24_1 | Z44: 0.87262353 | AA44: 1.9166294 | AB44: 0 | AC44: 2.1376736 | AD44: 4.9269265
C45: Agriculture | D45: ER_AGRICULTURE_coal_1 | E45: ER_AGRICULTURE_oil_1 | F45: ER_AGRICULTURE_elec_1 | G45: ER_AGRICULTURE_gas_1 | H45: =VLOOKUP(D45,Résultats!$B$2:$AX$426,'T energie vecteurs'!K5,FALSE) -> 0 | I45: =VLOOKUP(E45,Résultats!$B$2:$AX$426,'T energie vecteurs'!K5,FALSE) -> 2.5023883 | J45: =VLOOKUP(F45,Résultats!$B$2:$AX$426,'T energie vecteurs'!K5,FALSE) -> 0.32008009 | K45: =VLOOKUP(G45,Résultats!$B$2:$AX$426,'T energie vecteurs'!K5,FALSE) -> 0.37919082 | L45: =SUM(H45:K45) -> 3.2016593 | N45: Agriculture | O45: ='[1]Bilan 2022 réel'!$T$46/11.63 -> 0.001651664 | P45: =SUM('[1]Bilan 2022 réel'!$T$41:$T$43)/11.63 -> 3.5697769 | Q45: ='[1]Bilan 2022 réel'!$T$13/11.63 -> 0.67291488 | R45: =('[1]Bilan 2022 réel'!$T$22+'[1]Bilan 2022 réel'!$T$30+SUM('[1]Bilan 2022 réel'!$T$36:$T$40)+SUM('[1]Bilan 2022 réel'!$T$44:$T$45)+'[1]Bilan 2022 réel'!$T$47)/11.63 -> 0.43996563 | S45: =SUM(O45:R45) -> 4.6843091 | T45: =S45 -> 4.6843091 | U45: Agriculture | V45: ER_AGRICULTURE_coal_1 | W45: ER_AGRICULTURE_oil_1 | X45: ER_AGRICULTURE_elec_1 | Y45: ER_AGRICULTURE_gas_1 | Z45: 0 | AA45: 2.5119302 | AB45: 0.31896459 | AC45: 0.38141049 | AD45: 3.2123052
C46: Total Final Mtep | H46: =SUM(H37,H40:H42) -> 2.9080803 | I46: =SUM(I37,I40:I42) -> 63.95493 | J46: =SUM(J37,J40:J42) -> 37.083243 | K46: =SUM(K37,K40:K42) -> 41.971656 | L46: =SUM(H46:K46) -> 145.91791 | N46: Total Final Mtep | O46: =O37+O40+O41+O42+O45 -> 4.5640555 | P46: =P37+P40+P41+P42+P45 -> 64.295512 | Q46: =Q37+Q40+Q41+Q42+Q45 -> 35.657811 | R46: =R37+R40+R41+R42+R45 -> 42.318046 | S46: =SUM(O46:R46) -> 146.83542 | T46: =SUM(T37:T45) -> 143.01462 | U46: Total Final Mtep | Z46: 2.9105524 | AA46: 64.258587 | AB46: 36.977161 | AC46: 42.212329 | AD46: 146.35863
C49: 2023 | H49: coal | I49: fuel and biofuel | J49: elec | K49: gas biogas biomass | L49: Total | N49: 2023 | O49: coal | P49: fuel and biofuel | Q49: elec | R49: gas biogas biomass | S49: Total | T49: Hors chal env PAC | U49: 2023 | Z49: coal | AA49: fuel and biofuel | AB49: elec | AC49: gas biogas biomass | AD49: Total
C50: Transport | H50: =SUM(H51:H52) -> 0 | I50: =SUM(I51:I52) -> 41.477284 | J50: =SUM(J51:J52) -> 1.9952998 | K50: =SUM(K51:K52) -> 0.42783863 | L50: =SUM(H50:K50) -> 43.900423 | N50: Transport | O50: ='[1]Bilan 2023 réel'!$X$46/11.63 -> 0 | P50: =SUM('[1]Bilan 2023 réel'!$X$41:$X$43)/11.63 -> 42.139633 | Q50: ='[1]Bilan 2023 réel'!$X$13/11.63 -> 0.90655125 | R50: =('[1]Bilan 2023 réel'!$X$22+'[1]Bilan 2023 réel'!$X$30+SUM('[1]Bilan 2023 réel'!$X$36:$X$40)+SUM('[1]Bilan 2023 réel'!$X$44:$X$45)+'[1]Bilan 2023 réel'!$X$47)/11.63 -> 0.31885684 | S50: =SUM(O50:R50) -> 43.365041 | T50: =S50 -> 43.365041 | U50: Transport | Z50: 0 | AA50: 41.52797 | AB50: 1.9933211 | AC50: 0.43203814 | AD50: 43.953329
C51: Personal vehicles | D51: ER_TRANS_PRIVATE_coal_1 | E51: ER_TRANS_PRIVATE_oil_1 | F51: ER_TRANS_PRIVATE_elec_1 | G51: ER_TRANS_PRIVATE_gas_1 | H51: =VLOOKUP(D51,Résultats!$B$2:$AX$426,'T energie vecteurs'!L5,FALSE) -> 0 | I51: =VLOOKUP(E51,Résultats!$B$2:$AX$426,'T energie vecteurs'!L5,FALSE) -> 22.598712 | J51: =VLOOKUP(F51,Résultats!$B$2:$AX$426,'T energie vecteurs'!L5,FALSE) -> 0.14953766 | K51: =VLOOKUP(G51,Résultats!$B$2:$AX$426,'T energie vecteurs'!L5,FALSE) -> 2.0754252e-05 | L51: =SUM(H51:K51) -> 22.74827 | N51: Personal vehicles | U51: Personal vehicles | V51: ER_TRANS_PRIVATE_coal_1 | W51: ER_TRANS_PRIVATE_oil_1 | X51: ER_TRANS_PRIVATE_elec_1 | Y51: ER_TRANS_PRIVATE_gas_1 | Z51: 0 | AA51: 22.596907 | AB51: 0.14981231 | AC51: 2.0864649e-05 | AD51: 22.74674
C52: Public and freight transport | D52: ER_TRANS_PUBLIC_coal_1 | E52: ER_TRANS_PUBLIC_oil_1 | F52: ER_TRANS_PUBLIC_elec_1 | G52: ER_TRANS_PUBLIC_gas_1 | H52: =VLOOKUP(D52,Résultats!$B$2:$AX$426,'T energie vecteurs'!L5,FALSE) -> 0 | I52: =VLOOKUP(E52,Résultats!$B$2:$AX$426,'T energie vecteurs'!L5,FALSE) -> 18.878572 | J52: =VLOOKUP(F52,Résultats!$B$2:$AX$426,'T energie vecteurs'!L5,FALSE) -> 1.8457621 | K52: =VLOOKUP(G52,Résultats!$B$2:$AX$426,'T energie vecteurs'!L5,FALSE) -> 0.42781788 | L52: =SUM(H52:K52) -> 21.152152 | N52: Public and freight transport | U52: Public and freight transport | V52: ER_TRANS_PUBLIC_coal_1 | W52: ER_TRANS_PUBLIC_oil_1 | X52: ER_TRANS_PUBLIC_elec_1 | Y52: ER_TRANS_PUBLIC_gas_1 | Z52: 0 | AA52: 18.931063 | AB52: 1.8435088 | AC52: 0.43201728 | AD52: 21.206589
C53: Residential | D53: ER_RESIDENTIAL_coal_1 | E53: ER_RESIDENTIAL_oil_1 | F53: ER_RESIDENTIAL_elec_1 | G53: ER_RESIDENTIAL_gas_1 | H53: =VLOOKUP(D53,Résultats!$B$2:$AX$426,'T energie vecteurs'!L5,FALSE) -> 0.29805991 | I53: =VLOOKUP(E53,Résultats!$B$2:$AX$426,'T energie vecteurs'!L5,FALSE) -> 6.2203872 | J53: =VLOOKUP(F53,Résultats!$B$2:$AX$426,'T energie vecteurs'!L5,FALSE) -> 14.60776 | K53: =VLOOKUP(G53,Résultats!$B$2:$AX$426,'T energie vecteurs'!L5,FALSE)+2 -> 18.460449 | L53: =SUM(H53:K53) -> 39.586656 | N53: Residential | O53: ='[1]Bilan 2023 réel'!$V$46/11.63 -> 0.019785054 | P53: =SUM('[1]Bilan 2023 réel'!$V$41:$V$43)/11.63 -> 3.042347 | Q53: ='[1]Bilan 2023 réel'!$V$13/11.63 -> 13.020267 | R53: =('[1]Bilan 2023 réel'!$V$22+'[1]Bilan 2023 réel'!$V$30+SUM('[1]Bilan 2023 réel'!$V$36:$V$40)+SUM('[1]Bilan 2023 réel'!$V$44:$V$45)+'[1]Bilan 2023 réel'!$V$47)/11.63 -> 20.330842 | S53: =SUM(O53:R53) -> 36.413242 | T53: =S53-'[1]Bilan 2023 réel'!$V$40/11.63 -> 32.592131 | U53: Residential | V53: ER_RESIDENTIAL_coal_1 | W53: ER_RESIDENTIAL_oil_1 | X53: ER_RESIDENTIAL_elec_1 | Y53: ER_RESIDENTIAL_gas_1 | Z53: 0.29875549 | AA53: 6.2333252 | AB53: 14.607641 | AC53: 18.51227 | AD53: 39.651991
C54: Service | D54: ER_TERTIARY_coal_1 | E54: ER_TERTIARY_oil_1 | F54: ER_TERTIARY_elec_1 | G54: ER_TERTIARY_gas_1 | H54: =VLOOKUP(D54,Résultats!$B$2:$AX$426,'T energie vecteurs'!L5,FALSE) -> 0 | I54: =VLOOKUP(E54,Résultats!$B$2:$AX$426,'T energie vecteurs'!L5,FALSE) -> 2.7741795 | J54: =VLOOKUP(F54,Résultats!$B$2:$AX$426,'T energie vecteurs'!L5,FALSE) -> 11.025138 | K54: =VLOOKUP(G54,Résultats!$B$2:$AX$426,'T energie vecteurs'!L5,FALSE) -> 7.6869771 | L54: =SUM(H54:K54) -> 21.486295 | N54: Service | O54: =('[1]Bilan 2023 réel'!$W$46)/11.63 -> 0.029470376 | P54: =SUM('[1]Bilan 2023 réel'!$W$41:$W$43)/11.63 -> 2.0638816 | Q54: =('[1]Bilan 2023 réel'!$W$13)/11.63 -> 11.200374 | R54: =('[1]Bilan 2023 réel'!$W$22+'[1]Bilan 2023 réel'!$W$30+SUM('[1]Bilan 2023 réel'!$W$36:$W$40)+SUM('[1]Bilan 2023 réel'!$W$44:$W$45)+'[1]Bilan 2023 réel'!$W$47)/11.63 -> 7.0633918 | S54: =SUM(O54:R54) -> 20.357117 | T54: =S54-'[1]Bilan 2023 réel'!$W$40/11.63 -> 19.922167 | U54: Service | V54: ER_TERTIARY_coal_1 | W54: ER_TERTIARY_oil_1 | X54: ER_TERTIARY_elec_1 | Y54: ER_TERTIARY_gas_1 | Z54: 0 | AA54: 2.7734084 | AB54: 11.011662 | AC54: 7.7228417 | AD54: 21.507912
C55: Industry and agriculture | H55: =SUM(H56:H58) -> 2.6179269 | I55: =SUM(I56:I58) -> 13.429674 | J55: =SUM(J56:J58) -> 9.8796887 | K55: =SUM(K56:K58) -> 15.530641 | L55: =SUM(H55:K55) -> 41.45793 | N55: Industry | O55: =O56+O57 -> 3.8091541 | P55: =P56+P57 -> 12.12062 | Q55: =Q56+Q57 -> 8.8688044 | R55: =R56+R57 -> 13.009554 | S55: =SUM(O55:R55) -> 37.808132 | T55: =S55 -> 37.808132 | U55: Industry and agriculture | Z55: 2.617906 | AA55: 13.698188 | AB55: 9.8210198 | AC55: 15.663001 | AD55: 41.800114
C56: Industry | D56: ER_INDUS_coal_1 | E56: ER_INDUS_oil_1 | F56: ER_INDUS_elec_1 | G56: ER_INDUS_gas_1 | H56: =VLOOKUP(D56,Résultats!$B$2:$AX$426,'T energie vecteurs'!L5,FALSE) -> 1.7317153 | I56: =VLOOKUP(E56,Résultats!$B$2:$AX$426,'T energie vecteurs'!L5,FALSE) -> 8.8916747 | J56: =VLOOKUP(F56,Résultats!$B$2:$AX$426,'T energie vecteurs'!L5,FALSE) -> 9.5544131 | K56: =VLOOKUP(G56,Résultats!$B$2:$AX$426,'T energie vecteurs'!L5,FALSE) -> 12.965696 | L56: =SUM(H56:K56) -> 33.143499 | N56: Industry energetic uses | O56: ='[1]Bilan 2023 réel'!$U$46/11.63 -> 0.58092196 | P56: =SUM('[1]Bilan 2023 réel'!$U$41:$U$43)/11.63 -> 2.3957171 | Q56: ='[1]Bilan 2023 réel'!$U$13/11.63 -> 8.8688044 | R56: =('[1]Bilan 2023 réel'!$U$22+'[1]Bilan 2023 réel'!$U$30+SUM('[1]Bilan 2023 réel'!$U$36:$U$40)+SUM('[1]Bilan 2023 réel'!$U$44:$U$45)+'[1]Bilan 2023 réel'!$U$47)/11.63 -> 12.148362 | S56: =SUM(O56:R56) -> 23.993805 | U56: Industry | V56: ER_INDUS_coal_1 | W56: ER_INDUS_oil_1 | X56: ER_INDUS_elec_1 | Y56: ER_INDUS_gas_1 | Z56: 1.7305862 | AA56: 9.1503212 | AB56: 9.4961797 | AC56: 13.098905 | AD56: 33.475992
C57: Industry non energetic uses | D57: Q_Mtep_indus_21_1 | E57: Q_Mtep_indus_22_1 | F57: Q_Mtep_indus_23_1 | G57: Q_Mtep_indus_24_1 | H57: =VLOOKUP(D57,Résultats!$B$2:$AX$426,'T energie vecteurs'!L5,FALSE) -> 0.88621156 | I57: =VLOOKUP(E57,Résultats!$B$2:$AX$426,'T energie vecteurs'!L5,FALSE) -> 1.9589856 | J57: =VLOOKUP(F57,Résultats!$B$2:$AX$426,'T energie vecteurs'!L5,FALSE) -> 0 | K57: =VLOOKUP(G57,Résultats!$B$2:$AX$426,'T energie vecteurs'!L5,FALSE) -> 2.1758016 | L57: =SUM(H57:K57) -> 5.0209988 | N57: Industry non energetic uses | O57: ='[1]Bilan 2023 réel'!$E$52/11.63 -> 3.2282322 | P57: =('[1]Bilan 2023 réel'!$E$54+'[1]Bilan 2023 réel'!$E$56)/11.63 -> 9.7249025 | Q57: 0 | R57: =('[1]Bilan 2023 réel'!$E$53+'[1]Bilan 2023 réel'!$E$55+'[1]Bilan 2023 réel'!$E$57)/11.63 -> 0.86119241 | S57: =SUM(O57:R57) -> 13.814327 | U57: Industry non energetic uses | V57: Q_Mtep_indus_21_1 | W57: Q_Mtep_indus_22_1 | X57: Q_Mtep_indus_23_1 | Y57: Q_Mtep_indus_24_1 | Z57: 0.88731979 | AA57: 1.9582484 | AB57: 0 | AC57: 2.1728116 | AD57: 5.0183797
C58: Agriculture | D58: ER_AGRICULTURE_coal_1 | E58: ER_AGRICULTURE_oil_1 | F58: ER_AGRICULTURE_elec_1 | G58: ER_AGRICULTURE_gas_1 | H58: =VLOOKUP(D58,Résultats!$B$2:$AX$426,'T energie vecteurs'!L5,FALSE) -> 0 | I58: =VLOOKUP(E58,Résultats!$B$2:$AX$426,'T energie vecteurs'!L5,FALSE) -> 2.5790134 | J58: =VLOOKUP(F58,Résultats!$B$2:$AX$426,'T energie vecteurs'!L5,FALSE) -> 0.32527554 | K58: =VLOOKUP(G58,Résultats!$B$2:$AX$426,'T energie vecteurs'!L5,FALSE) -> 0.38914327 | L58: =SUM(H58:K58) -> 3.2934322 | N58: Agriculture | O58: ='[1]Bilan 2023 réel'!$T$46/11.63 -> 0.001221354 | P58: =SUM('[1]Bilan 2023 réel'!$T$41:$T$43)/11.63 -> 3.4194391 | Q58: ='[1]Bilan 2023 réel'!$T$13/11.63 -> 0.65647799 | R58: =('[1]Bilan 2023 réel'!$T$22+'[1]Bilan 2023 réel'!$T$30+SUM('[1]Bilan 2023 réel'!$T$36:$T$40)+SUM('[1]Bilan 2023 réel'!$T$44:$T$45)+'[1]Bilan 2023 réel'!$T$47)/11.63 -> 0.44186481 | S58: =SUM(O58:R58) -> 4.5190033 | T58: =S58 -> 4.5190033 | U58: Agriculture | V58: ER_AGRICULTURE_coal_1 | W58: ER_AGRICULTURE_oil_1 | X58: ER_AGRICULTURE_elec_1 | Y58: ER_AGRICULTURE_gas_1 | Z58: 0 | AA58: 2.5896182 | AB58: 0.32484001 | AC58: 0.39128438 | AD58: 3.3057426
C59: Total Final Mtep | H59: =SUM(H50,H53:H55) -> 2.9159868 | I59: =SUM(I50,I53:I55) -> 63.901525 | J59: =SUM(J50,J53:J55) -> 37.507887 | K59: =SUM(K50,K53:K55) -> 42.105906 | L59: =SUM(H59:K59) -> 146.4313 | N59: Total Final Mtep | O59: =O50+O53+O54+O55+O58 -> 3.8596309 | P59: =P50+P53+P54+P55+P58 -> 62.78592 | Q59: =Q50+Q53+Q54+Q55+Q58 -> 34.652474 | R59: =R50+R53+R54+R55+R58 -> 41.16451 | S59: =SUM(O59:R59) -> 142.46254 | T59: =SUM(T50:T58) -> 138.20647 | U59: Total Final Mtep | Z59: 2.9166615 | AA59: 64.232891 | AB59: 37.433644 | AC59: 42.33015 | AD59: 146.91335
C62: 2025 | H62: coal | I62: fuel and biofuel | J62: elec | K62: gas biogas biomass | L62: Total | N62: 2025 | O62: coal | P62: fuel and biofuel | Q62: elec | R62: gas biogas biomass | S62: Total | T62: Hors chal env PAC | U62: 2025 | Z62: coal | AA62: fuel and biofuel | AB62: elec | AC62: gas biogas biomass | AD62: Total
C63: Transport | H63: =SUM(H64:H65) -> 0 | I63: =SUM(I64:I65) -> 40.621094 | J63: =SUM(J64:J65) -> 2.4274177 | K63: =SUM(K64:K65) -> 0.5896594 | L63: =SUM(H63:K63) -> 43.638171 | N63: Transport | O63: ='[1]Bilan 2025'!$X$46/11.63 -> 0 | P63: =SUM('[1]Bilan 2025'!$X$41:$X$43)/11.63 -> 38.54593 | Q63: ='[1]Bilan 2025'!$X$13/11.63 -> 1.5398477 | R63: =('[1]Bilan 2025'!$X$22+'[1]Bilan 2025'!$X$30+SUM('[1]Bilan 2025'!$X$36:$X$40)+SUM('[1]Bilan 2025'!$X$44:$X$45)+'[1]Bilan 2025'!$X$47)/11.63 -> 0.58333134 | S63: =SUM(O63:R63) -> 40.669109 | T63: =S63 -> 40.669109 | U63: Transport | Z63: 0 | AA63: 40.699701 | AB63: 2.4265071 | AC63: 0.59041855 | AD63: 43.716627
C64: Personal vehicles | D64: ER_TRANS_PRIVATE_coal_1 | E64: ER_TRANS_PRIVATE_oil_1 | F64: ER_TRANS_PRIVATE_elec_1 | G64: ER_TRANS_PRIVATE_gas_1 | H64: =VLOOKUP(D64,Résultats!$B$2:$AX$426,'T energie vecteurs'!N5,FALSE) -> 0 | I64: =VLOOKUP(E64,Résultats!$B$2:$AX$426,'T energie vecteurs'!N5,FALSE) -> 21.678799 | J64: =VLOOKUP(F64,Résultats!$B$2:$AX$426,'T energie vecteurs'!N5,FALSE) -> 0.21827908 | K64: =VLOOKUP(G77,Résultats!$B$2:$AX$426,'T energie vecteurs'!N5,FALSE) -> 2.4759714e-05 | L64: =SUM(H64:K64) -> 21.897103 | N64: Personal vehicles | U64: Personal vehicles | V64: ER_TRANS_PRIVATE_coal_1 | W64: ER_TRANS_PRIVATE_oil_1 | X64: ER_TRANS_PRIVATE_elec_1 | Y64: ER_TRANS_PRIVATE_gas_1 | Z64: 0 | AA64: 21.683942 | AB64: 0.21904614 | AC64: 2.4893582e-05 | AD64: 21.903013
C65: Public and freight transport | D65: ER_TRANS_PUBLIC_coal_1 | E65: ER_TRANS_PUBLIC_oil_1 | F65: ER_TRANS_PUBLIC_elec_1 | G65: ER_TRANS_PUBLIC_gas_1 | H65: =VLOOKUP(D65,Résultats!$B$2:$AX$426,'T energie vecteurs'!N5,FALSE) -> 0 | I65: =VLOOKUP(E65,Résultats!$B$2:$AX$426,'T energie vecteurs'!N5,FALSE) -> 18.942295 | J65: =VLOOKUP(F65,Résultats!$B$2:$AX$426,'T energie vecteurs'!N5,FALSE) -> 2.2091386 | K65: =VLOOKUP(G65,Résultats!$B$2:$AX$426,'T energie vecteurs'!N5,FALSE) -> 0.58963464 | L65: =SUM(H65:K65) -> 21.741068 | N65: Public and freight transport | U65: Public and freight transport | V65: ER_TRANS_PUBLIC_coal_1 | W65: ER_TRANS_PUBLIC_oil_1 | X65: ER_TRANS_PUBLIC_elec_1 | Y65: ER_TRANS_PUBLIC_gas_1 | Z65: 0 | AA65: 19.01576 | AB65: 2.207461 | AC65: 0.59039365 | AD65: 21.813614
C66: Residential | D66: ER_RESIDENTIAL_coal_1 | E66: ER_RESIDENTIAL_oil_1 | F66: ER_RESIDENTIAL_elec_1 | G66: ER_RESIDENTIAL_gas_1 | H66: =VLOOKUP(D66,Résultats!$B$2:$AX$426,'T energie vecteurs'!N5,FALSE) -> 0.29003065 | I66: =VLOOKUP(E66,Résultats!$B$2:$AX$426,'T energie vecteurs'!N5,FALSE) -> 6.1706808 | J66: =VLOOKUP(F66,Résultats!$B$2:$AX$426,'T energie vecteurs'!N5,FALSE) -> 14.84574 | K66: =VLOOKUP(G66,Résultats!$B$2:$AX$426,'T energie vecteurs'!N5,FALSE)+2 -> 18.46612 | L66: =SUM(H66:K66) -> 39.772571 | N66: Residential | O66: ='[1]Bilan 2025'!$V$46/11.63 -> 0 | P66: =SUM('[1]Bilan 2025'!$V$41:$V$43)/11.63 -> 3.5326527 | Q66: ='[1]Bilan 2025'!$V$13/11.63 -> 14.460313 | R66: =('[1]Bilan 2025'!$V$22+'[1]Bilan 2025'!$V$30+SUM('[1]Bilan 2025'!$V$36:$V$40)+SUM('[1]Bilan 2025'!$V$44:$V$45)+'[1]Bilan 2025'!$V$47)/11.63 -> 21.112529 | S66: =SUM(O66:R66) -> 39.105494 | T66: =S66-'[1]Bilan 2025'!$V$40/11.63 -> 36.284238 | U66: Residential | V66: ER_RESIDENTIAL_coal_1 | W66: ER_RESIDENTIAL_oil_1 | X66: ER_RESIDENTIAL_elec_1 | Y66: ER_RESIDENTIAL_gas_1 | Z66: 0.29085586 | AA66: 6.1691089 | AB66: 14.843838 | AC66: 18.572749 | AD66: 39.876551
C67: Service | D67: ER_TERTIARY_coal_1 | E67: ER_TERTIARY_oil_1 | F67: ER_TERTIARY_elec_1 | G67: ER_TERTIARY_gas_1 | H67: =VLOOKUP(D67,Résultats!$B$2:$AX$426,'T energie vecteurs'!N5,FALSE) -> 0 | I67: =VLOOKUP(E67,Résultats!$B$2:$AX$426,'T energie vecteurs'!N5,FALSE) -> 2.6093287 | J67: =VLOOKUP(F67,Résultats!$B$2:$AX$426,'T energie vecteurs'!N5,FALSE) -> 11.297121 | K67: =VLOOKUP(G67,Résultats!$B$2:$AX$426,'T energie vecteurs'!N5,FALSE) -> 7.9252513 | L67: =SUM(H67:K67) -> 21.831701 | N67: Service | O67: =('[1]Bilan 2025'!$W$46)/11.63 -> 0 | P67: =SUM('[1]Bilan 2025'!$W$41:$W$43)/11.63 -> 1.8296002 | Q67: =('[1]Bilan 2025'!$W$13)/11.63 -> 11.310259 | R67: =('[1]Bilan 2025'!$W$22+'[1]Bilan 2025'!$W$30+SUM('[1]Bilan 2025'!$W$36:$W$40)+SUM('[1]Bilan 2025'!$W$44:$W$45)+'[1]Bilan 2025'!$W$47)/11.63 -> 7.3063893 | S67: =SUM(O67:R67) -> 20.446248 | T67: =S67-'[1]Bilan 2025'!$W$40/11.63 -> 19.886658 | U67: Service | V67: ER_TERTIARY_coal_1 | W67: ER_TERTIARY_oil_1 | X67: ER_TERTIARY_elec_1 | Y67: ER_TERTIARY_gas_1 | Z67: 0 | AA67: 2.6081854 | AB67: 11.299783 | AC67: 7.9434976 | AD67: 21.851466
C68: Industry and agriculture | H68: =SUM(H69:H71) -> 2.4959904 | I68: =SUM(I69:I71) -> 13.146811 | J68: =SUM(J69:J71) -> 10.144022 | K68: =SUM(K69:K71) -> 15.348407 | L68: =SUM(H68:K68) -> 41.13523 | N68: Industry | O68: =O69+O70 -> 4.2119674 | P68: =P69+P70 -> 13.3441 | Q68: =Q69+Q70 -> 9.4854891 | R68: =R69+R70 -> 13.855608 | S68: =SUM(O68:R68) -> 40.897165 | T68: =S68 -> 40.897165 | U68: Industry and agriculture | Z68: 2.496486 | AA68: 13.497239 | AB68: 10.10553 | AC68: 15.389843 | AD68: 41.489097
C69: Industry | D69: ER_INDUS_coal_1 | E69: ER_INDUS_oil_1 | F69: ER_INDUS_elec_1 | G69: ER_INDUS_gas_1 | H69: =VLOOKUP(D69,Résultats!$B$2:$AX$426,'T energie vecteurs'!N5,FALSE) -> 1.6284518 | I69: =VLOOKUP(E69,Résultats!$B$2:$AX$426,'T energie vecteurs'!N5,FALSE) -> 8.4062456 | J69: =VLOOKUP(F69,Résultats!$B$2:$AX$426,'T energie vecteurs'!N5,FALSE) -> 9.8126891 | K69: =VLOOKUP(G69,Résultats!$B$2:$AX$426,'T energie vecteurs'!N5,FALSE) -> 12.709933 | L69: =SUM(H69:K69) -> 32.557319 | N69: Industry energetic uses | O69: ='[1]Bilan 2025'!$U$46/11.63 -> 0.60914869 | P69: =SUM('[1]Bilan 2025'!$U$41:$U$43)/11.63 -> 2.402453 | Q69: ='[1]Bilan 2025'!$U$13/11.63 -> 9.4854891 | R69: =('[1]Bilan 2025'!$U$22+'[1]Bilan 2025'!$U$30+SUM('[1]Bilan 2025'!$U$36:$U$40)+SUM('[1]Bilan 2025'!$U$44:$U$45)+'[1]Bilan 2025'!$U$47)/11.63 -> 12.77748 | S69: =SUM(O69:R69) -> 25.274571 | U69: Industry | V69: ER_INDUS_coal_1 | W69: ER_INDUS_oil_1 | X69: ER_INDUS_elec_1 | Y69: ER_INDUS_gas_1 | Z69: 1.6276425 | AA69: 8.7466417 | AB69: 9.7739915 | AC69: 12.750284 | AD69: 32.89856
C70: Industry non energetic uses | D70: Q_Mtep_indus_21_1 | E70: Q_Mtep_indus_22_1 | F70: Q_Mtep_indus_23_1 | G70: Q_Mtep_indus_24_1 | H70: =VLOOKUP(D70,Résultats!$B$2:$AX$426,'T energie vecteurs'!N5,FALSE) -> 0.86753866 | I70: =VLOOKUP(E70,Résultats!$B$2:$AX$426,'T energie vecteurs'!N5,FALSE) -> 2.0270509 | J70: =VLOOKUP(F70,Résultats!$B$2:$AX$426,'T energie vecteurs'!N5,FALSE) -> 0 | K70: =VLOOKUP(G70,Résultats!$B$2:$AX$426,'T energie vecteurs'!N5,FALSE) -> 2.2325138 | L70: =SUM(H70:K70) -> 5.1271033 | N70: Industry non energetic uses | O70: ='[1]Bilan 2025'!$E$52/11.63 -> 3.6028187 | P70: =('[1]Bilan 2025'!$E$54+'[1]Bilan 2025'!$E$56)/11.63 -> 10.941647 | Q70: 0 | R70: =('[1]Bilan 2025'!$E$53+'[1]Bilan 2025'!$E$55+'[1]Bilan 2025'!$E$57)/11.63 -> 1.0781284 | S70: =SUM(O70:R70) -> 15.622594 | U70: Industry non energetic uses | V70: Q_Mtep_indus_21_1 | W70: Q_Mtep_indus_22_1 | X70: Q_Mtep_indus_23_1 | Y70: Q_Mtep_indus_24_1 | Z70: 0.86884351 | AA70: 2.0264202 | AB70: 0 | AC70: 2.2324558 | AD70: 5.1277195
C71: Agriculture | D71: ER_AGRICULTURE_coal_1 | E71: ER_AGRICULTURE_oil_1 | F71: ER_AGRICULTURE_elec_1 | G71: ER_AGRICULTURE_gas_1 | H71: =VLOOKUP(D71,Résultats!$B$2:$AX$426,'T energie vecteurs'!N5,FALSE) -> 0 | I71: =VLOOKUP(E71,Résultats!$B$2:$AX$426,'T energie vecteurs'!N5,FALSE) -> 2.7135144 | J71: =VLOOKUP(F71,Résultats!$B$2:$AX$426,'T energie vecteurs'!N5,FALSE) -> 0.33133276 | K71: =VLOOKUP(G71,Résultats!$B$2:$AX$426,'T energie vecteurs'!N5,FALSE) -> 0.40596089 | L71: =SUM(H71:K71) -> 3.4508081 | N71: Agriculture | O71: ='[1]Bilan 2025'!$T$46/11.63 -> 0 | P71: =SUM('[1]Bilan 2025'!$T$41:$T$43)/11.63 -> 3.1602006 | Q71: ='[1]Bilan 2025'!$T$13/11.63 -> 0.70898601 | R71: =('[1]Bilan 2025'!$T$22+'[1]Bilan 2025'!$T$30+SUM('[1]Bilan 2025'!$T$36:$T$40)+SUM('[1]Bilan 2025'!$T$44:$T$45)+'[1]Bilan 2025'!$T$47)/11.63 -> 0.28264742 | S71: =SUM(O71:R71) -> 4.1518341 | T71: =S71 -> 4.1518341 | U71: Agriculture | V71: ER_AGRICULTURE_coal_1 | W71: ER_AGRICULTURE_oil_1 | X71: ER_AGRICULTURE_elec_1 | Y71: ER_AGRICULTURE_gas_1 | Z71: 0 | AA71: 2.724177 | AB71: 0.33153818 | AC71: 0.40710314 | AD71: 3.4628183
C72: Total Final Mtep | H72: =SUM(H63,H66:H68) -> 2.7860211 | I72: =SUM(I63,I66:I68) -> 62.547914 | J72: =SUM(J63,J66:J68) -> 38.7143 | K72: =SUM(K63,K66:K68) -> 42.329438 | L72: =SUM(H72:K72) -> 146.37767 | N72: Total Final Mtep | O72: =O63+O66+O67+O68+O71 -> 4.2119674 | P72: =P63+P66+P67+P68+P71 -> 60.412483 | Q72: =Q63+Q66+Q67+Q68+Q71 -> 37.504894 | R72: =R63+R66+R67+R68+R71 -> 43.140505 | S72: =SUM(O72:R72) -> 145.26985 | T72: =SUM(T63:T71) -> 141.889 | U72: Total Final Mtep | Z72: 2.7873418 | AA72: 62.974235 | AB72: 38.675658 | AC72: 42.496508 | AD72: 146.93374
C75: 2030 | H75: coal | I75: fuel and biofuel | J75: elec | K75: gas biogas biomass | L75: Total | N75: 2030 | O75: coal | P75: fuel and biofuel | Q75: elec | R75: gas biogas biomass | S75: Total | T75: Hors chal env PAC | U75: 2030 | Z75: coal | AA75: fuel and biofuel | AB75: elec | AC75: gas biogas biomass | AD75: Total
C76: Transport | H76: =SUM(H77:H78) -> 0 | I76: =SUM(I77:I78) -> 38.21223 | J76: =SUM(J77:J78) -> 3.4691389 | K76: =SUM(K77:K78) -> 1.3187539 | L76: =SUM(H76:K76) -> 43.000123 | N76: Transport | O76: ='[1]Bilan 2030'!$X$46/11.63 -> 0 | P76: =SUM('[1]Bilan 2030'!$X$41:$X$43)/11.63 -> 32.470941 | Q76: ='[1]Bilan 2030'!$X$13/11.63 -> 2.5998016 | R76: =('[1]Bilan 2030'!$X$22+'[1]Bilan 2030'!$X$30+SUM('[1]Bilan 2030'!$X$36:$X$40)+SUM('[1]Bilan 2030'!$X$44:$X$45)+'[1]Bilan 2030'!$X$47)/11.63 -> 1.3190285 | S76: =SUM(O76:R76) -> 36.389771 | T76: =S76 -> 36.389771 | U76: Transport | Z76: 0 | AA76: 38.299646 | AB76: 3.4744408 | AC76: 1.3206843 | AD76: 43.094771
C77: Personal vehicles | D77: ER_TRANS_PRIVATE_coal_1 | E77: ER_TRANS_PRIVATE_oil_1 | F77: ER_TRANS_PRIVATE_elec_1 | G77: ER_TRANS_PRIVATE_gas_1 | H77: =VLOOKUP(D77,Résultats!$B$2:$AX$426,'T energie vecteurs'!S5,FALSE) -> 0 | I77: =VLOOKUP(E77,Résultats!$B$2:$AX$426,'T energie vecteurs'!S5,FALSE) -> 19.69847 | J77: =VLOOKUP(F77,Résultats!$B$2:$AX$426,'T energie vecteurs'!S5,FALSE) -> 0.5725903 | K77: =VLOOKUP(G77,Résultats!$B$2:$AX$426,'T energie vecteurs'!S5,FALSE) -> 3.5060007e-05 | L77: =SUM(H77:K77) -> 20.271095 | N77: Personal vehicles | U77: Personal vehicles | V77: ER_TRANS_PRIVATE_coal_1 | W77: ER_TRANS_PRIVATE_oil_1 | X77: ER_TRANS_PRIVATE_elec_1 | Y77: ER_TRANS_PRIVATE_gas_1 | Z77: 0 | AA77: 19.71386 | AB77: 0.57510659 | AC77: 3.5242052e-05 | AD77: 20.289002
C78: Public and freight transport | D78: ER_TRANS_PUBLIC_coal_1 | E78: ER_TRANS_PUBLIC_oil_1 | F78: ER_TRANS_PUBLIC_elec_1 | G78: ER_TRANS_PUBLIC_gas_1 | H78: =VLOOKUP(D78,Résultats!$B$2:$AX$426,'T energie vecteurs'!S5,FALSE) -> 0 | I78: =VLOOKUP(E78,Résultats!$B$2:$AX$426,'T energie vecteurs'!S5,FALSE) -> 18.51376 | J78: =VLOOKUP(F78,Résultats!$B$2:$AX$426,'T energie vecteurs'!S5,FALSE) -> 2.8965486 | K78: =VLOOKUP(G78,Résultats!$B$2:$AX$426,'T energie vecteurs'!S5,FALSE) -> 1.3187188 | L78: =SUM(H78:K78) -> 22.729028 | N78: Public and freight transport | U78: Public and freight transport | V78: ER_TRANS_PUBLIC_coal_1 | W78: ER_TRANS_PUBLIC_oil_1 | X78: ER_TRANS_PUBLIC_elec_1 | Y78: ER_TRANS_PUBLIC_gas_1 | Z78: 0 | AA78: 18.585786 | AB78: 2.8993342 | AC78: 1.3206491 | AD78: 22.805769
C79: Residential | D79: ER_RESIDENTIAL_coal_1 | E79: ER_RESIDENTIAL_oil_1 | F79: ER_RESIDENTIAL_elec_1 | G79: ER_RESIDENTIAL_gas_1 | H79: =VLOOKUP(D79,Résultats!$B$2:$AX$426,'T energie vecteurs'!S5,FALSE) -> 0.28364108 | I79: =VLOOKUP(E79,Résultats!$B$2:$AX$426,'T energie vecteurs'!S5,FALSE) -> 6.1478966 | J79: =VLOOKUP(F79,Résultats!$B$2:$AX$426,'T energie vecteurs'!S5,FALSE) -> 15.786942 | K79: =VLOOKUP(G79,Résultats!$B$2:$AX$426,'T energie vecteurs'!S5,FALSE)+2 -> 19.004445 | L79: =SUM(H79:K79) -> 41.222925 | N79: Residential | O79: ='[1]Bilan 2030'!$V$46/11.63 -> 0 | P79: =SUM('[1]Bilan 2030'!$V$41:$V$43)/11.63 -> 2.7093021 | Q79: ='[1]Bilan 2030'!$V$13/11.63 -> 15.128222 | R79: =('[1]Bilan 2030'!$V$22+'[1]Bilan 2030'!$V$30+SUM('[1]Bilan 2030'!$V$36:$V$40)+SUM('[1]Bilan 2030'!$V$44:$V$45)+'[1]Bilan 2030'!$V$47)/11.63 -> 20.957031 | S79: =SUM(O79:R79) -> 38.794555 | T79: =S79-'[1]Bilan 2030'!$V$40/11.63 -> 35.231377 | U79: Residential | V79: ER_RESIDENTIAL_coal_1 | W79: ER_RESIDENTIAL_oil_1 | X79: ER_RESIDENTIAL_elec_1 | Y79: ER_RESIDENTIAL_gas_1 | Z79: 0.28530269 | AA79: 6.1489147 | AB79: 15.806858 | AC79: 19.173327 | AD79: 41.414403
C80: Service | D80: ER_TERTIARY_coal_1 | E80: ER_TERTIARY_oil_1 | F80: ER_TERTIARY_elec_1 | G80: ER_TERTIARY_gas_1 | H80: =VLOOKUP(D80,Résultats!$B$2:$AX$426,'T energie vecteurs'!S5,FALSE) -> 0 | I80: =VLOOKUP(E80,Résultats!$B$2:$AX$426,'T energie vecteurs'!S5,FALSE) -> 2.245077 | J80: =VLOOKUP(F80,Résultats!$B$2:$AX$426,'T energie vecteurs'!S5,FALSE) -> 12.059125 | K80: =VLOOKUP(G80,Résultats!$B$2:$AX$426,'T energie vecteurs'!S5,FALSE) -> 8.0625642 | L80: =SUM(H80:K80) -> 22.366766 | N80: Service | O80: =('[1]Bilan 2030'!$W$46)/11.63 -> 0 | P80: =SUM('[1]Bilan 2030'!$W$41:$W$43)/11.63 -> 1.1254931 | Q80: =('[1]Bilan 2030'!$W$13)/11.63 -> 11.284623 | R80: =('[1]Bilan 2030'!$W$22+'[1]Bilan 2030'!$W$30+SUM('[1]Bilan 2030'!$W$36:$W$40)+SUM('[1]Bilan 2030'!$W$44:$W$45)+'[1]Bilan 2030'!$W$47)/11.63 -> 6.9189644 | S80: =SUM(O80:R80) -> 19.32908 | T80: =S80-'[1]Bilan 2030'!$W$40/11.63 -> 18.634791 | U80: Service | V80: ER_TERTIARY_coal_1 | W80: ER_TERTIARY_oil_1 | X80: ER_TERTIARY_elec_1 | Y80: ER_TERTIARY_gas_1 | Z80: 0 | AA80: 2.240636 | AB80: 12.078432 | AC80: 8.0831215 | AD80: 22.402189
C81: Industry and agriculture | H81: =SUM(H82:H84) -> 2.4980194 | I81: =SUM(I82:I84) -> 13.777059 | J81: =SUM(J82:J84) -> 10.476798 | K81: =SUM(K82:K84) -> 15.389158 | L81: =SUM(H81:K81) -> 42.141034 | N81: Industry | O81: =O82+O83 -> 3.9851054 | P81: =P82+P83 -> 12.588919 | Q81: =Q82+Q83 -> 9.4169456 | R81: =R82+R83 -> 13.46699 | S81: =SUM(O81:R81) -> 39.45796 | T81: =S81 -> 39.45796 | U81: Industry and agriculture | Z81: 2.4968249 | AA81: 14.131397 | AB81: 10.43916 | AC81: 15.488573 | AD81: 42.555955
C82: Industry | D82: ER_INDUS_coal_1 | E82: ER_INDUS_oil_1 | F82: ER_INDUS_elec_1 | G82: ER_INDUS_gas_1 | H82: =VLOOKUP(D82,Résultats!$B$2:$AX$426,'T energie vecteurs'!S5,FALSE) -> 1.6492168 | I82: =VLOOKUP(E82,Résultats!$B$2:$AX$426,'T energie vecteurs'!S5,FALSE) -> 8.7110158 | J82: =VLOOKUP(F82,Résultats!$B$2:$AX$426,'T energie vecteurs'!S5,FALSE) -> 10.124428 | K82: =VLOOKUP(G82,Résultats!$B$2:$AX$426,'T energie vecteurs'!S5,FALSE) -> 12.630012 | L82: =SUM(H82:K82) -> 33.114673 | N82: Industry energetic uses | O82: ='[1]Bilan 2030'!$U$46/11.63 -> 0.55918093 | P82: =SUM('[1]Bilan 2030'!$U$41:$U$43)/11.63 -> 2.2272873 | Q82: ='[1]Bilan 2030'!$U$13/11.63 -> 9.4169456 | R82: =('[1]Bilan 2030'!$U$22+'[1]Bilan 2030'!$U$30+SUM('[1]Bilan 2030'!$U$36:$U$40)+SUM('[1]Bilan 2030'!$U$44:$U$45)+'[1]Bilan 2030'!$U$47)/11.63 -> 12.39981 | S82: =SUM(O82:R82) -> 24.603224 | U82: Industry | V82: ER_INDUS_coal_1 | W82: ER_INDUS_oil_1 | X82: ER_INDUS_elec_1 | Y82: ER_INDUS_gas_1 | Z82: 1.6463385 | AA82: 9.0564767 | AB82: 10.085575 | AC82: 12.727007 | AD82: 33.515397
C83: Industry non energetic uses | D83: Q_Mtep_indus_21_1 | E83: Q_Mtep_indus_22_1 | F83: Q_Mtep_indus_23_1 | G83: Q_Mtep_indus_24_1 | H83: =VLOOKUP(D83,Résultats!$B$2:$AX$426,'T energie vecteurs'!S5,FALSE) -> 0.84880264 | I83: =VLOOKUP(E83,Résultats!$B$2:$AX$426,'T energie vecteurs'!S5,FALSE) -> 2.1516828 | J83: =VLOOKUP(F83,Résultats!$B$2:$AX$426,'T energie vecteurs'!S5,FALSE) -> 0 | K83: =VLOOKUP(G83,Résultats!$B$2:$AX$426,'T energie vecteurs'!S5,FALSE) -> 2.3254057 | L83: =SUM(H83:K83) -> 5.3258912 | N83: Industry non energetic uses | O83: ='[1]Bilan 2030'!$E$52/11.63 -> 3.4259245 | P83: =('[1]Bilan 2030'!$E$54+'[1]Bilan 2030'!$E$56)/11.63 -> 10.361632 | Q83: 0 | R83: =('[1]Bilan 2030'!$E$53+'[1]Bilan 2030'!$E$55+'[1]Bilan 2030'!$E$57)/11.63 -> 1.0671791 | S83: =SUM(O83:R83) -> 14.854735 | U83: Industry non energetic uses | V83: Q_Mtep_indus_21_1 | W83: Q_Mtep_indus_22_1 | X83: Q_Mtep_indus_23_1 | Y83: Q_Mtep_indus_24_1 | Z83: 0.85048644 | AA83: 2.1516194 | AB83: 0 | AC83: 2.3257514 | AD83: 5.3278572
C84: Agriculture | D84: ER_AGRICULTURE_coal_1 | E84: ER_AGRICULTURE_oil_1 | F84: ER_AGRICULTURE_elec_1 | G84: ER_AGRICULTURE_gas_1 | H84: =VLOOKUP(D84,Résultats!$B$2:$AX$426,'T energie vecteurs'!S5,FALSE) -> 0 | I84: =VLOOKUP(E84,Résultats!$B$2:$AX$426,'T energie vecteurs'!S5,FALSE) -> 2.91436 | J84: =VLOOKUP(F84,Résultats!$B$2:$AX$426,'T energie vecteurs'!S5,FALSE) -> 0.35236923 | K84: =VLOOKUP(G84,Résultats!$B$2:$AX$426,'T energie vecteurs'!S5,FALSE) -> 0.43374086 | L84: =SUM(H84:K84) -> 3.70047 | N84: Agriculture | O84: ='[1]Bilan 2030'!$T$46/11.63 -> 0 | P84: =SUM('[1]Bilan 2030'!$T$41:$T$43)/11.63 -> 3.0639411 | Q84: ='[1]Bilan 2030'!$T$13/11.63 -> 0.66849749 | R84: =('[1]Bilan 2030'!$T$22+'[1]Bilan 2030'!$T$30+SUM('[1]Bilan 2030'!$T$36:$T$40)+SUM('[1]Bilan 2030'!$T$44:$T$45)+'[1]Bilan 2030'!$T$47)/11.63 -> 0.3215487 | S84: =SUM(O84:R84) -> 4.0539873 | T84: =S84 -> 4.0539873 | U84: Agriculture | V84: ER_AGRICULTURE_coal_1 | W84: ER_AGRICULTURE_oil_1 | X84: ER_AGRICULTURE_elec_1 | Y84: ER_AGRICULTURE_gas_1 | Z84: 0 | AA84: 2.9233012 | AB84: 0.35358506 | AC84: 0.43581426 | AD84: 3.7127005
C85: Total Final Mtep | H85: =SUM(H76,H79:H81) -> 2.7816605 | I85: =SUM(I76,I79:I81) -> 60.382263 | J85: =SUM(J76,J79:J81) -> 41.792003 | K85: =SUM(K76,K79:K81) -> 43.774922 | L85: =SUM(H85:K85) -> 148.73085 | N85: Total Final Mtep | O85: =O76+O79+O80+O81+O84 -> 3.9851054 | P85: =P76+P79+P80+P81+P84 -> 51.958596 | Q85: =Q76+Q79+Q80+Q81+Q84 -> 39.098089 | R85: =R76+R79+R80+R81+R84 -> 42.983563 | S85: =SUM(O85:R85) -> 138.02535 | T85: =SUM(T76:T84) -> 133.76789 | U85: Total Final Mtep | Z85: 2.7821276 | AA85: 60.820594 | AB85: 41.79889 | AC85: 44.065706 | AD85: 149.46732
C88: 2035 | H88: coal | I88: fuel and biofuel | J88: elec | K88: gas biogas biomass | L88: Total | N88: 2035 | O88: coal | P88: fuel and biofuel | Q88: elec | R88: gas biogas biomass | S88: Total | T88: Hors chal env PAC | U88: 2035 | Z88: coal | AA88: fuel and biofuel | AB88: elec | AC88: gas biogas biomass | AD88: Total
C89: Transport | H89: =SUM(H90:H91) -> 0 | I89: =SUM(I90:I91) -> 35.655554 | J89: =SUM(J90:J91) -> 4.4938316 | K89: =SUM(K90:K91) -> 2.2279712 | L89: =SUM(H89:K89) -> 42.377357 | N89: Transport | O89: ='[1]Bilan 2035'!$X$46/11.63 -> 0 | P89: =SUM('[1]Bilan 2035'!$X$41:$X$43)/11.63 -> 27.486458 | Q89: ='[1]Bilan 2035'!$X$13/11.63 -> 4.0115828 | R89: =('[1]Bilan 2035'!$X$22+'[1]Bilan 2035'!$X$30+SUM('[1]Bilan 2035'!$X$36:$X$40)+SUM('[1]Bilan 2035'!$X$44:$X$45)+'[1]Bilan 2035'!$X$47)/11.63 -> 2.2033172 | S89: =SUM(O89:R89) -> 33.701357 | T89: =S89 -> 33.701357 | U89: Transport | Z89: 0 | AA89: 35.747589 | AB89: 4.5314328 | AC89: 2.2319198 | AD89: 42.510941
C90: Personal vehicles | D90: ER_TRANS_PRIVATE_coal_1 | E90: ER_TRANS_PRIVATE_oil_1 | F90: ER_TRANS_PRIVATE_elec_1 | G90: ER_TRANS_PRIVATE_gas_1 | H90: =VLOOKUP(D90,Résultats!$B$2:$AX$426,'T energie vecteurs'!T5,FALSE) -> 0 | I90: =VLOOKUP(E90,Résultats!$B$2:$AX$426,'T energie vecteurs'!T5,FALSE) -> 18.045733 | J90: =VLOOKUP(F90,Résultats!$B$2:$AX$426,'T energie vecteurs'!T5,FALSE) -> 1.1531757 | K90: =VLOOKUP(G90,Résultats!$B$2:$AX$426,'T energie vecteurs'!T5,FALSE) -> 4.4387424e-05 | L90: =SUM(H90:K90) -> 19.198953 | N90: Personal vehicles | U90: Personal vehicles | V90: ER_TRANS_PRIVATE_coal_1 | W90: ER_TRANS_PRIVATE_oil_1 | X90: ER_TRANS_PRIVATE_elec_1 | Y90: ER_TRANS_PRIVATE_gas_1 | Z90: 0 | AA90: 18.062844 | AB90: 1.1569413 | AC90: 4.4572609e-05 | AD90: 19.21983
C91: Public and freight transport | D91: ER_TRANS_PUBLIC_coal_1 | E91: ER_TRANS_PUBLIC_oil_1 | F91: ER_TRANS_PUBLIC_elec_1 | G91: ER_TRANS_PUBLIC_gas_1 | H91: =VLOOKUP(D91,Résultats!$B$2:$AX$426,'T energie vecteurs'!T5,FALSE) -> 0 | I91: =VLOOKUP(E91,Résultats!$B$2:$AX$426,'T energie vecteurs'!T5,FALSE) -> 17.609821 | J91: =VLOOKUP(F91,Résultats!$B$2:$AX$426,'T energie vecteurs'!T5,FALSE) -> 3.3406559 | K91: =VLOOKUP(G91,Résultats!$B$2:$AX$426,'T energie vecteurs'!T5,FALSE) -> 2.2279268 | L91: =SUM(H91:K91) -> 23.178404 | N91: Public and freight transport | U91: Public and freight transport | V91: ER_TRANS_PUBLIC_coal_1 | W91: ER_TRANS_PUBLIC_oil_1 | X91: ER_TRANS_PUBLIC_elec_1 | Y91: ER_TRANS_PUBLIC_gas_1 | Z91: 0 | AA91: 17.684744 | AB91: 3.3744915 | AC91: 2.2318752 | AD91: 23.291111
C92: Residential | D92: ER_RESIDENTIAL_coal_1 | E92: ER_RESIDENTIAL_oil_1 | F92: ER_RESIDENTIAL_elec_1 | G92: ER_RESIDENTIAL_gas_1 | H92: =VLOOKUP(D92,Résultats!$B$2:$AX$426,'T energie vecteurs'!T5,FALSE) -> 0.27418697 | I92: =VLOOKUP(E92,Résultats!$B$2:$AX$426,'T energie vecteurs'!T5,FALSE) -> 6.1438861 | J92: =VLOOKUP(F92,Résultats!$B$2:$AX$426,'T energie vecteurs'!T5,FALSE) -> 16.53839 | K92: =VLOOKUP(G92,Résultats!$B$2:$AX$426,'T energie vecteurs'!T5,FALSE)+2 -> 19.306133 | L92: =SUM(H92:K92) -> 42.262596 | N92: Residential | O92: ='[1]Bilan 2035'!$V$46/11.63 -> 0 | P92: =SUM('[1]Bilan 2035'!$V$41:$V$43)/11.63 -> 2.0951036 | Q92: ='[1]Bilan 2035'!$V$13/11.63 -> 15.742193 | R92: =('[1]Bilan 2035'!$V$22+'[1]Bilan 2035'!$V$30+SUM('[1]Bilan 2035'!$V$36:$V$40)+SUM('[1]Bilan 2035'!$V$44:$V$45)+'[1]Bilan 2035'!$V$47)/11.63 -> 20.967585 | S92: =SUM(O92:R92) -> 38.804881 | T92: =S92-'[1]Bilan 2035'!$V$40/11.63 -> 34.565336 | U92: Residential | V92: ER_RESIDENTIAL_coal_1 | W92: ER_RESIDENTIAL_oil_1 | X92: ER_RESIDENTIAL_elec_1 | Y92: ER_RESIDENTIAL_gas_1 | Z92: 0.27680129 | AA92: 6.1297534 | AB92: 16.638303 | AC92: 19.495215 | AD92: 42.540073
C93: Service | D93: ER_TERTIARY_coal_1 | E93: ER_TERTIARY_oil_1 | F93: ER_TERTIARY_elec_1 | G93: ER_TERTIARY_gas_1 | H93: =VLOOKUP(D93,Résultats!$B$2:$AX$426,'T energie vecteurs'!T5,FALSE) -> 0 | I93: =VLOOKUP(E93,Résultats!$B$2:$AX$426,'T energie vecteurs'!T5,FALSE) -> 2.0331631 | J93: =VLOOKUP(F93,Résultats!$B$2:$AX$426,'T energie vecteurs'!T5,FALSE) -> 12.264591 | K93: =VLOOKUP(G93,Résultats!$B$2:$AX$426,'T energie vecteurs'!T5,FALSE) -> 7.7800332 | L93: =SUM(H93:K93) -> 22.077788 | N93: Service | O93: =('[1]Bilan 2035'!$W$46)/11.63 -> 0 | P93: =SUM('[1]Bilan 2035'!$W$41:$W$43)/11.63 -> 0.78619438 | Q93: =('[1]Bilan 2035'!$W$13)/11.63 -> 11.603404 | R93: =('[1]Bilan 2035'!$W$22+'[1]Bilan 2035'!$W$30+SUM('[1]Bilan 2035'!$W$36:$W$40)+SUM('[1]Bilan 2035'!$W$44:$W$45)+'[1]Bilan 2035'!$W$47)/11.63 -> 6.9321345 | S93: =SUM(O93:R93) -> 19.321733 | T93: =S93-'[1]Bilan 2035'!$W$40/11.63 -> 18.589103 | U93: Service | V93: ER_TERTIARY_coal_1 | W93: ER_TERTIARY_oil_1 | X93: ER_TERTIARY_elec_1 | Y93: ER_TERTIARY_gas_1 | Z93: 0 | AA93: 2.0192262 | AB93: 12.354435 | AC93: 7.7852945 | AD93: 22.158956
C94: Industry and agriculture | H94: =SUM(H95:H97) -> 2.6508045 | I94: =SUM(I95:I97) -> 14.581117 | J94: =SUM(J95:J97) -> 10.990382 | K94: =SUM(K95:K97) -> 15.744305 | L94: =SUM(H94:K94) -> 43.966608 | N94: Industry | O94: =O95+O96 -> 3.9553293 | P94: =P95+P96 -> 11.944512 | Q94: =Q95+Q96 -> 9.4578137 | R94: =R95+R96 -> 13.23189 | S94: =SUM(O94:R94) -> 38.589545 | T94: =S94 -> 38.589545 | U94: Industry and agriculture | Z94: 2.6433084 | AA94: 14.920764 | AB94: 10.99716 | AC94: 15.904226 | AD94: 44.465458
C95: Industry | D95: ER_INDUS_coal_1 | E95: ER_INDUS_oil_1 | F95: ER_INDUS_elec_1 | G95: ER_INDUS_gas_1 | H95: =VLOOKUP(D95,Résultats!$B$2:$AX$426,'T energie vecteurs'!T5,FALSE) -> 1.7725914 | I95: =VLOOKUP(E95,Résultats!$B$2:$AX$426,'T energie vecteurs'!T5,FALSE) -> 9.2560178 | J95: =VLOOKUP(F95,Résultats!$B$2:$AX$426,'T energie vecteurs'!T5,FALSE) -> 10.625215 | K95: =VLOOKUP(G95,Résultats!$B$2:$AX$426,'T energie vecteurs'!T5,FALSE) -> 12.895594 | L95: =SUM(H95:K95) -> 34.549418 | N95: Industry energetic uses | O95: ='[1]Bilan 2035'!$U$46/11.63 -> 0.53312194 | P95: =SUM('[1]Bilan 2035'!$U$41:$U$43)/11.63 -> 2.0748421 | Q95: ='[1]Bilan 2035'!$U$13/11.63 -> 9.4578137 | R95: =('[1]Bilan 2035'!$U$22+'[1]Bilan 2035'!$U$30+SUM('[1]Bilan 2035'!$U$36:$U$40)+SUM('[1]Bilan 2035'!$U$44:$U$45)+'[1]Bilan 2035'!$U$47)/11.63 -> 12.122414 | S95: =SUM(O95:R95) -> 24.188192 | U95: Industry | V95: ER_INDUS_coal_1 | W95: ER_INDUS_oil_1 | X95: ER_INDUS_elec_1 | Y95: ER_INDUS_gas_1 | Z95: 1.7624217 | AA95: 9.5887093 | AB95: 10.626997 | AC95: 13.04946 | AD95: 35.027588
C96: Industry non energetic uses | D96: Q_Mtep_indus_21_1 | E96: Q_Mtep_indus_22_1 | F96: Q_Mtep_indus_23_1 | G96: Q_Mtep_indus_24_1 | H96: =VLOOKUP(D96,Résultats!$B$2:$AX$426,'T energie vecteurs'!T5,FALSE) -> 0.87821308 | I96: =VLOOKUP(E96,Résultats!$B$2:$AX$426,'T energie vecteurs'!T5,FALSE) -> 2.2598032 | J96: =VLOOKUP(F96,Résultats!$B$2:$AX$426,'T energie vecteurs'!T5,FALSE) -> 0 | K96: =VLOOKUP(G96,Résultats!$B$2:$AX$426,'T energie vecteurs'!T5,FALSE) -> 2.398522 | L96: =SUM(H96:K96) -> 5.5365383 | N96: Industry non energetic uses | O96: ='[1]Bilan 2035'!$E$52/11.63 -> 3.4222074 | P96: =('[1]Bilan 2035'!$E$54+'[1]Bilan 2035'!$E$56)/11.63 -> 9.8696696 | Q96: 0 | R96: =('[1]Bilan 2035'!$E$53+'[1]Bilan 2035'!$E$55+'[1]Bilan 2035'!$E$57)/11.63 -> 1.1094759 | S96: =SUM(O96:R96) -> 14.401353 | U96: Industry non energetic uses | V96: Q_Mtep_indus_21_1 | W96: Q_Mtep_indus_22_1 | X96: Q_Mtep_indus_23_1 | Y96: Q_Mtep_indus_24_1 | Z96: 0.88088669 | AA96: 2.2608094 | AB96: 0 | AC96: 2.4011623 | AD96: 5.5428584
C97: Agriculture | D97: ER_AGRICULTURE_coal_1 | E97: ER_AGRICULTURE_oil_1 | F97: ER_AGRICULTURE_elec_1 | G97: ER_AGRICULTURE_gas_1 | H97: =VLOOKUP(D97,Résultats!$B$2:$AX$426,'T energie vecteurs'!T5,FALSE) -> 0 | I97: =VLOOKUP(E97,Résultats!$B$2:$AX$426,'T energie vecteurs'!T5,FALSE) -> 3.0652959 | J97: =VLOOKUP(F97,Résultats!$B$2:$AX$426,'T energie vecteurs'!T5,FALSE) -> 0.36516634 | K97: =VLOOKUP(G97,Résultats!$B$2:$AX$426,'T energie vecteurs'!T5,FALSE) -> 0.4501893 | L97: =SUM(H97:K97) -> 3.8806515 | N97: Agriculture | O97: ='[1]Bilan 2035'!$T$46/11.63 -> 0 | P97: =SUM('[1]Bilan 2035'!$T$41:$T$43)/11.63 -> 2.9333631 | Q97: ='[1]Bilan 2035'!$T$13/11.63 -> 0.61074147 | R97: =('[1]Bilan 2035'!$T$22+'[1]Bilan 2035'!$T$30+SUM('[1]Bilan 2035'!$T$36:$T$40)+SUM('[1]Bilan 2035'!$T$44:$T$45)+'[1]Bilan 2035'!$T$47)/11.63 -> 0.37736023 | S97: =SUM(O97:R97) -> 3.9214648 | T97: =S97 -> 3.9214648 | U97: Agriculture | V97: ER_AGRICULTURE_coal_1 | W97: ER_AGRICULTURE_oil_1 | X97: ER_AGRICULTURE_elec_1 | Y97: ER_AGRICULTURE_gas_1 | Z97: 0 | AA97: 3.0712454 | AB97: 0.37016244 | AC97: 0.45360387 | AD97: 3.8950117
C98: Total Final Mtep | H98: =SUM(H89,H92:H94) -> 2.9249915 | I98: =SUM(I89,I92:I94) -> 58.41372 | J98: =SUM(J89,J92:J94) -> 44.287195 | K98: =SUM(K89,K92:K94) -> 45.058442 | L98: =SUM(H98:K98) -> 150.68435 | N98: Total Final Mtep | O98: =O89+O92+O93+O94+O97 -> 3.9553293 | P98: =P89+P92+P93+P94+P97 -> 45.24563 | Q98: =Q89+Q92+Q93+Q94+Q97 -> 41.425735 | R98: =R89+R92+R93+R94+R97 -> 43.712287 | S98: =SUM(O98:R98) -> 134.33898 | T98: =SUM(T89:T97) -> 129.36681 | U98: Total Final Mtep | Z98: 2.9201096 | AA98: 58.817333 | AB98: 44.521331 | AC98: 45.416656 | AD98: 151.67543
C101: 2040 | H101: coal | I101: fuel and biofuel | J101: elec | K101: gas biogas biomass | L101: Total | N101: 2040 | O101: coal | P101: fuel and biofuel | Q101: elec | R101: gas biogas biomass | S101: Total | T101: Hors chal env PAC | U101: 2040 | Z101: coal | AA101: fuel and biofuel | AB101: elec | AC101: gas biogas biomass | AD101: Total
C102: Transport | H102: =SUM(H103:H104) -> 0 | I102: =SUM(I103:I104) -> 33.458005 | J102: =SUM(J103:J104) -> 5.5090677 | K102: =SUM(K103:K104) -> 2.9687704 | L102: =SUM(H102:K102) -> 41.935843 | N102: Transport | O102: ='[1]Bilan 2040'!$X$46/11.63 -> 0 | P102: =SUM('[1]Bilan 2040'!$X$41:$X$43)/11.63 -> 23.504697 | Q102: ='[1]Bilan 2040'!$X$13/11.63 -> 5.3384407 | R102: =('[1]Bilan 2040'!$X$22+'[1]Bilan 2040'!$X$30+SUM('[1]Bilan 2040'!$X$36:$X$40)+SUM('[1]Bilan 2040'!$X$44:$X$45)+'[1]Bilan 2040'!$X$47)/11.63 -> 2.789708 | S102: =SUM(O102:R102) -> 31.632846 | T102: =S102 -> 31.632846 | U102: Transport | Z102: 0 | AA102: 33.552653 | AB102: 5.5562591 | AC102: 2.9742861 | AD102: 42.083198
C103: Personal vehicles | D103: ER_TRANS_PRIVATE_coal_1 | E103: ER_TRANS_PRIVATE_oil_1 | F103: ER_TRANS_PRIVATE_elec_1 | G103: ER_TRANS_PRIVATE_gas_1 | H103: =VLOOKUP(D103,Résultats!$B$2:$AX$426,'T energie vecteurs'!U5,FALSE) -> 0 | I103: =VLOOKUP(E103,Résultats!$B$2:$AX$426,'T energie vecteurs'!U5,FALSE) -> 16.313452 | J103: =VLOOKUP(F103,Résultats!$B$2:$AX$426,'T energie vecteurs'!U5,FALSE) -> 1.8991846 | K103: =VLOOKUP(G103,Résultats!$B$2:$AX$426,'T energie vecteurs'!U5,FALSE) -> 5.2689174e-05 | L103: =SUM(H103:K103) -> 18.212689 | N103: Personal vehicles | U103: Personal vehicles | V103: ER_TRANS_PRIVATE_coal_1 | W103: ER_TRANS_PRIVATE_oil_1 | X103: ER_TRANS_PRIVATE_elec_1 | Y103: ER_TRANS_PRIVATE_gas_1 | Z103: 0 | AA103: 16.327249 | AB103: 1.9027724 | AC103: 5.2838425e-05 | AD103: 18.230074
C104: Public and freight transport | D104: ER_TRANS_PUBLIC_coal_1 | E104: ER_TRANS_PUBLIC_oil_1 | F104: ER_TRANS_PUBLIC_elec_1 | G104: ER_TRANS_PUBLIC_gas_1 | H104: =VLOOKUP(D104,Résultats!$B$2:$AX$426,'T energie vecteurs'!U5,FALSE) -> 0 | I104: =VLOOKUP(E104,Résultats!$B$2:$AX$426,'T energie vecteurs'!U5,FALSE) -> 17.144554 | J104: =VLOOKUP(F104,Résultats!$B$2:$AX$426,'T energie vecteurs'!U5,FALSE) -> 3.6098831 | K104: =VLOOKUP(G104,Résultats!$B$2:$AX$426,'T energie vecteurs'!U5,FALSE) -> 2.9687177 | L104: =SUM(H104:K104) -> 23.723154 | N104: Public and freight transport | U104: Public and freight transport | V104: ER_TRANS_PUBLIC_coal_1 | W104: ER_TRANS_PUBLIC_oil_1 | X104: ER_TRANS_PUBLIC_elec_1 | Y104: ER_TRANS_PUBLIC_gas_1 | Z104: 0 | AA104: 17.225404 | AB104: 3.6534867 | AC104: 2.9742333 | AD104: 23.853124
C105: Residential | D105: ER_RESIDENTIAL_coal_1 | E105: ER_RESIDENTIAL_oil_1 | F105: ER_RESIDENTIAL_elec_1 | G105: ER_RESIDENTIAL_gas_1 | H105: =VLOOKUP(D105,Résultats!$B$2:$AX$426,'T energie vecteurs'!U5,FALSE) -> 0.2604482 | I105: =VLOOKUP(E105,Résultats!$B$2:$AX$426,'T energie vecteurs'!U5,FALSE) -> 6.1124382 | J105: =VLOOKUP(F105,Résultats!$B$2:$AX$426,'T energie vecteurs'!U5,FALSE) -> 17.088978 | K105: =VLOOKUP(G105,Résultats!$B$2:$AX$426,'T energie vecteurs'!U5,FALSE)+2 -> 19.185961 | L105: =SUM(H105:K105) -> 42.647825 | N105: Residential | O105: ='[1]Bilan 2040'!$V$46/11.63 -> 0 | P105: =SUM('[1]Bilan 2040'!$V$41:$V$43)/11.63 -> 1.5217706 | Q105: ='[1]Bilan 2040'!$V$13/11.63 -> 16.100467 | R105: =('[1]Bilan 2040'!$V$22+'[1]Bilan 2040'!$V$30+SUM('[1]Bilan 2040'!$V$36:$V$40)+SUM('[1]Bilan 2040'!$V$44:$V$45)+'[1]Bilan 2040'!$V$47)/11.63 -> 20.918411 | S105: =SUM(O105:R105) -> 38.540649 | T105: =S105-'[1]Bilan 2040'!$V$40/11.63 -> 33.878652 | U105: Residential | V105: ER_RESIDENTIAL_coal_1 | W105: ER_RESIDENTIAL_oil_1 | X105: ER_RESIDENTIAL_elec_1 | Y105: ER_RESIDENTIAL_gas_1 | Z105: 0.26416644 | AA105: 6.1117974 | AB105: 17.249381 | AC105: 19.476705 | AD105: 43.10205
C106: Service | D106: ER_TERTIARY_coal_1 | E106: ER_TERTIARY_oil_1 | F106: ER_TERTIARY_elec_1 | G106: ER_TERTIARY_gas_1 | H106: =VLOOKUP(D106,Résultats!$B$2:$AX$426,'T energie vecteurs'!U5,FALSE) -> 0 | I106: =VLOOKUP(E106,Résultats!$B$2:$AX$426,'T energie vecteurs'!U5,FALSE) -> 1.8876552 | J106: =VLOOKUP(F106,Résultats!$B$2:$AX$426,'T energie vecteurs'!U5,FALSE) -> 12.194464 | K106: =VLOOKUP(G106,Résultats!$B$2:$AX$426,'T energie vecteurs'!U5,FALSE) -> 7.3555365 | L106: =SUM(H106:K106) -> 21.437656 | N106: Service | O106: =('[1]Bilan 2040'!$W$46)/11.63 -> 0 | P106: =SUM('[1]Bilan 2040'!$W$41:$W$43)/11.63 -> 0.49523005 | Q106: =('[1]Bilan 2040'!$W$13)/11.63 -> 11.924705 | R106: =('[1]Bilan 2040'!$W$22+'[1]Bilan 2040'!$W$30+SUM('[1]Bilan 2040'!$W$36:$W$40)+SUM('[1]Bilan 2040'!$W$44:$W$45)+'[1]Bilan 2040'!$W$47)/11.63 -> 6.9475061 | S106: =SUM(O106:R106) -> 19.367442 | T106: =S106-'[1]Bilan 2040'!$W$40/11.63 -> 18.621199 | U106: Service | V106: ER_TERTIARY_coal_1 | W106: ER_TERTIARY_oil_1 | X106: ER_TERTIARY_elec_1 | Y106: ER_TERTIARY_gas_1 | Z106: 0 | AA106: 1.8709554 | AB106: 12.294473 | AC106: 7.3686846 | AD106: 21.534113
C107: Industry and agriculture | H107: =SUM(H108:H110) -> 2.8336932 | I107: =SUM(I108:I110) -> 15.574371 | J107: =SUM(J108:J110) -> 11.648048 | K107: =SUM(K108:K110) -> 16.17747 | L107: =SUM(H107:K107) -> 46.233582 | N107: Industry | O107: =O108+O109 -> 3.8874338 | P107: =P108+P109 -> 11.388315 | Q107: =Q108+Q109 -> 9.6134424 | R107: =R108+R109 -> 13.104002 | S107: =SUM(O107:R107) -> 37.993193 | T107: =S107 -> 37.993193 | U107: Industry and agriculture | Z107: 2.8253655 | AA107: 15.933923 | AB107: 11.66518 | AC107: 16.397601 | AD107: 46.82207
C108: Industry | D108: ER_INDUS_coal_1 | E108: ER_INDUS_oil_1 | F108: ER_INDUS_elec_1 | G108: ER_INDUS_gas_1 | H108: =VLOOKUP(D108,Résultats!$B$2:$AX$426,'T energie vecteurs'!U5,FALSE) -> 1.9145143 | I108: =VLOOKUP(E108,Résultats!$B$2:$AX$426,'T energie vecteurs'!U5,FALSE) -> 9.9140362 | J108: =VLOOKUP(F108,Résultats!$B$2:$AX$426,'T energie vecteurs'!U5,FALSE) -> 11.267655 | K108: =VLOOKUP(G108,Résultats!$B$2:$AX$426,'T energie vecteurs'!U5,FALSE) -> 13.226207 | L108: =SUM(H108:K108) -> 36.322413 | N108: Industry energetic uses | O108: ='[1]Bilan 2040'!$U$46/11.63 -> 0.46996817 | P108: =SUM('[1]Bilan 2040'!$U$41:$U$43)/11.63 -> 1.9564072 | Q108: ='[1]Bilan 2040'!$U$13/11.63 -> 9.6134424 | R108: =('[1]Bilan 2040'!$U$22+'[1]Bilan 2040'!$U$30+SUM('[1]Bilan 2040'!$U$36:$U$40)+SUM('[1]Bilan 2040'!$U$44:$U$45)+'[1]Bilan 2040'!$U$47)/11.63 -> 11.936352 | S108: =SUM(O108:R108) -> 23.97617 | U108: Industry | V108: ER_INDUS_coal_1 | W108: ER_INDUS_oil_1 | X108: ER_INDUS_elec_1 | Y108: ER_INDUS_gas_1 | Z108: 1.9025032 | AA108: 10.269536 | AB108: 11.278619 | AC108: 13.435355 | AD108: 36.886014
C109: Industry non energetic uses | D109: Q_Mtep_indus_21_1 | E109: Q_Mtep_indus_22_1 | F109: Q_Mtep_indus_23_1 | G109: Q_Mtep_indus_24_1 | H109: =VLOOKUP(D109,Résultats!$B$2:$AX$426,'T energie vecteurs'!U5,FALSE) -> 0.91917891 | I109: =VLOOKUP(E109,Résultats!$B$2:$AX$426,'T energie vecteurs'!U5,FALSE) -> 2.3998006 | J109: =VLOOKUP(F109,Résultats!$B$2:$AX$426,'T energie vecteurs'!U5,FALSE) -> 0 | K109: =VLOOKUP(G109,Résultats!$B$2:$AX$426,'T energie vecteurs'!U5,FALSE) -> 2.4848769 | L109: =SUM(H109:K109) -> 5.8038564 | N109: Industry non energetic uses | O109: ='[1]Bilan 2040'!$E$52/11.63 -> 3.4174656 | P109: =('[1]Bilan 2040'!$E$54+'[1]Bilan 2040'!$E$56)/11.63 -> 9.4319074 | Q109: 0 | R109: =('[1]Bilan 2040'!$E$53+'[1]Bilan 2040'!$E$55+'[1]Bilan 2040'!$E$57)/11.63 -> 1.1676503 | S109: =SUM(O109:R109) -> 14.017023 | U109: Industry non energetic uses | V109: Q_Mtep_indus_21_1 | W109: Q_Mtep_indus_22_1 | X109: Q_Mtep_indus_23_1 | Y109: Q_Mtep_indus_24_1 | Z109: 0.92286233 | AA109: 2.4018421 | AB109: 0 | AC109: 2.4911859 | AD109: 5.8158903
C110: Agriculture | D110: ER_AGRICULTURE_coal_1 | E110: ER_AGRICULTURE_oil_1 | F110: ER_AGRICULTURE_elec_1 | G110: ER_AGRICULTURE_gas_1 | H110: =VLOOKUP(D110,Résultats!$B$2:$AX$426,'T energie vecteurs'!U5,FALSE) -> 0 | I110: =VLOOKUP(E110,Résultats!$B$2:$AX$426,'T energie vecteurs'!U5,FALSE) -> 3.2605338 | J110: =VLOOKUP(F110,Résultats!$B$2:$AX$426,'T energie vecteurs'!U5,FALSE) -> 0.38039306 | K110: =VLOOKUP(G110,Résultats!$B$2:$AX$426,'T energie vecteurs'!U5,FALSE) -> 0.46638628 | L110: =SUM(H110:K110) -> 4.1073131 | N110: Agriculture | O110: ='[1]Bilan 2040'!$T$46/11.63 -> 0 | P110: =SUM('[1]Bilan 2040'!$T$41:$T$43)/11.63 -> 2.7923207 | Q110: ='[1]Bilan 2040'!$T$13/11.63 -> 0.54723305 | R110: =('[1]Bilan 2040'!$T$22+'[1]Bilan 2040'!$T$30+SUM('[1]Bilan 2040'!$T$36:$T$40)+SUM('[1]Bilan 2040'!$T$44:$T$45)+'[1]Bilan 2040'!$T$47)/11.63 -> 0.438553 | S110: =SUM(O110:R110) -> 3.7781068 | T110: =S110 -> 3.7781068 | U110: Agriculture | V110: ER_AGRICULTURE_coal_1 | W110: ER_AGRICULTURE_oil_1 | X110: ER_AGRICULTURE_elec_1 | Y110: ER_AGRICULTURE_gas_1 | Z110: 0 | AA110: 3.2625448 | AB110: 0.3865612 | AC110: 0.47105985 | AD110: 4.1201658
C111: Total Final Mtep | H111: =SUM(H102,H105:H107) -> 3.0941414 | I111: =SUM(I102,I105:I107) -> 57.032469 | J111: =SUM(J102,J105:J107) -> 46.440557 | K111: =SUM(K102,K105:K107) -> 45.687739 | L111: =SUM(H111:K111) -> 152.25491 | N111: Total Final Mtep | O111: =O102+O105+O106+O107+O110 -> 3.8874338 | P111: =P102+P105+P106+P107+P110 -> 39.702333 | Q111: =Q102+Q105+Q106+Q107+Q110 -> 43.524289 | R111: =R102+R105+R106+R107+R110 -> 44.19818 | S111: =SUM(O111:R111) -> 131.31224 | T111: =SUM(T102:T110) -> 125.904 | U111: Total Final Mtep | Z111: 3.0895319 | AA111: 57.469329 | AB111: 46.765294 | AC111: 46.217277 | AD111: 153.54143
C114: 2050 | H114: coal | I114: fuel and biofuel | J114: elec | K114: gas biogas biomass | L114: Total | N114: 2050 | O114: coal | P114: fuel and biofuel | Q114: elec | R114: gas biogas biomass | S114: Total | T114: Hors chal env PAC | U114: 2050 | Z114: coal | AA114: fuel and biofuel | AB114: elec | AC114: gas biogas biomass | AD114: Total
C115: Transport | H115: =SUM(H116:H117) -> 0 | I115: =SUM(I116:I117) -> 30.744738 | J115: =SUM(J116:J117) -> 7.2307321 | K115: =SUM(K116:K117) -> 3.5003359 | L115: =SUM(H115:K115) -> 41.475806 | N115: Transport | O115: ='[1]Bilan 2050'!$X$46/11.63 -> 0 | P115: =SUM('[1]Bilan 2050'!$X$41:$X$43)/11.63 -> 20.44469 | Q115: ='[1]Bilan 2050'!$X$13/11.63 -> 6.9492064 | R115: =('[1]Bilan 2050'!$X$22+'[1]Bilan 2050'!$X$30+SUM('[1]Bilan 2050'!$X$36:$X$40)+SUM('[1]Bilan 2050'!$X$44:$X$45)+'[1]Bilan 2050'!$X$47)/11.63 -> 3.1240941 | S115: =SUM(O115:R115) -> 30.517991 | T115: =S115 -> 30.517991 | U115: Transport | Z115: 0 | AA115: 30.85075 | AB115: 7.2346026 | AC115: 3.5077182 | AD115: 41.593071
C116: Personal vehicles | D116: ER_TRANS_PRIVATE_coal_1 | E116: ER_TRANS_PRIVATE_oil_1 | F116: ER_TRANS_PRIVATE_elec_1 | G116: ER_TRANS_PRIVATE_gas_1 | H116: =VLOOKUP(D116,Résultats!$B$2:$AX$426,'T energie vecteurs'!W5,FALSE) -> 0 | I116: =VLOOKUP(E116,Résultats!$B$2:$AX$426,'T energie vecteurs'!W5,FALSE) -> 12.70686 | J116: =VLOOKUP(F116,Résultats!$B$2:$AX$426,'T energie vecteurs'!W5,FALSE) -> 3.3127115 | K116: =VLOOKUP(G116,Résultats!$B$2:$AX$426,'T energie vecteurs'!W5,FALSE) -> 6.5958211e-05 | L116: =SUM(H116:K116) -> 16.019638 | N116: Personal vehicles | U116: Personal vehicles | V116: ER_TRANS_PRIVATE_coal_1 | W116: ER_TRANS_PRIVATE_oil_1 | X116: ER_TRANS_PRIVATE_elec_1 | Y116: ER_TRANS_PRIVATE_gas_1 | Z116: 0 | AA116: 12.716387 | AB116: 3.3165986 | AC116: 6.6077127e-05 | AD116: 16.033051
C117: Public and freight transport | D117: ER_TRANS_PUBLIC_coal_1 | E117: ER_TRANS_PUBLIC_oil_1 | F117: ER_TRANS_PUBLIC_elec_1 | G117: ER_TRANS_PUBLIC_gas_1 | H117: =VLOOKUP(D117,Résultats!$B$2:$AX$426,'T energie vecteurs'!W5,FALSE) -> 0 | I117: =VLOOKUP(E117,Résultats!$B$2:$AX$426,'T energie vecteurs'!W5,FALSE) -> 18.037878 | J117: =VLOOKUP(F117,Résultats!$B$2:$AX$426,'T energie vecteurs'!W5,FALSE) -> 3.9180206 | K117: =VLOOKUP(G117,Résultats!$B$2:$AX$426,'T energie vecteurs'!W5,FALSE) -> 3.5002699 | L117: =SUM(H117:K117) -> 25.456168 | N117: Public and freight transport | U117: Public and freight transport | V117: ER_TRANS_PUBLIC_coal_1 | W117: ER_TRANS_PUBLIC_oil_1 | X117: ER_TRANS_PUBLIC_elec_1 | Y117: ER_TRANS_PUBLIC_gas_1 | Z117: 0 | AA117: 18.134364 | AB117: 3.918004 | AC117: 3.5076521 | AD117: 25.56002
C118: Residential | D118: ER_RESIDENTIAL_coal_1 | E118: ER_RESIDENTIAL_oil_1 | F118: ER_RESIDENTIAL_elec_1 | G118: ER_RESIDENTIAL_gas_1 | H118: =VLOOKUP(D118,Résultats!$B$2:$AX$426,'T energie vecteurs'!W5,FALSE) -> 0.22611711 | I118: =VLOOKUP(E118,Résultats!$B$2:$AX$426,'T energie vecteurs'!W5,FALSE) -> 5.568381 | J118: =VLOOKUP(F118,Résultats!$B$2:$AX$426,'T energie vecteurs'!W5,FALSE) -> 17.622055 | K118: =VLOOKUP(G118,Résultats!$B$2:$AX$426,'T energie vecteurs'!W5,FALSE)+2 -> 18.439387 | L118: =SUM(H118:K118) -> 41.85594 | N118: Residential | O118: ='[1]Bilan 2050'!$V$46/11.63 -> 0 | P118: =SUM('[1]Bilan 2050'!$V$41:$V$43)/11.63 -> 0.44793357 | Q118: ='[1]Bilan 2050'!$V$13/11.63 -> 16.72207 | R118: =('[1]Bilan 2050'!$V$22+'[1]Bilan 2050'!$V$30+SUM('[1]Bilan 2050'!$V$36:$V$40)+SUM('[1]Bilan 2050'!$V$44:$V$45)+'[1]Bilan 2050'!$V$47)/11.63 -> 20.626599 | S118: =SUM(O118:R118) -> 37.796602 | T118: =S118-'[1]Bilan 2050'!$V$40/11.63 -> 32.080503 | U118: Residential | V118: ER_RESIDENTIAL_coal_1 | W118: ER_RESIDENTIAL_oil_1 | X118: ER_RESIDENTIAL_elec_1 | Y118: ER_RESIDENTIAL_gas_1 | Z118: 0.23099133 | AA118: 5.6204187 | AB118: 17.768669 | AC118: 18.958866 | AD118: 42.578945
C119: Service | D119: ER_TERTIARY_coal_1 | E119: ER_TERTIARY_oil_1 | F119: ER_TERTIARY_elec_1 | G119: ER_TERTIARY_gas_1 | H119: =VLOOKUP(D119,Résultats!$B$2:$AX$426,'T energie vecteurs'!W5,FALSE) -> 0 | I119: =VLOOKUP(E119,Résultats!$B$2:$AX$426,'T energie vecteurs'!W5,FALSE) -> 1.8783834 | J119: =VLOOKUP(F119,Résultats!$B$2:$AX$426,'T energie vecteurs'!W5,FALSE) -> 10.612462 | K119: =VLOOKUP(G119,Résultats!$B$2:$AX$426,'T energie vecteurs'!W5,FALSE) -> 6.2034775 | L119: =SUM(H119:K119) -> 18.694323 | N119: Service | O119: =('[1]Bilan 2050'!$W$46)/11.63 -> 0 | P119: =SUM('[1]Bilan 2050'!$W$41:$W$43)/11.63 -> 0.19932306 | Q119: =('[1]Bilan 2050'!$W$13)/11.63 -> 12.561376 | R119: =('[1]Bilan 2050'!$W$22+'[1]Bilan 2050'!$W$30+SUM('[1]Bilan 2050'!$W$36:$W$40)+SUM('[1]Bilan 2050'!$W$44:$W$45)+'[1]Bilan 2050'!$W$47)/11.63 -> 6.8359123 | S119: =SUM(O119:R119) -> 19.596611 | T119: =S119-'[1]Bilan 2050'!$W$40/11.63 -> 18.856668 | U119: Service | V119: ER_TERTIARY_coal_1 | W119: ER_TERTIARY_oil_1 | X119: ER_TERTIARY_elec_1 | Y119: ER_TERTIARY_gas_1 | Z119: 0 | AA119: 1.8713785 | AB119: 10.621631 | AC119: 6.2521078 | AD119: 18.745117
...

Sheet T CO2
A1: Emissions CO2 (MtCO2)
A3: =Résultats!B1 -> TEND
A5: 2015 | B5: coal | C5: oil | D5: elec | E5: gas | F5: decarb | G5: Total
A6: Transport | B6: =B7+B8 -> 0 | C6: =C7+C8 -> 129.23156 | D6: =D7+D8 -> 0.64030419 | E6: =E7+E8 -> 0.4031474 | F6: =F7+F8 -> 0 | G6: =SUM(B6:F6) -> 130.27501 | K6: Cf. onglet "G emissions"
A7: Personal vehicles | B7: 0 | C7: =Résultats!N$256/1000000 -> 74.008815 | D7: ='T energie usages'!J12/'T energie usages'!J$20*(Résultats!N$159+Résultats!N$60+Résultats!N$161)/1000000 -> 0.0059826314 | E7: =Résultats!N$257/1000000 -> 1.7356405e-05 | F7: 0 | G7: =SUM(B7:F7) -> 74.014815 | L7: 2020 | M7: 2030 | N7: 2050
A8: Public and freight transport | B8: 0 | C8: =(Résultats!N$150+Résultats!N$151+Résultats!N$152+Résultats!N$153+Résultats!N$154)/1000000 -> 55.222742 | D8: ='T energie usages'!J13/'T energie usages'!J$20*(Résultats!N$159+Résultats!N$160+Résultats!N$161)/1000000 -> 0.63432156 | E8: =(Résultats!N$176+Résultats!N$177+Résultats!N$178+Résultats!N$179+Résultats!N$180)/1000000 -> 0.40313004 | F8: 0 | G8: =SUM(B8:F8) -> 56.260193 | K8: Transport | L8: =G19 -> 124.91161 | M8: =G45 -> 115.37434 | N8: =G71 -> 96.497198
A9: Residential | B9: =Résultats!N$102/1000000 -> 1.0155219 | C9: =Résultats!N$254/1000000 -> 22.153661 | D9: ='T energie usages'!J14/'T energie usages'!J$20*(Résultats!N$159+Résultats!N$160+Résultats!N$161)/1000000 -> 6.8654731 | E9: =Résultats!N$255/1000000 -> 29.041348 | F9: 0 | G9: =SUM(B9:F9) -> 59.076004 | K9: Residentiel | L9: =G22 -> 53.099436 | M9: =G48 -> 48.559464 | N9: =G74 -> 46.811281
A10: Service | B10: =(Résultats!N$135+Résultats!N$136)/1000000 -> 0 | C10: =(Résultats!N$155+Résultats!N$156)/1000000 -> 11.028434 | D10: ='T energie usages'!J15/'T energie usages'!J$20*(Résultats!N$159+Résultats!N$160+Résultats!N$161)/1000000 -> 5.7735675 | E10: =(Résultats!N$181+Résultats!N$182)/1000000 -> 15.008763 | F10: 0 | G10: =SUM(B10:F10) -> 31.810765 | K10: Service | L10: =G23 -> 24.435406 | M10: =G49 -> 21.766796 | N10: =G75 -> 18.884189
A11: Industry and agriculture | B11: =B12+B13 -> 20.048692 | C11: =C12+C13 -> 63.822265 | D11: =D12+D13 -> 5.6355192 | E11: =E12+E13 -> 24.910248 | F11: =F12+F13 -> 12.058818 | G11: =SUM(B11:F11) -> 126.47554 | K11: Industrie et agriculture | L11: =G24 -> 95.467411 | M11: =G50 -> 95.515154 | N11: =G76 -> 107.53973
A12: Industry | B12: =(Résultats!N$129+Résultats!N$130+Résultats!N$131+Résultats!N$132+Résultats!N$133+Résultats!N$134)/1000000 -> 20.048692 | C12: =(Résultats!N$138+Résultats!N$140+Résultats!N$141+Résultats!N$142+Résultats!N$143+Résultats!N$144+Résultats!N$145+Résultats!N$146+Résultats!N$147+Résultats!N$148+Résultats!N$149)/1000000 -> 56.609172 | D12: ='T energie usages'!J17/'T energie usages'!J$20*(Résultats!N$159+Résultats!N$160+Résultats!N$161)/1000000 -> 5.476187 | E12: =(Résultats!N$164+Résultats!N$165+Résultats!N$166+Résultats!N$167+Résultats!N$168+Résultats!N$169+Résultats!N$170+Résultats!N$171+Résultats!N$172+Résultats!N$173+Résultats!N$174+Résultats!N$175+Résultats!N$183+Résultats!N$185)/1000000 -> 24.263334 | F12: =Résultats!N$100/1000000 -> 12.058818 | G12: =SUM(B12:F12) -> 118.4562 | K12: Total | L12: =SUM(L8:L11) -> 297.91386 | M12: =SUM(M8:M11) -> 281.21575 | N12: =SUM(N8:N11) -> 269.7324
A13: Agriculture | B13: 0 | C13: =(Résultats!N$139)/1000000 -> 7.2130931 | D13: ='T energie usages'!J19/'T energie usages'!J$20*(Résultats!N$159+Résultats!N$160+Résultats!N$161)/1000000 -> 0.1593322 | E13: =(Résultats!N$163)/1000000 -> 0.64691383 | F13: 0 | G13: =SUM(B13:F13) -> 8.0193391
A14: Total Final MTEC | B14: =SUM(B9:B11)+B6 -> 21.064214 | C14: =SUM(C9:C11)+C6 -> 226.23592 | D14: =SUM(D9:D11)+D6 -> 18.914864 | E14: =SUM(E9:E11)+E6 -> 69.363506 | F14: =SUM(F9:F11)+F6 -> 12.058818 | G14: =SUM(B14:F14) -> 347.63732
A15: Verif | B15: =(Résultats!N$102+Résultats!N$129+Résultats!N$130+Résultats!N$131+Résultats!N$132+Résultats!N$133+Résultats!N$134+Résultats!N$135+Résultats!N$136)/1000000 -> 21.064214 | C15: =(Résultats!N$104+Résultats!N$138+Résultats!N$139+Résultats!N$140+Résultats!N$141+Résultats!N$142+Résultats!N$143+Résultats!N$144+Résultats!N$145+Résultats!N$146+Résultats!N$147+Résultats!N$148+Résultats!N$149+Résultats!N$150+Résultats!N$151+Résultats!N$152+Résultats!N$153+Résultats!N$154+Résultats!N$155+Résultats!N$156)/1000000 -> 226.29403 | D15: =(Résultats!N$159+Résultats!N$160+Résultats!N$161)/1000000 -> 18.917961 | E15: =(Résultats!N$106+ Résultats!N$163+Résultats!N$164+Résultats!N$165+Résultats!N$166+Résultats!N$167+Résultats!N$168+Résultats!N$169+Résultats!N$170+Résultats!N$171+Résultats!N$172+Résultats!N$173+Résultats!N$174+Résultats!N$175+Résultats!N$176+Résultats!N$177+Résultats!N$178+Résultats!N$179+Résultats!N$180+Résultats!N$181+Résultats!N$182+Résultats!N$183+Résultats!N$185)/1000000 -> 70.0797 | F15: =Résultats!N$100/1000000 -> 12.058818 | G15: =SUM(B15:F15) -> 348.41472 | H15: =G14-G15 -> -0.77740232
C16: =Résultats!N$104/1000000-C7-C9 -> 0.05811115 | G16: =Résultats!N$194/1000000 -> 348.41472
A18: 2020 | B18: coal | C18: oil | D18: elec | E18: gas | F18: decarb | G18: Total
A19: c | B19: =B20+B21 -> 0 | C19: =C20+C21 -> 123.95203 | D19: =D20+D21 -> 0.51886811 | E19: =E20+E21 -> 0.44071317 | F19: =F20+F21 -> 0 | G19: =SUM(B19:F19) -> 124.91161
A20: Personal vehicles | B20: 0 | C20: =Résultats!S$256/1000000 -> 70.791326 | D20: ='T energie usages'!J25/'T energie usages'!J$20*(Résultats!S$159+Résultats!S$60+Résultats!S$161)/1000000 -> 0.0079560676 | E20: =Résultats!S$257/1000000 -> 2.3516443e-05 | F20: 0 | G20: =SUM(B20:F20) -> 70.799306
A21: Public and freight transport | B21: 0 | C21: =(Résultats!S$150+Résultats!S$151+Résultats!S$152+Résultats!S$153+Résultats!S$154)/1000000 -> 53.160699 | D21: ='T energie usages'!J26/'T energie usages'!J$20*(Résultats!S$159+Résultats!S$160+Résultats!S$161)/1000000 -> 0.51091204 | E21: =(Résultats!S$176+Résultats!S$177+Résultats!S$178+Résultats!S$179+Résultats!S$180)/1000000 -> 0.44068965 | F21: 0 | G21: =SUM(B21:F21) -> 54.112301
A22: Residential | B22: =Résultats!S$102/1000000 -> 0.9752473 | C22: =Résultats!S$254/1000000 -> 19.587627 | D22: ='T energie usages'!J27/'T energie usages'!J$20*(Résultats!S$159+Résultats!S$160+Résultats!S$161)/1000000 -> 5.1175604 | E22: =Résultats!S$255/1000000 -> 27.419001 | F22: 0 | G22: =SUM(B22:F22) -> 53.099436
A23: Service | B23: =(Résultats!S$135+Résultats!S$136)/1000000 -> 0 | C23: =(Résultats!S$155+Résultats!S$156)/1000000 -> 7.9198953 | D23: ='T energie usages'!J28/'T energie usages'!J$20*(Résultats!S$159+Résultats!S$160+Résultats!S$161)/1000000 -> 3.9566141 | E23: =(Résultats!S$181+Résultats!S$182)/1000000 -> 12.558896 | F23: 0 | G23: =SUM(B23:F23) -> 24.435406
A24: Industry and agriculture | B24: =B25+B26 -> 10.587017 | C24: =C25+C26 -> 43.681619 | D24: =D25+D26 -> 3.3130788 | E24: =E25+E26 -> 24.82122 | F24: =F25+F26 -> 13.064476 | G24: =SUM(B24:F24) -> 95.467411
A25: Industry | B25: =(Résultats!S$129+Résultats!S$130+Résultats!S$131+Résultats!S$132+Résultats!S$133+Résultats!S$134)/1000000 -> 10.587017 | C25: =(Résultats!S$138+Résultats!S$140+Résultats!S$141+Résultats!S$142+Résultats!S$143+Résultats!S$144+Résultats!S$145+Résultats!S$146+Résultats!S$147+Résultats!S$148+Résultats!S$149)/1000000 -> 36.759192 | D25: ='T energie usages'!J30/'T energie usages'!J$20*(Résultats!S$159+Résultats!S$160+Résultats!S$161)/1000000 -> 3.2022639 | E25: =(Résultats!S$164+Résultats!S$165+Résultats!S$166+Résultats!S$167+Résultats!S$168+Résultats!S$169+Résultats!S$170+Résultats!S$171+Résultats!S$172+Résultats!S$173+Résultats!S$174+Résultats!S$175+Résultats!S$183+Résultats!S$185)/1000000 -> 24.2303 | F25: =Résultats!S$100/1000000 -> 13.064476 | G25: =SUM(B25:F25) -> 87.84325
A26: Agriculture | B26: 0 | C26: =(Résultats!S$139)/1000000 -> 6.9224265 | D26: ='T energie usages'!J32/'T energie usages'!J$20*(Résultats!S$159+Résultats!S$160+Résultats!S$161)/1000000 -> 0.11081486 | E26: =(Résultats!S$163)/1000000 -> 0.59092031 | F26: 0 | G26: =SUM(B26:F26) -> 7.6241616
A27: Total Final MTEC | B27: =SUM(B22:B24)+B19 -> 11.562265 | C27: =SUM(C22:C24)+C19 -> 195.14117 | D27: =SUM(D22:D24)+D19 -> 12.906121 | E27: =SUM(E22:E24)+E19 -> 65.239831 | F27: =SUM(F22:F24)+F19 -> 13.064476 | G27: =SUM(B27:F27) -> 297.91386
A28: Verif | B28: =(Résultats!S$102+Résultats!S$129+Résultats!S$130+Résultats!S$131+Résultats!S$132+Résultats!S$133+Résultats!S$134+Résultats!S$135+Résultats!S$136)/1000000 -> 11.562265 | C28: =(Résultats!S$104+Résultats!S$138+Résultats!S$139+Résultats!S$140+Résultats!S$141+Résultats!S$142+Résultats!S$143+Résultats!S$144+Résultats!S$145+Résultats!S$146+Résultats!S$147+Résultats!S$148+Résultats!S$149+Résultats!S$150+Résultats!S$151+Résultats!S$152+Résultats!S$153+Résultats!S$154+Résultats!S$155+Résultats!S$156)/1000000 -> 195.19578 | D28: =(Résultats!S$159+Résultats!S$160+Résultats!S$161)/1000000 -> 13.395542 | E28: =(Résultats!S$106+ Résultats!S$163+Résultats!S$164+Résultats!S$165+Résultats!S$166+Résultats!S$167+Résultats!S$168+Résultats!S$169+Résultats!S$170+Résultats!S$171+Résultats!S$172+Résultats!S$173+Résultats!S$174+Résultats!S$175+Résultats!S$176+Résultats!S$177+Résultats!S$178+Résultats!S$179+Résultats!S$180+Résultats!S$181+Résultats!S$182+Résultats!S$183+Résultats!S$185)/1000000 -> 65.916016 | F28: =Résultats!S$100/1000000 -> 13.064476 | G28: =SUM(B28:F28) -> 299.13408
C29: =Résultats!S$104/1000000-C20-C22 -> 0.05461616 | G29: =Résultats!S$194/1000000 -> 299.13408
A31: 2025 | B31: coal | C31: oil | D31: elec | E31: gas | F31: decarb | G31: Total
A32: Transport | B32: =B33+B34 -> 0 | C32: =C33+C34 -> 120.05235 | D32: =D33+D34 -> 0.58081077 | E32: =E33+E34 -> 0.83016489 | F32: =F33+F34 -> 0 | G32: =SUM(B32:F32) -> 121.46333
A33: Personal vehicles | B33: 0 | C33: =Résultats!X$256/1000000 -> 65.50171 | D33: ='T energie usages'!J38/'T energie usages'!J$20*(Résultats!X$159+Résultats!X$60+Résultats!X$161)/1000000 -> 0.015748578 | E33: =Résultats!X$257/1000000 -> 3.4771363e-05 | F33: 0 | G33: =SUM(B33:F33) -> 65.517494
A34: Public and freight transport | B34: 0 | C34: =(Résultats!X$150+Résultats!X$151+Résultats!X$152+Résultats!X$153+Résultats!X$154)/1000000 -> 54.550645 | D34: ='T energie usages'!J39/'T energie usages'!J$20*(Résultats!X$159+Résultats!X$160+Résultats!X$161)/1000000 -> 0.5650622 | E34: =(Résultats!X$176+Résultats!X$177+Résultats!X$178+Résultats!X$179+Résultats!X$180)/1000000 -> 0.83013012 | F34: 0 | G34: =SUM(B34:F34) -> 55.945837
A35: Residential | B35: =Résultats!X$102/1000000 -> 0.88923397 | C35: =Résultats!X$254/1000000 -> 18.64449 | D35: ='T energie usages'!J40/'T energie usages'!J$20*(Résultats!X$159+Résultats!X$160+Résultats!X$161)/1000000 -> 4.7949877 | E35: =Résultats!X$255/1000000 -> 23.124234 | F35: 0 | G35: =SUM(B35:F35) -> 47.452945
A36: Service | B36: =(Résultats!X$135+Résultats!X$136)/1000000 -> 0 | C36: =(Résultats!X$155+Résultats!X$156)/1000000 -> 7.5144304 | D36: ='T energie usages'!J41/'T energie usages'!J$20*(Résultats!X$159+Résultats!X$160+Résultats!X$161)/1000000 -> 3.670355 | E36: =(Résultats!X$181+Résultats!X$182)/1000000 -> 11.15774 | F36: 0 | G36: =SUM(B36:F36) -> 22.342525
A37: Industry and agriculture | B37: =B38+B39 -> 9.9839617 | C37: =C38+C39 -> 44.769797 | D37: =D38+D39 -> 3.1781122 | E37: =E38+E39 -> 22.125947 | F37: =F38+F39 -> 13.697619 | G37: =SUM(B37:F37) -> 93.755436
A38: Industry | B38: =(Résultats!X$129+Résultats!X$130+Résultats!X$131+Résultats!X$132+Résultats!X$133+Résultats!X$134)/1000000 -> 9.9839617 | C38: =(Résultats!X$138+Résultats!X$140+Résultats!X$141+Résultats!X$142+Résultats!X$143+Résultats!X$144+Résultats!X$145+Résultats!X$146+Résultats!X$147+Résultats!X$148+Résultats!X$149)/1000000 -> 36.955329 | D38: ='T energie usages'!J43/'T energie usages'!J$20*(Résultats!X$159+Résultats!X$160+Résultats!X$161)/1000000 -> 3.0723981 | E38: =(Résultats!X$164+Résultats!X$165+Résultats!X$166+Résultats!X$167+Résultats!X$168+Résultats!X$169+Résultats!X$170+Résultats!X$171+Résultats!X$172+Résultats!X$173+Résultats!X$174+Résultats!X$175+Résultats!X$183+Résultats!X$185)/1000000 -> 21.554406 | F38: =Résultats!X$100/1000000 -> 13.697619 | G38: =SUM(B38:F38) -> 85.263713
A39: Agriculture | B39: 0 | C39: =(Résultats!X$139)/1000000 -> 7.8144681 | D39: ='T energie usages'!J45/'T energie usages'!J$20*(Résultats!X$159+Résultats!X$160+Résultats!X$161)/1000000 -> 0.1057141 | E39: =(Résultats!X$163)/1000000 -> 0.57154098 | F39: 0 | G39: =SUM(B39:F39) -> 8.4917232
A40: Total Final MTEC | B40: =SUM(B35:B37)+B32 -> 10.873196 | C40: =SUM(C35:C37)+C32 -> 190.98107 | D40: =SUM(D35:D37)+D32 -> 12.224266 | E40: =SUM(E35:E37)+E32 -> 57.238085 | F40: =SUM(F35:F37)+F32 -> 13.697619 | G40: =SUM(B40:F40) -> 285.01424
A41: Verif | B41: =(Résultats!X$102+Résultats!X$129+Résultats!X$130+Résultats!X$131+Résultats!X$132+Résultats!X$133+Résultats!X$134+Résultats!X$135+Résultats!X$136)/1000000 -> 10.873196 | C41: =(Résultats!X$104+Résultats!X$139+Résultats!X$140+Résultats!X$141+Résultats!X$142+Résultats!X$143+Résultats!X$144+Résultats!X$145+Résultats!X$146+Résultats!X$147+Résultats!X$148+Résultats!X$149+Résultats!X$150+Résultats!X$151+Résultats!X$152+Résultats!X$153+Résultats!X$154+Résultats!X$155+Résultats!X$156++Résultats!X$157)/1000000 -> 191.03192 | D41: =(Résultats!X$159+Résultats!X$160+Résultats!X$161)/1000000 -> 12.49784 | E41: =(Résultats!X$106+Résultats!X$163+Résultats!X$164+Résultats!X$165+Résultats!X$166+Résultats!X$167+Résultats!X$168+Résultats!X$169+Résultats!X$170+Résultats!X$171+Résultats!X$172+Résultats!X$173+Résultats!X$174+Résultats!X$175+Résultats!X$176+Résultats!X$177+Résultats!X$178+Résultats!X$179+Résultats!X$180+Résultats!X$181+Résultats!X$182+Résultats!X$183)/1000000 -> 57.557594 | F41: =Résultats!X$100/1000000 -> 13.697619 | G41: =SUM(B41:F41) -> 285.65817
G42: =Résultats!X$194/1000000 -> 285.90893
A44: 2030 | B44: coal | C44: oil | D44: elec | E44: gas | F44: decarb | G44: Total
A45: Transport | B45: =B46+B47 -> 0 | C45: =C46+C47 -> 112.83475 | D45: =D46+D47 -> 0.68294662 | E45: =E46+E47 -> 1.8566366 | F45: =F46+F47 -> 0 | G45: =SUM(B45:F45) -> 115.37434
A46: Personal vehicles | B46: 0 | C46: =Résultats!AC$256/1000000 -> 59.518218 | D46: ='T energie usages'!J51/'T energie usages'!J$20*(Résultats!AC$159+Résultats!AC$60+Résultats!AC$161)/1000000 -> 0.021612788 | E46: =Résultats!AC$257/1000000 -> 4.9236604e-05 | F46: 0 | G46: =SUM(B46:F46) -> 59.53988
A47: Public and freight transport | B47: 0 | C47: =(Résultats!AC$150+Résultats!AC$151+Résultats!AC$152+Résultats!AC$153+Résultats!AC$154)/1000000 -> 53.316536 | D47: ='T energie usages'!J52/'T energie usages'!J$20*(Résultats!AC$159+Résultats!AC$160+Résultats!AC$161)/1000000 -> 0.66133383 | E47: =(Résultats!AC$176+Résultats!AC$177+Résultats!AC$178+Résultats!AC$179+Résultats!AC$180)/1000000 -> 1.8565874 | F47: 0 | G47: =SUM(B47:F47) -> 55.834457
A48: Residential | B48: =Résultats!AC$102/1000000 -> 0.86964355 | C48: =Résultats!AC$254/1000000 -> 18.575648 | D48: ='T energie usages'!J53/'T energie usages'!J$20*(Résultats!AC$159+Résultats!AC$160+Résultats!AC$161)/1000000 -> 5.2339388 | E48: =Résultats!AC$255/1000000 -> 23.880233 | F48: 0 | G48: =SUM(B48:F48) -> 48.559464
A49: Service | B49: =(Résultats!AC$135+Résultats!AC$136)/1000000 -> 0 | C49: =(Résultats!AC$155+Résultats!AC$156)/1000000 -> 6.4654466 | D49: ='T energie usages'!J54/'T energie usages'!J$20*(Résultats!AC$159+Résultats!AC$160+Résultats!AC$161)/1000000 -> 3.9502908 | E49: =(Résultats!AC$181+Résultats!AC$182)/1000000 -> 11.351059 | F49: 0 | G49: =SUM(B49:F49) -> 21.766796
A50: Industry and agriculture | B50: =B51+B52 -> 9.9920778 | C50: =C51+C52 -> 46.357182 | D50: =D51+D52 -> 3.5398778 | E50: =E51+E52 -> 22.203314 | F50: =F51+F52 -> 13.422702 | G50: =SUM(B50:F50) -> 95.515154
A51: Industry | B51: =(Résultats!AC$129+Résultats!AC$130+Résultats!AC$131+Résultats!AC$132+Résultats!AC$133+Résultats!AC$134)/1000000 -> 9.9920778 | C51: =(Résultats!AC$138+Résultats!AC$140+Résultats!AC$141+Résultats!AC$142+Résultats!AC$143+Résultats!AC$144+Résultats!AC$145+Résultats!AC$146+Résultats!AC$147+Résultats!AC$148+Résultats!AC$149)/1000000 -> 37.964312 | D51: ='T energie usages'!J56/'T energie usages'!J$20*(Résultats!AC$159+Résultats!AC$160+Résultats!AC$161)/1000000 -> 3.4233321 | E51: =(Résultats!AC$164+Résultats!AC$165+Résultats!AC$166+Résultats!AC$167+Résultats!AC$168+Résultats!AC$169+Résultats!AC$170+Résultats!AC$171+Résultats!AC$172+Résultats!AC$173+Résultats!AC$174+Résultats!AC$175+Résultats!AC$183+Résultats!AC$185)/1000000 -> 21.592663 | F51: =Résultats!AC$100/1000000 -> 13.422702 | G51: =SUM(B51:F51) -> 86.395087
A52: Agriculture | B52: 0 | C52: =(Résultats!AC$139)/1000000 -> 8.3928696 | D52: ='T energie usages'!J58/'T energie usages'!J$20*(Résultats!AC$159+Résultats!AC$160+Résultats!AC$161)/1000000 -> 0.11654574 | E52: =(Résultats!AC$163)/1000000 -> 0.61065163 | F52: 0 | G52: =SUM(B52:F52) -> 9.120067
A53: Total Final MTEC | B53: =SUM(B48:B50)+B45 -> 10.861721 | C53: =SUM(C48:C50)+C45 -> 184.23303 | D53: =SUM(D48:D50)+D45 -> 13.407054 | E53: =SUM(E48:E50)+E45 -> 59.291243 | F53: =SUM(F48:F50)+F45 -> 13.422702 | G53: =SUM(B53:F53) -> 281.21575
A54: Verif | B54: =(Résultats!AC$102+Résultats!AC$129+Résultats!AC$130+Résultats!AC$131+Résultats!AC$132+Résultats!AC$133+Résultats!AC$134+Résultats!AC$135+Résultats!AC$136)/1000000 -> 10.861721 | C54: =(Résultats!AC$104+Résultats!AC$138+Résultats!AC$139+Résultats!AC$140+Résultats!AC$141+Résultats!AC$142+Résultats!AC$143+Résultats!AC$144+Résultats!AC$145+Résultats!AC$146+Résultats!AC$147+Résultats!AC$148+Résultats!AC$149+Résultats!AC$150+Résultats!AC$151+Résultats!AC$152+Résultats!AC$153+Résultats!AC$154+Résultats!AC$155+Résultats!AC$156)/1000000 -> 184.28022 | D54: =(Résultats!AC$159+Résultats!AC$160+Résultats!AC$161)/1000000 -> 13.558315 | E54: =(Résultats!AC$106+ Résultats!AC$163+Résultats!AC$164+Résultats!AC$165+Résultats!AC$166+Résultats!AC$167+Résultats!AC$168+Résultats!AC$169+Résultats!AC$170+Résultats!AC$171+Résultats!AC$172+Résultats!AC$173+Résultats!AC$174+Résultats!AC$175+Résultats!AC$176+Résultats!AC$177+Résultats!AC$178+Résultats!AC$179+Résultats!AC$180+Résultats!AC$181+Résultats!AC$182+Résultats!AC$183+Résultats!AC$185)/1000000 -> 59.880158 | F54: =Résultats!AC$100/1000000 -> 13.422702 | G54: =SUM(B54:F54) -> 282.00312
C55: =Résultats!AC$104/1000000-C46-C48 -> 0.04719226 | G55: =Résultats!AC$194/1000000 -> 282.00312
A57: 2035 | B57: coal | C57: oil | D57: elec | E57: gas | F57: decarb | G57: Total
A58: Transport | B58: =B59+B60 -> 0 | C58: =C59+C60 -> 105.23787 | D58: =D59+D60 -> 0.84866402 | E58: =E59+E60 -> 3.1366982 | F58: =F59+F60 -> 0 | G58: =SUM(B58:F58) -> 109.22324
A59: Personal vehicles | B59: 0 | C59: =Résultats!AH$256/1000000 -> 54.524532 | D59: ='T energie usages'!J64/'T energie usages'!J$20*(Résultats!AH$159+Résultats!AH$60+Résultats!AH$161)/1000000 -> 0.032559342 | E59: =Résultats!AH$257/1000000 -> 6.2335584e-05 | F59: 0 | G59: =SUM(B59:F59) -> 54.557153
A60: Public and freight transport | B60: 0 | C60: =(Résultats!AH$150+Résultats!AH$151+Résultats!AH$152+Résultats!AH$153+Résultats!AH$154)/1000000 -> 50.713342 | D60: ='T energie usages'!J65/'T energie usages'!J$20*(Résultats!AH$159+Résultats!AH$160+Résultats!AH$161)/1000000 -> 0.81610468 | E60: =(Résultats!AH$176+Résultats!AH$177+Résultats!AH$178+Résultats!AH$179+Résultats!AH$180)/1000000 -> 3.1366359 | F60: 0 | G60: =SUM(B60:F60) -> 54.666082
A61: Residential | B61: =Résultats!AH$102/1000000 -> 0.84065725 | C61: =Résultats!AH$254/1000000 -> 18.563531 | D61: ='T energie usages'!J66/'T energie usages'!J$20*(Résultats!AH$159+Résultats!AH$160+Résultats!AH$161)/1000000 -> 5.4843448 | E61: =Résultats!AH$255/1000000 -> 24.303909 | F61: 0 | G61: =SUM(B61:F61) -> 49.192441
A62: Service | B62: =(Résultats!AH$135+Résultats!AH$136)/1000000 -> 0 | C62: =(Résultats!AH$155+Résultats!AH$156)/1000000 -> 5.85517 | D62: ='T energie usages'!J67/'T energie usages'!J$20*(Résultats!AH$159+Résultats!AH$160+Résultats!AH$161)/1000000 -> 4.1734064 | E62: =(Résultats!AH$181+Résultats!AH$182)/1000000 -> 10.953291 | F62: 0 | G62: =SUM(B62:F62) -> 20.981868
A63: Industry and agriculture | B63: =B64+B65 -> 10.603218 | C63: =C64+C65 -> 48.465522 | D63: =D64+D65 -> 3.7474262 | E63: =E64+E65 -> 22.720014 | F63: =F64+F65 -> 13.756733 | G63: =SUM(B63:F63) -> 99.292913
A64: Industry | B64: =(Résultats!AH$129+Résultats!AH$130+Résultats!AH$131+Résultats!AH$132+Résultats!AH$133+Résultats!AH$134)/1000000 -> 10.603218 | C64: =(Résultats!AH$138+Résultats!AH$140+Résultats!AH$141+Résultats!AH$142+Résultats!AH$143+Résultats!AH$144+Résultats!AH$145+Résultats!AH$146+Résultats!AH$147+Résultats!AH$148+Résultats!AH$149)/1000000 -> 39.637982 | D64: ='T energie usages'!J69/'T energie usages'!J$20*(Résultats!AH$159+Résultats!AH$160+Résultats!AH$161)/1000000 -> 3.6250245 | E64: =(Résultats!AH$164+Résultats!AH$165+Résultats!AH$166+Résultats!AH$167+Résultats!AH$168+Résultats!AH$169+Résultats!AH$170+Résultats!AH$171+Résultats!AH$172+Résultats!AH$173+Résultats!AH$174+Résultats!AH$175+Résultats!AH$183+Résultats!AH$185)/1000000 -> 22.086205 | F64: =Résultats!AH$100/1000000 -> 13.756733 | G64: =SUM(B64:F64) -> 89.709162
A65: Agriculture | B65: 0 | C65: =(Résultats!AH$139)/1000000 -> 8.8275399 | D65: ='T energie usages'!J71/'T energie usages'!J$20*(Résultats!AH$159+Résultats!AH$160+Résultats!AH$161)/1000000 -> 0.12240165 | E65: =(Résultats!AH$163)/1000000 -> 0.63380892 | F65: 0 | G65: =SUM(B65:F65) -> 9.5837505
A66: Total Final MTEC | B66: =SUM(B61:B63)+B58 -> 11.443875 | C66: =SUM(C61:C63)+C58 -> 178.1221 | D66: =SUM(D61:D63)+D58 -> 14.253841 | E66: =SUM(E61:E63)+E58 -> 61.113912 | F66: =SUM(F61:F63)+F58 -> 13.756733 | G66: =SUM(B66:F66) -> 278.69046
A67: Verif | B67: =(Résultats!AH$102+Résultats!AH$129+Résultats!AH$130+Résultats!AH$131+Résultats!AH$132+Résultats!AH$133+Résultats!AH$134+Résultats!AH$135+Résultats!AH$136)/1000000 -> 11.443875 | C67: =(Résultats!AH$104+Résultats!AH$138+Résultats!AH$139+Résultats!AH$140+Résultats!AH$141+Résultats!AH$142+Résultats!AH$143+Résultats!AH$144+Résultats!AH$145+Résultats!AH$146+Résultats!AH$147+Résultats!AH$148+Résultats!AH$149+Résultats!AH$150+Résultats!AH$151+Résultats!AH$152+Résultats!AH$153+Résultats!AH$154+Résultats!AH$155+Résultats!AH$156)/1000000 -> 178.16626 | D67: =(Résultats!AH$159+Résultats!AH$160+Résultats!AH$161)/1000000 -> 13.979242 | E67: =(Résultats!AH$106+ Résultats!AH$163+Résultats!AH$164+Résultats!AH$165+Résultats!AH$166+Résultats!AH$167+Résultats!AH$168+Résultats!AH$169+Résultats!AH$170+Résultats!AH$171+Résultats!AH$172+Résultats!AH$173+Résultats!AH$174+Résultats!AH$175+Résultats!AH$176+Résultats!AH$177+Résultats!AH$178+Résultats!AH$179+Résultats!AH$180+Résultats!AH$181+Résultats!AH$182+Résultats!AH$183+Résultats!AH$185)/1000000 -> 61.713276 | F67: =Résultats!AH$100/1000000 -> 13.756733 | G67: =SUM(B67:F67) -> 279.05939
C68: =Résultats!AH$104/1000000-C59-C61 -> 0.04416724 | G68: =Résultats!AH$194/1000000 -> 279.05939
A70: 2050 | B70: coal | C70: oil | D70: elec | E70: gas | F70: decarb | G70: Total
A71: Transport | B71: =B72+B73 -> 0 | C71: =C72+C73 -> 90.339395 | D71: =D72+D73 -> 1.2297787 | E71: =E72+E73 -> 4.9280248 | F71: =F72+F73 -> 0 | G71: =SUM(B71:F71) -> 96.497198
A72: Personal vehicles | B72: 0 | C72: =Résultats!AW$256/1000000 -> 38.393321 | D72: ='T energie usages'!J77/'T energie usages'!J$20*(Résultats!AW$159+Résultats!AW$60+Résultats!AW$161)/1000000 -> 0.090997894 | E72: =Résultats!AW$257/1000000 -> 9.262857e-05 | F72: 0 | G72: =SUM(B72:F72) -> 38.484411
A73: Public and freight transport | B73: 0 | C73: =(Résultats!AW$150+Résultats!AW$151+Résultats!AW$152+Résultats!AW$153+Résultats!AW$154)/1000000 -> 51.946074 | D73: ='T energie usages'!J78/'T energie usages'!J$20*(Résultats!AW$159+Résultats!AW$160+Résultats!AW$161)/1000000 -> 1.1387808 | E73: =(Résultats!AW$176+Résultats!AW$177+Résultats!AW$178+Résultats!AW$179+Résultats!AW$180)/1000000 -> 4.9279321 | F73: 0 | G73: =SUM(B73:F73) -> 58.012787
A74: Residential | B74: =Résultats!AW$102/1000000 -> 0.69327506 | C74: =Résultats!AW$254/1000000 -> 16.824663 | D74: ='T energie usages'!J79/'T energie usages'!J$20*(Résultats!AW$159+Résultats!AW$160+Résultats!AW$161)/1000000 -> 6.2066507 | E74: =Résultats!AW$255/1000000 -> 23.086693 | F74: 0 | G74: =SUM(B74:F74) -> 46.811281
A75: Service | B75: =(Résultats!AW$135+Résultats!AW$136)/1000000 -> 0 | C75: =(Résultats!AW$155+Résultats!AW$156)/1000000 -> 5.4094301 | D75: ='T energie usages'!J80/'T energie usages'!J$20*(Résultats!AW$159+Résultats!AW$160+Résultats!AW$161)/1000000 -> 4.741056 | E75: =(Résultats!AW$181+Résultats!AW$182)/1000000 -> 8.7337025 | F75: 0 | G75: =SUM(B75:F75) -> 18.884189
A76: Industry and agriculture | B76: =B77+B78 -> 11.704825 | C76: =C77+C78 -> 52.459277 | D76: =D77+D78 -> 4.1189627 | E76: =E77+E78 -> 23.911109 | F76: =F77+F78 -> 15.345558 | G76: =SUM(B76:F76) -> 107.53973
A77: Industry | B77: =(Résultats!AW$129+Résultats!AW$130+Résultats!AW$131+Résultats!AW$132+Résultats!AW$133+Résultats!AW$134)/1000000 -> 11.704825 | C77: =(Résultats!AW$138+Résultats!AW$140+Résultats!AW$141+Résultats!AW$142+Résultats!AW$143+Résultats!AW$144+Résultats!AW$145+Résultats!AW$146+Résultats!AW$147+Résultats!AW$148+Résultats!AW$149)/1000000 -> 41.839444 | D77: ='T energie usages'!J82/'T energie usages'!J$20*(Résultats!AW$159+Résultats!AW$160+Résultats!AW$161)/1000000 -> 3.9804284 | E77: =(Résultats!AW$164+Résultats!AW$165+Résultats!AW$166+Résultats!AW$167+Résultats!AW$168+Résultats!AW$169+Résultats!AW$170+Résultats!AW$171+Résultats!AW$172+Résultats!AW$173+Résultats!AW$174+Résultats!AW$175+Résultats!AW$183+Résultats!AW$185)/1000000 -> 23.172796 | F77: =Résultats!AW$100/1000000 -> 15.345558 | G77: =SUM(B77:F77) -> 96.043051
A78: Agriculture | B78: 0 | C78: =(Résultats!AW$139)/1000000 -> 10.619834 | D78: ='T energie usages'!J84/'T energie usages'!J$20*(Résultats!AW$159+Résultats!AW$160+Résultats!AW$161)/1000000 -> 0.13853429 | E78: =(Résultats!AW$163)/1000000 -> 0.73831325 | F78: 0 | G78: =SUM(B78:F78) -> 11.496681
A79: Total Final MTEC | B79: =SUM(B74:B76)+B71 -> 12.3981 | C79: =SUM(C74:C76)+C71 -> 165.03276 | D79: =SUM(D74:D76)+D71 -> 16.296448 | E79: =SUM(E74:E76)+E71 -> 60.659529 | F79: =SUM(F74:F76)+F71 -> 15.345558 | G79: =SUM(B79:F79) -> 269.7324
A80: Verif | B80: =(Résultats!AW$102+Résultats!AW$129+Résultats!AW$130+Résultats!AW$131+Résultats!AW$132+Résultats!AW$133+Résultats!AW$134+Résultats!AW$135+Résultats!AW$136)/1000000 -> 12.3981 | C80: =(Résultats!AW$104+Résultats!AW$138+Résultats!AW$139+Résultats!AW$140+Résultats!AW$141+Résultats!AW$142+Résultats!AW$143+Résultats!AW$144+Résultats!AW$145+Résultats!AW$146+Résultats!AW$147+Résultats!AW$148+Résultats!AW$149+Résultats!AW$150+Résultats!AW$151+Résultats!AW$152+Résultats!AW$153+Résultats!AW$154+Résultats!AW$155+Résultats!AW$156)/1000000 -> 165.06613 | D80: =(Résultats!AW$159+Résultats!AW$160+Résultats!AW$161)/1000000 -> 14.877159 | E80: =(Résultats!AW$106+ Résultats!AW$163+Résultats!AW$164+Résultats!AW$165+Résultats!AW$166+Résultats!AW$167+Résultats!AW$168+Résultats!AW$169+Résultats!AW$170+Résultats!AW$171+Résultats!AW$172+Résultats!AW$173+Résultats!AW$174+Résultats!AW$175+Résultats!AW$176+Résultats!AW$177+Résultats!AW$178+Résultats!AW$179+Résultats!AW$180+Résultats!AW$181+Résultats!AW$182+Résultats!AW$183+Résultats!AW$185)/1000000 -> 61.228876 | F80: =Résultats!AW$100/1000000 -> 15.345558 | G80: =SUM(B80:F80) -> 268.91583
C81: =Résultats!AW$104/1000000-C72-C74 -> 0.03336833 | G81: =Résultats!AW$194/1000000 -> 268.91583

Sheet T parc auto
A1: Automobile - synthèse
E2: =Résultats!E1 -> 4 | F2: =Résultats!N1 -> 13 | G2: =F2+3 -> 16 | H2: =G2+1 -> 17 | I2: =H2+1 -> 18 | J2: =I2+1 -> 19 | K2: =J2+1 -> 20 | L2: =K2+1 -> 21 | M2: =L2+1 -> 22 | N2: =M2+1 -> 23 | O2: =N2+1 -> 24 | ... W2: =V2+1 -> 32 | X2: =S2+5 -> 33 | Y2: =X2+1 -> 34 | Z2: =U2+5 -> 35 | AA2: =Z2+1 -> 36 | AB2: =W2+5 -> 37 | AC2: =X2+5 -> 38 | AD2: =Y2+5 -> 39 | AE2: =Z2+5 -> 40 | AF2: =AA2+5 -> 41 | AG2: =AB2+5 -> 42 | AH2: =AC2+5 -> 43 | AI2: =AD2+5 -> 44 | ... AM2: =AH2+5 -> 48
E3: 2006 | F3: 2015 | G3: 2018 | H3: 2019 | I3: 2020 | J3: 2021 | K3: 2022 | L3: 2023 | M3: 2024 | N3: 2025 | O3: 2026 | P3: 2027 | Q3: 2028 | R3: 2029 | S3: 2030 | T3: 2031 | U3: 2032 | V3: 2033 | W3: 2034 | X3: 2035 | Y3: 2036 | Z3: 2037 | AA3: 2038 | AB3: 2039 | AC3: 2040 | AD3: 2041 | AE3: 2042 | AF3: 2043 | AG3: 2044 | AH3: 2045 | AI3: 2046 | AJ3: 2047 | AK3: 2048 | AL3: 2049 | AM3: 2050
A4: =Résultats!B1 -> TEND | C4: parc automobile (milliers) | D4: ER_AUTO_0 | E4: =E44 -> #N/A | F4: =F44 -> #N/A | G4: =G44 -> #N/A | H4: =H44 -> #N/A | I4: =I44 -> #N/A | J4: =J44 -> #N/A | K4: =K44 -> #N/A | L4: =L44 -> #N/A | ... AM4: =AM44 -> #N/A
C5: parc automobile (M) | D5: ER_AUTO_0/1000 | G5: =G4/1000 -> #N/A | H5: =H4/1000 -> #N/A | I5: =I4/1000 -> #N/A | J5: =J4/1000 -> #N/A | K5: =K4/1000 -> #N/A | L5: =L4/1000 -> #N/A | M5: =M4/1000 -> #N/A | N5: =N4/1000 -> #N/A | ... AM5: =AM4/1000 -> #N/A
C6: parc véhicules élec (%) | D6: ER_AUTO_ELEC_0/ER_AUTO_0 | G6: =G93 -> #N/A | H6: =H93 -> #N/A | I6: =I93 -> #N/A | J6: =J93 -> #N/A | K6: =K93 -> #N/A | L6: =L93 -> #N/A | M6: =M93 -> #N/A | N6: =N93 -> #N/A | ... AM6: =AM93 -> #N/A
C7: part véhicules thermiques | D7: ER_AUTO_TH_0/ER_AUTO_0 | G7: =G101 -> #N/A | H7: =H101 -> #N/A | I7: =I101 -> #N/A | J7: =J101 -> #N/A | K7: =K101 -> #N/A | L7: =L101 -> #N/A | M7: =M101 -> #N/A | N7: =N101 -> #N/A | ... AM7: =AM101 -> #N/A
C8: verif | G8: =SUM(G6:G7) -> #N/A | H8: =SUM(H6:H7) -> #N/A | I8: =SUM(I6:I7) -> #N/A | J8: =SUM(J6:J7) -> #N/A | K8: =SUM(K6:K7) -> #N/A | L8: =SUM(L6:L7) -> #N/A | M8: =SUM(M6:M7) -> #N/A | N8: =SUM(N6:N7) -> #N/A | ... AM8: =SUM(AM6:AM7) -> #N/A
I12: 2020 | J12: 2030 | K12: 2050
C13: parc véhicules élec (%) | I13: =I93 -> #N/A | J13: =S93 -> #N/A | K13: =AM93 -> #N/A
C14: Electriques | I14: =I93 -> #N/A | J14: =S93 -> #N/A | K14: =AM93 -> #N/A
C15: parc véhicules thermiques (%) | I15: =I101 -> #N/A | J15: =S101 -> #N/A | K15: =AM101 -> #N/A
C16: Faiblement émettrices | I16: =I102+I103 -> #N/A | J16: =S102+S103 -> #N/A | K16: =AM102+AM103 -> #N/A
C17: Modérément émettrices | I17: =I104+I105+I106 -> #N/A | J17: =S104+S105+S106 -> #N/A | K17: =AM104+AM105+AM106 -> #N/A
C18: Fortement émettrices | I18: =I107+I108 -> #N/A | J18: =S107+S108 -> #N/A | K18: =AM107+AM108 -> #N/A
C19: verif | I19: =SUM(I16:I18) -> #N/A | J19: =SUM(J16:J18) -> #N/A | K19: =SUM(K16:K18) -> #N/A
A24: Automobile - detail
E25: 2006 | F25: 2015 | G25: 2018 | H25: 2019 | I25: 2020 | J25: 2021 | K25: 2022 | L25: 2023 | M25: 2024 | N25: 2025 | O25: 2026 | P25: 2027 | Q25: 2028 | R25: 2029 | S25: 2030 | T25: 2031 | U25: 2032 | V25: 2033 | W25: 2034 | X25: 2035 | Y25: 2036 | Z25: 2037 | AA25: 2038 | AB25: 2039 | AC25: 2040 | AH25: 2045 | AM25: 2050
A26: =Résultats!B1 -> TEND | B26: Ventes (milliers) | C26: New vehicle sales | D26: ER_NEWAUTO_0 | E26: =VLOOKUP($D26,Résultats!$B$2:$AZ$251,E$2,FALSE) -> #N/A | F26: =VLOOKUP($D26,Résultats!$B$2:$AZ$251,F$2,FALSE) -> #N/A | G26: =VLOOKUP($D26,Résultats!$B$2:$AZ$251,G$2,FALSE) -> #N/A | H26: =VLOOKUP($D26,Résultats!$B$2:$AZ$251,H$2,FALSE) -> #N/A | I26: =VLOOKUP($D26,Résultats!$B$2:$AZ$251,I$2,FALSE) -> #N/A | J26: =VLOOKUP($D26,Résultats!$B$2:$AZ$251,J$2,FALSE) -> #N/A | K26: =VLOOKUP($D26,Résultats!$B$2:$AZ$251,K$2,FALSE) -> #N/A | L26: =VLOOKUP($D26,Résultats!$B$2:$AZ$251,L$2,FALSE) -> #N/A | ... AM26: =VLOOKUP($D26,Résultats!$B$2:$AZ$251,AM$2,FALSE) -> #N/A
C27: electric | D27: ER_NEWAUTO_ELEC_0 | E27: =VLOOKUP($D27,Résultats!$B$2:$AZ$251,E$2,FALSE) -> #N/A | F27: =VLOOKUP($D27,Résultats!$B$2:$AZ$251,F$2,FALSE) -> #N/A | G27: =VLOOKUP($D27,Résultats!$B$2:$AZ$251,G$2,FALSE) -> #N/A | H27: =VLOOKUP($D27,Résultats!$B$2:$AZ$251,H$2,FALSE) -> #N/A | I27: =VLOOKUP($D27,Résultats!$B$2:$AZ$251,I$2,FALSE) -> #N/A | J27: =VLOOKUP($D27,Résultats!$B$2:$AZ$251,J$2,FALSE) -> #N/A | K27: =VLOOKUP($D27,Résultats!$B$2:$AZ$251,K$2,FALSE) -> #N/A | L27: =VLOOKUP($D27,Résultats!$B$2:$AZ$251,L$2,FALSE) -> #N/A | ... AM27: =VLOOKUP($D27,Résultats!$B$2:$AZ$251,AM$2,FALSE) -> #N/A
C28: Class A | D28: ER_NEWAUTO_ELEC_A_0 | E28: =VLOOKUP($D28,Résultats!$B$2:$AZ$251,E$2,FALSE) -> #N/A | F28: =VLOOKUP($D28,Résultats!$B$2:$AZ$251,F$2,FALSE) -> #N/A | G28: =VLOOKUP($D28,Résultats!$B$2:$AZ$251,G$2,FALSE) -> #N/A | H28: =VLOOKUP($D28,Résultats!$B$2:$AZ$251,H$2,FALSE) -> #N/A | I28: =VLOOKUP($D28,Résultats!$B$2:$AZ$251,I$2,FALSE) -> #N/A | J28: =VLOOKUP($D28,Résultats!$B$2:$AZ$251,J$2,FALSE) -> #N/A | K28: =VLOOKUP($D28,Résultats!$B$2:$AZ$251,K$2,FALSE) -> #N/A | L28: =VLOOKUP($D28,Résultats!$B$2:$AZ$251,L$2,FALSE) -> #N/A | ... AM28: =VLOOKUP($D28,Résultats!$B$2:$AZ$251,AM$2,FALSE) -> #N/A
C29: Class B | D29: ER_NEWAUTO_ELEC_B_0 | E29: =VLOOKUP($D29,Résultats!$B$2:$AZ$251,E$2,FALSE) -> #N/A | F29: =VLOOKUP($D29,Résultats!$B$2:$AZ$251,F$2,FALSE) -> #N/A | G29: =VLOOKUP($D29,Résultats!$B$2:$AZ$251,G$2,FALSE) -> #N/A | H29: =VLOOKUP($D29,Résultats!$B$2:$AZ$251,H$2,FALSE) -> #N/A | I29: =VLOOKUP($D29,Résultats!$B$2:$AZ$251,I$2,FALSE) -> #N/A | J29: =VLOOKUP($D29,Résultats!$B$2:$AZ$251,J$2,FALSE) -> #N/A | K29: =VLOOKUP($D29,Résultats!$B$2:$AZ$251,K$2,FALSE) -> #N/A | L29: =VLOOKUP($D29,Résultats!$B$2:$AZ$251,L$2,FALSE) -> #N/A | ... AM29: =VLOOKUP($D29,Résultats!$B$2:$AZ$251,AM$2,FALSE) -> #N/A
C30: Class C | D30: ER_NEWAUTO_ELEC_C_0 | E30: =VLOOKUP($D30,Résultats!$B$2:$AZ$251,E$2,FALSE) -> #N/A | F30: =VLOOKUP($D30,Résultats!$B$2:$AZ$251,F$2,FALSE) -> #N/A | G30: =VLOOKUP($D30,Résultats!$B$2:$AZ$251,G$2,FALSE) -> #N/A | H30: =VLOOKUP($D30,Résultats!$B$2:$AZ$251,H$2,FALSE) -> #N/A | I30: =VLOOKUP($D30,Résultats!$B$2:$AZ$251,I$2,FALSE) -> #N/A | J30: =VLOOKUP($D30,Résultats!$B$2:$AZ$251,J$2,FALSE) -> #N/A | K30: =VLOOKUP($D30,Résultats!$B$2:$AZ$251,K$2,FALSE) -> #N/A | L30: =VLOOKUP($D30,Résultats!$B$2:$AZ$251,L$2,FALSE) -> #N/A | ... AM30: =VLOOKUP($D30,Résultats!$B$2:$AZ$251,AM$2,FALSE) -> #N/A
C31: Class D | D31: ER_NEWAUTO_ELEC_D_0 | E31: =VLOOKUP($D31,Résultats!$B$2:$AZ$251,E$2,FALSE) -> #N/A | F31: =VLOOKUP($D31,Résultats!$B$2:$AZ$251,F$2,FALSE) -> #N/A | G31: =VLOOKUP($D31,Résultats!$B$2:$AZ$251,G$2,FALSE) -> #N/A | H31: =VLOOKUP($D31,Résultats!$B$2:$AZ$251,H$2,FALSE) -> #N/A | I31: =VLOOKUP($D31,Résultats!$B$2:$AZ$251,I$2,FALSE) -> #N/A | J31: =VLOOKUP($D31,Résultats!$B$2:$AZ$251,J$2,FALSE) -> #N/A | K31: =VLOOKUP($D31,Résultats!$B$2:$AZ$251,K$2,FALSE) -> #N/A | L31: =VLOOKUP($D31,Résultats!$B$2:$AZ$251,L$2,FALSE) -> #N/A | ... AM31: =VLOOKUP($D31,Résultats!$B$2:$AZ$251,AM$2,FALSE) -> #N/A
C32: Class E | D32: ER_NEWAUTO_ELEC_E_0 | E32: =VLOOKUP($D32,Résultats!$B$2:$AZ$251,E$2,FALSE) -> #N/A | F32: =VLOOKUP($D32,Résultats!$B$2:$AZ$251,F$2,FALSE) -> #N/A | G32: =VLOOKUP($D32,Résultats!$B$2:$AZ$251,G$2,FALSE) -> #N/A | H32: =VLOOKUP($D32,Résultats!$B$2:$AZ$251,H$2,FALSE) -> #N/A | I32: =VLOOKUP($D32,Résultats!$B$2:$AZ$251,I$2,FALSE) -> #N/A | J32: =VLOOKUP($D32,Résultats!$B$2:$AZ$251,J$2,FALSE) -> #N/A | K32: =VLOOKUP($D32,Résultats!$B$2:$AZ$251,K$2,FALSE) -> #N/A | L32: =VLOOKUP($D32,Résultats!$B$2:$AZ$251,L$2,FALSE) -> #N/A | ... AM32: =VLOOKUP($D32,Résultats!$B$2:$AZ$251,AM$2,FALSE) -> #N/A
C33: Class F | D33: ER_NEWAUTO_ELEC_F_0 | E33: =VLOOKUP($D33,Résultats!$B$2:$AZ$251,E$2,FALSE) -> #N/A | F33: =VLOOKUP($D33,Résultats!$B$2:$AZ$251,F$2,FALSE) -> #N/A | G33: =VLOOKUP($D33,Résultats!$B$2:$AZ$251,G$2,FALSE) -> #N/A | H33: =VLOOKUP($D33,Résultats!$B$2:$AZ$251,H$2,FALSE) -> #N/A | I33: =VLOOKUP($D33,Résultats!$B$2:$AZ$251,I$2,FALSE) -> #N/A | J33: =VLOOKUP($D33,Résultats!$B$2:$AZ$251,J$2,FALSE) -> #N/A | K33: =VLOOKUP($D33,Résultats!$B$2:$AZ$251,K$2,FALSE) -> #N/A | L33: =VLOOKUP($D33,Résultats!$B$2:$AZ$251,L$2,FALSE) -> #N/A | ... AM33: =VLOOKUP($D33,Résultats!$B$2:$AZ$251,AM$2,FALSE) -> #N/A
C34: Class G | D34: ER_NEWAUTO_ELEC_G_0 | E34: =VLOOKUP($D34,Résultats!$B$2:$AZ$251,E$2,FALSE) -> #N/A | F34: =VLOOKUP($D34,Résultats!$B$2:$AZ$251,F$2,FALSE) -> #N/A | G34: =VLOOKUP($D34,Résultats!$B$2:$AZ$251,G$2,FALSE) -> #N/A | H34: =VLOOKUP($D34,Résultats!$B$2:$AZ$251,H$2,FALSE) -> #N/A | I34: =VLOOKUP($D34,Résultats!$B$2:$AZ$251,I$2,FALSE) -> #N/A | J34: =VLOOKUP($D34,Résultats!$B$2:$AZ$251,J$2,FALSE) -> #N/A | K34: =VLOOKUP($D34,Résultats!$B$2:$AZ$251,K$2,FALSE) -> #N/A | L34: =VLOOKUP($D34,Résultats!$B$2:$AZ$251,L$2,FALSE) -> #N/A | ... AM34: =VLOOKUP($D34,Résultats!$B$2:$AZ$251,AM$2,FALSE) -> #N/A
C35: Combustion | D35: ER_NEWAUTO_TH_0 | E35: =VLOOKUP($D35,Résultats!$B$2:$AZ$251,E$2,FALSE) -> #N/A | F35: =VLOOKUP($D35,Résultats!$B$2:$AZ$251,F$2,FALSE) -> #N/A | G35: =VLOOKUP($D35,Résultats!$B$2:$AZ$251,G$2,FALSE) -> #N/A | H35: =VLOOKUP($D35,Résultats!$B$2:$AZ$251,H$2,FALSE) -> #N/A | I35: =VLOOKUP($D35,Résultats!$B$2:$AZ$251,I$2,FALSE) -> #N/A | J35: =VLOOKUP($D35,Résultats!$B$2:$AZ$251,J$2,FALSE) -> #N/A | K35: =VLOOKUP($D35,Résultats!$B$2:$AZ$251,K$2,FALSE) -> #N/A | L35: =VLOOKUP($D35,Résultats!$B$2:$AZ$251,L$2,FALSE) -> #N/A | ... AM35: =VLOOKUP($D35,Résultats!$B$2:$AZ$251,AM$2,FALSE) -> #N/A
C36: Class A | D36: ER_NEWAUTO_TH_A_0 | E36: =VLOOKUP($D36,Résultats!$B$2:$AZ$251,E$2,FALSE) -> #N/A | F36: =VLOOKUP($D36,Résultats!$B$2:$AZ$251,F$2,FALSE) -> #N/A | G36: =VLOOKUP($D36,Résultats!$B$2:$AZ$251,G$2,FALSE) -> #N/A | H36: =VLOOKUP($D36,Résultats!$B$2:$AZ$251,H$2,FALSE) -> #N/A | I36: =VLOOKUP($D36,Résultats!$B$2:$AZ$251,I$2,FALSE) -> #N/A | J36: =VLOOKUP($D36,Résultats!$B$2:$AZ$251,J$2,FALSE) -> #N/A | K36: =VLOOKUP($D36,Résultats!$B$2:$AZ$251,K$2,FALSE) -> #N/A | L36: =VLOOKUP($D36,Résultats!$B$2:$AZ$251,L$2,FALSE) -> #N/A | ... AM36: =VLOOKUP($D36,Résultats!$B$2:$AZ$251,AM$2,FALSE) -> #N/A
C37: Class B | D37: ER_NEWAUTO_TH_B_0 | E37: =VLOOKUP($D37,Résultats!$B$2:$AZ$251,E$2,FALSE) -> #N/A | F37: =VLOOKUP($D37,Résultats!$B$2:$AZ$251,F$2,FALSE) -> #N/A | G37: =VLOOKUP($D37,Résultats!$B$2:$AZ$251,G$2,FALSE) -> #N/A | H37: =VLOOKUP($D37,Résultats!$B$2:$AZ$251,H$2,FALSE) -> #N/A | I37: =VLOOKUP($D37,Résultats!$B$2:$AZ$251,I$2,FALSE) -> #N/A | J37: =VLOOKUP($D37,Résultats!$B$2:$AZ$251,J$2,FALSE) -> #N/A | K37: =VLOOKUP($D37,Résultats!$B$2:$AZ$251,K$2,FALSE) -> #N/A | L37: =VLOOKUP($D37,Résultats!$B$2:$AZ$251,L$2,FALSE) -> #N/A | ... AM37: =VLOOKUP($D37,Résultats!$B$2:$AZ$251,AM$2,FALSE) -> #N/A
C38: Class C | D38: ER_NEWAUTO_TH_C_0 | E38: =VLOOKUP($D38,Résultats!$B$2:$AZ$251,E$2,FALSE) -> #N/A | F38: =VLOOKUP($D38,Résultats!$B$2:$AZ$251,F$2,FALSE) -> #N/A | G38: =VLOOKUP($D38,Résultats!$B$2:$AZ$251,G$2,FALSE) -> #N/A | H38: =VLOOKUP($D38,Résultats!$B$2:$AZ$251,H$2,FALSE) -> #N/A | I38: =VLOOKUP($D38,Résultats!$B$2:$AZ$251,I$2,FALSE) -> #N/A | J38: =VLOOKUP($D38,Résultats!$B$2:$AZ$251,J$2,FALSE) -> #N/A | K38: =VLOOKUP($D38,Résultats!$B$2:$AZ$251,K$2,FALSE) -> #N/A | L38: =VLOOKUP($D38,Résultats!$B$2:$AZ$251,L$2,FALSE) -> #N/A | ... AM38: =VLOOKUP($D38,Résultats!$B$2:$AZ$251,AM$2,FALSE) -> #N/A
... C42: Class G | D42: ER_NEWAUTO_TH_G_0 | E42: =VLOOKUP($D42,Résultats!$B$2:$AZ$251,E$2,FALSE) -> #N/A | F42: =VLOOKUP($D42,Résultats!$B$2:$AZ$251,F$2,FALSE) -> #N/A | G42: =VLOOKUP($D42,Résultats!$B$2:$AZ$251,G$2,FALSE) -> #N/A | H42: =VLOOKUP($D42,Résultats!$B$2:$AZ$251,H$2,FALSE) -> #N/A | I42: =VLOOKUP($D42,Résultats!$B$2:$AZ$251,I$2,FALSE) -> #N/A | J42: =VLOOKUP($D42,Résultats!$B$2:$AZ$251,J$2,FALSE) -> #N/A | K42: =VLOOKUP($D42,Résultats!$B$2:$AZ$251,K$2,FALSE) -> #N/A | L42: =VLOOKUP($D42,Résultats!$B$2:$AZ$251,L$2,FALSE) -> #N/A | ... AM42: =VLOOKUP($D42,Résultats!$B$2:$AZ$251,AM$2,FALSE) -> #N/A
B44: Parc (milliers) | C44: stock of vehicles | D44: ER_AUTO_0 | E44: =VLOOKUP($D49,Résultats!$B$2:$AZ$212,E$2,FALSE) -> #N/A | F44: =VLOOKUP($D49,Résultats!$B$2:$AZ$212,F$2,FALSE) -> #N/A | G44: =VLOOKUP($D49,Résultats!$B$2:$AZ$212,G$2,FALSE) -> #N/A | H44: =VLOOKUP($D49,Résultats!$B$2:$AZ$212,H$2,FALSE) -> #N/A | I44: =VLOOKUP($D49,Résultats!$B$2:$AZ$212,I$2,FALSE) -> #N/A | J44: =VLOOKUP($D49,Résultats!$B$2:$AZ$212,J$2,FALSE) -> #N/A | K44: =VLOOKUP($D49,Résultats!$B$2:$AZ$212,K$2,FALSE) -> #N/A | L44: =VLOOKUP($D49,Résultats!$B$2:$AZ$212,L$2,FALSE) -> #N/A | ... AM44: =VLOOKUP($D49,Résultats!$B$2:$AZ$212,AM$2,FALSE) -> #N/A
C45: Coal | D45: ER_AUTO_COAL_0 | E45: =VLOOKUP($D45,Résultats!$B$2:$AZ$212,E$2,FALSE) -> #N/A | F45: =VLOOKUP($D45,Résultats!$B$2:$AZ$212,F$2,FALSE) -> #N/A | G45: =VLOOKUP($D45,Résultats!$B$2:$AZ$212,G$2,FALSE) -> #N/A | H45: =VLOOKUP($D45,Résultats!$B$2:$AZ$212,H$2,FALSE) -> #N/A | I45: =VLOOKUP($D45,Résultats!$B$2:$AZ$212,I$2,FALSE) -> #N/A | J45: =VLOOKUP($D45,Résultats!$B$2:$AZ$212,J$2,FALSE) -> #N/A | K45: =VLOOKUP($D45,Résultats!$B$2:$AZ$212,K$2,FALSE) -> #N/A | L45: =VLOOKUP($D45,Résultats!$B$2:$AZ$212,L$2,FALSE) -> #N/A | ... AM45: =VLOOKUP($D45,Résultats!$B$2:$AZ$212,AM$2,FALSE) -> #N/A
C46: Fuel | D46: ER_AUTO_TH_0 | E46: =VLOOKUP($D46,Résultats!$B$2:$AZ$212,E$2,FALSE) -> #N/A | F46: =VLOOKUP($D46,Résultats!$B$2:$AZ$212,F$2,FALSE) -> #N/A | G46: =VLOOKUP($D46,Résultats!$B$2:$AZ$212,G$2,FALSE) -> #N/A | H46: =VLOOKUP($D46,Résultats!$B$2:$AZ$212,H$2,FALSE) -> #N/A | I46: =VLOOKUP($D46,Résultats!$B$2:$AZ$212,I$2,FALSE) -> #N/A | J46: =VLOOKUP($D46,Résultats!$B$2:$AZ$212,J$2,FALSE) -> #N/A | K46: =VLOOKUP($D46,Résultats!$B$2:$AZ$212,K$2,FALSE) -> #N/A | L46: =VLOOKUP($D46,Résultats!$B$2:$AZ$212,L$2,FALSE) -> #N/A | ... AM46: =VLOOKUP($D46,Résultats!$B$2:$AZ$212,AM$2,FALSE) -> #N/A
C47: Electricity | D47: ER_AUTO_ELEC_0 | E47: =VLOOKUP($D47,Résultats!$B$2:$AZ$212,E$2,FALSE) -> #N/A | F47: =VLOOKUP($D47,Résultats!$B$2:$AZ$212,F$2,FALSE) -> #N/A | G47: =VLOOKUP($D47,Résultats!$B$2:$AZ$212,G$2,FALSE) -> #N/A | H47: =VLOOKUP($D47,Résultats!$B$2:$AZ$212,H$2,FALSE) -> #N/A | I47: =VLOOKUP($D47,Résultats!$B$2:$AZ$212,I$2,FALSE) -> #N/A | J47: =VLOOKUP($D47,Résultats!$B$2:$AZ$212,J$2,FALSE) -> #N/A | K47: =VLOOKUP($D47,Résultats!$B$2:$AZ$212,K$2,FALSE) -> #N/A | L47: =VLOOKUP($D47,Résultats!$B$2:$AZ$212,L$2,FALSE) -> #N/A | ... AM47: =VLOOKUP($D47,Résultats!$B$2:$AZ$212,AM$2,FALSE) -> #N/A
C48: Gas | D48: ER_AUTO_GAS_0 | E48: =VLOOKUP($D48,Résultats!$B$2:$AZ$212,E$2,FALSE) -> #N/A | F48: =VLOOKUP($D48,Résultats!$B$2:$AZ$212,F$2,FALSE) -> #N/A | G48: =VLOOKUP($D48,Résultats!$B$2:$AZ$212,G$2,FALSE) -> #N/A | H48: =VLOOKUP($D48,Résultats!$B$2:$AZ$212,H$2,FALSE) -> #N/A | I48: =VLOOKUP($D48,Résultats!$B$2:$AZ$212,I$2,FALSE) -> #N/A | J48: =VLOOKUP($D48,Résultats!$B$2:$AZ$212,J$2,FALSE) -> #N/A | K48: =VLOOKUP($D48,Résultats!$B$2:$AZ$212,K$2,FALSE) -> #N/A | L48: =VLOOKUP($D48,Résultats!$B$2:$AZ$212,L$2,FALSE) -> #N/A | ... AM48: =VLOOKUP($D48,Résultats!$B$2:$AZ$212,AM$2,FALSE) -> #N/A
C49: stock of vehicles | D49: ER_AUTO_0 | E49: =VLOOKUP($D49,Résultats!$B$2:$AZ$212,E$2,FALSE) -> #N/A | F49: =VLOOKUP($D49,Résultats!$B$2:$AZ$212,F$2,FALSE) -> #N/A | G49: =VLOOKUP($D49,Résultats!$B$2:$AZ$212,G$2,FALSE) -> #N/A | H49: =VLOOKUP($D49,Résultats!$B$2:$AZ$212,H$2,FALSE) -> #N/A | I49: =VLOOKUP($D49,Résultats!$B$2:$AZ$212,I$2,FALSE) -> #N/A | J49: =VLOOKUP($D49,Résultats!$B$2:$AZ$212,J$2,FALSE) -> #N/A | K49: =VLOOKUP($D49,Résultats!$B$2:$AZ$212,K$2,FALSE) -> #N/A | L49: =VLOOKUP($D49,Résultats!$B$2:$AZ$212,L$2,FALSE) -> #N/A | ... AM49: =VLOOKUP($D49,Résultats!$B$2:$AZ$212,AM$2,FALSE) -> #N/A
C50: electric | D50: ER_AUTO_ELEC_0 | E50: =VLOOKUP($D50,Résultats!$B$2:$AZ$212,E$2,FALSE) -> #N/A | F50: =VLOOKUP($D50,Résultats!$B$2:$AZ$212,F$2,FALSE) -> #N/A | G50: =VLOOKUP($D50,Résultats!$B$2:$AZ$212,G$2,FALSE) -> #N/A | H50: =VLOOKUP($D50,Résultats!$B$2:$AZ$212,H$2,FALSE) -> #N/A | I50: =VLOOKUP($D50,Résultats!$B$2:$AZ$212,I$2,FALSE) -> #N/A | J50: =VLOOKUP($D50,Résultats!$B$2:$AZ$212,J$2,FALSE) -> #N/A | K50: =VLOOKUP($D50,Résultats!$B$2:$AZ$212,K$2,FALSE) -> #N/A | L50: =VLOOKUP($D50,Résultats!$B$2:$AZ$212,L$2,FALSE) -> #N/A | ... AM50: =VLOOKUP($D50,Résultats!$B$2:$AZ$212,AM$2,FALSE) -> #N/A
C51: Class A | D51: ER_AUTO_ELEC_A_0 | E51: =VLOOKUP($D51,Résultats!$B$2:$AZ$212,E$2,FALSE) -> #N/A | F51: =VLOOKUP($D51,Résultats!$B$2:$AZ$212,F$2,FALSE) -> #N/A | G51: =VLOOKUP($D51,Résultats!$B$2:$AZ$212,G$2,FALSE) -> #N/A | H51: =VLOOKUP($D51,Résultats!$B$2:$AZ$212,H$2,FALSE) -> #N/A | I51: =VLOOKUP($D51,Résultats!$B$2:$AZ$212,I$2,FALSE) -> #N/A | J51: =VLOOKUP($D51,Résultats!$B$2:$AZ$212,J$2,FALSE) -> #N/A | K51: =VLOOKUP($D51,Résultats!$B$2:$AZ$212,K$2,FALSE) -> #N/A | L51: =VLOOKUP($D51,Résultats!$B$2:$AZ$212,L$2,FALSE) -> #N/A | ... AM51: =VLOOKUP($D51,Résultats!$B$2:$AZ$212,AM$2,FALSE) -> #N/A
C52: Class B | D52: ER_AUTO_ELEC_B_0 | E52: =VLOOKUP($D52,Résultats!$B$2:$AZ$212,E$2,FALSE) -> #N/A | F52: =VLOOKUP($D52,Résultats!$B$2:$AZ$212,F$2,FALSE) -> #N/A | G52: =VLOOKUP($D52,Résultats!$B$2:$AZ$212,G$2,FALSE) -> #N/A | H52: =VLOOKUP($D52,Résultats!$B$2:$AZ$212,H$2,FALSE) -> #N/A | I52: =VLOOKUP($D52,Résultats!$B$2:$AZ$212,I$2,FALSE) -> #N/A | J52: =VLOOKUP($D52,Résultats!$B$2:$AZ$212,J$2,FALSE) -> #N/A | K52: =VLOOKUP($D52,Résultats!$B$2:$AZ$212,K$2,FALSE) -> #N/A | L52: =VLOOKUP($D52,Résultats!$B$2:$AZ$212,L$2,FALSE) -> #N/A | ... AM52: =VLOOKUP($D52,Résultats!$B$2:$AZ$212,AM$2,FALSE) -> #N/A
C53: Class C | D53: ER_AUTO_ELEC_C_0 | E53: =VLOOKUP($D53,Résultats!$B$2:$AZ$212,E$2,FALSE) -> #N/A | F53: =VLOOKUP($D53,Résultats!$B$2:$AZ$212,F$2,FALSE) -> #N/A | G53: =VLOOKUP($D53,Résultats!$B$2:$AZ$212,G$2,FALSE) -> #N/A | H53: =VLOOKUP($D53,Résultats!$B$2:$AZ$212,H$2,FALSE) -> #N/A | I53: =VLOOKUP($D53,Résultats!$B$2:$AZ$212,I$2,FALSE) -> #N/A | J53: =VLOOKUP($D53,Résultats!$B$2:$AZ$212,J$2,FALSE) -> #N/A | K53: =VLOOKUP($D53,Résultats!$B$2:$AZ$212,K$2,FALSE) -> #N/A | L53: =VLOOKUP($D53,Résultats!$B$2:$AZ$212,L$2,FALSE) -> #N/A | ... AM53: =VLOOKUP($D53,Résultats!$B$2:$AZ$212,AM$2,FALSE) -> #N/A
C54: Class D | D54: ER_AUTO_ELEC_D_0 | E54: =VLOOKUP($D54,Résultats!$B$2:$AZ$212,E$2,FALSE) -> #N/A | F54: =VLOOKUP($D54,Résultats!$B$2:$AZ$212,F$2,FALSE) -> #N/A | G54: =VLOOKUP($D54,Résultats!$B$2:$AZ$212,G$2,FALSE) -> #N/A | H54: =VLOOKUP($D54,Résultats!$B$2:$AZ$212,H$2,FALSE) -> #N/A | I54: =VLOOKUP($D54,Résultats!$B$2:$AZ$212,I$2,FALSE) -> #N/A | J54: =VLOOKUP($D54,Résultats!$B$2:$AZ$212,J$2,FALSE) -> #N/A | K54: =VLOOKUP($D54,Résultats!$B$2:$AZ$212,K$2,FALSE) -> #N/A | L54: =VLOOKUP($D54,Résultats!$B$2:$AZ$212,L$2,FALSE) -> #N/A | ... AM54: =VLOOKUP($D54,Résultats!$B$2:$AZ$212,AM$2,FALSE) -> #N/A
C55: Class E | D55: ER_AUTO_ELEC_E_0 | E55: =VLOOKUP($D55,Résultats!$B$2:$AZ$212,E$2,FALSE) -> #N/A | F55: =VLOOKUP($D55,Résultats!$B$2:$AZ$212,F$2,FALSE) -> #N/A | G55: =VLOOKUP($D55,Résultats!$B$2:$AZ$212,G$2,FALSE) -> #N/A | H55: =VLOOKUP($D55,Résultats!$B$2:$AZ$212,H$2,FALSE) -> #N/A | I55: =VLOOKUP($D55,Résultats!$B$2:$AZ$212,I$2,FALSE) -> #N/A | J55: =VLOOKUP($D55,Résultats!$B$2:$AZ$212,J$2,FALSE) -> #N/A | K55: =VLOOKUP($D55,Résultats!$B$2:$AZ$212,K$2,FALSE) -> #N/A | L55: =VLOOKUP($D55,Résultats!$B$2:$AZ$212,L$2,FALSE) -> #N/A | ... AM55: =VLOOKUP($D55,Résultats!$B$2:$AZ$212,AM$2,FALSE) -> #N/A
C56: Class F | D56: ER_AUTO_ELEC_F_0 | E56: =VLOOKUP($D56,Résultats!$B$2:$AZ$212,E$2,FALSE) -> #N/A | F56: =VLOOKUP($D56,Résultats!$B$2:$AZ$212,F$2,FALSE) -> #N/A | G56: =VLOOKUP($D56,Résultats!$B$2:$AZ$212,G$2,FALSE) -> #N/A | H56: =VLOOKUP($D56,Résultats!$B$2:$AZ$212,H$2,FALSE) -> #N/A | I56: =VLOOKUP($D56,Résultats!$B$2:$AZ$212,I$2,FALSE) -> #N/A | J56: =VLOOKUP($D56,Résultats!$B$2:$AZ$212,J$2,FALSE) -> #N/A | K56: =VLOOKUP($D56,Résultats!$B$2:$AZ$212,K$2,FALSE) -> #N/A | L56: =VLOOKUP($D56,Résultats!$B$2:$AZ$212,L$2,FALSE) -> #N/A | ... AM56: =VLOOKUP($D56,Résultats!$B$2:$AZ$212,AM$2,FALSE) -> #N/A
... C65: Class G | D65: ER_AUTO_TH_G_0 | E65: =VLOOKUP($D65,Résultats!$B$2:$AZ$212,E$2,FALSE) -> #N/A | F65: =VLOOKUP($D65,Résultats!$B$2:$AZ$212,F$2,FALSE) -> #N/A | G65: =VLOOKUP($D65,Résultats!$B$2:$AZ$212,G$2,FALSE) -> #N/A | H65: =VLOOKUP($D65,Résultats!$B$2:$AZ$212,H$2,FALSE) -> #N/A | I65: =VLOOKUP($D65,Résultats!$B$2:$AZ$212,I$2,FALSE) -> #N/A | J65: =VLOOKUP($D65,Résultats!$B$2:$AZ$212,J$2,FALSE) -> #N/A | K65: =VLOOKUP($D65,Résultats!$B$2:$AZ$212,K$2,FALSE) -> #N/A | L65: =VLOOKUP($D65,Résultats!$B$2:$AZ$212,L$2,FALSE) -> #N/A | ... AM65: =VLOOKUP($D65,Résultats!$B$2:$AZ$212,AM$2,FALSE) -> #N/A
E68: 2016 | F68: 2017 | G68: 2018 | H68: 2019 | I68: 2020 | J68: 2021 | K68: 2022 | L68: 2023 | M68: 2024 | N68: 2025 | O68: 2026 | P68: 2027 | Q68: 2028 | R68: 2029 | S68: 2030 | T68: 2031 | U68: 2032 | V68: 2033 | W68: 2034 | X68: 2035 | Y68: 2036 | Z68: 2037 | AA68: 2038 | AB68: 2039 | AC68: 2040 | AD68: 2041 | AE68: 2042 | AF68: 2043 | AG68: 2044 | AH68: 2045 | AI68: 2046 | AJ68: 2047 | AK68: 2048 | AL68: 2049 | AM68: 2050
B69: Ventes (%) | C69: New vehicle sales | D69: ER_NEWAUTO_0 | E69: =E26 -> #N/A | F69: =F26 -> #N/A | G69: =G26 -> #N/A | H69: =H26 -> #N/A | I69: =I26 -> #N/A | J69: =J26 -> #N/A | K69: =K26 -> #N/A | L69: =L26 -> #N/A | ... AM69: =AM26 -> #N/A
C70: electric | D70: ER_NEWAUTO_ELEC_0/ER_NEWAUTO_0 | E70: =E27/E$26 -> #N/A | F70: =F27/F$26 -> #N/A | G70: =G27/G$26 -> #N/A | H70: =H27/H$26 -> #N/A | I70: =I27/I$26 -> #N/A | J70: =J27/J$26 -> #N/A | K70: =K27/K$26 -> #N/A | L70: =L27/L$26 -> #N/A | ... AM70: =AM27/AM$26 -> #N/A
C71: Class A | D71: ER_NEWAUTO_ELEC_A_0/ER_NEWAUTO_0 | E71: =E28/E$26 -> #N/A | F71: =F28/F$26 -> #N/A | G71: =G28/G$26 -> #N/A | H71: =H28/H$26 -> #N/A | I71: =I28/I$26 -> #N/A | J71: =J28/J$26 -> #N/A | K71: =K28/K$26 -> #N/A | L71: =L28/L$26 -> #N/A | ... AM71: =AM28/AM$26 -> #N/A
C72: Class B | D72: ER_NEWAUTO_ELEC_B_0/ER_NEWAUTO_0 | E72: =E29/E$26 -> #N/A | F72: =F29/F$26 -> #N/A | G72: =G29/G$26 -> #N/A | H72: =H29/H$26 -> #N/A | I72: =I29/I$26 -> #N/A | J72: =J29/J$26 -> #N/A | K72: =K29/K$26 -> #N/A | L72: =L29/L$26 -> #N/A | ... AM72: =AM29/AM$26 -> #N/A
C73: Class C | D73: ER_NEWAUTO_ELEC_C_0/ER_NEWAUTO_0 | E73: =E30/E$26 -> #N/A | F73: =F30/F$26 -> #N/A | G73: =G30/G$26 -> #N/A | H73: =H30/H$26 -> #N/A | I73: =I30/I$26 -> #N/A | J73: =J30/J$26 -> #N/A | K73: =K30/K$26 -> #N/A | L73: =L30/L$26 -> #N/A | ... AM73: =AM30/AM$26 -> #N/A
C74: Class D | D74: ER_NEWAUTO_ELEC_D_0/ER_NEWAUTO_0 | E74: =E31/E$26 -> #N/A | F74: =F31/F$26 -> #N/A | G74: =G31/G$26 -> #N/A | H74: =H31/H$26 -> #N/A | I74: =I31/I$26 -> #N/A | J74: =J31/J$26 -> #N/A | K74: =K31/K$26 -> #N/A | L74: =L31/L$26 -> #N/A | ... AM74: =AM31/AM$26 -> #N/A
C75: Class E | D75: ER_NEWAUTO_ELEC_E_0/ER_NEWAUTO_0 | E75: =E32/E$26 -> #N/A | F75: =F32/F$26 -> #N/A | G75: =G32/G$26 -> #N/A | H75: =H32/H$26 -> #N/A | I75: =I32/I$26 -> #N/A | J75: =J32/J$26 -> #N/A | K75: =K32/K$26 -> #N/A | L75: =L32/L$26 -> #N/A | ... AM75: =AM32/AM$26 -> #N/A
C76: Class F | D76: ER_NEWAUTO_ELEC_F_0/ER_NEWAUTO_0 | E76: =E33/E$26 -> #N/A | F76: =F33/F$26 -> #N/A | G76: =G33/G$26 -> #N/A | H76: =H33/H$26 -> #N/A | I76: =I33/I$26 -> #N/A | J76: =J33/J$26 -> #N/A | K76: =K33/K$26 -> #N/A | L76: =L33/L$26 -> #N/A | ... AM76: =AM33/AM$26 -> #N/A
C77: Class G | D77: ER_NEWAUTO_ELEC_G_0/ER_NEWAUTO_0 | E77: =E34/E$26 -> #N/A | F77: =F34/F$26 -> #N/A | G77: =G34/G$26 -> #N/A | H77: =H34/H$26 -> #N/A | I77: =I34/I$26 -> #N/A | J77: =J34/J$26 -> #N/A | K77: =K34/K$26 -> #N/A | L77: =L34/L$26 -> #N/A | ... AM77: =AM34/AM$26 -> #N/A
C78: Combustion | D78: ER_NEWAUTO_TH_0/ER_NEWAUTO_0 | E78: =E35/E$26 -> #N/A | F78: =F35/F$26 -> #N/A | G78: =G35/G$26 -> #N/A | H78: =H35/H$26 -> #N/A | I78: =I35/I$26 -> #N/A | J78: =J35/J$26 -> #N/A | K78: =K35/K$26 -> #N/A | L78: =L35/L$26 -> #N/A | ... AM78: =AM35/AM$26 -> #N/A
C79: Class A | D79: ER_NEWAUTO_TH_A_0/ER_NEWAUTO_0 | E79: =E36/E$26 -> #N/A | F79: =F36/F$26 -> #N/A | G79: =G36/G$26 -> #N/A | H79: =H36/H$26 -> #N/A | I79: =I36/I$26 -> #N/A | J79: =J36/J$26 -> #N/A | K79: =K36/K$26 -> #N/A | L79: =L36/L$26 -> #N/A | ... AM79: =AM36/AM$26 -> #N/A
C80: Class B | D80: ER_NEWAUTO_TH_B_0/ER_NEWAUTO_0 | E80: =E37/E$26 -> #N/A | F80: =F37/F$26 -> #N/A | G80: =G37/G$26 -> #N/A | H80: =H37/H$26 -> #N/A | I80: =I37/I$26 -> #N/A | J80: =J37/J$26 -> #N/A | K80: =K37/K$26 -> #N/A | L80: =L37/L$26 -> #N/A | ... AM80: =AM37/AM$26 -> #N/A
C81: Class C | D81: ER_NEWAUTO_TH_C_0/ER_NEWAUTO_0 | E81: =E38/E$26 -> #N/A | F81: =F38/F$26 -> #N/A | G81: =G38/G$26 -> #N/A | H81: =H38/H$26 -> #N/A | I81: =I38/I$26 -> #N/A | J81: =J38/J$26 -> #N/A | K81: =K38/K$26 -> #N/A | L81: =L38/L$26 -> #N/A | ... AM81: =AM38/AM$26 -> #N/A
... C85: Class G | D85: ER_NEWAUTO_TH_G_0/ER_NEWAUTO_0 | E85: =E42/E$26 -> #N/A | F85: =F42/F$26 -> #N/A | G85: =G42/G$26 -> #N/A | H85: =H42/H$26 -> #N/A | I85: =I42/I$26 -> #N/A | J85: =J42/J$26 -> #N/A | K85: =K42/K$26 -> #N/A | L85: =L42/L$26 -> #N/A | ... AM85: =AM42/AM$26 -> #N/A
B87: Parc (%) | C87: stock of vehicles | D87: ER_AUTO_0 | E87: =E44 -> #N/A | F87: =F44 -> #N/A | G87: =G44 -> #N/A | H87: =H44 -> #N/A | I87: =I44 -> #N/A | J87: =J44 -> #N/A | K87: =K44 -> #N/A | L87: =L44 -> #N/A | ... AM87: =AM44 -> #N/A
C88: Coal | D88: ER_AUTO_COAL_0/ER_AUTO_0 | E88: =E45/E$44 -> #N/A | F88: =F45/F$44 -> #N/A | G88: =G45/G$44 -> #N/A | H88: =H45/H$44 -> #N/A | I88: =I45/I$44 -> #N/A | J88: =J45/J$44 -> #N/A | K88: =K45/K$44 -> #N/A | L88: =L45/L$44 -> #N/A | ... AM88: =AM45/AM$44 -> #N/A
C89: Fuel | D89: ER_AUTO_TH_0/ER_AUTO_0 | E89: =E46/E$44 -> #N/A | F89: =F46/F$44 -> #N/A | G89: =G46/G$44 -> #N/A | H89: =H46/H$44 -> #N/A | I89: =I46/I$44 -> #N/A | J89: =J46/J$44 -> #N/A | K89: =K46/K$44 -> #N/A | L89: =L46/L$44 -> #N/A | ... AM89: =AM46/AM$44 -> #N/A
C90: Electricity | D90: ER_AUTO_ELEC_0/ER_AUTO_0 | E90: =E47/E$44 -> #N/A | F90: =F47/F$44 -> #N/A | G90: =G47/G$44 -> #N/A | H90: =H47/H$44 -> #N/A | I90: =I47/I$44 -> #N/A | J90: =J47/J$44 -> #N/A | K90: =K47/K$44 -> #N/A | L90: =L47/L$44 -> #N/A | ... AM90: =AM47/AM$44 -> #N/A
C91: Gas | D91: ER_AUTO_GAS_0/ER_AUTO_0 | E91: =E48/E$44 -> #N/A | F91: =F48/F$44 -> #N/A | G91: =G48/G$44 -> #N/A | H91: =H48/H$44 -> #N/A | I91: =I48/I$44 -> #N/A | J91: =J48/J$44 -> #N/A | K91: =K48/K$44 -> #N/A | L91: =L48/L$44 -> #N/A | ... AM91: =AM48/AM$44 -> #N/A
C92: stock of vehicles | D92: ER_AUTO_0 | E92: =E44 -> #N/A | F92: =F44 -> #N/A | G92: =G44 -> #N/A | H92: =H44 -> #N/A | I92: =I44 -> #N/A | J92: =J44 -> #N/A | K92: =K44 -> #N/A | L92: =L44 -> #N/A | ... AM92: =AM44 -> #N/A
C93: electric | D93: ER_AUTO_ELEC_0/ER_AUTO_0 | E93: =E50/E$49 -> #N/A | F93: =F50/F$49 -> #N/A | G93: =G50/G$49 -> #N/A | H93: =H50/H$49 -> #N/A | I93: =I50/I$49 -> #N/A | J93: =J50/J$49 -> #N/A | K93: =K50/K$49 -> #N/A | L93: =L50/L$49 -> #N/A | ... AM93: =AM50/AM$49 -> #N/A
C94: Class A | D94: ER_AUTO_ELEC_A_0/ER_AUTO_0 | E94: =E51/E$49 -> #N/A | F94: =F51/F$49 -> #N/A | G94: =G51/G$49 -> #N/A | H94: =H51/H$49 -> #N/A | I94: =I51/I$49 -> #N/A | J94: =J51/J$49 -> #N/A | K94: =K51/K$49 -> #N/A | L94: =L51/L$49 -> #N/A | ... AM94: =AM51/AM$49 -> #N/A
C95: Class B | D95: ER_AUTO_ELEC_B_0/ER_AUTO_0 | E95: =E52/E$49 -> #N/A | F95: =F52/F$49 -> #N/A | G95: =G52/G$49 -> #N/A | H95: =H52/H$49 -> #N/A | I95: =I52/I$49 -> #N/A | J95: =J52/J$49 -> #N/A | K95: =K52/K$49 -> #N/A | L95: =L52/L$49 -> #N/A | ... AM95: =AM52/AM$49 -> #N/A
C96: Class C | D96: ER_AUTO_ELEC_C_0/ER_AUTO_0 | E96: =E53/E$49 -> #N/A | F96: =F53/F$49 -> #N/A | G96: =G53/G$49 -> #N/A | H96: =H53/H$49 -> #N/A | I96: =I53/I$49 -> #N/A | J96: =J53/J$49 -> #N/A | K96: =K53/K$49 -> #N/A | L96: =L53/L$49 -> #N/A | ... AM96: =AM53/AM$49 -> #N/A
C97: Class D | D97: ER_AUTO_ELEC_D_0/ER_AUTO_0 | E97: =E54/E$49 -> #N/A | F97: =F54/F$49 -> #N/A | G97: =G54/G$49 -> #N/A | H97: =H54/H$49 -> #N/A | I97: =I54/I$49 -> #N/A | J97: =J54/J$49 -> #N/A | K97: =K54/K$49 -> #N/A | L97: =L54/L$49 -> #N/A | ... AM97: =AM54/AM$49 -> #N/A
C98: Class E | D98: ER_AUTO_ELEC_E_0/ER_AUTO_0 | E98: =E55/E$49 -> #N/A | F98: =F55/F$49 -> #N/A | G98: =G55/G$49 -> #N/A | H98: =H55/H$49 -> #N/A | I98: =I55/I$49 -> #N/A | J98: =J55/J$49 -> #N/A | K98: =K55/K$49 -> #N/A | L98: =L55/L$49 -> #N/A | ... AM98: =AM55/AM$49 -> #N/A
C99: Class F | D99: ER_AUTO_ELEC_F_0/ER_AUTO_0 | E99: =E56/E$49 -> #N/A | F99: =F56/F$49 -> #N/A | G99: =G56/G$49 -> #N/A | H99: =H56/H$49 -> #N/A | I99: =I56/I$49 -> #N/A | J99: =J56/J$49 -> #N/A | K99: =K56/K$49 -> #N/A | L99: =L56/L$49 -> #N/A | ... AM99: =AM56/AM$49 -> #N/A
C100: Class G | D100: ER_AUTO_ELEC_G_0/ER_AUTO_0 | E100: =E57/E$49 -> #N/A | F100: =F57/F$49 -> #N/A | G100: =G57/G$49 -> #N/A | H100: =H57/H$49 -> #N/A | I100: =I57/I$49 -> #N/A | J100: =J57/J$49 -> #N/A | K100: =K57/K$49 -> #N/A | L100: =L57/L$49 -> #N/A | ... AM100: =AM57/AM$49 -> #N/A
C101: Combustion | D101: ER_AUTO_TH_0/ER_AUTO_0 | E101: =E58/E$49 -> #N/A | F101: =F58/F$49 -> #N/A | G101: =G58/G$49 -> #N/A | H101: =H58/H$49 -> #N/A | I101: =I58/I$49 -> #N/A | J101: =J58/J$49 -> #N/A | K101: =K58/K$49 -> #N/A | L101: =L58/L$49 -> #N/A | ... AM101: =AM58/AM$49 -> #N/A
C102: Class A | D102: ER_AUTO_TH_A_0/ER_AUTO_0 | E102: =E59/E$49 -> #N/A | F102: =F59/F$49 -> #N/A | G102: =G59/G$49 -> #N/A | H102: =H59/H$49 -> #N/A | I102: =I59/I$49 -> #N/A | J102: =J59/J$49 -> #N/A | K102: =K59/K$49 -> #N/A | L102: =L59/L$49 -> #N/A | ... AM102: =AM59/AM$49 -> #N/A
C103: Class B | D103: ER_AUTO_TH_B_0/ER_AUTO_0 | E103: =E60/E$49 -> #N/A | F103: =F60/F$49 -> #N/A | G103: =G60/G$49 -> #N/A | H103: =H60/H$49 -> #N/A | I103: =I60/I$49 -> #N/A | J103: =J60/J$49 -> #N/A | K103: =K60/K$49 -> #N/A | L103: =L60/L$49 -> #N/A | ... AM103: =AM60/AM$49 -> #N/A
C104: Class C | D104: ER_AUTO_TH_C_0/ER_AUTO_0 | E104: =E61/E$49 -> #N/A | F104: =F61/F$49 -> #N/A | G104: =G61/G$49 -> #N/A | H104: =H61/H$49 -> #N/A | I104: =I61/I$49 -> #N/A | J104: =J61/J$49 -> #N/A | K104: =K61/K$49 -> #N/A | L104: =L61/L$49 -> #N/A | ... AM104: =AM61/AM$49 -> #N/A
... C108: Class G | D108: ER_AUTO_TH_G_0/ER_AUTO_0 | E108: =E65/E$49 -> #N/A | F108: =F65/F$49 -> #N/A | G108: =G65/G$49 -> #N/A | H108: =H65/H$49 -> #N/A | I108: =I65/I$49 -> #N/A | J108: =J65/J$49 -> #N/A | K108: =K65/K$49 -> #N/A | L108: =L65/L$49 -> #N/A | ... AM108: =AM65/AM$49 -> #N/A

Sheet T logement
A1: Logement
E2: ='T energie vecteurs'!E5 -> 4 | F2: =E2+9 -> 13 | G2: =F2+3 -> 16 | H2: =G2+1 -> 17 | I2: =H2+1 -> 18 | J2: =I2+1 -> 19 | K2: =J2+1 -> 20 | L2: =K2+1 -> 21 | M2: =L2+1 -> 22 | N2: =M2+1 -> 23 | O2: =N2+1 -> 24 | ... S2: =R2+1 -> 28 | T2: =S2+5 -> 33 | U2: =T2+5 -> 38 | V2: =U2+5 -> 43 | W2: =V2+5 -> 48
E3: 2006 | F3: 2015 | G3: 2018 | H3: 2019 | I3: 2020 | J3: 2021 | K3: 2022 | L3: 2023 | M3: 2024 | N3: 2025 | O3: 2026 | P3: 2027 | Q3: 2028 | R3: 2029 | S3: 2030 | T3: 2035 | U3: 2040 | V3: 2045 | W3: 2050
A4: =Résultats!B1 -> TEND | B4: Parc logement (m²) | C4: Total | D4: ER_BUIL_0 | E4: =VLOOKUP($D4,Résultats!$B$2:$AX$212,E$2,FALSE) -> #N/A | F4: =VLOOKUP($D4,Résultats!$B$2:$AX$212,F$2,FALSE) -> #N/A | G4: =VLOOKUP($D4,Résultats!$B$2:$AX$212,G$2,FALSE)/1000000 -> #N/A | H4: =VLOOKUP($D4,Résultats!$B$2:$AX$212,H$2,FALSE)/1000000 -> #N/A | I4: =VLOOKUP($D4,Résultats!$B$2:$AX$212,I$2,FALSE)/1000000 -> #N/A | J4: =VLOOKUP($D4,Résultats!$B$2:$AX$212,J$2,FALSE)/1000000 -> #N/A | K4: =VLOOKUP($D4,Résultats!$B$2:$AX$212,K$2,FALSE)/1000000 -> #N/A | L4: =VLOOKUP($D4,Résultats!$B$2:$AX$212,L$2,FALSE)/1000000 -> #N/A | M4: =VLOOKUP($D4,Résultats!$B$2:$AX$212,M$2,FALSE)/1000000 -> #N/A | N4: =VLOOKUP($D4,Résultats!$B$2:$AX$212,N$2,FALSE)/1000000 -> #N/A | ... W4: =VLOOKUP($D4,Résultats!$B$2:$AX$212,W$2,FALSE)/1000000 -> #N/A
C5: Class A | D5: ER_BUIL_A_0 | E5: =VLOOKUP($D5,Résultats!$B$2:$AX$212,E$2,FALSE) -> #N/A | F5: =VLOOKUP($D5,Résultats!$B$2:$AX$212,F$2,FALSE) -> #N/A | G5: =VLOOKUP($D5,Résultats!$B$2:$AX$212,G$2,FALSE)/1000000 -> #N/A | H5: =VLOOKUP($D5,Résultats!$B$2:$AX$212,H$2,FALSE)/1000000 -> #N/A | I5: =VLOOKUP($D5,Résultats!$B$2:$AX$212,I$2,FALSE)/1000000 -> #N/A | J5: =VLOOKUP($D5,Résultats!$B$2:$AX$212,J$2,FALSE)/1000000 -> #N/A | K5: =VLOOKUP($D5,Résultats!$B$2:$AX$212,K$2,FALSE)/1000000 -> #N/A | L5: =VLOOKUP($D5,Résultats!$B$2:$AX$212,L$2,FALSE)/1000000 -> #N/A | M5: =VLOOKUP($D5,Résultats!$B$2:$AX$212,M$2,FALSE)/1000000 -> #N/A | N5: =VLOOKUP($D5,Résultats!$B$2:$AX$212,N$2,FALSE)/1000000 -> #N/A | ... W5: =VLOOKUP($D5,Résultats!$B$2:$AX$212,W$2,FALSE)/1000000 -> #N/A
C6: Class B | D6: ER_BUIL_B_0 | E6: =VLOOKUP($D6,Résultats!$B$2:$AX$212,E$2,FALSE) -> #N/A | F6: =VLOOKUP($D6,Résultats!$B$2:$AX$212,F$2,FALSE) -> #N/A | G6: =VLOOKUP($D6,Résultats!$B$2:$AX$212,G$2,FALSE)/1000000 -> #N/A | H6: =VLOOKUP($D6,Résultats!$B$2:$AX$212,H$2,FALSE)/1000000 -> #N/A | I6: =VLOOKUP($D6,Résultats!$B$2:$AX$212,I$2,FALSE)/1000000 -> #N/A | J6: =VLOOKUP($D6,Résultats!$B$2:$AX$212,J$2,FALSE)/1000000 -> #N/A | K6: =VLOOKUP($D6,Résultats!$B$2:$AX$212,K$2,FALSE)/1000000 -> #N/A | L6: =VLOOKUP($D6,Résultats!$B$2:$AX$212,L$2,FALSE)/1000000 -> #N/A | M6: =VLOOKUP($D6,Résultats!$B$2:$AX$212,M$2,FALSE)/1000000 -> #N/A | N6: =VLOOKUP($D6,Résultats!$B$2:$AX$212,N$2,FALSE)/1000000 -> #N/A | ... W6: =VLOOKUP($D6,Résultats!$B$2:$AX$212,W$2,FALSE)/1000000 -> #N/A
C7: Class C | D7: ER_BUIL_C_0 | E7: =VLOOKUP($D7,Résultats!$B$2:$AX$212,E$2,FALSE) -> #N/A | F7: =VLOOKUP($D7,Résultats!$B$2:$AX$212,F$2,FALSE) -> #N/A | G7: =VLOOKUP($D7,Résultats!$B$2:$AX$212,G$2,FALSE)/1000000 -> #N/A | H7: =VLOOKUP($D7,Résultats!$B$2:$AX$212,H$2,FALSE)/1000000 -> #N/A | I7: =VLOOKUP($D7,Résultats!$B$2:$AX$212,I$2,FALSE)/1000000 -> #N/A | J7: =VLOOKUP($D7,Résultats!$B$2:$AX$212,J$2,FALSE)/1000000 -> #N/A | K7: =VLOOKUP($D7,Résultats!$B$2:$AX$212,K$2,FALSE)/1000000 -> #N/A | L7: =VLOOKUP($D7,Résultats!$B$2:$AX$212,L$2,FALSE)/1000000 -> #N/A | M7: =VLOOKUP($D7,Résultats!$B$2:$AX$212,M$2,FALSE)/1000000 -> #N/A | N7: =VLOOKUP($D7,Résultats!$B$2:$AX$212,N$2,FALSE)/1000000 -> #N/A | ... W7: =VLOOKUP($D7,Résultats!$B$2:$AX$212,W$2,FALSE)/1000000 -> #N/A
C8: Class D | D8: ER_BUIL_D_0 | E8: =VLOOKUP($D8,Résultats!$B$2:$AX$212,E$2,FALSE) -> #N/A | F8: =VLOOKUP($D8,Résultats!$B$2:$AX$212,F$2,FALSE) -> #N/A | G8: =VLOOKUP($D8,Résultats!$B$2:$AX$212,G$2,FALSE)/1000000 -> #N/A | H8: =VLOOKUP($D8,Résultats!$B$2:$AX$212,H$2,FALSE)/1000000 -> #N/A | I8: =VLOOKUP($D8,Résultats!$B$2:$AX$212,I$2,FALSE)/1000000 -> #N/A | J8: =VLOOKUP($D8,Résultats!$B$2:$AX$212,J$2,FALSE)/1000000 -> #N/A | K8: =VLOOKUP($D8,Résultats!$B$2:$AX$212,K$2,FALSE)/1000000 -> #N/A | L8: =VLOOKUP($D8,Résultats!$B$2:$AX$212,L$2,FALSE)/1000000 -> #N/A | M8: =VLOOKUP($D8,Résultats!$B$2:$AX$212,M$2,FALSE)/1000000 -> #N/A | N8: =VLOOKUP($D8,Résultats!$B$2:$AX$212,N$2,FALSE)/1000000 -> #N/A | ... W8: =VLOOKUP($D8,Résultats!$B$2:$AX$212,W$2,FALSE)/1000000 -> #N/A
C9: Class E | D9: ER_BUIL_E_0 | E9: =VLOOKUP($D9,Résultats!$B$2:$AX$212,E$2,FALSE) -> #N/A | F9: =VLOOKUP($D9,Résultats!$B$2:$AX$212,F$2,FALSE) -> #N/A | G9: =VLOOKUP($D9,Résultats!$B$2:$AX$212,G$2,FALSE)/1000000 -> #N/A | H9: =VLOOKUP($D9,Résultats!$B$2:$AX$212,H$2,FALSE)/1000000 -> #N/A | I9: =VLOOKUP($D9,Résultats!$B$2:$AX$212,I$2,FALSE)/1000000 -> #N/A | J9: =VLOOKUP($D9,Résultats!$B$2:$AX$212,J$2,FALSE)/1000000 -> #N/A | K9: =VLOOKUP($D9,Résultats!$B$2:$AX$212,K$2,FALSE)/1000000 -> #N/A | L9: =VLOOKUP($D9,Résultats!$B$2:$AX$212,L$2,FALSE)/1000000 -> #N/A | M9: =VLOOKUP($D9,Résultats!$B$2:$AX$212,M$2,FALSE)/1000000 -> #N/A | N9: =VLOOKUP($D9,Résultats!$B$2:$AX$212,N$2,FALSE)/1000000 -> #N/A | ... W9: =VLOOKUP($D9,Résultats!$B$2:$AX$212,W$2,FALSE)/1000000 -> #N/A
C10: Class F | D10: ER_BUIL_F_0 | E10: =VLOOKUP($D10,Résultats!$B$2:$AX$212,E$2,FALSE) -> #N/A | F10: =VLOOKUP($D10,Résultats!$B$2:$AX$212,F$2,FALSE) -> #N/A | G10: =VLOOKUP($D10,Résultats!$B$2:$AX$212,G$2,FALSE)/1000000 -> #N/A | H10: =VLOOKUP($D10,Résultats!$B$2:$AX$212,H$2,FALSE)/1000000 -> #N/A | I10: =VLOOKUP($D10,Résultats!$B$2:$AX$212,I$2,FALSE)/1000000 -> #N/A | J10: =VLOOKUP($D10,Résultats!$B$2:$AX$212,J$2,FALSE)/1000000 -> #N/A | K10: =VLOOKUP($D10,Résultats!$B$2:$AX$212,K$2,FALSE)/1000000 -> #N/A | L10: =VLOOKUP($D10,Résultats!$B$2:$AX$212,L$2,FALSE)/1000000 -> #N/A | M10: =VLOOKUP($D10,Résultats!$B$2:$AX$212,M$2,FALSE)/1000000 -> #N/A | N10: =VLOOKUP($D10,Résultats!$B$2:$AX$212,N$2,FALSE)/1000000 -> #N/A | ... W10: =VLOOKUP($D10,Résultats!$B$2:$AX$212,W$2,FALSE)/1000000 -> #N/A
C11: Class G | D11: ER_BUIL_G_0 | E11: =VLOOKUP($D11,Résultats!$B$2:$AX$212,E$2,FALSE) -> #N/A | F11: =VLOOKUP($D11,Résultats!$B$2:$AX$212,F$2,FALSE) -> #N/A | G11: =VLOOKUP($D11,Résultats!$B$2:$AX$212,G$2,FALSE)/1000000 -> #N/A | H11: =VLOOKUP($D11,Résultats!$B$2:$AX$212,H$2,FALSE)/1000000 -> #N/A | I11: =VLOOKUP($D11,Résultats!$B$2:$AX$212,I$2,FALSE)/1000000 -> #N/A | J11: =VLOOKUP($D11,Résultats!$B$2:$AX$212,J$2,FALSE)/1000000 -> #N/A | K11: =VLOOKUP($D11,Résultats!$B$2:$AX$212,K$2,FALSE)/1000000 -> #N/A | L11: =VLOOKUP($D11,Résultats!$B$2:$AX$212,L$2,FALSE)/1000000 -> #N/A | M11: =VLOOKUP($D11,Résultats!$B$2:$AX$212,M$2,FALSE)/1000000 -> #N/A | N11: =VLOOKUP($D11,Résultats!$B$2:$AX$212,N$2,FALSE)/1000000 -> #N/A | ... W11: =VLOOKUP($D11,Résultats!$B$2:$AX$212,W$2,FALSE)/1000000 -> #N/A
E14: 2006 | F14: 2015 | G14: 2018 | H14: 2019 | I14: 2020 | J14: 2021 | K14: 2022 | L14: 2023 | M14: 2024 | N14: 2025 | O14: 2026 | P14: 2027 | Q14: 2028 | R14: 2029 | S14: 2030 | T14: 2035 | U14: 2040 | V14: 2045 | W14: 2050
B15: Parc logement (%) | C15: stock of housing and % | D15: ER_BUIL_0 | E15: =E4/100 -> #N/A | F15: =F4/100 -> #N/A | G15: =G4*1000/100 -> #N/A | H15: =H4*1000/100 -> #N/A | I15: =I4*1000/100 -> #N/A | J15: =J4*1000/100 -> #N/A | K15: =K4*1000/100 -> #N/A | L15: =L4*1000/100 -> #N/A | M15: =M4*1000/100 -> #N/A | N15: =N4*1000/100 -> #N/A | ... W15: =W4*1000/100 -> #N/A | Y15: Cf. onglet "G parc logt"
C16: Class A | D16: ER_BUIL_A_0 | E16: =E5/E$4 -> #N/A | F16: =F5/F$4 -> #N/A | G16: =G5/G$4 -> #N/A | H16: =H5/H$4 -> #N/A | I16: =I5/I$4 -> #N/A | J16: =J5/J$4 -> #N/A | K16: =K5/K$4 -> #N/A | L16: =L5/L$4 -> #N/A | ... W16: =W5/W$4 -> #N/A | Z16: 2020 | AA16: 2030 | AB16: 2050
C17: Class B | D17: ER_BUIL_B_0 | E17: =E6/E$4 -> #N/A | F17: =F6/F$4 -> #N/A | G17: =G6/G$4 -> #N/A | H17: =H6/H$4 -> #N/A | I17: =I6/I$4 -> #N/A | J17: =J6/J$4 -> #N/A | K17: =K6/K$4 -> #N/A | L17: =L6/L$4 -> #N/A | ... W17: =W6/W$4 -> #N/A | Y17: Basse consommation | Z17: =I16+I17 -> #N/A | AA17: =S16+S17 -> #N/A | AB17: =W16+W17 -> #N/A
C18: Class C | D18: ER_BUIL_C_0 | E18: =E7/E$4 -> #N/A | F18: =F7/F$4 -> #N/A | G18: =G7/G$4 -> #N/A | H18: =H7/H$4 -> #N/A | I18: =I7/I$4 -> #N/A | J18: =J7/J$4 -> #N/A | K18: =K7/K$4 -> #N/A | L18: =L7/L$4 -> #N/A | ... W18: =W7/W$4 -> #N/A | Y18: Consommation modérée | Z18: =I18+I19+I20 -> #N/A | AA18: =S18+S19+S20 -> #N/A | AB18: =W18+W19+W20 -> #N/A
C19: Class D | D19: ER_BUIL_D_0 | E19: =E8/E$4 -> #N/A | F19: =F8/F$4 -> #N/A | G19: =G8/G$4 -> #N/A | H19: =H8/H$4 -> #N/A | I19: =I8/I$4 -> #N/A | J19: =J8/J$4 -> #N/A | K19: =K8/K$4 -> #N/A | L19: =L8/L$4 -> #N/A | ... W19: =W8/W$4 -> #N/A | Y19: Passoires énergétiques | Z19: =I21+I22 -> #N/A | AA19: =S21+S22 -> #N/A | AB19: =W21+W22 -> #N/A
C20: Class E | D20: ER_BUIL_E_0 | E20: =E9/E$4 -> #N/A | F20: =F9/F$4 -> #N/A | G20: =G9/G$4 -> #N/A | H20: =H9/H$4 -> #N/A | I20: =I9/I$4 -> #N/A | J20: =J9/J$4 -> #N/A | K20: =K9/K$4 -> #N/A | L20: =L9/L$4 -> #N/A | ... W20: =W9/W$4 -> #N/A | Y20: Total | Z20: =SUM(Z17:Z19) -> #N/A | AA20: =SUM(AA17:AA19) -> #N/A | AB20: =SUM(AB17:AB19) -> #N/A
C21: Class F | D21: ER_BUIL_F_0 | E21: =E10/E$4 -> #N/A | F21: =F10/F$4 -> #N/A | G21: =G10/G$4 -> #N/A | H21: =H10/H$4 -> #N/A | I21: =I10/I$4 -> #N/A | J21: =J10/J$4 -> #N/A | K21: =K10/K$4 -> #N/A | L21: =L10/L$4 -> #N/A | ... W21: =W10/W$4 -> #N/A
C22: Class G | D22: ER_BUIL_G_0 | E22: =E11/E$4 -> #N/A | F22: =F11/F$4 -> #N/A | G22: =G11/G$4 -> #N/A | H22: =H11/H$4 -> #N/A | I22: =I11/I$4 -> #N/A | J22: =J11/J$4 -> #N/A | K22: =K11/K$4 -> #N/A | L22: =L11/L$4 -> #N/A | ... W22: =W11/W$4 -> #N/A

Sheet Table Graphs
B4: =Résultats!B1&" : Energie finale par usage et énergie primaire (Mtep)" -> TEND : Energie finale par usage et énergie primaire (Mtep)
B5: =Résultats!B1&" : Ventilation du mix electrique (%)" -> TEND : Ventilation du mix electrique (%)
B6: =Résultats!B1&" : Ventilation du mix carburant (%)" -> TEND : Ventilation du mix carburant (%)
B7: =Résultats!B1&" : Ventilation du mix gaz (%)" -> TEND : Ventilation du mix gaz (%)
B8: =Résultats!B1&" : Emissions CO2 (Mt.eqCO2)" -> TEND : Emissions CO2 (Mt.eqCO2)
B9: =Résultats!B1&" : Ventilation du parc auto (%)" -> TEND : Ventilation du parc auto (%)
B10: =Résultats!B1&" : Ventilation du parc de logements (%)" -> TEND : Ventilation du parc de logements (%)
