Workbook

Sheet Totaux
B2: AME 23
B4: TWh | C4: 2020 | D4: =C4+5 -> 2025 | E4: =D4+5 -> 2030 | F4: =E4+5 -> 2035 | G4: =F4+5 -> 2040 | H4: =G4+5 -> 2045 | I4: =H4+5 -> 2050 | W4: Mtep
P5: TWh | Q5: 2015 | R5: 2020 | S5: 2025 | T5: 2030 | U5: 2050 | W5: 2015 | X5: 2020 | Y5: 2025 | Z5: 2030 | AA5: 2050
B6: ECS | C6: =R_ECS!B14+R_ECS!C43 -> 49.129385 | D6: =(C6+E6)/2 -> 49.4546 | E6: =R_ECS!D14+R_ECS!D43 -> 49.779815 | F6: =(E6+G6)/2 -> 49.620371 | G6: =R_ECS!F14+R_ECS!E43 -> 49.460927 | H6: =(G6+I6)/2 -> 49.055332 | I6: =R_ECS!H14+R_ECS!F43 -> 48.649738 | P6: Chauffage | Q6: =W6*11.628 -> 321.53814 | R6: =X6*11.628 -> 307.72005 | S6: =Y6*11.628 -> 285.54398 | T6: =Z6*11.628 -> 261.6378 | U6: =AA6*11.628 -> 155.05819 | W6: 27.652059 | X6: 26.463713 | Y6: 24.556586 | Z6: 22.500671 | AA6: 13.334898
B7: Cuisson | C7: =R_cuisson!B14+R_cuisson!C40 -> 24.09936 | D7: =(C7+E7)/2 -> 23.146468 | E7: =R_cuisson!D14+R_cuisson!D40 -> 22.193575 | F7: =(E7+G7)/2 -> 21.637578 | G7: =R_cuisson!F14+R_cuisson!E40 -> 21.081582 | H7: =(G7+I7)/2 -> 20.413097 | I7: =R_cuisson!H14+R_cuisson!F40 -> 19.744613 | P7: Eau chaude | Q7: =W7*11.628 -> 52.025482 | R7: =X7*11.628 -> 48.056087 | S7: =Y7*11.628 -> 42.443622 | T7: =Z7*11.628 -> 37.550538 | U7: =AA7*11.628 -> 35.904142 | W7: 4.4741557 | X7: 4.1327904 | Y7: 3.6501223 | Z7: 3.2293204 | AA7: 3.0877315
B8: Elec spé | C8: ='R_Elec spé'!B15+'R_Elec spé'!C21 -> 73.620614 | D8: =(C8+E8)/2 -> 74.876967 | E8: ='R_Elec spé'!D15+'R_Elec spé'!D21 -> 76.133319 | F8: =(E8+G8)/2 -> 77.447126 | G8: ='R_Elec spé'!F15+'R_Elec spé'!E21 -> 78.760932 | H8: =(G8+I8)/2 -> 79.695606 | I8: ='R_Elec spé'!H15+'R_Elec spé'!F21 -> 80.630281 | P8: Cuisson | Q8: =W8*11.628 -> 31.24703 | R8: =X8*11.628 -> 31.225948 | S8: =Y8*11.628 -> 30.981911 | T8: =Z8*11.628 -> 30.602612 | U8: =AA8*11.628 -> 28.394068 | W8: 2.6872231 | X8: 2.6854101 | Y8: 2.664423 | Z8: 2.6318036 | AA8: 2.4418703
B9: Clim | C9: =R_climatisation!F30 -> 4.6932108 | D9: =(C9+E9)/2 -> 5.7932544 | E9: =R_climatisation!G30 -> 6.8932981 | F9: =(E9+G9)/2 -> 8.2388141 | G9: =R_climatisation!H30 -> 9.5843302 | H9: =(G9+I9)/2 -> 10.438396 | I9: =R_climatisation!I30 -> 11.292461 | P9: Eclairage | Q9: =W9*11.628 -> 8.1568282 | R9: =X9*11.628 -> 6.8268205 | S9: =Y9*11.628 -> 5.3705087 | T9: =Z9*11.628 -> 3.798482 | U9: =AA9*11.628 -> 2.8562628 | W9: 0.70148161 | X9: 0.58710186 | Y9: 0.46186005 | Z9: 0.32666684 | AA9: 0.24563664
B10: Total hors chauffage | C10: =SUM(C6:C9) -> 151.54257 | D10: =SUM(D6:D9) -> 153.27129 | E10: =SUM(E6:E9) -> 155.00001 | F10: =SUM(F6:F9) -> 156.94389 | G10: =SUM(G6:G9) -> 158.88777 | H10: =SUM(H6:H9) -> 159.60243 | I10: =SUM(I6:I9) -> 160.31709 | P10: Electricité specifique | Q10: =W10*11.628 -> 63.780201 | R10: =X10*11.628 -> 60.668787 | S10: =Y10*11.628 -> 57.22313 | T10: =Z10*11.628 -> 53.545028 | U10: =AA10*11.628 -> 49.969383 | W10: 5.4850534 | X10: 5.2174739 | Y10: 4.9211498 | Z10: 4.6048356 | AA10: 4.2973326
P11: Climatisation | Q11: =W11*11.628 -> 0.57198351 | R11: =X11*11.628 -> 0.71934073 | S11: =Y11*11.628 -> 1.1045287 | T11: =Z11*11.628 -> 1.379845 | U11: =AA11*11.628 -> 2.985898 | W11: 0.049190188 | X11: 0.061862808 | Y11: 0.094988711 | Z11: 0.11866572 | AA11: 0.25678518
P12: Total Hors chauffage | Q12: =SUM(Q7:Q11) -> 155.78153 | R12: =SUM(R7:R11) -> 147.49698 | S12: =SUM(S7:S11) -> 137.1237 | T12: =SUM(T7:T11) -> 126.8765 | U12: =SUM(U7:U11) -> 120.10975
B13: AMS 2023 | W13: Mtep
P14: TWh | Q14: 2015 | R14: 2020 | S14: 2025 | T14: 2030 | U14: 2050 | W14: 2015 | X14: 2020 | Y14: 2025 | Z14: 2030 | AA14: 2050
B15: TWh | C15: 2020 | D15: =C15+5 -> 2025 | E15: =D15+5 -> 2030 | F15: =E15+5 -> 2035 | G15: =F15+5 -> 2040 | H15: =G15+5 -> 2045 | I15: =H15+5 -> 2050 | P15: Chauffage | Q15: =W15*11.628 -> 113.9161 | R15: =X15*11.628 -> 102.45605 | S15: =Y15*11.628 -> 90.244806 | T15: =Z15*11.628 -> 77.473451 | U15: =AA15*11.628 -> 53.354952 | W15: 9.7967066 | X15: 8.8111495 | Y15: 7.7609912 | Z15: 6.6626634 | AA15: 4.5884891
P16: Autres usages thermiques | Q16: =W16*11.628 -> 37.252442 | R16: =X16*11.628 -> 39.756033 | S16: =Y16*11.628 -> 39.615202 | T16: =Z16*11.628 -> 38.396927 | U16: =AA16*11.628 -> 30.030318 | W16: 3.2036844 | X16: 3.4189915 | Y16: 3.4068801 | Z16: 3.3021093 | AA16: 2.5825867
B17: ECS | C17: =R_ECS!O14+R_ECS!P43 -> 49.253901 | D17: =(C17+E17)/2 -> 48.569652 | E17: =R_ECS!Q14+R_ECS!Q43 -> 47.885402 | F17: =(E17+G17)/2 -> 43.857073 | G17: =R_ECS!S14+R_ECS!R43 -> 39.828744 | H17: =(G17+I17)/2 -> 35.588765 | I17: =R_ECS!U14+R_ECS!S43 -> 31.348786 | P17: Climatisation | Q17: =W17*11.628 -> 5.9104759 | R17: =X17*11.628 -> 6.1456086 | S17: =Y17*11.628 -> 6.0011118 | T17: =Z17*11.628 -> 6.0843137 | U17: =AA17*11.628 -> 6.3618763 | W17: 0.50829686 | X17: 0.52851811 | Y17: 0.51609149 | Z17: 0.5232468 | AA17: 0.54711699
B18: Cuisson | C18: =R_cuisson!O14+R_cuisson!P40 -> 24.160087 | D18: =(C18+E18)/2 -> 23.10587 | E18: =R_cuisson!Q14+R_cuisson!Q40 -> 22.051653 | F18: =(E18+G18)/2 -> 20.939917 | G18: =R_cuisson!S14+R_cuisson!R40 -> 19.828181 | H18: =(G18+I18)/2 -> 18.615004 | I18: =R_cuisson!U14+R_cuisson!S40 -> 17.401827 | P18: Electricité specifique | Q18: =W18*11.628 -> 98.270281 | R18: =X18*11.628 -> 97.609227 | S18: =Y18*11.628 -> 91.138061 | T18: =Z18*11.628 -> 84.196573 | U18: =AA18*11.628 -> 71.413666 | W18: 8.4511766 | X18: 8.3943263 | Y18: 7.8378105 | Z18: 7.2408473 | AA18: 6.1415261
B19: Elec spé | C19: ='R_Elec spé'!O18+'R_Elec spé'!P24 -> 73.806027 | D19: =(C19+E19)/2 -> 70.009398 | E19: ='R_Elec spé'!Q18+'R_Elec spé'!Q24 -> 66.212769 | F19: =(E19+G19)/2 -> 62.61786 | G19: ='R_Elec spé'!S18+'R_Elec spé'!R24 -> 59.022951 | H19: =(G19+I19)/2 -> 55.199374 | I19: ='R_Elec spé'!U18+'R_Elec spé'!S24 -> 51.375797 | P19: Total hors chauffage | Q19: =SUM(Q16:Q18) -> 141.4332 | R19: =SUM(R16:R18) -> 143.51087 | S19: =SUM(S16:S18) -> 136.75437 | T19: =SUM(T16:T18) -> 128.67781 | U19: =SUM(U16:U18) -> 107.80586
B20: Clim | C20: =R_climatisation!S40 -> 0 | D20: =(C20+E20)/2 -> 0 | E20: =R_climatisation!T40 -> 0 | F20: =(E20+G20)/2 -> 0 | G20: =R_climatisation!U40 -> 0 | H20: =(G20+I20)/2 -> 0 | I20: =R_climatisation!V40 -> 0
B21: Total hors chauffage | C21: =SUM(C17:C20) -> 147.22001 | D21: =SUM(D17:D20) -> 141.68492 | E21: =SUM(E17:E20) -> 136.14982 | F21: =SUM(F17:F20) -> 127.41485 | G21: =SUM(G17:G20) -> 118.67988 | H21: =SUM(H17:H20) -> 109.40314 | I21: =SUM(I17:I20) -> 100.12641

Sheet R_ECS
A1: Périmètre géographique : | B1: FR métropole
A2: Périmètre sectoriel : | B2: Résidentiel (résidences principales, secondaires et logements vacants)
A3: Unités : | B3: TWh
A4: Gaz (PCI/PCS, réseau/naturel/vert) : | B4: N.A.
A5: Données historiques : | B5: CEREN
B7: AME | O7: AMS
A9: 1. Résidences principales
B10: 2020 | C10: =B10+5 -> 2025 | D10: =C10+5 -> 2030 | E10: =D10+5 -> 2035 | F10: =E10+5 -> 2040 | G10: =F10+5 -> 2045 | H10: =G10+5 -> 2050 | O10: 2020 | P10: =O10+5 -> 2025 | Q10: =P10+5 -> 2030 | R10: =Q10+5 -> 2035 | S10: =R10+5 -> 2040 | T10: =S10+5 -> 2045 | U10: =T10+5 -> 2050
A11: ECS (kWh/hab/an) | B11: 732 | C11: 728.5 | D11: 725 | E11: 718.75 | F11: 712.5 | G11: 706.25 | H11: 700 | N11: ECS (kWh/hab/an) | O11: 732 | P11: 716 | Q11: 700 | R11: 637.5 | S11: 575 | T11: 512.5 | U11: 450
A12: Population métropolitaine (Mhab) | B12: 65.150088 | C12: 65.818452 | D12: 66.381695 | E12: 66.74584 | F12: 66.908551 | G12: 66.968285 | H12: 66.828311 | N12: Population métropolitaine (Mhab) | O12: 65.320191 | P12: 65.867327 | Q12: 66.45135 | R12: 66.835909 | S12: 67.022388 | T12: 67.109411 | U12: 66.999161
A14: Conso (TWh ef) | B14: =B12*B11/1000 -> 47.689864 | C14: =C12*C11/1000 -> 47.948742 | D14: =D12*D11/1000 -> 48.126729 | E14: =E12*E11/1000 -> 47.973573 | F14: =F12*F11/1000 -> 47.672343 | G14: =G12*G11/1000 -> 47.296351 | H14: =H12*H11/1000 -> 46.779818 | N14: Conso (TWh ef) | O14: =O12*O11/1000 -> 47.81438 | P14: =P12*P11/1000 -> 47.161006 | Q14: =Q12*Q11/1000 -> 46.515945 | R14: =R12*R11/1000 -> 42.607892 | S14: =S12*S11/1000 -> 38.537873 | T14: =T12*T11/1000 -> 34.393573 | U14: =U12*U11/1000 -> 30.149622
AB15: Mix chauff
B16: AME | C16: Électricité | D16: PAC/CET | E16: Réseau de chaleur | F16: Charbon | G16: Pétrole/GPL | H16: Gaz naturel | I16: Biomasse | J16: Biogaz | K16: Renouvelables thermiques | L16: Chaleur Environnement | O16: AMS | P16: Électricité | Q16: PAC/CET | R16: Réseau de chaleur | S16: Charbon | T16: Pétrole/GPL | U16: Gaz naturel | V16: Biomasse | W16: Biogaz | X16: Renouvelables thermiques | Y16: Chaleur Environnement | AB16: Électricité | AC16: PAC/CET | AD16: Réseau de chaleur | AE16: Charbon | AF16: Pétrole/GPL | AG16: Gaz naturel | AH16: Biomasse | AI16: Biogaz | AJ16: Renouvelables thermiques | AK16: Chaleur Environnement
A17: Mix ECS | B17: 2020 | C17: 0.416 | D17: 0.04 | E17: 0.0804 | G17: 0.1176 | H17: 0.3287 | I17: 0.0147 | K17: 0.003 | N17: Mix ECS | O17: 2020 | P17: 0.416 | Q17: 0.04 | R17: 0.0804 | T17: 0.1176 | U17: 0.328 | V17: 0.015 | X17: 0.003 | Z17: =SUM(P17:Y17) -> 1 | AB17: ='Mix chauffage Res irf'!E15/SUM('Mix chauffage Res irf'!E2,'Mix chauffage Res irf'!E3,'Mix chauffage Res irf'!E6,'Mix chauffage Res irf'!E7,'Mix chauffage Res irf'!E10,'Mix chauffage Res irf'!E15) -> 0.16869666 | AD17: ='Mix chauffage Res irf'!E2/SUM('Mix chauffage Res irf'!E2,'Mix chauffage Res irf'!E3,'Mix chauffage Res irf'!E6,'Mix chauffage Res irf'!E7,'Mix chauffage Res irf'!E10,'Mix chauffage Res irf'!E15) -> 0.044017177 | AG17: ='Mix chauffage Res irf'!E3/SUM('Mix chauffage Res irf'!E2,'Mix chauffage Res irf'!E3,'Mix chauffage Res irf'!E6,'Mix chauffage Res irf'!E7,'Mix chauffage Res irf'!E10,'Mix chauffage Res irf'!E15) -> 0.34986741
B18: =B17+5 -> 2025 | C18: 0.428 | D18: 0.04 | E18: 0.0852 | G18: 0.0838 | H18: 0.33935 | I18: 0.01235 | K18: 0.0115 | O18: =O17+5 -> 2025 | P18: 0.445 | Q18: 0.06 | R18: 0.095 | T18: 0.065 | U18: 0.3 | V18: 0.025 | X18: 0.01 | Z18: =SUM(P18:Y18) -> 1
B19: =B18+5 -> 2030 | C19: 0.44 | D19: 0.04 | E19: 0.09 | G19: 0.05 | H19: 0.35 | I19: 0.01 | K19: 0.02 | O19: =O18+5 -> 2030 | P19: 0.49 | Q19: 0.085 | R19: 0.12 | T19: 0.01 | U19: 0.24 | V19: 0.035 | X19: 0.02 | Z19: =SUM(P19:Y19) -> 1 | AD19: ='Mix chauffage Res irf'!L2/SUM('Mix chauffage Res irf'!L2,'Mix chauffage Res irf'!L3,'Mix chauffage Res irf'!L6,'Mix chauffage Res irf'!L7,'Mix chauffage Res irf'!L10,'Mix chauffage Res irf'!L15) -> 0.11369618
B20: =B19+5 -> 2035 | C20: 0.44125 | D20: 0.04 | E20: 0.0925 | G20: 0.04 | H20: 0.3575 | I20: 0.00875 | K20: 0.02 | O20: =O19+5 -> 2035 | P20: 0.44 | Q20: 0.125 | R20: 0.145 | T20: 0.005 | U20: 0.21 | V20: 0.04 | X20: 0.035 | Z20: =SUM(P20:Y20) -> 1 | AD20: ='Mix chauffage Res irf'!Q2/SUM('Mix chauffage Res irf'!Q2,'Mix chauffage Res irf'!Q3,'Mix chauffage Res irf'!Q7,'Mix chauffage Res irf'!Q10,'Mix chauffage Res irf'!Q15) -> 0.19820476
B21: =B20+5 -> 2040 | C21: 0.4425 | D21: 0.04 | E21: 0.095 | G21: 0.03 | H21: 0.365 | I21: 0.0075 | K21: 0.02 | O21: =O20+5 -> 2040 | P21: 0.385 | Q21: 0.19 | R21: 0.15 | T21: 0 | U21: 0.18 | V21: 0.045 | X21: 0.05 | Z21: =SUM(P21:Y21) -> 1
B22: =B21+5 -> 2045 | C22: 0.44375 | D22: 0.04 | E22: 0.0975 | G22: 0.02 | H22: 0.3725 | I22: 0.00625 | K22: 0.02 | O22: =O21+5 -> 2045 | P22: 0.305 | Q22: 0.28 | R22: 0.15 | T22: 0 | U22: 0.15 | V22: 0.05 | X22: 0.065 | Z22: =SUM(P22:Y22) -> 1
B23: =B22+5 -> 2050 | C23: 0.445 | D23: 0.04 | E23: 0.1 | G23: 0.01 | H23: 0.38 | I23: 0.005 | K23: 0.02 | O23: =O22+5 -> 2050 | P23: 0.245 | Q23: 0.37 | R23: 0.15 | T23: 0 | U23: 0.1 | V23: 0.055 | X23: 0.08 | Z23: =SUM(P23:Y23) -> 1 | AB23: ='Mix chauffage Res irf'!AF15/SUM('Mix chauffage Res irf'!AF2,'Mix chauffage Res irf'!AF3,'Mix chauffage Res irf'!AF7,'Mix chauffage Res irf'!AF10,'Mix chauffage Res irf'!AF15) -> 0.034650104 | AG23: ='Mix chauffage Res irf'!AF3/SUM('Mix chauffage Res irf'!AF2,'Mix chauffage Res irf'!AF3,'Mix chauffage Res irf'!AF7,'Mix chauffage Res irf'!AF10,'Mix chauffage Res irf'!AF15) -> 0.12510623
A25: Conso ECS (TWh Ef) | B25: 2020 | C25: =$B14*C17 -> 19.838984 | D25: =$B14*D17 -> 1.9075946 | E25: =$B14*E17 -> 3.8342651 | F25: =$B14*F17 -> 0 | G25: =$B14*G17 -> 5.608328 | H25: =$B14*H17 -> 15.675658 | I25: =$B14*I17 -> 0.70104101 | J25: =$B14*J17 -> 0 | K25: =$B14*K17 -> 0.14306959 | N25: Conso ECS (TWh Ef) | O25: 2020 | P25: =$O14*P17 -> 19.890782 | Q25: =$O14*Q17 -> 1.9125752 | R25: =$O14*R17 -> 3.8442762 | T25: =$O14*T17 -> 5.6229711 | U25: =$O14*U17 -> 15.683117 | V25: =$O14*V17 -> 0.7172157 | X25: =$O14*X17 -> 0.14344314 | Y25: 2020
B26: =B25+5 -> 2025 | C26: =$C14*C18 -> 20.522062 | D26: =$C14*D18 -> 1.9179497 | E26: =$C14*E18 -> 4.0852328 | F26: =$C14*F18 -> 0 | G26: =$C14*G18 -> 4.0181046 | H26: =$C14*H18 -> 16.271406 | I26: =$C14*I18 -> 0.59216696 | J26: =$C14*J18 -> 0 | K26: =$C14*K18 -> 0.55141053 | O26: =O25+5 -> 2025 | P26: =$P14*P18 -> 20.986648 | Q26: =$P14*Q18 -> 2.8296604 | R26: =$P14*R18 -> 4.4802956 | T26: =$P14*T18 -> 3.0654654 | U26: =$P14*U18 -> 14.148302 | V26: =$P14*V18 -> 1.1790251 | X26: =$P14*X18 -> 0.47161006
B27: =B26+5 -> 2030 | C27: =$D14*C19 -> 21.175761 | D27: =$D14*D19 -> 1.9250692 | E27: =$D14*E19 -> 4.3314056 | F27: =$D14*F19 -> 0 | G27: =$D14*G19 -> 2.4063364 | H27: =$D14*H19 -> 16.844355 | I27: =$D14*I19 -> 0.48126729 | J27: =$D14*J19 -> 0 | K27: =$D14*K19 -> 0.96253458 | O27: =O26+5 -> 2030 | P27: =$Q14*P19 -> 22.792813 | Q27: =$Q14*Q19 -> 3.9538554 | R27: =$Q14*R19 -> 5.5819134 | T27: =$Q14*T19 -> 0.46515945 | U27: =$Q14*U19 -> 11.163827 | V27: =$Q14*V19 -> 1.6280581 | X27: =$Q14*X19 -> 0.93031891 | Y27: AMS 2030
B28: =B27+5 -> 2035 | C28: =$E14*C20 -> 21.168339 | D28: =$E14*D20 -> 1.9189429 | E28: =$E14*E20 -> 4.4375555 | F28: =$E14*F20 -> 0 | G28: =$E14*G20 -> 1.9189429 | H28: =$E14*H20 -> 17.150552 | I28: =$E14*I20 -> 0.41976876 | J28: =$E14*J20 -> 0 | K28: =$E14*K20 -> 0.95947145 | O28: =O27+5 -> 2035 | P28: =$R14*P20 -> 18.747473 | Q28: =$R14*Q20 -> 5.3259865 | R28: =$R14*R20 -> 6.1781443 | T28: =$R14*T20 -> 0.21303946 | U28: =$R14*U20 -> 8.9476573 | V28: =$R14*V20 -> 1.7043157 | X28: =$R14*X20 -> 1.4912762
B29: =B28+5 -> 2040 | C29: =$F14*C21 -> 21.095012 | D29: =$F14*D21 -> 1.9068937 | E29: =$F14*E21 -> 4.5288726 | F29: =$F14*F21 -> 0 | G29: =$F14*G21 -> 1.4301703 | H29: =$F14*H21 -> 17.400405 | I29: =$F14*I21 -> 0.35754257 | J29: =$F14*J21 -> 0 | K29: =$F14*K21 -> 0.95344686 | O29: =O28+5 -> 2040 | P29: =$S14*P21 -> 14.837081 | Q29: =$S14*Q21 -> 7.3221959 | R29: =$S14*R21 -> 5.780681 | T29: =$S14*T21 -> 0 | U29: =$S14*U21 -> 6.9368171 | V29: =$S14*V21 -> 1.7342043 | X29: =$S14*X21 -> 1.9268937
B30: =B29+5 -> 2045 | C30: =$G14*C22 -> 20.987756 | D30: =$G14*D22 -> 1.891854 | E30: =$G14*E22 -> 4.6113942 | F30: =$G14*F22 -> 0 | G30: =$G14*G22 -> 0.94592702 | H30: =$G14*H22 -> 17.617891 | I30: =$G14*I22 -> 0.2956022 | J30: =$G14*J22 -> 0 | K30: =$G14*K22 -> 0.94592702 | O30: =O29+5 -> 2045 | P30: =$T14*P22 -> 10.49004 | Q30: =$T14*Q22 -> 9.6302004 | R30: =$T14*R22 -> 5.1590359 | T30: =$T14*T22 -> 0 | U30: =$T14*U22 -> 5.1590359 | V30: =$T14*V22 -> 1.7196786 | X30: =$T14*X22 -> 2.2355822
B31: =B30+5 -> 2050 | C31: =$H14*C23 -> 20.817019 | D31: =$H14*D23 -> 1.8711927 | E31: =$H14*E23 -> 4.6779818 | F31: =$H14*F23 -> 0 | G31: =$H14*G23 -> 0.46779818 | H31: =$H14*H23 -> 17.776331 | I31: =$H14*I23 -> 0.23389909 | J31: =$H14*J23 -> 0 | K31: =$H14*K23 -> 0.93559635 | O31: =O30+5 -> 2050 | P31: =$U14*P23 -> 7.3866575 | Q31: =$U14*Q23 -> 11.15536 | R31: =$U14*R23 -> 4.5224434 | T31: =$U14*T23 -> 0 | U31: =$U14*U23 -> 3.0149622 | V31: =$U14*V23 -> 1.6582292 | X31: =$U14*X23 -> 2.4119698 | Y31: AMS 2050
A34: 2. Résidences secondaires
V35: =SUM(P25:X25) -> 47.81438
A36: MWh | B36: 2015* | C36: 2020 | D36: 2030 | E36: 2040 | F36: 2050 | N36: MWh | O36: 2015* | P36: 2020 | Q36: 2030 | R36: 2040 | S36: 2050 | V36: =SUM(P26:X26) -> 47.161006
A37: Bois | B37: 0 | C37: 0 | D37: 0 | E37: 0 | F37: 0 | N37: Bois | O37: 0 | P37: 0 | Q37: 0 | R37: 0 | S37: 0 | V37: =SUM(P27:X27) -> 46.515945
A38: Charbon | B38: 0 | C38: 0 | D38: 0 | E38: 0 | F38: 0 | N38: Charbon | O38: 0 | P38: 0 | Q38: 0 | R38: 0 | S38: 0 | V38: =SUM(P28:X28) -> 42.607892
A39: Fuel domestique | B39: 0 | C39: 0 | D39: 0 | E39: 0 | F39: 0 | N39: Fuel domestique | O39: 0 | P39: 0 | Q39: 0 | R39: 0 | S39: 0 | V39: =SUM(P29:X29) -> 38.537873
A40: Gaz naturel | B40: 39 | C40: 11.90559 | D40: 14.210586 | E40: 15.401433 | F40: 16.129157 | N40: Gaz naturel | O40: 39 | P40: 11.90559 | Q40: 7.5012741 | R40: 3.517608 | S40: 0 | V40: =SUM(P30:X30) -> 34.393573
A41: GPL | B41: 35 | C41: 97.546727 | D41: 59.879507 | E41: 43.26494 | F41: 22.654614 | N41: GPL | O41: 35 | P41: 97.546727 | Q41: 29.483937 | R41: 0 | S41: 0 | V41: =SUM(P31:X31) -> 30.149622
A42: Électricité | B42: 801 | C42: 1330.0683 | D42: 1578.9963 | E42: 1729.9174 | F42: 1831.137 | N42: Électricité | O42: 801 | P42: 1330.0683 | Q42: 1332.4718 | R42: 1287.3535 | S42: 1199.1639 | V42: =SUM(P32:X32) -> 0
A43: Total (TWh) | B43: =SUM(B37:B42)/1000 -> 0.875 | C43: =SUM(C37:C42)/1000 -> 1.4395207 | D43: =SUM(D37:D42)/1000 -> 1.6530864 | E43: =SUM(E37:E42)/1000 -> 1.7885838 | F43: =SUM(F37:F42)/1000 -> 1.8699207 | N43: Total (TWh) | O43: =SUM(O37:O42)/1000 -> 0.875 | P43: =SUM(P37:P42)/1000 -> 1.4395207 | Q43: =SUM(Q37:Q42)/1000 -> 1.369457 | R43: =SUM(R37:R42)/1000 -> 1.2908711 | S43: =SUM(S37:S42)/1000 -> 1.1991639
A45: 3. Logements vacants : conso nulle

Sheet Mix chauffage Res irf
A1: Consommation (incluant CC) | D1: 2022 | E1: 2023 | F1: 2024 | G1: 2025 | H1: 2026 | I1: 2027 | J1: 2028 | K1: 2029 | L1: 2030 | M1: 2031 | N1: 2032 | O1: 2033 | P1: 2034 | Q1: 2035 | R1: 2036 | S1: 2037 | T1: 2038 | U1: 2039 | V1: 2040 | W1: 2041 | X1: 2042 | Y1: 2043 | Z1: 2044 | AA1: 2045 | AB1: 2046 | AC1: 2047 | AD1: 2048 | AE1: 2049 | AF1: 2050
A2: Chauffage urbain | E2: 11.11426 | F2: 11.896851 | G2: 11.806214 | H2: 13.045151 | I2: 13.74473 | J2: 15.360335 | K2: 17.952826 | L2: 21.35091 | M2: 23.218501 | N2: 26.013978 | O2: 28.319514 | P2: 30.085085 | Q2: 31.392362 | R2: 32.27972 | S2: 32.534264 | T2: 32.518219 | U2: 32.246105 | V2: 31.597602 | W2: 31.085381 | X2: 30.577574 | Y2: 30.101561 | Z2: 29.621409 | AA2: 29.156137 | AB2: 28.705581 | AC2: 28.26713 | AD2: 27.841468 | AE2: 27.428454 | AF2: 26.995762
A3: Gaz | E3: 88.340908 | F3: 85.338439 | G3: 82.225277 | H3: 78.093192 | I3: 72.957782 | J3: 68.620408 | K3: 63.983824 | L3: 58.993447 | M3: 54.954988 | N3: 50.617157 | O3: 46.619218 | P3: 42.956517 | Q3: 39.560149 | R3: 36.09929 | S3: 32.832976 | T3: 29.841816 | U3: 27.560753 | V3: 21.996156 | W3: 22.869665 | X3: 21.191731 | Y3: 19.813433 | Z3: 18.707896 | AA3: 17.848872 | AB3: 16.814954 | AC3: 16.028004 | AD3: 15.229694 | AE3: 14.408334 | AF3: 13.573543
A4: dont gaz - chaudière | E4: 88.27 | F4: 85.244182 | G4: 82.110324 | H4: 77.957293 | I4: 72.801466 | J4: 68.444366 | K4: 63.78867 | L4: 58.77873 | M4: 54.612359 | N4: 50.147407 | O4: 46.024091 | P4: 42.238337 | Q4: 38.721576 | R4: 35.133195 | S4: 31.744717 | T4: 28.634471 | U4: 26.239419 | V4: 20.561876 | W4: 21.326485 | X4: 19.543225 | Y4: 18.063262 | Z4: 16.855427 | AA4: 15.895641 | AB4: 14.763666 | AC4: 13.881129 | AD4: 12.989816 | AE4: 12.077799 | AF4: 11.155094
A5: dont gaz - PAC hybride | E5: 0.070907676 | F5: 0.094256693 | G5: 0.11495348 | H5: 0.13589925 | I5: 0.15631544 | J5: 0.1760423 | K5: 0.19515368 | L5: 0.21471724 | M5: 0.34262882 | N5: 0.46975068 | O5: 0.59512747 | P5: 0.7181798 | Q5: 0.83857233 | R5: 0.96609561 | S5: 1.0882582 | T5: 1.2073453 | U5: 1.3213336 | V5: 1.4342805 | W5: 1.5431804 | X5: 1.6485058 | Y5: 1.7501714 | Z5: 1.8524686 | AA5: 1.9532311 | AB5: 2.0512883 | AC5: 2.1468749 | AD5: 2.239878 | AE5: 2.3305351 | AF5: 2.4184492
A6: Fioul | E6: 30.07 | F6: 26.683238 | G6: 23.473708 | H6: 20.334541 | I6: 16.964589 | J6: 14.20779 | K6: 11.669203 | L6: 9.3174 | M6: 7.1644861 | N6: 5.1414468 | O6: 3.2892943 | P6: 1.5817887 | Q6: 0 | R6: 0 | S6: 0 | T6: 0 | U6: 0 | V6: 0 | W6: 0 | X6: 0 | Y6: 0 | Z6: 0 | AA6: 0 | AB6: 0 | AC6: 0 | AD6: 0 | AE6: 0 | AF6: 0
A7: Bois | E7: 73.81991 | F7: 71.334224 | G7: 68.897103 | H7: 66.214051 | I7: 63.233651 | J7: 60.666042 | K7: 58.099878 | L7: 55.390185 | M7: 53.345927 | N7: 51.268068 | O7: 49.349827 | P7: 47.579789 | Q7: 45.932091 | R7: 44.660478 | S7: 43.425061 | T7: 42.279797 | U7: 41.300505 | V7: 39.406335 | W7: 39.164598 | X7: 38.264921 | Y7: 37.437634 | Z7: 36.714907 | AA7: 36.046031 | AB7: 35.358242 | AC7: 34.724436 | AD7: 34.099282 | AE7: 33.479478 | AF7: 32.843275
A8: dont chauffage principal | E8: 41.916315 | F8: 41.02822 | G8: 40.135617 | H8: 39.253308 | I8: 38.391559 | J8: 37.574426 | K8: 36.790029 | L8: 35.917795 | M8: 35.406468 | N8: 34.91515 | O8: 34.444032 | P8: 33.98999 | Q8: 33.551141 | R8: 33.086689 | S8: 32.606928 | T8: 32.144932 | U8: 31.682602 | V8: 31.154757 | W8: 30.636771 | X8: 30.123433 | Y8: 29.615338 | Z8: 29.178492 | AA8: 28.75275 | AB8: 28.345308 | AC8: 27.934682 | AD8: 27.534478 | AE8: 27.14385 | AF8: 26.740055
A9: dont chauffage secondaire | E9: 31.903595 | F9: 30.306004 | G9: 28.761486 | H9: 26.960743 | I9: 24.842092 | J9: 23.091616 | K9: 21.309849 | L9: 19.47239 | M9: 17.939459 | N9: 16.352918 | O9: 14.905795 | P9: 13.589799 | Q9: 12.38095 | R9: 11.573789 | S9: 10.818134 | T9: 10.134865 | U9: 9.6179029 | V9: 8.251578 | W9: 8.5278271 | X9: 8.141488 | Y9: 7.8222957 | Z9: 7.5364151 | AA9: 7.293281 | AB9: 7.0129347 | AC9: 6.7897547 | AD9: 6.5648038 | AE9: 6.335628 | AF9: 6.1032193
A10: Electricité (pompe à chaleur) | E10: 6.5575587 | F10: 8.372072 | G10: 10.140781 | H10: 11.841555 | I10: 13.638992 | J10: 15.276668 | K10: 16.754088 | L10: 18.017984 | M10: 19.542507 | N10: 20.941189 | O10: 22.355499 | P10: 23.791324 | Q10: 25.243195 | R10: 26.236196 | S10: 27.228144 | T10: 28.231026 | U10: 29.055038 | V10: 29.844302 | W10: 30.434209 | X10: 30.981488 | Y10: 31.421079 | Z10: 31.462108 | AA10: 31.444611 | AB10: 31.483586 | AC10: 31.449329 | AD10: 31.411053 | AE10: 31.373588 | AF10: 31.32416
A11: dont PAC air/air | E11: 1.35509 | F11: 2.2733568 | G11: 3.3386927 | H11: 4.3338042 | I11: 5.3743832 | J11: 6.320906 | K11: 7.1736392 | L11: 7.92858 | M11: 8.8273891 | N11: 9.6511057 | O11: 10.479582 | P11: 11.315275 | Q11: 12.154574 | R11: 12.763562 | S11: 13.371986 | T11: 13.983191 | U11: 14.500732 | V11: 15.009092 | W11: 15.411165 | X11: 15.789211 | Y11: 16.110297 | Z11: 16.242879 | AA11: 16.2668 | AB11: 16.327697 | AC11: 16.351658 | AD11: 16.378146 | AE11: 16.410352 | AF11: 16.440145
A12: dont PAC air/eau | E12: 4.5265647 | F12: 5.2750894 | G12: 5.8325782 | H12: 6.3921838 | I12: 7.0033516 | J12: 7.549292 | K12: 8.0291926 | L12: 8.3930484 | M12: 8.7444426 | N12: 9.0456353 | O12: 9.3589048 | P12: 9.6880841 | Q12: 10.031544 | R12: 10.131189 | S12: 10.234059 | T12: 10.347211 | U12: 10.37869 | V12: 10.385322 | W12: 10.301689 | X12: 10.20193 | Y12: 10.053979 | Z12: 9.6955327 | AA12: 9.3882834 | AB12: 9.1024046 | AC12: 8.781941 | AD12: 8.456722 | AE12: 8.1282202 | AF12: 7.7920687
A13: dont PAC géothermique | E13: 0.62678571 | F13: 0.75833333 | G13: 0.88988095 | H13: 1.0214286 | I13: 1.1529762 | J13: 1.2845238 | K13: 1.4160714 | L13: 1.547619 | M13: 1.7333333 | N13: 1.9190476 | O13: 2.1047619 | P13: 2.2904762 | Q13: 2.4761905 | R13: 2.6722222 | S13: 2.868254 | T13: 3.0642857 | U13: 3.2603175 | V13: 3.4563492 | W13: 3.652381 | X13: 3.8484127 | Y13: 4.0444444 | Z13: 4.2404762 | AA13: 4.4365079 | AB13: 4.6325397 | AC13: 4.8285714 | AD13: 5.0246032 | AE13: 5.2206349 | AF13: 5.4166667
... A15: Electricité (joule) | E15: 42.59561 | F15: 39.055619 | G15: 36.195279 | H15: 33.634676 | I15: 31.284654 | J15: 29.052465 | K15: 26.906498 | L15: 24.719238 | M15: 22.892922 | N15: 21.092132 | O15: 19.388702 | P15: 17.778925 | Q15: 16.255699 | R15: 14.750375 | S15: 13.253469 | T15: 11.860075 | U15: 10.535153 | V15: 9.260249 | W15: 8.0381673 | X15: 6.8925066 | Y15: 5.8148856 | Z15: 5.4625142 | AA15: 5.0744253 | AB15: 4.7641907 | AC15: 4.4435273 | AD15: 4.1718762 | AE15: 3.9486045 | AF15: 3.7594027

Sheet R_cuisson
A1: Périmètre géographique : | B1: FR métropole
A2: Périmètre sectoriel : | B2: Résidentiel (résidences principales, secondaires et logements vacants)
A3: Unités : | B3: TWh
A4: Gaz (PCI/PCS, réseau/naturel/vert) : | B4: N.A.
A5: Données historiques : | B5: CEREN
B7: AME | O7: AMS
A9: 1. Résidences principales
B10: 2020 | C10: =B10+5 -> 2025 | D10: =C10+5 -> 2030 | E10: =D10+5 -> 2035 | F10: =E10+5 -> 2040 | G10: =F10+5 -> 2045 | H10: =G10+5 -> 2050 | O10: 2020 | P10: =O10+5 -> 2025 | Q10: =P10+5 -> 2030 | R10: =Q10+5 -> 2035 | S10: =R10+5 -> 2040 | T10: =S10+5 -> 2045 | U10: =T10+5 -> 2050
A11: Cuisson (kWh/hab/an) | B11: 357 | C11: 338.5 | D11: 320 | E11: 310 | F11: 300 | G11: 290 | H11: 280 | N11: Cuisson (kWh/hab/an) | O11: 357 | P11: 338.5 | Q11: 320 | R11: 302.475 | S11: 284.95 | T11: 267.425 | U11: 249.9
A12: Population métropolitaine (Mhab) | B12: 65.150088 | C12: 65.818452 | D12: 66.381695 | E12: 66.74584 | F12: 66.908551 | G12: 66.968285 | H12: 66.828311 | N12: Population métropolitaine (Mhab) | O12: 65.320191 | P12: 65.867327 | Q12: 66.45135 | R12: 66.835909 | S12: 67.022388 | T12: 67.109411 | U12: 66.999161
A14: Conso (TWh ef) | B14: =B12*B11/1000 -> 23.258581 | C14: =C12*C11/1000 -> 22.279546 | D14: =D12*D11/1000 -> 21.242142 | E14: =E12*E11/1000 -> 20.69121 | F14: =F12*F11/1000 -> 20.072565 | G14: =G12*G11/1000 -> 19.420803 | H14: =H12*H11/1000 -> 18.711927 | N14: Conso (TWh ef) | O14: =O12*O11/1000 -> 23.319308 | P14: =P12*P11/1000 -> 22.29609 | Q14: =Q12*Q11/1000 -> 21.264432 | R14: =R12*R11/1000 -> 20.216192 | S14: =S12*S11/1000 -> 19.098029 | T14: =T12*T11/1000 -> 17.946734 | U14: =U12*U11/1000 -> 16.74309
B17: AME | C17: Électricité | D17: PAC/CET | E17: Réseau de chaleur | F17: Charbon | G17: Pétrole/GPL | H17: Gaz réseau | I17: Biomasse | J17: Biogaz | K17: Renouvelables thermiques | L17: Chaleur Environnement | O17: AMS | P17: Électricité | Q17: PAC/CET | R17: Réseau de chaleur | S17: Charbon | T17: Pétrole/GPL | U17: Gaz réseau | V17: Biomasse | W17: Biogaz | X17: Renouvelables thermiques | Y17: Chaleur Environnement
A18: Mix cuisson | B18: 2020 | C18: 0.4552 | G18: 0.1833 | H18: 0.3615 | N18: Mix cuisson | O18: 2020 | P18: 0.4552 | T18: 0.1833 | U18: 0.3615
B19: =B18+5 -> 2025 | C19: 0.5026 | G19: 0.14165 | H19: 0.35575 | O19: =O18+5 -> 2025 | P19: 0.6101 | T19: 0.1091 | U19: 0.28075
B20: =B19+5 -> 2030 | C20: 0.55 | G20: 0.1 | H20: 0.35 | O20: =O19+5 -> 2030 | P20: 0.765 | T20: 0.035 | U20: 0.2
B21: =B20+5 -> 2035 | C21: 0.5775 | G21: 0.0875 | H21: 0.335 | O21: =O20+5 -> 2035 | P21: 0.825 | T21: 0.025 | U21: 0.15
B22: =B21+5 -> 2040 | C22: 0.605 | G22: 0.075 | H22: 0.32 | O22: =O21+5 -> 2040 | P22: 0.885 | T22: 0.015 | U22: 0.1
B23: =B22+5 -> 2045 | C23: 0.6325 | G23: 0.0625 | H23: 0.305 | O23: =O22+5 -> 2045 | P23: 0.945 | T23: 0.005 | U23: 0.05
B24: =B23+5 -> 2050 | C24: 0.66 | G24: 0.05 | H24: 0.29 | O24: =O23+5 -> 2050 | P24: 0.99 | T24: 0 | U24: 0.01 | Z24: plus de cuisson gaz en 2050, plus de GPL
A26: Conso cuisson (TWh Ef) | B26: 2020 | C26: =$B14*C18 -> 10.587306 | D26: =$B14*D18 -> 0 | E26: =$B14*E18 -> 0 | F26: =$B14*F18 -> 0 | G26: =$B14*G18 -> 4.263298 | H26: =$B14*H18 -> 8.4079772 | N26: Conso cuisson (TWh Ef) | O26: 2020 | P26: =$O14*P18 -> 10.614949 | T26: =$O14*T18 -> 4.2744292 | U26: =$O14*U18 -> 8.42993
B27: =B26+5 -> 2025 | C27: =$C14*C19 -> 11.1977 | D27: =$C14*D19 -> 0 | E27: =$C14*E19 -> 0 | F27: =$C14*F19 -> 0 | G27: =$C14*G19 -> 3.1558977 | H27: =$C14*H19 -> 7.9259484 | O27: =O26+5 -> 2025 | P27: =$P14*P19 -> 13.602845 | T27: =$P14*T19 -> 2.4325034 | U27: =$P14*U19 -> 6.2596273
B28: =B27+5 -> 2030 | C28: =$D14*C20 -> 11.683178 | D28: =$D14*D20 -> 0 | E28: =$D14*E20 -> 0 | F28: =$D14*F20 -> 0 | G28: =$D14*G20 -> 2.1242142 | H28: =$D14*H20 -> 7.4347498 | O28: =O27+5 -> 2030 | P28: =$Q14*P20 -> 16.267291 | T28: =$Q14*T20 -> 0.74425513 | U28: =$Q14*U20 -> 4.2528864
B29: =B28+5 -> 2035 | C29: =$E14*C21 -> 11.949174 | D29: =$E14*D21 -> 0 | E29: =$E14*E21 -> 0 | F29: =$E14*F21 -> 0 | G29: =$E14*G21 -> 1.8104809 | H29: =$E14*H21 -> 6.9315555 | O29: =O28+5 -> 2035 | P29: =$R14*P21 -> 16.678358 | T29: =$R14*T21 -> 0.50540479 | U29: =$R14*U21 -> 3.0324287
B30: =B29+5 -> 2040 | C30: =$F14*C22 -> 12.143902 | D30: =$F14*D22 -> 0 | E30: =$F14*E22 -> 0 | F30: =$F14*F22 -> 0 | G30: =$F14*G22 -> 1.5054424 | H30: =$F14*H22 -> 6.4232209 | O30: =O29+5 -> 2040 | P30: =$S14*P22 -> 16.901756 | T30: =$S14*T22 -> 0.28647044 | U30: =$S14*U22 -> 1.9098029
B31: =B30+5 -> 2045 | C31: =$G14*C23 -> 12.283658 | D31: =$G14*D23 -> 0 | E31: =$G14*E23 -> 0 | F31: =$G14*F23 -> 0 | G31: =$G14*G23 -> 1.2138002 | H31: =$G14*H23 -> 5.9233448 | O31: =O30+5 -> 2045 | P31: =$T14*P23 -> 16.959664 | T31: =$T14*T23 -> 0.089733671 | U31: =$T14*U23 -> 0.89733671
B32: =B31+5 -> 2050 | C32: =$H14*C24 -> 12.349872 | D32: =$H14*D24 -> 0 | E32: =$H14*E24 -> 0 | F32: =$H14*F24 -> 0 | G32: =$H14*G24 -> 0.93559635 | H32: =$H14*H24 -> 5.4264588 | O32: =O31+5 -> 2050 | P32: =$U14*P24 -> 16.575659 | T32: =$U14*T24 -> 0 | U32: =$U14*U24 -> 0.1674309
A34: 2. Résidences secondaires
A36: MWh | B36: 2015* | C36: 2020 | D36: 2030 | E36: 2040 | F36: 2050 | N36: MWh | O36: 2015* | P36: 2020 | Q36: 2030 | R36: 2040 | S36: 2050
A37: Gaz naturel | B37: 179 | C37: 204.64994 | D37: 218.82953 | E37: 211.89343 | F37: 196.21037 | N37: Gaz naturel | O37: 179 | P37: 204.64994 | Q37: 133.8276 | R37: 116.82427 | S37: 98.810465
A38: GPL | B38: 286 | C38: 246.99131 | D38: 161.74356 | E38: 90.811471 | F38: 61.961169 | N38: GPL | O38: 286 | P38: 246.99131 | Q38: 47.23327 | R38: 21.904551 | S38: 13.174729
A39: Électricité | B39: 371 | C39: 389.13733 | D39: 570.85964 | E39: 706.31144 | F39: 774.51462 | N39: Électricité | O39: 371 | P39: 389.13733 | Q39: 606.16029 | R39: 591.42287 | S39: 546.75124
A40: Total (TWh) | B40: =SUM(B37:B39)/1000 -> 0.836 | C40: =SUM(C37:C39)/1000 -> 0.84077859 | D40: =SUM(D37:D39)/1000 -> 0.95143273 | E40: =SUM(E37:E39)/1000 -> 1.0090163 | F40: =SUM(F37:F39)/1000 -> 1.0326862 | N40: Total (TWh) | O40: =SUM(O37:O39)/1000 -> 0.836 | P40: =SUM(P37:P39)/1000 -> 0.84077859 | Q40: =SUM(Q37:Q39)/1000 -> 0.78722116 | R40: =SUM(R37:R39)/1000 -> 0.73015169 | S40: =SUM(S37:S39)/1000 -> 0.65873643
A42: 3. Logements vacants : conso nulle

Sheet R_Elec spé
A1: Périmètre géographique : | B1: FR métropole
A2: Périmètre sectoriel : | B2: Résidentiel (résidences principales)
A3: Unités : | B3: TWh
A4: Gaz (PCI/PCS, réseau/naturel/vert) : | B4: N.A.
A5: Données historiques : | B5: CEREN
B7: AME | O7: AMS
B11: 2020 | C11: =B11+5 -> 2025 | D11: =C11+5 -> 2030 | E11: =D11+5 -> 2035 | F11: =E11+5 -> 2040 | G11: =F11+5 -> 2045 | H11: =G11+5 -> 2050 | O11: 2020 | P11: =O11+5 -> 2025 | Q11: =P11+5 -> 2030 | R11: =Q11+5 -> 2035 | S11: =R11+5 -> 2040 | T11: =S11+5 -> 2045 | U11: =T11+5 -> 2050
A12: Elec spécifique (kWh/hab/an) | B12: 1090 | C12: 1095 | D12: 1100 | E12: 1112.5 | F12: 1125 | G12: 1137.5 | H12: 1150 | N12: Elec spécifique (kWh/hab/an) | O12: 1090 | P12: 1025 | Q12: 960 | R12: 883.5 | S12: 807 | T12: 730.5 | U12: 654 | V12: =U12/O12-1 -> -0.4
A13: Population métropolitaine (Mhab) | B13: 65.150088 | C13: 65.818452 | D13: 66.381695 | E13: 66.74584 | F13: 66.908551 | G13: 66.968285 | H13: 66.828311 | N13: Population métropolitaine (Mhab) | O13: 65.320191 | P13: 65.867327 | Q13: 66.45135 | R13: 66.835909 | S13: 67.022388 | T13: 67.109411 | U13: 66.999161
N14: Terminaux perso - TWh/an | O14: 18 | P14: 17.5 | Q14: 17 | R14: 17 | S14: 17 | T14: 17 | U14: 17
A15: Conso (TWh ef) | B15: =B13*B12/1000 -> 71.013596 | C15: =C13*C12/1000 -> 72.071205 | D15: =D13*D12/1000 -> 73.019864 | E15: =E13*E12/1000 -> 74.254747 | F15: =F13*F12/1000 -> 75.27212 | G15: =G13*G12/1000 -> 76.176424 | H15: =H13*H12/1000 -> 76.852558 | N15: Terminaux perso - kWh/hab | O15: =O14*10^12/(O13*10^6)/1000 -> 275.56563 | P15: =P14*10^12/(P13*10^6)/1000 -> 265.6856 | Q15: =Q14*10^12/(Q13*10^6)/1000 -> 255.82625 | R15: =R14*10^12/(R13*10^6)/1000 -> 254.35429 | S15: =S14*10^12/(S13*10^6)/1000 -> 253.64659 | T15: =T14*10^12/(T13*10^6)/1000 -> 253.31768 | U15: =U14*10^12/(U13*10^6)/1000 -> 253.73452
N16: Le reste (-40%) | O16: =O12-O15 -> 814.43437 | P16: =O16+($U$16-$O$16)/6 -> 760.13874 | Q16: =P16+($U$16-$O$16)/6 -> 705.84312 | R16: =Q16+($U$16-$O$16)/6 -> 651.54749 | S16: =R16+($U$16-$O$16)/6 -> 597.25187 | T16: =S16+($U$16-$O$16)/6 -> 542.95624 | U16: =O16*(1+V12) -> 488.66062
A18: 2. Résidences secondaires | N18: Conso (TWh ef) | O18: =(O16+O15)*O13/1000 -> 71.199009 | P18: =(P16+P15)*P13/1000 -> 67.568307 | Q18: =(Q16+Q15)*Q13/1000 -> 63.904228 | R18: =(R16+R15)*R13/1000 -> 60.546769 | S18: =(S16+S15)*S13/1000 -> 57.029246 | T18: =(T16+T15)*T13/1000 -> 53.437473 | U18: =(U16+U15)*U13/1000 -> 49.739851
B19: 2015* | C19: 2020 | D19: 2030 | E19: 2040 | F19: 2050
A20: Électricité (MWh) | B20: 2553 | C20: 2607.0185 | D20: 3113.4547 | E20: 3488.812 | F20: 3777.7231
A21: Total (TWh) | B21: =B20/1000 -> 2.553 | C21: =C20/1000 -> 2.6070185 | D21: =D20/1000 -> 3.1134547 | E21: =E20/1000 -> 3.488812 | F21: =F20/1000 -> 3.7777231
O22: 2015* | P22: 2020 | Q22: 2030 | R22: 2040 | S22: 2050
A23: 3. Logements vacants : conso nulle | N23: Électricité (MWh) | O23: 2553 | P23: 2607.0185 | Q23: 2308.5402 | R23: 1993.7051 | S23: 1635.9451
N24: Total (TWh) | O24: =O23/1000 -> 2.553 | P24: =P23/1000 -> 2.6070185 | Q24: =Q23/1000 -> 2.3085402 | R24: =R23/1000 -> 1.9937051 | S24: =S23/1000 -> 1.6359451

Sheet R_climatisation
A1: Périmètre géographique : | B1: FR métropole
A2: Périmètre sectoriel : | B2: Résidentiel (résidences principales, secondaires et logements vacants)
A3: Unités : | B3: TWh
A4: Gaz (PCI/PCS, réseau/naturel/vert) : | B4: N.A.
A5: Données historiques : | B5: CEREN
B7: AME | O7: AMS
B9: Sortie MICO / Scénario TEND | O9: Sortie MICO / Scénario S3
B11: TWh par zone climatique | D11: 2006 | E11: 2015 | F11: 2020 | G11: 2030 | H11: 2040 | I11: 2050 | O11: TWh par zone climatique | Q11: 2006 | R11: 2015 | S11: 2020 | T11: 2030 | U11: 2040 | V11: 2050
B12: H1A | D12: =AJ2/1000 -> 0 | E12: =AK2/1000 -> 0 | F12: 0.48294133 | G12: 0.86142404 | H12: 1.1306027 | I12: 1.7629827 | O12: H1A | Q12: 0 | R12: 0 | S12: 0.12134029 | T12: 0.11410521 | U12: 0.1898382 | V12: 0.3518506
B13: H1B | D13: =AT2/1000 -> 0 | E13: =AU2/1000 -> 0 | F13: 0.41085984 | G13: 0.60337133 | H13: 0.90819796 | I13: 1.1749087 | O13: H1B | Q13: 0 | R13: 0 | S13: 0.14736561 | T13: 0.14029699 | U13: 0.17991513 | V13: 0.20851124
B14: H1C | D14: =BD2/1000 -> 0 | E14: =BE2/1000 -> 0 | F14: 0.62073349 | G14: 0.96122313 | H14: 1.4094932 | I14: 1.6692495 | O14: H1C | Q14: 0 | R14: 0 | S14: 0.46487264 | T14: 0.48954063 | U14: 0.64953998 | V14: 0.70316057
B15: H2A | D15: =BN2/1000 -> 0 | E15: =BO2/1000 -> 0 | F15: 0.026990958 | G15: 0.067652313 | H15: 0.1073541 | I15: 0.17028904 | O15: H2A | Q15: 0 | R15: 0 | S15: 0.0099080639 | T15: 0.014835248 | U15: 0.013741873 | V15: 0.024705067
B16: H2B | D16: =BX2/1000 -> 0 | E16: =BY2/1000 -> 0 | F16: 0.37900845 | G16: 0.59038645 | H16: 0.90138332 | I16: 1.2351724 | O16: H2B | Q16: 0 | R16: 0 | S16: 0.10547458 | T16: 0.11576571 | U16: 0.14821097 | V16: 0.21003797
B17: H2C | D17: =CH2/1000 -> 0 | E17: =CI2/1000 -> 0 | F17: 0.7091088 | G17: 1.0308207 | H17: 1.5241069 | I17: 1.7487496 | O17: H2C | Q17: 0 | R17: 0 | S17: 0.37790635 | T17: 0.43066461 | U17: 0.53845946 | V17: 0.43611098
B18: H2D | D18: =CR2/1000 -> 0 | E18: =CS2/1000 -> 0 | F18: 0.24091928 | G18: 0.33999876 | H18: 0.47734023 | I18: 0.47140699 | O18: H2D | Q18: 0 | R18: 0 | S18: 0.29312462 | T18: 0.34062659 | U18: 0.35834854 | V18: 0.31379549
B19: H3 | D19: =DB2/1000 -> 0 | E19: =DC2/1000 -> 0 | F19: 1.8226486 | G19: 2.4384213 | H19: 3.1258518 | I19: 3.0597026 | O19: H3 | Q19: 0 | R19: 0 | S19: 1.9773606 | T19: 2.1081224 | U19: 2.3323732 | V19: 1.5751128
B20: Martinique | D20: =DL2/1000 -> 0 | E20: =DM2/1000 -> 0 | F20: 0.066187723 | G20: 0.10811883 | H20: 0.16558732 | I20: 0.22360583 | O20: Martinique | Q20: 0 | R20: 0 | S20: 0.085272442 | T20: 0.13683253 | U20: 0.2133776 | V20: 0.13784446
B21: Guadeloupe | D21: =DV2/1000 -> 0 | E21: =DW2/1000 -> 0 | F21: 0.1347588 | G21: 0.16834006 | H21: 0.21791997 | I21: 0.23925074 | O21: Guadeloupe | Q21: 0 | R21: 0 | S21: 0.1746515 | T21: 0.22765487 | U21: 0.29862587 | V21: 0.15368645
B22: Guyane | D22: =EF2/1000 -> 0 | E22: =EG2/1000 -> 0 | F22: 0.055814017 | G22: 0.072932681 | H22: 0.10061683 | I22: 0.11240335 | O22: Guyane | Q22: 0 | R22: 0 | S22: 0.071950097 | T22: 0.096201355 | U22: 0.13388501 | V22: 0.069397802
B23: Mayotte | D23: =EP2/1000 -> 0 | E23: =EQ2/1000 -> 0 | F23: 0.020197877 | G23: 0.040357835 | H23: 0.06264597 | I23: 0.091996316 | O23: Mayotte | Q23: 0 | R23: 0 | S23: 0.026247505 | T23: 0.050920679 | U23: 0.07888087 | V23: 0.056931495
B24: La Réunion | D24: =EZ2/1000 -> 0 | E24: =FA2/1000 -> 0 | F24: 0.12600811 | G24: 0.20265253 | H24: 0.33001862 | I24: 0.51102743 | O24: La Réunion | Q24: 0 | R24: 0 | S24: 0.15950386 | T24: 0.27842284 | U24: 0.51722727 | V24: 0.44692287
B25: Total en TWh | F25: =SUM(F12:F24) -> 5.0961773 | G25: =SUM(G12:G24) -> 7.4857 | H25: =SUM(H12:H24) -> 10.461119 | I25: =SUM(I12:I24) -> 12.470745 | O25: Total en TWh | S25: 4.0149782 | T25: 4.5439897 | U25: 5.652424 | V25: 4.6880678
B29: Total en TWh | F29: 2020 | G29: 2030 | H29: 2040 | I29: 2050 | O29: Total en TWh avant CC | S29: 2020 | T29: 2030 | U29: 2040 | V29: 2050
B30: Métropole | F30: =SUM(F12:F19) -> 4.6932108 | G30: =SUM(G12:G19) -> 6.8932981 | H30: =SUM(H12:H19) -> 9.5843302 | I30: =SUM(I12:I19) -> 11.292461 | O30: Métropole | S30: =SUM(S12:S19) -> 3.4973527 | T30: =SUM(T12:T19) -> 3.7539574 | U30: =SUM(U12:U19) -> 4.4104274 | V30: =SUM(V12:V19) -> 3.8232848
B31: DROM | F31: =SUM(F20:F24) -> 0.40296653 | G31: =SUM(G20:G24) -> 0.59240194 | H31: =SUM(H20:H24) -> 0.87678871 | I31: =SUM(I20:I24) -> 1.1782837 | O31: DROM | S31: =SUM(S20:S24) -> 0.51762541 | T31: =SUM(T20:T24) -> 0.79003227 | U31: =SUM(U20:U24) -> 1.2419966 | V31: =SUM(V20:V24) -> 0.86478308
